"cohort","disease","arm","score","tf","tf_in_translation_sets","n","r_unadjusted","p_unadjusted","r_adjusted","p_adjusted","covariates","p_fdr_unadjusted","p_fdr_adjusted","direction_kept"
"GSE57338","HF","all","TCS","ATF4",FALSE,313,0.284232896915496,3.14835876108581e-07,0.306450444136255,3.13590593670599e-08,"cardiomyocyte+fibroblast+immune_pan",1.01041731789067e-06,1.01916942942945e-07,TRUE
"GSE57338","HF","all","TCS","MYC",FALSE,313,0.183557204338761,0.001105407128045,0.267295448720929,1.60583657926252e-06,"cardiomyocyte+fibroblast+immune_pan",0.0014370292664585,2.60948444130159e-06,TRUE
"GSE57338","HF","all","TCS","XBP1",FALSE,313,0.312714658815616,1.57902325743588e-08,0.328325199857421,2.66172170875253e-09,"cardiomyocyte+fibroblast+immune_pan",6.84243411555549e-08,1.15341274045943e-08,TRUE
"GSE57338","HF","all","TCS","ATF6",FALSE,313,0.187261953792896,0.000870815167872002,0.191816163959643,0.000645517374492221,"cardiomyocyte+fibroblast+immune_pan",0.00125784413137067,0.000839172586839887,TRUE
"GSE57338","HF","all","TCS","EIF4EBP1",TRUE,313,0.354923608213413,1.00743035031963e-10,0.380560051217715,3.17265930525042e-12,"cardiomyocyte+fibroblast+immune_pan",1.30965945541552e-09,2.06222854841277e-11,TRUE
"GSE57338","HF","all","TCS","EIF2AK3",FALSE,313,0.196033956524835,0.000486241015191127,0.208101992107594,0.000209199017938852,"cardiomyocyte+fibroblast+immune_pan",0.000790141649685581,0.000302176359245008,TRUE
"GSE57338","HF","all","TCS","ERN1",FALSE,313,-0.0123002329416977,0.828402500632589,0.0341107276839938,0.547679567859863,"cardiomyocyte+fibroblast+immune_pan",0.828402500632589,0.547679567859863,FALSE
"GSE57338","HF","all","TCS","DDIT3",FALSE,313,0.276282583401757,6.85731155328033e-07,0.270849276840387,1.15121216432919e-06,"cardiomyocyte+fibroblast+immune_pan",1.48575083654407e-06,2.13796544803992e-06,TRUE
"GSE57338","HF","all","TCS","EIF4G1",TRUE,313,0.273983428188835,8.54987573569561e-07,0.282073569239706,3.8989774342181e-07,"cardiomyocyte+fibroblast+immune_pan",1.58783406520061e-06,9.38226837486068e-07,TRUE
"GSE57338","HF","all","TCS","MTOR",FALSE,313,0.0743487456866201,0.189548054396461,0.0614463256554076,0.278466159415387,"cardiomyocyte+fibroblast+immune_pan",0.205343725596166,0.329096370218184,TRUE
"GSE57338","HF","all","TCS","RPTOR",FALSE,313,-0.127800358321534,0.0237435972885744,-0.0523739041452811,0.355738532330769,"cardiomyocyte+fibroblast+immune_pan",0.0280606149774061,0.385383410025,TRUE
"GSE57338","HF","all","TCS","TSC1",FALSE,313,-0.32438271817453,4.21334721883203e-09,-0.389542747268466,8.7738705135783e-13,"cardiomyocyte+fibroblast+immune_pan",2.73867569224082e-08,1.14060316676518e-11,TRUE
"GSE57338","HF","all","TCS","TSC2",FALSE,313,-0.282106801397813,3.88622045342567e-07,-0.281007385117682,4.33027771147416e-07,"cardiomyocyte+fibroblast+immune_pan",1.01041731789067e-06,9.38226837486068e-07,TRUE
"GSE57338","HF","all","ME_HF_weighted","ATF4",FALSE,313,0.430666942180165,1.44841638840313e-15,0.37321146334158,8.82180431251432e-12,"cardiomyocyte+fibroblast+immune_pan",4.70735326231017e-15,2.86708640156716e-11,TRUE
"GSE57338","HF","all","ME_HF_weighted","MYC",FALSE,313,0.567130076036485,4.90977029864737e-28,0.429429581162027,1.77943660843004e-15,"cardiomyocyte+fibroblast+immune_pan",6.38270138824158e-27,1.15663379547953e-14,TRUE
"GSE57338","HF","all","ME_HF_weighted","XBP1",FALSE,313,0.387820419191418,1.12602842617154e-12,0.274849766116168,7.86977126394949e-07,"cardiomyocyte+fibroblast+immune_pan",2.927673908046e-12,2.04614052862687e-06,TRUE
"GSE57338","HF","all","ME_HF_weighted","ATF6",FALSE,313,0.382027720386301,2.57855483271498e-12,0.210131689552356,0.000180661324145291,"cardiomyocyte+fibroblast+immune_pan",5.5868688042158e-12,0.000293574651736098,TRUE
"GSE57338","HF","all","ME_HF_weighted","EIF4EBP1",TRUE,313,0.44682900182461,9.10304248665076e-17,0.479689272760534,2.04222856993558e-19,"cardiomyocyte+fibroblast+immune_pan",3.94465174421533e-16,2.65489714091626e-18,TRUE
"GSE57338","HF","all","ME_HF_weighted","EIF2AK3",FALSE,313,0.283905791363141,3.25238884450735e-07,0.22119074226111,7.92689392147524e-05,"cardiomyocyte+fibroblast+immune_pan",5.28513187232445e-07,0.000147213744255969,TRUE
"GSE57338","HF","all","ME_HF_weighted","ERN1",FALSE,313,0.11987177249602,0.03401340871422,0.0629726574696032,0.266677992712244,"cardiomyocyte+fibroblast+immune_pan",0.036847859440405,0.266677992712244,TRUE
"GSE57338","HF","all","ME_HF_weighted","DDIT3",FALSE,313,0.144619838495177,0.0104122072627475,0.166521453787902,0.00312733407978816,"cardiomyocyte+fibroblast+immune_pan",0.0123053358559743,0.00451726033747179,TRUE
"GSE57338","HF","all","ME_HF_weighted","EIF4G1",TRUE,313,0.088467893535527,0.118297721942333,0.143377342148651,0.0110982639315636,"cardiomyocyte+fibroblast+immune_pan",0.118297721942333,0.0144277431110327,TRUE
"GSE57338","HF","all","ME_HF_weighted","MTOR",FALSE,313,-0.245682760263042,1.09881901672529e-05,-0.0686461665142463,0.225878299280215,"cardiomyocyte+fibroblast+immune_pan",1.58718302415876e-05,0.257628688266188,TRUE
"GSE57338","HF","all","ME_HF_weighted","RPTOR",FALSE,313,-0.147906895568777,0.00877494647818562,-0.06691734736992,0.237811096861097,"cardiomyocyte+fibroblast+immune_pan",0.0114074304216413,0.257628688266188,TRUE
"GSE57338","HF","all","ME_HF_weighted","TSC1",FALSE,313,-0.525584755253978,1.25321053310247e-23,-0.380540450370573,3.18143443536296e-12,"cardiomyocyte+fibroblast+immune_pan",8.14586846516608e-23,1.37862158865728e-11,TRUE
"GSE57338","HF","all","ME_HF_weighted","TSC2",FALSE,313,-0.347399774991133,2.62507839524246e-10,-0.223522196634047,6.62748660883836e-05,"cardiomyocyte+fibroblast+immune_pan",4.87514559116457e-10,0.000143595543191498,TRUE
"GSE57338","HF","all","ME_HCC_weighted","ATF4",FALSE,313,0.159412919286321,0.0046968819600274,0.238026500105114,2.08497701903712e-05,"cardiomyocyte+fibroblast+immune_pan",0.00872278078290803,6.77617531187064e-05,TRUE
"GSE57338","HF","all","ME_HCC_weighted","MYC",FALSE,313,-0.173892652919344,0.00201695745501316,-0.0347350722021341,0.540370878727778,"cardiomyocyte+fibroblast+immune_pan",0.00524408938303421,0.585401785288426,TRUE
"GSE57338","HF","all","ME_HCC_weighted","XBP1",FALSE,313,0.0213787338686371,0.706353308424653,0.086190729019997,0.128108951377669,"cardiomyocyte+fibroblast+immune_pan",0.706353308424653,0.185046263101078,TRUE
"GSE57338","HF","all","ME_HCC_weighted","ATF6",FALSE,313,-0.122935679954122,0.0296670856776451,-0.069950124274796,0.217163839463424,"cardiomyocyte+fibroblast+immune_pan",0.0482090142261733,0.276769701825023,TRUE
"GSE57338","HF","all","ME_HCC_weighted","EIF4EBP1",TRUE,313,0.354104126379118,1.11957232298801e-10,0.417878966017104,1.16758247321654e-14,"cardiomyocyte+fibroblast+immune_pan",1.45544401988441e-09,1.5178572151815e-13,TRUE
"GSE57338","HF","all","ME_HCC_weighted","EIF2AK3",FALSE,313,-0.0980165008340276,0.0833943471419622,-0.0674354037172304,0.234189747698097,"cardiomyocyte+fibroblast+immune_pan",0.120458501427279,0.276769701825023,TRUE
"GSE57338","HF","all","ME_HCC_weighted","ERN1",FALSE,313,-0.228970250586553,4.3296901004377e-05,-0.171420007221279,0.00234114055419736,"cardiomyocyte+fibroblast+immune_pan",0.000140714928264225,0.00608696544091314,TRUE
"GSE57338","HF","all","ME_HCC_weighted","DDIT3",FALSE,313,0.16671244235555,0.00309266835893371,0.160688035780181,0.00437150745347086,"cardiomyocyte+fibroblast+immune_pan",0.00670078144435636,0.00947159948252019,TRUE
"GSE57338","HF","all","ME_HCC_weighted","EIF4G1",TRUE,313,0.28564003073888,2.73618295730608e-07,0.288192377300291,2.11717261379391e-07,"cardiomyocyte+fibroblast+immune_pan",1.1856792814993e-06,9.17441465977361e-07,TRUE
"GSE57338","HF","all","ME_HCC_weighted","MTOR",FALSE,313,0.338579466536966,7.81389039703957e-10,0.28979709400091,1.79952539511966e-07,"cardiomyocyte+fibroblast+immune_pan",5.07902875807572e-09,9.17441465977361e-07,TRUE
"GSE57338","HF","all","ME_HCC_weighted","RPTOR",FALSE,313,-0.0383826143363656,0.498665971296816,0.01866726321007,0.742182205414904,"cardiomyocyte+fibroblast+immune_pan",0.589332511532601,0.742182205414904,FALSE
"GSE57338","HF","all","ME_HCC_weighted","TSC1",FALSE,313,0.0263804339010527,0.641980781368861,-0.0916963983948935,0.105404848165255,"cardiomyocyte+fibroblast+immune_pan",0.695479179816266,0.182223482549096,FALSE
"GSE57338","HF","all","ME_HCC_weighted","TSC2",FALSE,313,-0.0411499097630258,0.468200067407874,-0.0899740549751982,0.112137527722521,"cardiomyocyte+fibroblast+immune_pan",0.589332511532601,0.182223482549096,TRUE
"GSE57338","HF","disease_only","TCS","ATF4",FALSE,177,-0.138140539385127,0.066710439588358,0.187874233044582,0.0122751524642302,"cardiomyocyte+fibroblast+immune_pan",0.108404464331082,0.0227967117192846,FALSE
"GSE57338","HF","disease_only","TCS","MYC",FALSE,177,-0.347466473346957,2.1533695357216e-06,-0.0966937043028526,0.200434826853378,"cardiomyocyte+fibroblast+immune_pan",2.79938039643808e-05,0.260565274909392,TRUE
"GSE57338","HF","disease_only","TCS","XBP1",FALSE,177,-0.0364897715321835,0.629673923792845,0.10667108757312,0.157612593258658,"cardiomyocyte+fibroblast+immune_pan",0.74416009175518,0.23734950543907,FALSE
"GSE57338","HF","disease_only","TCS","ATF6",FALSE,177,-0.312076939248863,2.35158032107597e-05,-0.213829994178786,0.00426594267543629,"cardiomyocyte+fibroblast+immune_pan",0.000152852720869938,0.00924287579677862,TRUE
"GSE57338","HF","disease_only","TCS","EIF4EBP1",TRUE,177,0.144136370563742,0.0556163459268676,0.289374591832654,9.3637223747692e-05,"cardiomyocyte+fibroblast+immune_pan",0.103287499578468,0.000470972954671344,TRUE
"GSE57338","HF","disease_only","TCS","EIF2AK3",FALSE,177,-0.100843832906358,0.181699244569865,-0.0496209178655238,0.511894779195295,"cardiomyocyte+fibroblast+immune_pan",0.236209017940825,0.511894779195295,TRUE
"GSE57338","HF","disease_only","TCS","ERN1",FALSE,177,-0.221096129350302,0.00310306212419895,-0.104985543913039,0.164318888380894,"cardiomyocyte+fibroblast+immune_pan",0.00806796152291727,0.23734950543907,TRUE
"GSE57338","HF","disease_only","TCS","DDIT3",FALSE,177,0.286068860168962,0.000113427335592673,0.286808578662441,0.000108686066462618,"cardiomyocyte+fibroblast+immune_pan",0.000491518454234918,0.000470972954671344,TRUE
"GSE57338","HF","disease_only","TCS","EIF4G1",TRUE,177,0.0159212581315148,0.833409250426871,-0.0907712596363957,0.229534469180761,"cardiomyocyte+fibroblast+immune_pan",0.902860021295777,0.271268009031809,FALSE
"GSE57338","HF","disease_only","TCS","MTOR",FALSE,177,0.184112941165212,0.0141624497895713,-0.0514445022909172,0.496488138971065,"cardiomyocyte+fibroblast+immune_pan",0.0306853078774045,0.511894779195295,FALSE
"GSE57338","HF","disease_only","TCS","RPTOR",FALSE,177,-0.232947477860733,0.0018069964729183,-0.272735217051784,0.00024002764543226,"cardiomyocyte+fibroblast+immune_pan",0.00587273853698449,0.000780089847654844,TRUE
"GSE57338","HF","disease_only","TCS","TSC1",FALSE,177,-0.00739855030632067,0.922142531933317,-0.292582536910421,7.7563436149322e-05,"cardiomyocyte+fibroblast+immune_pan",0.922142531933317,0.000470972954671344,TRUE
"GSE57338","HF","disease_only","TCS","TSC2",FALSE,177,-0.108203617742892,0.151695459576998,-0.257085983037632,0.000551685656015405,"cardiomyocyte+fibroblast+immune_pan",0.219115663833441,0.00143438270564005,TRUE
"GSE57338","HF","disease_only","ME_HF_weighted","ATF4",FALSE,177,0.443959697227217,6.03729479962704e-10,0.365868040561261,5.50568997241391e-07,"cardiomyocyte+fibroblast+immune_pan",3.30563457962491e-09,3.57869848206904e-06,TRUE
"GSE57338","HF","disease_only","ME_HF_weighted","MYC",FALSE,177,0.461449707034979,1.01840432972518e-10,0.307617177262656,3.11310601696721e-05,"cardiomyocyte+fibroblast+immune_pan",1.32392562864274e-09,0.000134901260735246,TRUE
"GSE57338","HF","disease_only","ME_HF_weighted","XBP1",FALSE,177,0.243361951344321,0.00109853667776769,0.123953288249816,0.100227348296131,"cardiomyocyte+fibroblast+immune_pan",0.00204013954442572,0.133456536966351,TRUE
"GSE57338","HF","disease_only","ME_HF_weighted","ATF6",FALSE,177,0.163786943121582,0.0293809826967341,-0.0345670291550303,0.647841701309492,"cardiomyocyte+fibroblast+immune_pan",0.0381952775057543,0.673194634903724,FALSE
"GSE57338","HF","disease_only","ME_HF_weighted","EIF4EBP1",TRUE,177,0.441585392996359,7.6283874914421e-10,0.457332159731171,1.56257726120025e-10,"cardiomyocyte+fibroblast+immune_pan",3.30563457962491e-09,2.03135043956032e-09,TRUE
"GSE57338","HF","disease_only","ME_HF_weighted","EIF2AK3",FALSE,177,0.113031894300997,0.134148425424439,0.0603621191877974,0.42481015475261,"cardiomyocyte+fibroblast+immune_pan",0.145327460876476,0.50204836470763,TRUE
"GSE57338","HF","disease_only","ME_HF_weighted","ERN1",FALSE,177,0.0988301880348598,0.190622248048396,0.0319200757938019,0.673194634903724,"cardiomyocyte+fibroblast+immune_pan",0.190622248048396,0.673194634903724,TRUE
"GSE57338","HF","disease_only","ME_HF_weighted","DDIT3",FALSE,177,0.150188040407308,0.0460105168674051,0.18553293589294,0.013422033706842,"cardiomyocyte+fibroblast+immune_pan",0.0543760653887515,0.0249266340269923,TRUE
"GSE57338","HF","disease_only","ME_HF_weighted","EIF4G1",TRUE,177,-0.326432641229283,9.24089506076959e-06,-0.22861744096315,0.00220860295886468,"cardiomyocyte+fibroblast+immune_pan",2.00219392983341e-05,0.00478530641087347,TRUE
"GSE57338","HF","disease_only","ME_HF_weighted","MTOR",FALSE,177,-0.367344057105849,4.91674687314611e-07,-0.23385074433955,0.00173211254552274,"cardiomyocyte+fibroblast+immune_pan",1.27835418701799e-06,0.00450349261835913,TRUE
"GSE57338","HF","disease_only","ME_HF_weighted","RPTOR",FALSE,177,-0.172962939441245,0.0213240371632933,-0.143126193956993,0.0573708099603592,"cardiomyocyte+fibroblast+immune_pan",0.0308013870136459,0.0932275661855837,TRUE
"GSE57338","HF","disease_only","ME_HF_weighted","TSC1",FALSE,177,-0.438451119243587,1.03597129547703e-09,-0.298071501095751,5.59032719000725e-05,"cardiomyocyte+fibroblast+immune_pan",3.36690671030035e-09,0.000181685633675235,TRUE
"GSE57338","HF","disease_only","ME_HF_weighted","TSC2",FALSE,177,-0.224385403077241,0.00267785992175068,-0.123081148041794,0.102658874589501,"cardiomyocyte+fibroblast+immune_pan",0.00435152237284485,0.133456536966351,TRUE
"GSE57338","HF","disease_only","ME_HCC_weighted","ATF4",FALSE,177,-0.188065182699194,0.0121855292885882,0.164208948734236,0.0289602940077779,"cardiomyocyte+fibroblast+immune_pan",0.0198014850939557,0.0470604777626391,FALSE
"GSE57338","HF","disease_only","ME_HCC_weighted","MYC",FALSE,177,-0.510882645142147,3.72494830422403e-13,-0.277038952202362,0.0001892246225844,"cardiomyocyte+fibroblast+immune_pan",4.84243279549124e-12,0.0012299600467986,TRUE
"GSE57338","HF","disease_only","ME_HCC_weighted","XBP1",FALSE,177,-0.0933799246545169,0.216369379076967,0.0790016430517756,0.295913796426198,"cardiomyocyte+fibroblast+immune_pan",0.278936165179876,0.320573279461714,FALSE
"GSE57338","HF","disease_only","ME_HCC_weighted","ATF6",FALSE,177,-0.3680349531713,4.66224288394309e-07,-0.227740342595572,0.00229922411150654,"cardiomyocyte+fibroblast+immune_pan",2.02030524970867e-06,0.009963304483195,TRUE
"GSE57338","HF","disease_only","ME_HCC_weighted","EIF4EBP1",TRUE,177,0.0390711440889729,0.60562950543903,0.208968283347984,0.0052492054025079,"cardiomyocyte+fibroblast+immune_pan",0.656098630892283,0.0170599175581507,TRUE
"GSE57338","HF","disease_only","ME_HCC_weighted","EIF2AK3",FALSE,177,-0.130298179413294,0.0838808315047088,-0.100781269171164,0.18197177406692,"cardiomyocyte+fibroblast+immune_pan",0.121161201062357,0.215057551169996,TRUE
"GSE57338","HF","disease_only","ME_HCC_weighted","ERN1",FALSE,177,-0.283453212199727,0.000131788743271221,-0.168667043340453,0.0248212667615107,"cardiomyocyte+fibroblast+immune_pan",0.000342650732505175,0.0470604777626391,TRUE
"GSE57338","HF","disease_only","ME_HCC_weighted","DDIT3",FALSE,177,0.299212691715689,5.21802917281524e-05,0.315293440677695,1.91544025063662e-05,"cardiomyocyte+fibroblast+immune_pan",0.000169585948116495,0.000249007232582761,TRUE
"GSE57338","HF","disease_only","ME_HCC_weighted","EIF4G1",TRUE,177,0.245622185996851,0.000983282807063534,0.167783596256236,0.0255985406916334,"cardiomyocyte+fibroblast+immune_pan",0.00213044608197099,0.0470604777626391,TRUE
"GSE57338","HF","disease_only","ME_HCC_weighted","MTOR",FALSE,177,0.372969501575934,3.17803516533081e-07,0.139775623861194,0.0635194886629232,"cardiomyocyte+fibroblast+immune_pan",2.02030524970867e-06,0.0917503725131112,TRUE
"GSE57338","HF","disease_only","ME_HCC_weighted","RPTOR",FALSE,177,-0.0895243482683972,0.236022908998357,-0.133845245126924,0.0757199397441777,"cardiomyocyte+fibroblast+immune_pan",0.278936165179876,0.0984359216674311,TRUE
"GSE57338","HF","disease_only","ME_HCC_weighted","TSC1",FALSE,177,0.210669052787362,0.00488426766103607,-0.0654361177831859,0.386857333090933,"cardiomyocyte+fibroblast+immune_pan",0.00907078279906699,0.386857333090933,FALSE
"GSE57338","HF","disease_only","ME_HCC_weighted","TSC2",FALSE,177,-0.0154678111413153,0.8380877879981,-0.201202075968463,0.00724490530494049,"cardiomyocyte+fibroblast+immune_pan",0.8380877879981,0.0188367537928453,TRUE
"GSE141198","HCC","all","TCS","ATF4",FALSE,148,0.393816383451349,7.34673046023923e-07,0.390344585116726,9.36787809343137e-07,"hepatocyte+proliferation+immune_pan",1.02051640774682e-05,6.55751466540196e-06,TRUE
"GSE141198","HCC","all","TCS","MYC",FALSE,148,0.383922784514105,1.45788058249546e-06,0.399756767364739,4.81600558603035e-07,"hepatocyte+proliferation+immune_pan",1.02051640774682e-05,6.55751466540196e-06,TRUE
"GSE141198","HCC","all","TCS","XBP1",FALSE,148,0.119368552523534,0.148446609937451,0.155426347159421,0.0592558171516178,"hepatocyte+proliferation+immune_pan",0.23091694879159,0.118511634303236,TRUE
"GSE141198","HCC","all","TCS","ATF6",FALSE,148,0.0567715335911078,0.493121501508128,0.037458655492591,0.651269694178875,"hepatocyte+proliferation+immune_pan",0.627609183737617,0.651269694178875,TRUE
"GSE141198","HCC","all","TCS","EIF4EBP1",TRUE,148,0.0476987231737937,0.564826307330681,0.0383332272619638,0.643679923490293,"hepatocyte+proliferation+immune_pan",0.658964025219128,0.651269694178875,TRUE
"GSE141198","HCC","all","TCS","EIF2AK3",FALSE,148,-0.124772482796139,0.130797786946806,-0.176819002495661,0.0315689815053453,"hepatocyte+proliferation+immune_pan",0.228896127156911,0.0736609568458058,TRUE
"GSE141198","HCC","all","TCS","ERN1",FALSE,148,-0.193364818139737,0.0185373167835726,-0.21301415513966,0.00933977816645527,"hepatocyte+proliferation+immune_pan",0.0519044869940033,0.0261513788660748,TRUE
"GSE141198","HCC","all","TCS","DDIT3",FALSE,148,0.269748530834056,0.000914834511163146,0.252218944566135,0.00198468268889544,"hepatocyte+proliferation+immune_pan",0.00426922771876135,0.00926185254817874,TRUE
"GSE141198","HCC","all","TCS","EIF4E",TRUE,148,-0.2009474043749,0.0143278686044206,-0.21561608767585,0.00849153138199409,"hepatocyte+proliferation+immune_pan",0.0501475401154721,0.0261513788660748,TRUE
"GSE141198","HCC","all","TCS","EIF4G1",TRUE,148,-0.0319970659781394,0.699452628482153,-0.039976857833772,0.62951561442611,"hepatocyte+proliferation+immune_pan",0.753256676826934,0.651269694178875,TRUE
"GSE141198","HCC","all","TCS","MTOR",FALSE,148,-0.0823849761333657,0.319516577072341,-0.142519703999814,0.0839957459112252,"hepatocyte+proliferation+immune_pan",0.447323207901277,0.146992555344644,TRUE
"GSE141198","HCC","all","TCS","RPTOR",FALSE,148,0.147596591644751,0.0734244624507933,0.0880330770531021,0.287349040094235,"hepatocyte+proliferation+immune_pan",0.171323745718518,0.402288656131929,TRUE
"GSE141198","HCC","all","TCS","TSC1",FALSE,148,-0.0183335866788756,0.824963827557049,-0.0677418556536771,0.413318419886658,"hepatocyte+proliferation+immune_pan",0.824963827557049,0.526041625310292,TRUE
"GSE141198","HCC","all","TCS","TSC2",FALSE,148,-0.137829991297955,0.0948126325780956,-0.117067789188615,0.156485066206232,"hepatocyte+proliferation+immune_pan",0.189625265156191,0.243421214098583,TRUE
"GSE141198","HCC","all","ME_HF_weighted","ATF4",FALSE,148,0.351028891118501,1.21843474005834e-05,0.311809226586744,0.000114416931214447,"hepatocyte+proliferation+immune_pan",1.89534292897965e-05,0.00017798189300025,TRUE
"GSE141198","HCC","all","ME_HF_weighted","MYC",FALSE,148,-0.311626254221357,0.00011553755908875,-0.269935088437537,0.000907068808002055,"hepatocyte+proliferation+immune_pan",0.00016175258272425,0.00105824694266906,TRUE
"GSE141198","HCC","all","ME_HF_weighted","XBP1",FALSE,148,-0.0506926829271655,0.540625298988554,-0.0614447753136872,0.458165351410379,"hepatocyte+proliferation+immune_pan",0.540625298988554,0.458165351410379,TRUE
"GSE141198","HCC","all","ME_HF_weighted","ATF6",FALSE,148,-0.296948249320834,0.000247414198104869,-0.297766983785865,0.000237374702369751,"hepatocyte+proliferation+immune_pan",0.000314890797588015,0.000332324583317651,TRUE
"GSE141198","HCC","all","ME_HF_weighted","EIF4EBP1",TRUE,148,0.661500563687344,5.61127998197687e-20,0.639386954998596,2.21249643265502e-18,"hepatocyte+proliferation+immune_pan",2.74749862363798e-19,1.03249833523901e-17,TRUE
"GSE141198","HCC","all","ME_HF_weighted","EIF2AK3",FALSE,148,-0.789362868942241,9.66096423538742e-33,-0.79498352927851,1.67479846023605e-33,"hepatocyte+proliferation+immune_pan",1.35253499295424e-31,2.34471784433048e-32,TRUE
"GSE141198","HCC","all","ME_HF_weighted","ERN1",FALSE,148,-0.661222960916372,5.88749705065282e-20,-0.666121379101813,2.5027334603287e-20,"hepatocyte+proliferation+immune_pan",2.74749862363798e-19,1.75191342223009e-19,TRUE
"GSE141198","HCC","all","ME_HF_weighted","DDIT3",FALSE,148,0.402361037489629,3.99162559542085e-07,0.38672094036947,1.20372330436614e-06,"hepatocyte+proliferation+immune_pan",6.98534479198649e-07,2.10651578264074e-06,TRUE
"GSE141198","HCC","all","ME_HF_weighted","EIF4E",TRUE,148,-0.619682226137084,4.5850410156784e-17,-0.600900902918968,6.80250138096721e-16,"hepatocyte+proliferation+immune_pan",1.60476435548744e-16,2.38087548333852e-15,TRUE
"GSE141198","HCC","all","ME_HF_weighted","EIF4G1",TRUE,148,-0.28518005931659,0.000442756536327755,-0.284970611927517,0.000447265199145797,"hepatocyte+proliferation+immune_pan",0.00051654929238238,0.000569246617094651,TRUE
"GSE141198","HCC","all","ME_HF_weighted","MTOR",FALSE,148,-0.458572508339948,4.59617209236389e-09,-0.447216491727987,1.21039095018834e-08,"hepatocyte+proliferation+immune_pan",1.07244015488491e-08,2.82424555043947e-08,TRUE
"GSE141198","HCC","all","ME_HF_weighted","RPTOR",FALSE,148,-0.106845516271089,0.196179254601151,-0.0814359406932434,0.325141972187033,"hepatocyte+proliferation+immune_pan",0.211269966493547,0.350152893124497,TRUE
"GSE141198","HCC","all","ME_HF_weighted","TSC1",FALSE,148,-0.431765329478924,4.27517087305307e-08,-0.40778987234783,2.68492744601424e-07,"hepatocyte+proliferation+immune_pan",8.55034174610614e-08,5.36985489202847e-07,TRUE
"GSE141198","HCC","all","ME_HF_weighted","TSC2",FALSE,148,0.467025307905485,2.18398928855969e-09,0.4585917317922,4.58850598695001e-09,"hepatocyte+proliferation+immune_pan",6.11517000796713e-09,1.284781676346e-08,TRUE
"GSE141198","HCC","all","ME_HCC_weighted","ATF4",FALSE,148,0.383747203782095,1.47542376066768e-06,0.354864757041923,9.62595340890039e-06,"hepatocyte+proliferation+immune_pan",2.95084752133535e-06,1.92519068178008e-05,TRUE
"GSE141198","HCC","all","ME_HCC_weighted","MYC",FALSE,148,-0.307577211214459,0.000143117428799825,-0.286020973037375,0.000425074029698139,"hepatocyte+proliferation+immune_pan",0.000250455500399694,0.000743879551971743,TRUE
"GSE141198","HCC","all","ME_HCC_weighted","XBP1",FALSE,148,-0.00337246350121408,0.967550981569133,-0.0163587559132687,0.843562545074923,"hepatocyte+proliferation+immune_pan",0.967550981569133,0.843562545074923,TRUE
"GSE141198","HCC","all","ME_HCC_weighted","ATF6",FALSE,148,-0.260008036038268,0.00141591409383026,-0.278409233192516,0.000611918667010253,"hepatocyte+proliferation+immune_pan",0.00220253303484707,0.00095187348201595,TRUE
"GSE141198","HCC","all","ME_HCC_weighted","EIF4EBP1",TRUE,148,0.592659661019614,2.10291239104513e-15,0.573111303636954,2.70011836468822e-14,"hepatocyte+proliferation+immune_pan",9.81359115821061e-15,9.45041427640876e-14,TRUE
"GSE141198","HCC","all","ME_HCC_weighted","EIF2AK3",FALSE,148,-0.662131134887765,5.03009858013634e-20,-0.651902934625466,2.8704429728901e-19,"hepatocyte+proliferation+immune_pan",3.52106900609544e-19,2.00931008102307e-18,TRUE
"GSE141198","HCC","all","ME_HCC_weighted","ERN1",FALSE,148,-0.561253589763406,1.1717867418461e-13,-0.565228852801783,7.21053458577224e-14,"hepatocyte+proliferation+immune_pan",3.28100287716909e-13,2.01894968401623e-13,TRUE
"GSE141198","HCC","all","ME_HCC_weighted","DDIT3",FALSE,148,0.586924473851333,4.52666281601612e-15,0.57435365271954,2.30731511650856e-14,"hepatocyte+proliferation+immune_pan",1.58433198560564e-14,9.45041427640876e-14,TRUE
"GSE141198","HCC","all","ME_HCC_weighted","EIF4E",TRUE,148,-0.735664569450597,1.7710569739932e-26,-0.727578951005012,1.14842800627514e-25,"hepatocyte+proliferation+immune_pan",2.47947976359048e-25,1.6077992087852e-24,TRUE
"GSE141198","HCC","all","ME_HCC_weighted","EIF4G1",TRUE,148,-0.206265388924475,0.0118979203368381,-0.21799233606713,0.00777717852271791,"hepatocyte+proliferation+immune_pan",0.0151428077014303,0.00989822721073189,TRUE
"GSE141198","HCC","all","ME_HCC_weighted","MTOR",FALSE,148,-0.247622017673173,0.00241086450453191,-0.227531636090181,0.00541671895914959,"hepatocyte+proliferation+immune_pan",0.00337521030634468,0.00758340654280942,TRUE
"GSE141198","HCC","all","ME_HCC_weighted","RPTOR",FALSE,148,-0.0880268934923196,0.287383030313262,-0.0697192258933669,0.39978538135673,"hepatocyte+proliferation+immune_pan",0.309489417260436,0.430538102999555,TRUE
"GSE141198","HCC","all","ME_HCC_weighted","TSC1",FALSE,148,-0.504016404113797,6.55987130638066e-11,-0.485739434715158,3.90631684937515e-10,"hepatocyte+proliferation+immune_pan",1.53063663815549e-10,9.11473931520868e-10,TRUE
"GSE141198","HCC","all","ME_HCC_weighted","TSC2",FALSE,148,0.192975446535969,0.0187797607965539,0.137526960500717,0.0955479101826318,"hepatocyte+proliferation+immune_pan",0.0219097209293129,0.111472561879737,TRUE
"TCGA_LIHC","HCC","all","TCS","ATF4",FALSE,421,0.285228548119914,2.53417953657009e-09,0.236551518816891,9.1521658377476e-07,"hepatocyte+proliferation+immune_pan",8.86962837799531e-09,1.60162902160583e-06,TRUE
"TCGA_LIHC","HCC","all","TCS","MYC",FALSE,421,0.182577596986502,0.000165387248072607,0.232716009213254,1.3848755500171e-06,"hepatocyte+proliferation+immune_pan",0.000257269052557388,2.15425085558216e-06,TRUE
"TCGA_LIHC","HCC","all","TCS","XBP1",FALSE,421,-0.0844856062501141,0.0833728820900369,-0.0895425850930862,0.0664336714323393,"hepatocyte+proliferation+immune_pan",0.0972683624383764,0.0664336714323393,TRUE
"TCGA_LIHC","HCC","all","TCS","ATF6",FALSE,421,-0.14945131720787,0.00210747814126589,-0.213644910620551,9.79050191259963e-06,"hepatocyte+proliferation+immune_pan",0.00295046939777225,1.37067026776395e-05,TRUE
"TCGA_LIHC","HCC","all","TCS","EIF4EBP1",TRUE,421,0.220302867435192,5.0433226067508e-06,0.162908029157887,0.000793378370765543,"hepatocyte+proliferation+immune_pan",8.82581456181391e-06,0.000925608099226467,TRUE
"TCGA_LIHC","HCC","all","TCS","EIF2AK3",FALSE,421,-0.396089101566996,2.88749314550419e-17,-0.451753723519522,1.45786623709148e-22,"hepatocyte+proliferation+immune_pan",2.51241748504675e-16,2.04101273192807e-21,TRUE
"TCGA_LIHC","HCC","all","TCS","ERN1",FALSE,421,-0.394995575404253,3.58916783578107e-17,-0.415271535701596,5.56248817966715e-19,"hepatocyte+proliferation+immune_pan",2.51241748504675e-16,3.89374172576701e-18,TRUE
"TCGA_LIHC","HCC","all","TCS","DDIT3",FALSE,421,0.251967073544497,1.61160503757042e-07,0.19345267388786,6.46070509201346e-05,"hepatocyte+proliferation+immune_pan",4.51249410519717e-07,8.2227155716535e-05,TRUE
"TCGA_LIHC","HCC","all","TCS","EIF4E",TRUE,421,-0.22761931283394,2.37529112274665e-06,-0.282921328774036,3.4428431267032e-09,"hepatocyte+proliferation+immune_pan",5.54234595307552e-06,9.68550379607988e-09,TRUE
"TCGA_LIHC","HCC","all","TCS","EIF4G1",TRUE,421,-0.22097670811404,4.71040446797701e-06,-0.282885675558032,3.45910849859996e-09,"hepatocyte+proliferation+immune_pan",8.82581456181391e-06,9.68550379607988e-09,TRUE
"TCGA_LIHC","HCC","all","TCS","MTOR",FALSE,421,-0.3112083774924,6.6071343844614e-11,-0.387926157379096,1.43660320059682e-16,"hepatocyte+proliferation+immune_pan",3.08332937941532e-10,6.70414826945184e-16,TRUE
"TCGA_LIHC","HCC","all","TCS","RPTOR",FALSE,421,-0.0908770932380057,0.0624686578569244,-0.23769470499513,8.07817358915598e-07,"hepatocyte+proliferation+immune_pan",0.0795055645451765,1.60162902160583e-06,TRUE
"TCGA_LIHC","HCC","all","TCS","TSC1",FALSE,421,-0.0775510042394423,0.112088342077172,-0.240763445812099,5.760156701471e-07,"hepatocyte+proliferation+immune_pan",0.120710522236955,1.34403656367657e-06,TRUE
"TCGA_LIHC","HCC","all","TCS","TSC2",FALSE,421,-0.0505937326220588,0.300354473344941,-0.121659770765104,0.0124856120624436,"hepatocyte+proliferation+immune_pan",0.300354473344941,0.0134460437595547,TRUE
"TCGA_LIHC","HCC","all","ME_HF_weighted","ATF4",FALSE,421,0.653343939228207,1.34880101534655e-52,0.582796273488695,1.16294474172577e-39,"hepatocyte+proliferation+immune_pan",1.88832142148516e-51,1.62812263841608e-38,TRUE
"TCGA_LIHC","HCC","all","ME_HF_weighted","MYC",FALSE,421,0.234065780113965,1.19799749430527e-06,0.363045494762886,1.46115112963501e-14,"hepatocyte+proliferation+immune_pan",1.86355165780819e-06,6.81870527163007e-14,TRUE
"TCGA_LIHC","HCC","all","ME_HF_weighted","XBP1",FALSE,421,0.128941235365017,0.00807654870366777,0.21586983312556,7.86197660576427e-06,"hepatocyte+proliferation+immune_pan",0.00942264015427907,1.51951624758034e-05,TRUE
"TCGA_LIHC","HCC","all","ME_HF_weighted","ATF6",FALSE,421,0.247758140847916,2.61944899302908e-07,0.192364234920206,7.11491762182906e-05,"hepatocyte+proliferation+immune_pan",4.58403573780088e-07,0.000110676496339563,TRUE
"TCGA_LIHC","HCC","all","ME_HF_weighted","EIF4EBP1",TRUE,421,0.479182147336898,1.48560566140609e-25,0.346163953913683,2.69629064775024e-13,"hepatocyte+proliferation+immune_pan",6.93282641989508e-25,9.43701726712585e-13,TRUE
"TCGA_LIHC","HCC","all","ME_HF_weighted","EIF2AK3",FALSE,421,0.157541840532725,0.00118214921188574,0.0623042836693429,0.20202059100454,"hepatocyte+proliferation+immune_pan",0.00150455354240004,0.235690689505297,TRUE
"TCGA_LIHC","HCC","all","ME_HF_weighted","ERN1",FALSE,421,-0.0101882470584483,0.834893834274575,-0.00745926868016409,0.878714931661044,"hepatocyte+proliferation+immune_pan",0.834893834274575,0.878714931661044,TRUE
"TCGA_LIHC","HCC","all","ME_HF_weighted","DDIT3",FALSE,421,0.551785088605829,6.48743763026778e-35,0.438321565688106,3.41240072690252e-21,"hepatocyte+proliferation+immune_pan",4.54120634118744e-34,2.38868050883176e-20,TRUE
"TCGA_LIHC","HCC","all","ME_HF_weighted","EIF4E",TRUE,421,0.267950704864903,2.35081838963942e-08,0.169507360554449,0.000477682394039968,"hepatocyte+proliferation+immune_pan",4.70163677927883e-08,0.000668755351655956,TRUE
"TCGA_LIHC","HCC","all","ME_HF_weighted","EIF4G1",TRUE,421,0.204522115598472,2.34994978043027e-05,0.119758139973415,0.0139409756316735,"hepatocyte+proliferation+immune_pan",3.28992969260237e-05,0.0177430598948572,TRUE
"TCGA_LIHC","HCC","all","ME_HF_weighted","MTOR",FALSE,421,0.0858450503338244,0.0785086944389418,-0.0356187471460104,0.46606650782556,"hepatocyte+proliferation+immune_pan",0.0845478247803988,0.501917777658295,FALSE
"TCGA_LIHC","HCC","all","ME_HF_weighted","RPTOR",FALSE,421,0.425145321536227,6.58245341498844e-20,0.233012521201876,1.34157081312738e-06,"hepatocyte+proliferation+immune_pan",1.84308695619676e-19,3.13033189729723e-06,TRUE
"TCGA_LIHC","HCC","all","ME_HF_weighted","TSC1",FALSE,421,0.441220564799172,1.74842306237214e-21,0.214865375421126,8.68294998617335e-06,"hepatocyte+proliferation+immune_pan",6.11948071830251e-21,1.51951624758034e-05,TRUE
"TCGA_LIHC","HCC","all","ME_HF_weighted","TSC2",FALSE,421,0.358939775450792,3.01706849544917e-14,0.270250444696204,1.76325480414946e-08,"hepatocyte+proliferation+immune_pan",7.03982648938139e-14,4.9371134516185e-08,TRUE
"TCGA_LIHC","HCC","all","ME_HCC_weighted","ATF4",FALSE,421,0.61535076220148,3.18250640177556e-45,0.535910457850948,1.13680708925486e-32,"hepatocyte+proliferation+immune_pan",4.3709161879908e-44,1.5915299249568e-31,TRUE
"TCGA_LIHC","HCC","all","ME_HCC_weighted","MYC",FALSE,421,0.144031292762788,0.0030570046189595,0.266531809177614,2.80348584247319e-08,"hepatocyte+proliferation+immune_pan",0.00329215882041792,4.36097797718052e-08,TRUE
"TCGA_LIHC","HCC","all","ME_HCC_weighted","XBP1",FALSE,421,0.165643491009085,0.000644370431917917,0.254486317396336,1.19997991866429e-07,"hepatocyte+proliferation+immune_pan",0.000751765503904237,1.67997188613e-07,TRUE
"TCGA_LIHC","HCC","all","ME_HCC_weighted","ATF6",FALSE,421,0.363583100524464,1.32778225979852e-14,0.320123519590603,1.73575374172997e-11,"hepatocyte+proliferation+immune_pan",2.32361895464741e-14,4.0500920640366e-11,TRUE
"TCGA_LIHC","HCC","all","ME_HCC_weighted","EIF4EBP1",TRUE,421,0.54102729870955,2.21568233163195e-33,0.42522811010302,6.46377706088101e-20,"hepatocyte+proliferation+immune_pan",7.75488816071183e-33,3.01642929507781e-19,TRUE
"TCGA_LIHC","HCC","all","ME_HCC_weighted","EIF2AK3",FALSE,421,0.237624779350823,8.14023551555966e-07,0.158853418713378,0.00107357847517092,"hepatocyte+proliferation+immune_pan",1.03602997470759e-06,0.00115616143479946,TRUE
"TCGA_LIHC","HCC","all","ME_HCC_weighted","ERN1",FALSE,421,0.0770124638692622,0.114609376864519,0.0860603374740236,0.0777599231084202,"hepatocyte+proliferation+immune_pan",0.114609376864519,0.0777599231084202,TRUE
"TCGA_LIHC","HCC","all","ME_HCC_weighted","DDIT3",FALSE,421,0.613728106568126,6.244165982844e-45,0.51552612021778,5.8573075832775e-30,"hepatocyte+proliferation+immune_pan",4.3709161879908e-44,4.10011530829425e-29,TRUE
"TCGA_LIHC","HCC","all","ME_HCC_weighted","EIF4E",TRUE,421,0.355900586288961,5.12588701117227e-14,0.28122412741171,4.30564007025883e-09,"hepatocyte+proliferation+immune_pan",7.97360201737909e-14,7.53487012295295e-09,TRUE
"TCGA_LIHC","HCC","all","ME_HCC_weighted","EIF4G1",TRUE,421,0.373852168774637,2.06052484277508e-15,0.317036356200772,2.77142046998836e-11,"hepatocyte+proliferation+immune_pan",4.12104968555017e-15,5.54284093997673e-11,TRUE
"TCGA_LIHC","HCC","all","ME_HCC_weighted","MTOR",FALSE,421,0.273490127114335,1.17048406483476e-08,0.182189378270868,0.000170864971270626,"hepatocyte+proliferation+immune_pan",1.63867769076867e-08,0.000199342466482397,TRUE
"TCGA_LIHC","HCC","all","ME_HCC_weighted","RPTOR",FALSE,421,0.558814776697835,6.0201096896016e-36,0.403813904722773,6.06868204004558e-18,"hepatocyte+proliferation+immune_pan",2.80938452181408e-35,2.12403871401595e-17,TRUE
"TCGA_LIHC","HCC","all","ME_HCC_weighted","TSC1",FALSE,421,0.449600648022706,2.4396275940195e-22,0.218863148556094,5.83142862797291e-06,"hepatocyte+proliferation+immune_pan",6.8309572632546e-22,7.4218182537837e-06,TRUE
"TCGA_LIHC","HCC","all","ME_HCC_weighted","TSC2",FALSE,421,0.424512234155952,7.56376974700788e-20,0.342350064631798,5.08676341383467e-13,"hepatocyte+proliferation+immune_pan",1.76487960763517e-19,1.42429375587371e-12,TRUE
"TCGA_LIHC","HCC","disease_only","TCS","ATF4",FALSE,371,0.246856267389451,1.48356178848543e-06,0.245702694872188,1.66592928169878e-06,"hepatocyte+proliferation+immune_pan",2.96712357697086e-06,2.59144554930922e-06,TRUE
"TCGA_LIHC","HCC","disease_only","TCS","MYC",FALSE,371,0.263291943350109,2.6707517108695e-07,0.272452969110847,9.75139092319976e-08,"hepatocyte+proliferation+immune_pan",9.34763098804325e-07,1.70649341155996e-07,TRUE
"TCGA_LIHC","HCC","disease_only","TCS","XBP1",FALSE,371,-0.0571004915275372,0.272633963326669,-0.0757293756905134,0.145442442554185,"hepatocyte+proliferation+immune_pan",0.272633963326669,0.145442442554185,TRUE
"TCGA_LIHC","HCC","disease_only","TCS","ATF6",FALSE,371,-0.219552549895464,1.98312240391159e-05,-0.236589124506058,4.08083477678024e-06,"hepatocyte+proliferation+immune_pan",2.77637136547622e-05,5.71316868749234e-06,TRUE
"TCGA_LIHC","HCC","disease_only","TCS","EIF4EBP1",TRUE,371,0.177545564614657,0.000591324498847618,0.175160548689778,0.000702299057956771,"hepatocyte+proliferation+immune_pan",0.00075259481671515,0.000893835164672253,TRUE
"TCGA_LIHC","HCC","disease_only","TCS","EIF2AK3",FALSE,371,-0.442243196309489,3.38427362119122e-19,-0.461858419718952,5.30703766803924e-21,"hepatocyte+proliferation+immune_pan",4.73798306966771e-18,7.42985273525493e-20,TRUE
"TCGA_LIHC","HCC","disease_only","TCS","ERN1",FALSE,371,-0.420007832617025,2.74533562526536e-17,-0.42871366267197,5.1031126904216e-18,"hepatocyte+proliferation+immune_pan",1.92173493768575e-16,3.57217888329512e-17,TRUE
"TCGA_LIHC","HCC","disease_only","TCS","DDIT3",FALSE,371,0.169209103707709,0.00106856540159143,0.166013988701198,0.001331225427397,"hepatocyte+proliferation+immune_pan",0.00124665963519,0.00143362738335062,TRUE
"TCGA_LIHC","HCC","disease_only","TCS","EIF4E",TRUE,371,-0.249906488323342,1.08885313895301e-06,-0.272620980455559,9.56949280852776e-08,"hepatocyte+proliferation+immune_pan",2.54065732422369e-06,1.70649341155996e-07,TRUE
"TCGA_LIHC","HCC","disease_only","TCS","EIF4G1",TRUE,371,-0.257915987005856,4.74092065549813e-07,-0.278801217291672,4.74478080704172e-08,"hepatocyte+proliferation+immune_pan",1.32745778353948e-06,1.10711552164307e-07,TRUE
"TCGA_LIHC","HCC","disease_only","TCS","MTOR",FALSE,371,-0.389961535104141,6.35669606458127e-15,-0.409316642211009,2.02988038036003e-16,"hepatocyte+proliferation+immune_pan",2.96645816347126e-14,9.47277510834682e-16,TRUE
"TCGA_LIHC","HCC","disease_only","TCS","RPTOR",FALSE,371,-0.239791679505623,2.99069292204605e-06,-0.282682145595906,3.0271012861697e-08,"hepatocyte+proliferation+immune_pan",5.2337126135806e-06,9.0270488684985e-08,TRUE
"TCGA_LIHC","HCC","disease_only","TCS","TSC1",FALSE,371,-0.231225344971637,6.80139385546616e-06,-0.282141710203881,3.22394602446375e-08,"hepatocyte+proliferation+immune_pan",1.05799459973918e-05,9.0270488684985e-08,TRUE
"TCGA_LIHC","HCC","disease_only","TCS","TSC2",FALSE,371,-0.160177329845183,0.00196927003838754,-0.16898251702906,0.00108548889505453,"hepatocyte+proliferation+immune_pan",0.00212075234903274,0.00126640371089695,TRUE
"TCGA_LIHC","HCC","disease_only","ME_HF_weighted","ATF4",FALSE,371,0.637414468338759,1.08521157664725e-43,0.579569300541138,1.13435920108082e-34,"hepatocyte+proliferation+immune_pan",1.51929620730615e-42,1.58810288151315e-33,TRUE
"TCGA_LIHC","HCC","disease_only","ME_HF_weighted","MYC",FALSE,371,0.33702620700068,2.63428101359865e-11,0.37830528956624,4.54737962495939e-14,"hepatocyte+proliferation+immune_pan",9.21998354759527e-11,2.12211049164772e-13,TRUE
"TCGA_LIHC","HCC","disease_only","ME_HF_weighted","XBP1",FALSE,371,0.18478298666763,0.000346206023197059,0.223305107194413,1.41454880425156e-05,"hepatocyte+proliferation+immune_pan",0.00053854270275098,3.30061387658697e-05,TRUE
"TCGA_LIHC","HCC","disease_only","ME_HF_weighted","ATF6",FALSE,371,0.161087060622835,0.00185423484455274,0.153375978271645,0.00305841990150058,"hepatocyte+proliferation+immune_pan",0.00235993525670349,0.00428178786210081,TRUE
"TCGA_LIHC","HCC","disease_only","ME_HF_weighted","EIF4EBP1",TRUE,371,0.458627696582072,1.07189757295372e-20,0.349039468862901,4.54544649782719e-12,"hepatocyte+proliferation+immune_pan",5.00218867378402e-20,1.59090627423952e-11,TRUE
"TCGA_LIHC","HCC","disease_only","ME_HF_weighted","EIF2AK3",FALSE,371,0.124834959400623,0.01613731375549,0.0432419338334083,0.406269506399927,"hepatocyte+proliferation+immune_pan",0.0188268660480716,0.437521006892229,TRUE
"TCGA_LIHC","HCC","disease_only","ME_HF_weighted","ERN1",FALSE,371,-0.0324242228426839,0.53355341577678,-0.0332660130665418,0.522976948407633,"hepatocyte+proliferation+immune_pan",0.574595986221148,0.522976948407633,TRUE
"TCGA_LIHC","HCC","disease_only","ME_HF_weighted","DDIT3",FALSE,371,0.465757289976625,2.24940730542745e-21,0.40256978652288,6.91810199622487e-16,"hepatocyte+proliferation+immune_pan",1.57458511379922e-20,4.84267139735741e-15,TRUE
"TCGA_LIHC","HCC","disease_only","ME_HF_weighted","EIF4E",TRUE,371,0.261158033769108,3.35911641161041e-07,0.162699912846525,0.00166528984788596,"hepatocyte+proliferation+immune_pan",6.71823282322081e-07,0.00259045087448927,TRUE
"TCGA_LIHC","HCC","disease_only","ME_HF_weighted","EIF4G1",TRUE,371,0.170222862733438,0.000995784741828777,0.111745528779733,0.0314090579599046,"hepatocyte+proliferation+immune_pan",0.00139409863856029,0.0399751646762422,TRUE
"TCGA_LIHC","HCC","disease_only","ME_HF_weighted","MTOR",FALSE,371,-0.0130667949946065,0.80193344926881,-0.0716178641908367,0.168645017993434,"hepatocyte+proliferation+immune_pan",0.80193344926881,0.196752520992339,TRUE
"TCGA_LIHC","HCC","disease_only","ME_HF_weighted","RPTOR",FALSE,371,0.306227764937202,1.70387759290588e-09,0.198434482009851,0.000119305495339362,"hepatocyte+proliferation+immune_pan",3.97571438344705e-09,0.000238610990678724,TRUE
"TCGA_LIHC","HCC","disease_only","ME_HF_weighted","TSC1",FALSE,371,0.307508301708269,1.4461022487863e-09,0.16550618407221,0.0013780580953638,"hepatocyte+proliferation+immune_pan",3.97571438344705e-09,0.00241160166688666,TRUE
"TCGA_LIHC","HCC","disease_only","ME_HF_weighted","TSC2",FALSE,371,0.24099739899171,2.65744425431829e-06,0.225448573620971,1.16324270683859e-05,"hepatocyte+proliferation+immune_pan",4.65052744505701e-06,3.25707957914804e-05,TRUE
"TCGA_LIHC","HCC","disease_only","ME_HCC_weighted","ATF4",FALSE,371,0.596586379094982,3.89354636178362e-37,0.534266146343936,9.06978896152882e-29,"hepatocyte+proliferation+immune_pan",5.45096490649706e-36,1.26977045461403e-27,TRUE
"TCGA_LIHC","HCC","disease_only","ME_HCC_weighted","MYC",FALSE,371,0.237233512341067,3.83479351652437e-06,0.275048954140852,7.27935511619325e-08,"hepatocyte+proliferation+immune_pan",5.36871092313412e-06,1.13234412918562e-07,TRUE
"TCGA_LIHC","HCC","disease_only","ME_HCC_weighted","XBP1",FALSE,371,0.230383070169432,7.36135460254721e-06,0.266356249995732,1.9146252617649e-07,"hepatocyte+proliferation+immune_pan",9.36899676687826e-06,2.68047536647087e-07,TRUE
"TCGA_LIHC","HCC","disease_only","ME_HCC_weighted","ATF6",FALSE,371,0.294113700617517,7.73577434959691e-09,0.288147742930086,1.58864668580878e-08,"hepatocyte+proliferation+immune_pan",1.20334267660396e-08,3.17729337161756e-08,TRUE
"TCGA_LIHC","HCC","disease_only","ME_HCC_weighted","EIF4EBP1",TRUE,371,0.532191510440334,1.6105458801976e-28,0.440343158633069,4.99057922887507e-19,"hepatocyte+proliferation+immune_pan",7.51588077425548e-28,2.32893697347503e-18,TRUE
"TCGA_LIHC","HCC","disease_only","ME_HCC_weighted","EIF2AK3",FALSE,371,0.215571553524954,2.82010569904037e-05,0.146239078342731,0.00476586759753887,"hepatocyte+proliferation+immune_pan",3.2901233155471e-05,0.00513247279734955,TRUE
"TCGA_LIHC","HCC","disease_only","ME_HCC_weighted","ERN1",FALSE,371,0.0710551007591541,0.172024902790581,0.0693901344565976,0.182319839817421,"hepatocyte+proliferation+immune_pan",0.172024902790581,0.182319839817421,TRUE
"TCGA_LIHC","HCC","disease_only","ME_HCC_weighted","DDIT3",FALSE,371,0.543404258029873,6.89271657946258e-30,0.490992000598856,6.61200370943564e-24,"hepatocyte+proliferation+immune_pan",4.82490160562381e-29,4.62840259660495e-23,TRUE
"TCGA_LIHC","HCC","disease_only","ME_HCC_weighted","EIF4E",TRUE,371,0.360827523259042,7.52553135472253e-13,0.282065696473279,3.25260598175739e-08,"hepatocyte+proliferation+immune_pan",1.85503908770091e-12,5.69206046807543e-08,TRUE
"TCGA_LIHC","HCC","disease_only","ME_HCC_weighted","EIF4G1",TRUE,371,0.360474851617066,7.95016751871819e-13,0.318020644734059,3.64980935208521e-10,"hepatocyte+proliferation+immune_pan",1.85503908770091e-12,1.02194661858386e-09,TRUE
"TCGA_LIHC","HCC","disease_only","ME_HCC_weighted","MTOR",FALSE,371,0.200864394382571,9.79392522510478e-05,0.157403984890112,0.00236139083235931,"hepatocyte+proliferation+immune_pan",0.000105473040885744,0.00275495597108587,TRUE
"TCGA_LIHC","HCC","disease_only","ME_HCC_weighted","RPTOR",FALSE,371,0.466863886120076,1.75950162959029e-21,0.380477887960362,3.16999121150967e-14,"hepatocyte+proliferation+immune_pan",6.158255703566e-21,1.10949692402839e-13,TRUE
"TCGA_LIHC","HCC","disease_only","ME_HCC_weighted","TSC1",FALSE,371,0.310396107546283,9.96042556308307e-10,0.166866601189174,0.00125586984999796,"hepatocyte+proliferation+immune_pan",1.74307447353954e-09,0.00159837980908832,TRUE
"TCGA_LIHC","HCC","disease_only","ME_HCC_weighted","TSC2",FALSE,371,0.314820710836598,5.58169460739488e-10,0.29905166892518,4.21048336226667e-09,"hepatocyte+proliferation+immune_pan",1.11633892147898e-09,9.82446117862223e-09,TRUE
"GSE116250","HF","all","TCS","ATF4",FALSE,64,0.157755791280472,0.213137119463887,0.181088275086786,0.152137186513227,"cardiomyocyte+fibroblast+immune_pan",0.596783934498884,0.532480152796293,TRUE
"GSE116250","HF","all","TCS","MYC",FALSE,64,-0.0810259284093746,0.524463878206375,0.0303466599527857,0.811847582693975,"cardiomyocyte+fibroblast+immune_pan",0.815832699432138,0.975405751378124,FALSE
"GSE116250","HF","all","TCS","XBP1",FALSE,64,0.0277101081733047,0.827932935017981,0.101519917536347,0.424744182112296,"cardiomyocyte+fibroblast+immune_pan",0.906046787644227,0.86157001739673,TRUE
"GSE116250","HF","all","TCS","ATF6",FALSE,64,-0.0490317747663946,0.700419129981774,0.00393111614162747,0.975405751378124,"cardiomyocyte+fibroblast+immune_pan",0.906046787644227,0.975405751378124,FALSE
"GSE116250","HF","all","TCS","EIF4EBP1",TRUE,64,0.200431176046101,0.112284643553818,0.111091013665497,0.382161073855931,"cardiomyocyte+fibroblast+immune_pan",0.523995003251152,0.86157001739673,TRUE
"GSE116250","HF","all","TCS","EIF2AK3",FALSE,64,-0.015049067179591,0.906046787644227,-0.00500876375738623,0.968666681118722,"cardiomyocyte+fibroblast+immune_pan",0.906046787644227,0.975405751378124,TRUE
"GSE116250","HF","all","TCS","ERN1",FALSE,64,-0.0254963371787243,0.84149382526679,-0.0182762017900702,0.886021771463547,"cardiomyocyte+fibroblast+immune_pan",0.906046787644227,0.975405751378124,TRUE
"GSE116250","HF","all","TCS","DDIT3",FALSE,64,0.0996181670756997,0.433516016616363,0.245658088763401,0.0503912917878971,"cardiomyocyte+fibroblast+immune_pan",0.758653029078634,0.35273904251528,TRUE
"GSE116250","HF","all","TCS","EIF4E",TRUE,64,0.138265879498895,0.27590278853275,0.0873846893937435,0.492325724226703,"cardiomyocyte+fibroblast+immune_pan",0.643773173243083,0.86157001739673,TRUE
"GSE116250","HF","all","TCS","EIF4G1",TRUE,64,-0.11963809983954,0.346382697151285,-0.094379259496448,0.458201784503574,"cardiomyocyte+fibroblast+immune_pan",0.69276539430257,0.86157001739673,TRUE
"GSE116250","HF","all","TCS","MTOR",FALSE,64,0.249080925291148,0.0471693579755136,0.218570799904248,0.0827140498083041,"cardiomyocyte+fibroblast+immune_pan",0.330185505828595,0.385998899105419,TRUE
"GSE116250","HF","all","TCS","RPTOR",FALSE,64,-0.170926769251808,0.176879598824524,-0.0350319164009977,0.783457551949685,"cardiomyocyte+fibroblast+immune_pan",0.596783934498884,0.975405751378124,TRUE
"GSE116250","HF","all","TCS","TSC1",FALSE,64,0.0299171241786483,0.814463049965809,0.00484694622191114,0.969678479443277,"cardiomyocyte+fibroblast+immune_pan",0.906046787644227,0.975405751378124,TRUE
"GSE116250","HF","all","TCS","TSC2",FALSE,64,-0.382020696543265,0.00183947004130642,-0.294541548655912,0.0181490885965247,"cardiomyocyte+fibroblast+immune_pan",0.0257525805782899,0.254087240351346,TRUE
"GSE116250","HF","all","ME_HF_weighted","ATF4",FALSE,64,0.488767330834699,4.17076933808704e-05,0.539080080097693,4.31090119447611e-06,"cardiomyocyte+fibroblast+immune_pan",0.000291953853666093,6.03526167226656e-05,TRUE
"GSE116250","HF","all","ME_HF_weighted","MYC",FALSE,64,0.42185508750567,0.000516800216983123,0.367522536772055,0.00281226506566353,"cardiomyocyte+fibroblast+immune_pan",0.00178930086255036,0.00656195181988158,TRUE
"GSE116250","HF","all","ME_HF_weighted","XBP1",FALSE,64,0.478566255843108,6.33589992440852e-05,0.43106093340167,0.000376676709269538,"cardiomyocyte+fibroblast+immune_pan",0.000295675329805731,0.00108175137409789,TRUE
"GSE116250","HF","all","ME_HF_weighted","ATF6",FALSE,64,0.489256826824613,4.08655123099002e-05,0.452226315030917,0.000175798198193784,"cardiomyocyte+fibroblast+immune_pan",0.000291953853666093,0.00108175137409789,TRUE
"GSE116250","HF","all","ME_HF_weighted","EIF4EBP1",TRUE,64,0.206060364162192,0.102347856318988,0.430333173446303,0.000386339776463531,"cardiomyocyte+fibroblast+immune_pan",0.159207776496203,0.00108175137409789,TRUE
"GSE116250","HF","all","ME_HF_weighted","EIF2AK3",FALSE,64,0.21001862558975,0.0957794826637261,0.178523160524128,0.158125651343701,"cardiomyocyte+fibroblast+immune_pan",0.159207776496203,0.221375911881181,TRUE
"GSE116250","HF","all","ME_HF_weighted","ERN1",FALSE,64,-0.139023778713481,0.273253601366891,-0.122120915762514,0.336393091310139,"cardiomyocyte+fibroblast+immune_pan",0.294273109164344,0.392458606528496,TRUE
"GSE116250","HF","all","ME_HF_weighted","DDIT3",FALSE,64,0.366697450630241,0.0028793835021479,0.222468957672658,0.0772467195047233,"cardiomyocyte+fibroblast+immune_pan",0.00671856150501177,0.120161563674014,TRUE
"GSE116250","HF","all","ME_HF_weighted","EIF4E",TRUE,64,0.184454967958259,0.144535129286802,0.325675951360298,0.00863764744515653,"cardiomyocyte+fibroblast+immune_pan",0.168624317501269,0.0172752948903131,TRUE
"GSE116250","HF","all","ME_HF_weighted","EIF4G1",TRUE,64,0.415525687915407,0.000639036022339414,0.441330886608089,0.000261862933272626,"cardiomyocyte+fibroblast+immune_pan",0.00178930086255036,0.00108175137409789,TRUE
"GSE116250","HF","all","ME_HF_weighted","MTOR",FALSE,64,0.192815476788296,0.126888995958311,0.281396378424486,0.024288801731283,"cardiomyocyte+fibroblast+immune_pan",0.168624317501269,0.0425054030297453,TRUE
"GSE116250","HF","all","ME_HF_weighted","RPTOR",FALSE,64,0.321696170428992,0.00953788090932753,0.170273224852532,0.178565518124611,"cardiomyocyte+fibroblast+immune_pan",0.0190757618186551,0.227265204885868,TRUE
"GSE116250","HF","all","ME_HF_weighted","TSC1",FALSE,64,0.0122226807960193,0.923633512824857,0.0547779929937668,0.667261153148091,"cardiomyocyte+fibroblast+immune_pan",0.923633512824857,0.718588934159483,TRUE
"GSE116250","HF","all","ME_HF_weighted","TSC2",FALSE,64,0.18480265732101,0.143766519506905,-0.0330290360374069,0.795561823194276,"cardiomyocyte+fibroblast+immune_pan",0.168624317501269,0.795561823194276,FALSE
"GSE116250","HF","all","ME_HCC_weighted","ATF4",FALSE,64,0.506949183506377,1.91379753029366e-05,0.534618570191326,5.3511968362216e-06,"cardiomyocyte+fibroblast+immune_pan",0.000267931654241112,7.49167557071025e-05,TRUE
"GSE116250","HF","all","ME_HCC_weighted","MYC",FALSE,64,0.304675254693032,0.0143704619095448,0.273176084965209,0.0289576874439744,"cardiomyocyte+fibroblast+immune_pan",0.0231474048524324,0.0506759530269552,TRUE
"GSE116250","HF","all","ME_HCC_weighted","XBP1",FALSE,64,0.389112128998341,0.00148402477169227,0.355848352125679,0.00390438894179817,"cardiomyocyte+fibroblast+immune_pan",0.00519408670092296,0.00982520890209887,TRUE
"GSE116250","HF","all","ME_HCC_weighted","ATF6",FALSE,64,0.391717700231451,0.00136980737346487,0.353098448472868,0.00421080381518523,"cardiomyocyte+fibroblast+immune_pan",0.00519408670092296,0.00982520890209887,TRUE
"GSE116250","HF","all","ME_HCC_weighted","EIF4EBP1",TRUE,64,0.303182604910164,0.0148804745479922,0.464964640629856,0.000108436243552822,"cardiomyocyte+fibroblast+immune_pan",0.0231474048524324,0.000759053704869754,TRUE
"GSE116250","HF","all","ME_HCC_weighted","EIF2AK3",FALSE,64,0.0840740392184722,0.508928545925087,0.0420406497029515,0.74151906696904,"cardiomyocyte+fibroblast+immune_pan",0.576431111235589,0.798558995197428,TRUE
"GSE116250","HF","all","ME_HCC_weighted","ERN1",FALSE,64,-0.165607985844875,0.190940024720935,-0.143059258025126,0.259434121375889,"cardiomyocyte+fibroblast+immune_pan",0.267316034609308,0.330188881751132,TRUE
"GSE116250","HF","all","ME_HCC_weighted","DDIT3",FALSE,64,0.313950538320449,0.0115260927037114,0.217770690103153,0.0838731960962494,"cardiomyocyte+fibroblast+immune_pan",0.0231474048524324,0.117422474534749,TRUE
"GSE116250","HF","all","ME_HCC_weighted","EIF4E",TRUE,64,0.131104513058388,0.301777196432126,0.223959899664411,0.0752331664167191,"cardiomyocyte+fibroblast+immune_pan",0.384080068186342,0.117029369981563,TRUE
"GSE116250","HF","all","ME_HCC_weighted","EIF4G1",TRUE,64,0.434823280913448,0.000330143914895369,0.450969648066448,0.000184192737163096,"cardiomyocyte+fibroblast+immune_pan",0.00231100740426758,0.000859566106761116,TRUE
"GSE116250","HF","all","ME_HCC_weighted","MTOR",FALSE,64,0.310149218532208,0.0126266926293101,0.371866926459896,0.00248132494699664,"cardiomyocyte+fibroblast+immune_pan",0.0231474048524324,0.00868463731448825,TRUE
"GSE116250","HF","all","ME_HCC_weighted","RPTOR",FALSE,64,0.367137761859046,0.00284339003338302,0.296368984149166,0.0174108874262084,"cardiomyocyte+fibroblast+immune_pan",0.00796149209347246,0.0348217748524167,TRUE
"GSE116250","HF","all","ME_HCC_weighted","TSC1",FALSE,64,-0.0282828005465727,0.824432759438424,-0.00449116177266269,0.971903262081796,"cardiomyocyte+fibroblast+immune_pan",0.824432759438424,0.971903262081796,TRUE
"GSE116250","HF","all","ME_HCC_weighted","TSC2",FALSE,64,0.0789347308909408,0.535257460433047,-0.0757755413309409,0.551767839046782,"cardiomyocyte+fibroblast+immune_pan",0.576431111235589,0.643729145554578,FALSE
"GSE116250","HF","disease_only","TCS","ATF4",FALSE,50,0.0721638836295939,0.618470284111557,0.207221780858454,0.148754617564317,"cardiomyocyte+fibroblast+immune_pan",0.927823531951587,0.416512929180086,TRUE
"GSE116250","HF","disease_only","TCS","MYC",FALSE,50,-0.112018470387305,0.438636194544735,0.0629728524451873,0.66395848338137,"cardiomyocyte+fibroblast+immune_pan",0.898665208718775,0.855053637187676,FALSE
"GSE116250","HF","disease_only","TCS","XBP1",FALSE,50,-0.0911801566263558,0.528859697383327,0.0781355649159323,0.589643126544723,"cardiomyocyte+fibroblast+immune_pan",0.925504470420822,0.855053637187676,FALSE
"GSE116250","HF","disease_only","TCS","ATF6",FALSE,50,-0.196373593955815,0.171687813633042,-0.0907716611113673,0.530715231019046,"cardiomyocyte+fibroblast+immune_pan",0.600907347715646,0.855053637187676,TRUE
"GSE116250","HF","disease_only","TCS","EIF4EBP1",TRUE,50,0.109435226937045,0.449332604359387,0.0243534895307649,0.866682065786081,"cardiomyocyte+fibroblast+immune_pan",0.898665208718775,0.944603302786387,TRUE
"GSE116250","HF","disease_only","TCS","EIF2AK3",FALSE,50,-0.00763278198599424,0.958044606125307,-0.0614084400163999,0.671827857790317,"cardiomyocyte+fibroblast+immune_pan",0.974244185766881,0.855053637187676,TRUE
"GSE116250","HF","disease_only","TCS","ERN1",FALSE,50,-0.00468435120019388,0.974244185766881,-0.209396075398689,0.144444419811,"cardiomyocyte+fibroblast+immune_pan",0.974244185766881,0.416512929180086,TRUE
"GSE116250","HF","disease_only","TCS","DDIT3",FALSE,50,0.0502351329721685,0.729004203676247,0.186503640732339,0.19468729532077,"cardiomyocyte+fibroblast+immune_pan",0.927823531951587,0.454270355748463,TRUE
"GSE116250","HF","disease_only","TCS","EIF4E",TRUE,50,0.0346601507335556,0.811138820032261,0.0100814567124685,0.944603302786387,"cardiomyocyte+fibroblast+immune_pan",0.946328623370971,0.944603302786387,TRUE
"GSE116250","HF","disease_only","TCS","EIF4G1",TRUE,50,-0.292584845580551,0.0392153201486958,-0.162055353309861,0.260854899599195,"cardiomyocyte+fibroblast+immune_pan",0.18300482736058,0.52170979919839,TRUE
"GSE116250","HF","disease_only","TCS","MTOR",FALSE,50,0.172219938401081,0.231720635574699,0.213182463760035,0.137160813094081,"cardiomyocyte+fibroblast+immune_pan",0.648817779609156,0.416512929180086,TRUE
"GSE116250","HF","disease_only","TCS","RPTOR",FALSE,50,-0.407630423901928,0.0033005468300165,-0.254282474299037,0.0747509471930501,"cardiomyocyte+fibroblast+immune_pan",0.0231038278101155,0.416512929180086,TRUE
"GSE116250","HF","disease_only","TCS","TSC1",FALSE,50,0.0572790077295128,0.692765987593029,0.021499103770356,0.882189976821237,"cardiomyocyte+fibroblast+immune_pan",0.927823531951587,0.944603302786387,TRUE
"GSE116250","HF","disease_only","TCS","TSC2",FALSE,50,-0.459309276138101,0.000792878651260961,-0.372211041281187,0.00777364625071505,"cardiomyocyte+fibroblast+immune_pan",0.0111003011176535,0.108831047510011,TRUE
"GSE116250","HF","disease_only","ME_HF_weighted","ATF4",FALSE,50,0.569703205548921,1.57366542682456e-05,0.54914186437944,3.63294915971572e-05,"cardiomyocyte+fibroblast+immune_pan",0.000220313159755439,0.0005086128823602,TRUE
"GSE116250","HF","disease_only","ME_HF_weighted","MYC",FALSE,50,0.504058691500148,0.000189943388884894,0.487176358817841,0.000333248385902677,"cardiomyocyte+fibroblast+immune_pan",0.00132960372219426,0.00233273870131874,TRUE
"GSE116250","HF","disease_only","ME_HF_weighted","XBP1",FALSE,50,0.480605129899284,0.000411561022518525,0.39162440148896,0.00491644205389201,"cardiomyocyte+fibroblast+immune_pan",0.00192061810508645,0.017207547188622,TRUE
"GSE116250","HF","disease_only","ME_HF_weighted","ATF6",FALSE,50,0.332755047015086,0.0182186926788304,0.268342061395642,0.0595390046216086,"cardiomyocyte+fibroblast+immune_pan",0.0510123395007251,0.166709212940504,TRUE
"GSE116250","HF","disease_only","ME_HF_weighted","EIF4EBP1",TRUE,50,0.234430463498915,0.101281681818827,0.244711834675986,0.0867573001955048,"cardiomyocyte+fibroblast+immune_pan",0.177242943182947,0.202433700456178,TRUE
"GSE116250","HF","disease_only","ME_HF_weighted","EIF2AK3",FALSE,50,0.146776153342383,0.309089010837703,0.176029770096665,0.221400890787518,"cardiomyocyte+fibroblast+immune_pan",0.36060384597732,0.327542987709531,TRUE
"GSE116250","HF","disease_only","ME_HF_weighted","ERN1",FALSE,50,-0.130140785184112,0.367695648631955,-0.0844013388228416,0.560058911157165,"cardiomyocyte+fibroblast+immune_pan",0.367695648631955,0.560058911157165,TRUE
"GSE116250","HF","disease_only","ME_HF_weighted","DDIT3",FALSE,50,0.301209138549097,0.0335332666952054,0.186793352366143,0.193982483280061,"cardiomyocyte+fibroblast+immune_pan",0.0782442889554793,0.327542987709531,TRUE
"GSE116250","HF","disease_only","ME_HF_weighted","EIF4E",TRUE,50,0.194967819535326,0.174837459633611,0.184531405761596,0.199533737975887,"cardiomyocyte+fibroblast+immune_pan",0.233167630309371,0.327542987709531,TRUE
"GSE116250","HF","disease_only","ME_HF_weighted","EIF4G1",TRUE,50,0.454711826054636,0.000908462183964981,0.420835813187562,0.00234087282166759,"cardiomyocyte+fibroblast+immune_pan",0.00317961764387743,0.0109240731677821,TRUE
"GSE116250","HF","disease_only","ME_HF_weighted","MTOR",FALSE,50,0.207725210811741,0.147748287604642,0.171408984758268,0.233959276935379,"cardiomyocyte+fibroblast+immune_pan",0.22983066960722,0.327542987709531,TRUE
"GSE116250","HF","disease_only","ME_HF_weighted","RPTOR",FALSE,50,0.191320694740399,0.18320313810022,0.131591527270448,0.362333489925838,"cardiomyocyte+fibroblast+immune_pan",0.233167630309371,0.439089679373749,TRUE
"GSE116250","HF","disease_only","ME_HF_weighted","TSC1",FALSE,50,-0.133227387468772,0.356344336721508,-0.12517377843235,0.386413938498519,"cardiomyocyte+fibroblast+immune_pan",0.367695648631955,0.439089679373749,TRUE
"GSE116250","HF","disease_only","ME_HF_weighted","TSC2",FALSE,50,0.23985132372058,0.0934063370417789,0.119688524864513,0.407726130847053,"cardiomyocyte+fibroblast+immune_pan",0.177242943182947,0.439089679373749,TRUE
"GSE116250","HF","disease_only","ME_HCC_weighted","ATF4",FALSE,50,0.407919555057679,0.00327628887451574,0.376542711525921,0.00703456035151215,"cardiomyocyte+fibroblast+immune_pan",0.0287658062420444,0.0492419224605851,TRUE
"GSE116250","HF","disease_only","ME_HCC_weighted","MYC",FALSE,50,0.363735114888603,0.00941648634166175,0.342583147398893,0.014877228711718,"cardiomyocyte+fibroblast+immune_pan",0.0439436029277548,0.0694270673213508,TRUE
"GSE116250","HF","disease_only","ME_HCC_weighted","XBP1",FALSE,50,0.329445206493735,0.0194784981396574,0.248940502820262,0.0812788476621275,"cardiomyocyte+fibroblast+immune_pan",0.0681747434888011,0.227580773453957,TRUE
"GSE116250","HF","disease_only","ME_HCC_weighted","ATF6",FALSE,50,0.18083390763124,0.208848433279314,0.123929427711731,0.391190000255658,"cardiomyocyte+fibroblast+immune_pan",0.323869332370618,0.497878182143564,TRUE
"GSE116250","HF","disease_only","ME_HCC_weighted","EIF4EBP1",TRUE,50,0.17236009248689,0.231335237407584,0.156690692286397,0.277179952671565,"cardiomyocyte+fibroblast+immune_pan",0.323869332370618,0.457338099562892,TRUE
"GSE116250","HF","disease_only","ME_HCC_weighted","EIF2AK3",FALSE,50,0.00743490099247585,0.959131371959108,0.0126861223744679,0.930322562316646,"cardiomyocyte+fibroblast+immune_pan",0.959131371959108,0.966438991746386,TRUE
"GSE116250","HF","disease_only","ME_HCC_weighted","ERN1",FALSE,50,-0.197255842078908,0.169732252460051,-0.198589019818737,0.16680793352907,"cardiomyocyte+fibroblast+immune_pan",0.297031441805089,0.389218511567829,TRUE
"GSE116250","HF","disease_only","ME_HCC_weighted","DDIT3",FALSE,50,0.22620678771937,0.114194147370652,0.131125379897299,0.364051244204256,"cardiomyocyte+fibroblast+immune_pan",0.266453010531522,0.497878182143564,TRUE
"GSE116250","HF","disease_only","ME_HCC_weighted","EIF4E",TRUE,50,0.0349371171263349,0.809657589266757,0.00610464166156778,0.966438991746386,"cardiomyocyte+fibroblast+immune_pan",0.871938942287277,0.966438991746386,TRUE
"GSE116250","HF","disease_only","ME_HCC_weighted","EIF4G1",TRUE,50,0.398922303593483,0.00410940089172063,0.38082383075967,0.00636490198221027,"cardiomyocyte+fibroblast+immune_pan",0.0287658062420444,0.0492419224605851,TRUE
"GSE116250","HF","disease_only","ME_HCC_weighted","MTOR",FALSE,50,0.206816192610891,0.149569045906937,0.171392502216445,0.234004930414127,"cardiomyocyte+fibroblast+immune_pan",0.297031441805089,0.457338099562892,TRUE
"GSE116250","HF","disease_only","ME_HCC_weighted","RPTOR",FALSE,50,0.301519606524219,0.0333421679803551,0.299386003345245,0.0346738290857833,"cardiomyocyte+fibroblast+immune_pan",0.0933580703449942,0.121358401800242,TRUE
"GSE116250","HF","disease_only","ME_HCC_weighted","TSC1",FALSE,50,-0.155021488152016,0.2823939942108,-0.151376230813885,0.294003064004716,"cardiomyocyte+fibroblast+immune_pan",0.359410538086472,0.457338099562892,TRUE
"GSE116250","HF","disease_only","ME_HCC_weighted","TSC2",FALSE,50,0.0906346186704304,0.531338443050758,-0.00761915854231451,0.958119423915294,"cardiomyocyte+fibroblast+immune_pan",0.619894850225885,0.966438991746386,FALSE
"GSE14520_GPL3921","HCC","all","TCS","ATF4",FALSE,445,0.249065461824821,1.01855292105161e-07,0.132345145221557,0.00516943713327304,"hepatocyte+proliferation+immune_pan",5.60204106578388e-07,0.0142159521165009,TRUE
"GSE14520_GPL3921","HCC","all","TCS","MYC",FALSE,445,0.199326287012504,2.2800021395725e-05,0.388535110460569,1.74331182594813e-17,"hepatocyte+proliferation+immune_pan",5.0160047070595e-05,1.91764300854294e-16,TRUE
"GSE14520_GPL3921","HCC","all","TCS","XBP1",FALSE,445,0.184892184044315,8.73767132607354e-05,0.194643697187078,3.56395227412348e-05,"hepatocyte+proliferation+immune_pan",0.00010679376065201,0.000196017375076791,TRUE
"GSE14520_GPL3921","HCC","all","TCS","ATF6",FALSE,445,0.227217783970243,1.27781329486493e-06,0.105079362371703,0.0266534085042267,"hepatocyte+proliferation+immune_pan",3.51398656087856e-06,0.048864582257749,TRUE
"GSE14520_GPL3921","HCC","all","TCS","EIF4EBP1",TRUE,445,0.193106006403738,4.11761238478896e-05,0.0393171670777036,0.408019604857371,"hepatocyte+proliferation+immune_pan",7.54895603877976e-05,0.448821565343108,TRUE
"GSE14520_GPL3921","HCC","all","TCS","EIF2AK3",FALSE,445,0.189320090446237,5.84752309343388e-05,-0.0142928703615323,0.763661754898597,"hepatocyte+proliferation+immune_pan",8.04034425347159e-05,0.763661754898597,FALSE
"GSE14520_GPL3921","HCC","all","TCS","DDIT3",FALSE,445,0.189713251631502,5.64014606199258e-05,-0.111818071186758,0.01829590995109,"hepatocyte+proliferation+immune_pan",8.04034425347159e-05,0.040251001892398,FALSE
"GSE14520_GPL3921","HCC","all","TCS","EIF4E",TRUE,445,0.336855115585153,2.86866731985325e-13,0.0852226893903341,0.0724966315928705,"hepatocyte+proliferation+immune_pan",3.15553405183858e-12,0.113923278217368,TRUE
"GSE14520_GPL3921","HCC","all","TCS","EIF4G1",TRUE,445,0.0898179667121436,0.058329819285194,0.0775541450562389,0.102286869338271,"hepatocyte+proliferation+immune_pan",0.0641628012137134,0.140644445340123,TRUE
"GSE14520_GPL3921","HCC","all","TCS","TSC1",FALSE,445,0.0140947259967402,0.766842902063268,-0.142978863768355,0.00250111888282752,"hepatocyte+proliferation+immune_pan",0.766842902063268,0.00917076923703426,FALSE
"GSE14520_GPL3921","HCC","all","TCS","TSC2",FALSE,445,-0.227744495243671,1.20566149138245e-06,-0.0402557824902494,0.396910613716211,"hepatocyte+proliferation+immune_pan",3.51398656087856e-06,0.448821565343108,TRUE
"GSE14520_GPL3921","HCC","all","ME_HF_weighted","ATF4",FALSE,445,0.350041192875012,2.84263895231916e-14,0.276039237433101,3.17806618675693e-09,"hepatocyte+proliferation+immune_pan",1.56345142377554e-13,1.16529093514421e-08,TRUE
"GSE14520_GPL3921","HCC","all","ME_HF_weighted","MYC",FALSE,445,0.227683643687964,1.2137932633727e-06,0.341778968557669,1.22557063131037e-13,"hepatocyte+proliferation+immune_pan",2.22528764951662e-06,6.74063847220705e-13,TRUE
"GSE14520_GPL3921","HCC","all","ME_HF_weighted","XBP1",FALSE,445,0.343684506859171,8.78285785239629e-14,0.415121130063665,5.77617381726324e-20,"hepatocyte+proliferation+immune_pan",3.22038121254531e-13,6.35379119898957e-19,TRUE
"GSE14520_GPL3921","HCC","all","ME_HF_weighted","ATF6",FALSE,445,0.293266290113197,2.82135205096181e-10,0.257431953331047,3.62176779554761e-08,"hepatocyte+proliferation+immune_pan",6.20697451211598e-10,7.96788915020474e-08,TRUE
"GSE14520_GPL3921","HCC","all","ME_HF_weighted","EIF4EBP1",TRUE,445,0.207106831594639,1.06038073323033e-05,0.0859849290708656,0.069969252323828,"hepatocyte+proliferation+immune_pan",1.4580235081917e-05,0.0769661775562108,TRUE
"GSE14520_GPL3921","HCC","all","ME_HF_weighted","EIF2AK3",FALSE,445,0.337646016240148,2.50493173279101e-13,0.224253469215038,1.76767004304695e-06,"hepatocyte+proliferation+immune_pan",6.88856226517528e-13,3.24072841225274e-06,TRUE
"GSE14520_GPL3921","HCC","all","ME_HF_weighted","DDIT3",FALSE,445,0.213759570985917,5.38329051735344e-06,-0.00392697076838686,0.934164145686006,"hepatocyte+proliferation+immune_pan",8.45945652726969e-06,0.934164145686006,FALSE
"GSE14520_GPL3921","HCC","all","ME_HF_weighted","EIF4E",TRUE,445,0.454772028695483,4.24784344042892e-24,0.270535336888633,6.65565948173492e-09,"hepatocyte+proliferation+immune_pan",4.67262778447181e-23,1.8303063574771e-08,TRUE
"GSE14520_GPL3921","HCC","all","ME_HF_weighted","EIF4G1",TRUE,445,0.133047044368934,0.00493502693046812,0.134747273765206,0.00440642427735336,"hepatocyte+proliferation+immune_pan",0.00542852962351494,0.00605883338136087,TRUE
"GSE14520_GPL3921","HCC","all","ME_HF_weighted","TSC1",FALSE,445,0.181003206804205,0.0001233930615278,0.110857586402445,0.0193261213449484,"hepatocyte+proliferation+immune_pan",0.000150813741867311,0.0236208149771592,TRUE
"GSE14520_GPL3921","HCC","all","ME_HF_weighted","TSC2",FALSE,445,-0.0825144191704816,0.0820851138805751,0.168480779188503,0.000357445908389351,"hepatocyte+proliferation+immune_pan",0.0820851138805751,0.000561700713183265,FALSE
"GSE14520_GPL3921","HCC","all","ME_HCC_weighted","ATF4",FALSE,445,0.189390768960855,5.80972009477119e-05,0.0401276550858209,0.398416258032641,"hepatocyte+proliferation+immune_pan",7.10076900472034e-05,0.398416258032641,TRUE
"GSE14520_GPL3921","HCC","all","ME_HCC_weighted","MYC",FALSE,445,0.00441273744419234,0.926042246497173,0.109584690669137,0.0207690330140114,"hepatocyte+proliferation+immune_pan",0.926042246497173,0.0228459363154125,TRUE
"GSE14520_GPL3921","HCC","all","ME_HCC_weighted","XBP1",FALSE,445,0.390313280022387,1.20894753039605e-17,0.513046940097242,3.02931962424249e-31,"hepatocyte+proliferation+immune_pan",3.32460570858914e-17,3.33225158666674e-30,TRUE
"GSE14520_GPL3921","HCC","all","ME_HCC_weighted","ATF6",FALSE,445,0.426543671997623,4.22880231814316e-21,0.412766768353084,9.77961191747179e-20,"hepatocyte+proliferation+immune_pan",2.32584127497874e-20,5.37878655460949e-19,TRUE
"GSE14520_GPL3921","HCC","all","ME_HCC_weighted","EIF4EBP1",TRUE,445,0.297236204968414,1.57704588319529e-10,0.194508924834882,3.60950817167362e-05,"hepatocyte+proliferation+immune_pan",2.89125078585803e-10,4.96307373605123e-05,TRUE
"GSE14520_GPL3921","HCC","all","ME_HCC_weighted","EIF2AK3",FALSE,445,0.350791452365348,2.48406287738844e-14,0.230737582368443,8.64237947838869e-07,"hepatocyte+proliferation+immune_pan",5.46493833025457e-14,1.90132348524551e-06,TRUE
"GSE14520_GPL3921","HCC","all","ME_HCC_weighted","DDIT3",FALSE,445,0.407707872112837,2.9896590275119e-19,0.222734119502307,2.08399274662122e-06,"hepatocyte+proliferation+immune_pan",1.0962083100877e-18,3.46722363292939e-06,TRUE
"GSE14520_GPL3921","HCC","all","ME_HCC_weighted","EIF4E",TRUE,445,0.495733892528994,5.61920916341596e-29,0.347485416205575,4.48781412291881e-14,"hepatocyte+proliferation+immune_pan",6.18113007975755e-28,1.64553184507023e-13,TRUE
"GSE14520_GPL3921","HCC","all","ME_HCC_weighted","EIF4G1",TRUE,445,0.249280552139234,9.92289391938043e-08,0.3159549200231,8.98716995656196e-12,"hepatocyte+proliferation+immune_pan",1.55931190161692e-07,2.47147173805454e-11,TRUE
"GSE14520_GPL3921","HCC","all","ME_HCC_weighted","TSC1",FALSE,445,0.215756598971306,4.37352165808097e-06,0.155780822509088,0.000976860285267764,"hepatocyte+proliferation+immune_pan",6.01359227986133e-06,0.0011939403486606,TRUE
"GSE14520_GPL3921","HCC","all","ME_HCC_weighted","TSC2",FALSE,445,-0.0627986010103309,0.186062484859133,0.222204785539431,2.20641503913688e-06,"hepatocyte+proliferation+immune_pan",0.204668733345046,3.46722363292939e-06,FALSE
"GSE14520_GPL3921","HCC","disease_only","TCS","ATF4",FALSE,225,0.246638816150432,0.000186325588246171,0.191235014138942,0.00398726119062359,"hepatocyte+proliferation+immune_pan",0.00102479073535394,0.0219299365484297,TRUE
"GSE14520_GPL3921","HCC","disease_only","TCS","MYC",FALSE,225,0.467785549219291,1.23639898666133e-13,0.543649924713071,1.05300335233671e-18,"hepatocyte+proliferation+immune_pan",1.36003888532747e-12,1.15830368757038e-17,TRUE
"GSE14520_GPL3921","HCC","disease_only","TCS","XBP1",FALSE,225,0.0153559584146737,0.818814558528993,0.0500294934262534,0.455226347379079,"hepatocyte+proliferation+immune_pan",0.818814558528993,0.715355688738553,TRUE
"GSE14520_GPL3921","HCC","disease_only","TCS","ATF6",FALSE,225,-0.0684499233014546,0.306672281850494,-0.0127882058902628,0.848711692416104,"hepatocyte+proliferation+immune_pan",0.413344237931836,0.848711692416104,TRUE
"GSE14520_GPL3921","HCC","disease_only","TCS","EIF4EBP1",TRUE,225,0.043015795695713,0.520911940336133,-0.0274160386893704,0.682519883086717,"hepatocyte+proliferation+immune_pan",0.573003134369746,0.825486032377128,FALSE
"GSE14520_GPL3921","HCC","disease_only","TCS","EIF2AK3",FALSE,225,-0.0730741308848913,0.275067575972747,-0.10642154575891,0.111394575205721,"hepatocyte+proliferation+immune_pan",0.413344237931836,0.245068065452586,TRUE
"GSE14520_GPL3921","HCC","disease_only","TCS","DDIT3",FALSE,225,-0.0641412288950038,0.338190740126048,-0.158281641854288,0.0175015587503853,"hepatocyte+proliferation+immune_pan",0.413344237931836,0.0481292865635595,TRUE
"GSE14520_GPL3921","HCC","disease_only","TCS","EIF4E",TRUE,225,0.156403009356857,0.0189027640104066,0.0743211705097599,0.266936856053031,"hepatocyte+proliferation+immune_pan",0.0693101347048243,0.489384236097224,TRUE
"GSE14520_GPL3921","HCC","disease_only","TCS","EIF4G1",TRUE,225,0.087618724082018,0.190371678593863,0.0403075793622778,0.547513257544491,"hepatocyte+proliferation+immune_pan",0.349014744088748,0.752830729123675,TRUE
"GSE14520_GPL3921","HCC","disease_only","TCS","TSC1",FALSE,225,-0.140876620590927,0.0346930434492185,-0.173818772283535,0.00898359227358969,"hepatocyte+proliferation+immune_pan",0.0954058694853508,0.0329398383364955,TRUE
"GSE14520_GPL3921","HCC","disease_only","TCS","TSC2",FALSE,225,-0.0923841824964978,0.16727914004406,-0.0213201255232529,0.750441847615571,"hepatocyte+proliferation+immune_pan",0.349014744088748,0.825486032377128,TRUE
"GSE14520_GPL3921","HCC","disease_only","ME_HF_weighted","ATF4",FALSE,225,0.388731357197283,1.56395231414899e-09,0.357164516085407,3.57897309201478e-08,"hepatocyte+proliferation+immune_pan",8.60173772781944e-09,1.96843520060813e-07,TRUE
"GSE14520_GPL3921","HCC","disease_only","ME_HF_weighted","MYC",FALSE,225,0.405194603816496,2.66518079879881e-10,0.440234638196002,4.40457701725265e-12,"hepatocyte+proliferation+immune_pan",2.93169887867869e-09,4.84503471897791e-11,TRUE
"GSE14520_GPL3921","HCC","disease_only","ME_HF_weighted","XBP1",FALSE,225,0.163152696898731,0.014281704673479,0.233388178836062,0.000415243451278135,"hepatocyte+proliferation+immune_pan",0.0314197502816538,0.00152255932135316,TRUE
"GSE14520_GPL3921","HCC","disease_only","ME_HF_weighted","ATF6",FALSE,225,-0.0186783018062474,0.780522401665265,0.068601556625051,0.305599475491841,"hepatocyte+proliferation+immune_pan",0.780522401665265,0.373510470045583,FALSE
"GSE14520_GPL3921","HCC","disease_only","ME_HF_weighted","EIF4EBP1",TRUE,225,0.0669983399786088,0.317067522293417,0.0106460205550509,0.87382222276135,"hepatocyte+proliferation+immune_pan",0.435967843153449,0.87382222276135,TRUE
"GSE14520_GPL3921","HCC","disease_only","ME_HF_weighted","EIF2AK3",FALSE,225,0.172549556703853,0.00950576528584643,0.157539844325483,0.018043648384431,"hepatocyte+proliferation+immune_pan",0.0261408545360777,0.0396960264457482,TRUE
"GSE14520_GPL3921","HCC","disease_only","ME_HF_weighted","DDIT3",FALSE,225,-0.0200562234476082,0.764789118750779,-0.0815739926670224,0.222909887971229,"hepatocyte+proliferation+immune_pan",0.780522401665265,0.350286966811932,TRUE
"GSE14520_GPL3921","HCC","disease_only","ME_HF_weighted","EIF4E",TRUE,225,0.240383588263505,0.000273511030814757,0.166922772813697,0.012158404471392,"hepatocyte+proliferation+immune_pan",0.00100287377965411,0.033435612296328,TRUE
"GSE14520_GPL3921","HCC","disease_only","ME_HF_weighted","EIF4G1",TRUE,225,0.10637637086041,0.111547376569905,0.0754056090259259,0.26000105769774,"hepatocyte+proliferation+immune_pan",0.204503523711493,0.357501454334393,TRUE
"GSE14520_GPL3921","HCC","disease_only","ME_HF_weighted","TSC1",FALSE,225,0.0675237104524395,0.313278982768135,0.0480252581717833,0.473509714585096,"hepatocyte+proliferation+immune_pan",0.435967843153449,0.520860686043606,TRUE
"GSE14520_GPL3921","HCC","disease_only","ME_HF_weighted","TSC2",FALSE,225,0.0351121050501246,0.600341382366922,0.122284439052122,0.0671113789691693,"hepatocyte+proliferation+immune_pan",0.73375057844846,0.123037528110144,TRUE
"GSE14520_GPL3921","HCC","disease_only","ME_HCC_weighted","ATF4",FALSE,225,0.140402029925412,0.0353142123056324,0.0720111645406439,0.282129404158451,"hepatocyte+proliferation+immune_pan",0.0485570419202445,0.310342344574296,TRUE
"GSE14520_GPL3921","HCC","disease_only","ME_HCC_weighted","MYC",FALSE,225,-0.00893529253801573,0.893967570790382,0.0597881600414291,0.372057439642695,"hepatocyte+proliferation+immune_pan",0.893967570790382,0.372057439642695,FALSE
"GSE14520_GPL3921","HCC","disease_only","ME_HCC_weighted","XBP1",FALSE,225,0.20469869420091,0.00202784791173804,0.274760452504775,2.92578974250282e-05,"hepatocyte+proliferation+immune_pan",0.0055765817572796,0.000109434172598788,TRUE
"GSE14520_GPL3921","HCC","disease_only","ME_HCC_weighted","ATF6",FALSE,225,0.19158485730157,0.00391992701735664,0.274474385814695,2.98456834360332e-05,"hepatocyte+proliferation+immune_pan",0.00718653286515384,0.000109434172598788,TRUE
"GSE14520_GPL3921","HCC","disease_only","ME_HCC_weighted","EIF4EBP1",TRUE,225,0.193275319299681,0.00360879712066456,0.133306711293936,0.0457831848400638,"hepatocyte+proliferation+immune_pan",0.00718653286515384,0.0629518791550878,TRUE
"GSE14520_GPL3921","HCC","disease_only","ME_HCC_weighted","EIF2AK3",FALSE,225,0.124662591403613,0.0619277830357684,0.0948775746673504,0.15606275706107,"hepatocyte+proliferation+immune_pan",0.0681205613393452,0.190743369741308,TRUE
"GSE14520_GPL3921","HCC","disease_only","ME_HCC_weighted","DDIT3",FALSE,225,0.339953797319531,1.71885410502988e-07,0.265244496140087,5.60363722188287e-05,"hepatocyte+proliferation+immune_pan",9.45369757766436e-07,0.000154100023601779,TRUE
"GSE14520_GPL3921","HCC","disease_only","ME_HCC_weighted","EIF4E",TRUE,225,0.210274940525102,0.00151342596538993,0.155469360734234,0.0196346865663241,"hepatocyte+proliferation+immune_pan",0.00554922853976308,0.0346386370779084,TRUE
"GSE14520_GPL3921","HCC","disease_only","ME_HCC_weighted","EIF4G1",TRUE,225,0.370066674554777,1.03669079683773e-08,0.350709863626745,6.51823273035677e-08,"hepatocyte+proliferation+immune_pan",1.1403598765215e-07,7.17005600339245e-07,TRUE
"GSE14520_GPL3921","HCC","disease_only","ME_HCC_weighted","TSC1",FALSE,225,0.16349892208126,0.0140739998789909,0.152596898546018,0.0220427690495781,"hepatocyte+proliferation+immune_pan",0.0221162855241286,0.0346386370779084,TRUE
"GSE14520_GPL3921","HCC","disease_only","ME_HCC_weighted","TSC2",FALSE,225,0.128857159071019,0.0535887499538854,0.214113957234603,0.00123194915764868,"hepatocyte+proliferation+immune_pan",0.0654973610547489,0.00271028814682709,TRUE
"GSE14520_GPL571","HCC","all","TCS","ATF4",FALSE,41,0.443881978677649,0.00364815749442141,0.236571757298691,0.136439072238831,"hepatocyte+proliferation+immune_pan",0.0133765774795452,0.187603724328392,TRUE
"GSE14520_GPL571","HCC","all","TCS","MYC",FALSE,41,0.544235493369468,0.000234855240524802,0.703308385159488,2.92686929646153e-07,"hepatocyte+proliferation+immune_pan",0.00129170382288641,1.60977811305384e-06,TRUE
"GSE14520_GPL571","HCC","all","TCS","XBP1",FALSE,41,0.566630764996914,0.000112396671526208,0.712609336888536,1.72814368569765e-07,"hepatocyte+proliferation+immune_pan",0.00123636338678828,1.60977811305384e-06,TRUE
"GSE14520_GPL571","HCC","all","TCS","ATF6",FALSE,41,0.269309639046252,0.0886215917007268,0.208456140675568,0.19090219160286,"hepatocyte+proliferation+immune_pan",0.194967501741599,0.23332490084794,TRUE
"GSE14520_GPL571","HCC","all","TCS","EIF4EBP1",TRUE,41,0.106243572713578,0.508530424102272,-0.127000560448318,0.428790160892191,"hepatocyte+proliferation+immune_pan",0.699229333140624,0.47166917698141,FALSE
"GSE14520_GPL571","HCC","all","TCS","EIF2AK3",FALSE,41,0.0119049884543928,0.941110447358904,-0.321783436332319,0.0402062237547446,"hepatocyte+proliferation+immune_pan",0.951943042290135,0.107675784781928,FALSE
"GSE14520_GPL571","HCC","all","TCS","DDIT3",FALSE,41,0.0763846950138966,0.635022484567133,-0.29039704025923,0.0654956214213903,"hepatocyte+proliferation+immune_pan",0.776138592248718,0.107675784781928,FALSE
"GSE14520_GPL571","HCC","all","TCS","EIF4E",TRUE,41,0.417658132179901,0.00658700999516937,0.292521632777531,0.0634599210632708,"hepatocyte+proliferation+immune_pan",0.0181142774867158,0.107675784781928,TRUE
"GSE14520_GPL571","HCC","all","TCS","EIF4G1",TRUE,41,0.219054919635684,0.168809884274938,0.359987913616404,0.0207846426184345,"hepatocyte+proliferation+immune_pan",0.309484787837385,0.0762103562675933,TRUE
"GSE14520_GPL571","HCC","all","TCS","TSC1",FALSE,41,0.00971225587690804,0.951943042290135,-0.28733421565446,0.068520953952136,"hepatocyte+proliferation+immune_pan",0.951943042290135,0.107675784781928,FALSE
"GSE14520_GPL571","HCC","all","TCS","TSC2",FALSE,41,0.122302534552228,0.446199330553736,-0.039039624487964,0.808518824198164,"hepatocyte+proliferation+immune_pan",0.699229333140624,0.808518824198164,FALSE
"GSE14520_GPL571","HCC","all","ME_HF_weighted","ATF4",FALSE,41,0.55798416731559,0.000150324151043114,0.422574702714259,0.00591669821818722,"hepatocyte+proliferation+immune_pan",0.00140381673581628,0.0151665447680431,TRUE
"GSE14520_GPL571","HCC","all","ME_HF_weighted","MYC",FALSE,41,0.430363522293676,0.00497556345496848,0.556587649791299,0.000157433986129541,"hepatocyte+proliferation+immune_pan",0.0136827995011633,0.000865886923712476,TRUE
"GSE14520_GPL571","HCC","all","ME_HF_weighted","XBP1",FALSE,41,0.541603415511154,0.000255239406512051,0.74103697423834,3.01549035872867e-08,"hepatocyte+proliferation+immune_pan",0.00140381673581628,3.31703939460153e-07,TRUE
"GSE14520_GPL571","HCC","all","ME_HF_weighted","ATF6",FALSE,41,0.1601099807703,0.317325353634415,0.133397720993653,0.405706811472644,"hepatocyte+proliferation+immune_pan",0.436322361247321,0.557846865774886,TRUE
"GSE14520_GPL571","HCC","all","ME_HF_weighted","EIF4EBP1",TRUE,41,-0.003604715270936,0.98215465705863,-0.265012993767222,0.0940277173452032,"hepatocyte+proliferation+immune_pan",0.98215465705863,0.172384148466206,TRUE
"GSE14520_GPL571","HCC","all","ME_HF_weighted","EIF2AK3",FALSE,41,0.192115568233435,0.22884261750849,-0.0757549405521477,0.637822964462794,"hepatocyte+proliferation+immune_pan",0.419544798765566,0.779561401010081,FALSE
"GSE14520_GPL571","HCC","all","ME_HF_weighted","DDIT3",FALSE,41,0.0114589326155226,0.943313278997054,-0.41555032921404,0.00689388398547412,"hepatocyte+proliferation+immune_pan",0.98215465705863,0.0151665447680431,FALSE
"GSE14520_GPL571","HCC","all","ME_HF_weighted","EIF4E",TRUE,41,0.516333964139596,0.000548674861143598,0.436215832549918,0.00435672760011487,"hepatocyte+proliferation+immune_pan",0.00201180782419319,0.0151665447680431,TRUE
"GSE14520_GPL571","HCC","all","ME_HF_weighted","EIF4G1",TRUE,41,0.0754517502614344,0.639173009929837,0.198508230172214,0.213429349941176,"hepatocyte+proliferation+immune_pan",0.781211456580912,0.335388978478991,TRUE
"GSE14520_GPL571","HCC","all","ME_HF_weighted","TSC1",FALSE,41,0.214371740982765,0.178332519665898,-0.0384742702968279,0.811241096213368,"hepatocyte+proliferation+immune_pan",0.392331543264976,0.892365205834705,FALSE
"GSE14520_GPL571","HCC","all","ME_HF_weighted","TSC2",FALSE,41,0.170975415370952,0.285153033158293,-0.0170265754457214,0.915852712955135,"hepatocyte+proliferation+immune_pan",0.436322361247321,0.915852712955135,FALSE
"GSE14520_GPL571","HCC","all","ME_HCC_weighted","ATF4",FALSE,41,0.433621997613596,0.00462220422553735,0.219206843875194,0.168507231577844,"hepatocyte+proliferation+immune_pan",0.0169480821603036,0.205953283039587,TRUE
"GSE14520_GPL571","HCC","all","ME_HCC_weighted","MYC",FALSE,41,0.322865071661144,0.0395024541030025,0.439736755875155,0.00401765865500621,"hepatocyte+proliferation+immune_pan",0.0620752850190039,0.0147314150683561,TRUE
"GSE14520_GPL571","HCC","all","ME_HCC_weighted","XBP1",FALSE,41,0.39945358109883,0.00967156051374658,0.551155745538539,0.000188070534431323,"hepatocyte+proliferation+immune_pan",0.0265967914128031,0.00103438793937228,TRUE
"GSE14520_GPL571","HCC","all","ME_HCC_weighted","ATF6",FALSE,41,0.256948223317442,0.104856808710007,0.250426770769843,0.114288967883816,"hepatocyte+proliferation+immune_pan",0.144178111976259,0.179596949531711,TRUE
"GSE14520_GPL571","HCC","all","ME_HCC_weighted","EIF4EBP1",TRUE,41,0.371260391855288,0.016856566274645,0.256410219589262,0.105611705202757,"hepatocyte+proliferation+immune_pan",0.0309037048368492,0.179596949531711,TRUE
"GSE14520_GPL571","HCC","all","ME_HCC_weighted","EIF2AK3",FALSE,41,0.130691989935841,0.415381754871183,-0.132297182749705,0.409626322521508,"hepatocyte+proliferation+immune_pan",0.507688811509223,0.450588954773658,FALSE
"GSE14520_GPL571","HCC","all","ME_HCC_weighted","DDIT3",FALSE,41,0.376444831730461,0.0152720457427392,0.10656160849572,0.507254914453454,"hepatocyte+proliferation+immune_pan",0.0309037048368492,0.507254914453454,TRUE
"GSE14520_GPL571","HCC","all","ME_HCC_weighted","EIF4E",TRUE,41,0.434995978698365,0.00447987713515565,0.348119801932326,0.0257209218836361,"hepatocyte+proliferation+immune_pan",0.0169480821603036,0.0565860281439995,TRUE
"GSE14520_GPL571","HCC","all","ME_HCC_weighted","EIF4G1",TRUE,41,0.450660885575111,0.00310766249639659,0.676726246935459,1.18869462708497e-06,"hepatocyte+proliferation+immune_pan",0.0169480821603036,1.30756408979346e-05,TRUE
"GSE14520_GPL571","HCC","all","ME_HCC_weighted","TSC1",FALSE,41,-0.0445283462206326,0.782210004654121,-0.392539902948474,0.0111310303773333,"hepatocyte+proliferation+immune_pan",0.860431005119533,0.0306103335376666,TRUE
"GSE14520_GPL571","HCC","all","ME_HCC_weighted","TSC2",FALSE,41,-0.0207005262718613,0.897782897913129,-0.2376140567608,0.134669572444302,"hepatocyte+proliferation+immune_pan",0.897782897913129,0.185170662110916,TRUE
"GSE14520_GPL571","HCC","disease_only","TCS","ATF4",FALSE,22,0.346050060622807,0.114665003916765,0.219618743223537,0.326083646561664,"hepatocyte+proliferation+immune_pan",0.315328760771104,0.398546679130922,TRUE
"GSE14520_GPL571","HCC","disease_only","TCS","MYC",FALSE,22,0.716850790722015,0.000174149426706393,0.821635632242696,2.75387746269904e-06,"hepatocyte+proliferation+immune_pan",0.000957821846885161,3.02926520896894e-05,TRUE
"GSE14520_GPL571","HCC","disease_only","TCS","XBP1",FALSE,22,0.751902607732977,5.45797492041385e-05,0.743181884478738,7.40876013966562e-05,"hepatocyte+proliferation+immune_pan",0.000600377241245523,0.000407481807681609,TRUE
"GSE14520_GPL571","HCC","disease_only","TCS","ATF6",FALSE,22,0.235134797799771,0.292175010909857,0.247836273865426,0.266111549614615,"hepatocyte+proliferation+immune_pan",0.448858932600686,0.365903380720096,TRUE
"GSE14520_GPL571","HCC","disease_only","TCS","EIF4EBP1",TRUE,22,-0.0504293054986632,0.823637670602644,-0.124410954778473,0.581203622098916,"hepatocyte+proliferation+immune_pan",0.823637670602644,0.639323984308808,TRUE
"GSE14520_GPL571","HCC","disease_only","TCS","EIF2AK3",FALSE,22,-0.219459741301261,0.326442860073226,-0.464426357897476,0.0294417176766178,"hepatocyte+proliferation+immune_pan",0.448858932600686,0.107952964814265,TRUE
"GSE14520_GPL571","HCC","disease_only","TCS","DDIT3",FALSE,22,-0.223223154434231,0.318004325005475,-0.345701083468394,0.115055676730874,"hepatocyte+proliferation+immune_pan",0.448858932600686,0.225333269011275,TRUE
"GSE14520_GPL571","HCC","disease_only","TCS","EIF4E",TRUE,22,0.460706105887922,0.0309434228298958,0.338861110896341,0.122909055824332,"hepatocyte+proliferation+immune_pan",0.113459217042951,0.225333269011275,TRUE
"GSE14520_GPL571","HCC","disease_only","TCS","EIF4G1",TRUE,22,0.301776269762591,0.172282687665026,0.377363433561564,0.0833891048972429,"hepatocyte+proliferation+immune_pan",0.379021912863057,0.225333269011275,TRUE
"GSE14520_GPL571","HCC","disease_only","TCS","TSC1",FALSE,22,-0.17563128982271,0.434329719122533,-0.287087276363048,0.195171549053262,"hepatocyte+proliferation+immune_pan",0.530847434483095,0.306698148512269,TRUE
"GSE14520_GPL571","HCC","disease_only","TCS","TSC2",FALSE,22,0.0868408457429974,0.700777673628866,-0.0116410210082125,0.958994400097323,"hepatocyte+proliferation+immune_pan",0.770855440991752,0.958994400097323,FALSE
"GSE14520_GPL571","HCC","disease_only","ME_HF_weighted","ATF4",FALSE,22,0.476227049784439,0.0250570185763635,0.41223013645062,0.0565934822538483,"hepatocyte+proliferation+immune_pan",0.0689068010849997,0.124505660958466,TRUE
"GSE14520_GPL571","HCC","disease_only","ME_HF_weighted","MYC",FALSE,22,0.603869588907154,0.00292047670511017,0.655222320871046,0.000933729288213039,"hepatocyte+proliferation+immune_pan",0.0160626218781059,0.00513551108517172,TRUE
"GSE14520_GPL571","HCC","disease_only","ME_HF_weighted","XBP1",FALSE,22,0.803179872297012,6.79151971765576e-06,0.81462445839712,3.92556127526948e-06,"hepatocyte+proliferation+immune_pan",7.47067168942134e-05,4.31811740279643e-05,TRUE
"GSE14520_GPL571","HCC","disease_only","ME_HF_weighted","ATF6",FALSE,22,0.0859005350038388,0.703875323634567,0.0659379595467277,0.770637914543057,"hepatocyte+proliferation+immune_pan",0.808846545927375,0.941890784441514,TRUE
"GSE14520_GPL571","HCC","disease_only","ME_HF_weighted","EIF4EBP1",TRUE,22,-0.224428777612022,0.315329169062632,-0.278915660587604,0.208756392546753,"hepatocyte+proliferation+immune_pan",0.578103476614826,0.376869671783257,TRUE
"GSE14520_GPL571","HCC","disease_only","ME_HF_weighted","EIF2AK3",FALSE,22,-0.0465569217862189,0.836997471037299,-0.261474069205433,0.239826154771164,"hepatocyte+proliferation+immune_pan",0.836997471037299,0.376869671783257,TRUE
"GSE14520_GPL571","HCC","disease_only","ME_HF_weighted","DDIT3",FALSE,22,-0.423399749853592,0.0495900724861445,-0.533912089414023,0.0104870145820483,"hepatocyte+proliferation+immune_pan",0.109098159469518,0.0384523868008436,TRUE
"GSE14520_GPL571","HCC","disease_only","ME_HF_weighted","EIF4E",TRUE,22,0.578018022218858,0.00483908445505085,0.485760725164074,0.0219095052131054,"hepatocyte+proliferation+immune_pan",0.0177433096685198,0.0602511393360397,TRUE
"GSE14520_GPL571","HCC","disease_only","ME_HF_weighted","EIF4G1",TRUE,22,0.146531600231949,0.515238729775392,0.224450766381377,0.315280505245156,"hepatocyte+proliferation+immune_pan",0.762483085247257,0.433510694712089,TRUE
"GSE14520_GPL571","HCC","disease_only","ME_HF_weighted","TSC1",FALSE,22,0.0764313777460724,0.735315041752159,-0.00874734365993379,0.96918195123356,"hepatocyte+proliferation+immune_pan",0.808846545927375,0.96918195123356,FALSE
"GSE14520_GPL571","HCC","disease_only","ME_HF_weighted","TSC2",FALSE,22,0.133209633797521,0.554533152907096,0.0109137784380784,0.961554227134269,"hepatocyte+proliferation+immune_pan",0.762483085247257,0.96918195123356,TRUE
"GSE14520_GPL571","HCC","disease_only","ME_HCC_weighted","ATF4",FALSE,22,0.316603305291865,0.151128814459433,0.21554681976548,0.335357477031556,"hepatocyte+proliferation+immune_pan",0.277069493175626,0.368893224734711,TRUE
"GSE14520_GPL571","HCC","disease_only","ME_HCC_weighted","MYC",FALSE,22,0.507620372896405,0.0158804301147311,0.573610018498885,0.00525297707955009,"hepatocyte+proliferation+immune_pan",0.0582282437540141,0.0192609159583503,TRUE
"GSE14520_GPL571","HCC","disease_only","ME_HCC_weighted","XBP1",FALSE,22,0.640558711727335,0.00132009540167297,0.622537440777283,0.00197372178996599,"hepatocyte+proliferation+immune_pan",0.00726052470920133,0.010855469844813,TRUE
"GSE14520_GPL571","HCC","disease_only","ME_HCC_weighted","ATF6",FALSE,22,0.198081036818109,0.376884006548507,0.279479532048833,0.207799212722567,"hepatocyte+proliferation+immune_pan",0.414572407203358,0.260803028960298,TRUE
"GSE14520_GPL571","HCC","disease_only","ME_HCC_weighted","EIF4EBP1",TRUE,22,0.279967939073054,0.206972511609625,0.276213459004155,0.213384296422062,"hepatocyte+proliferation+immune_pan",0.325242518243696,0.260803028960298,TRUE
"GSE14520_GPL571","HCC","disease_only","ME_HCC_weighted","EIF2AK3",FALSE,22,-0.244894163284639,0.272012799679549,-0.404321370009744,0.0619942410878819,"hepatocyte+proliferation+immune_pan",0.37401759955938,0.13638733039334,TRUE
"GSE14520_GPL571","HCC","disease_only","ME_HCC_weighted","DDIT3",FALSE,22,0.110695855637421,0.623840937055824,0.0470590818159065,0.835262478983617,"hepatocyte+proliferation+immune_pan",0.623840937055824,0.835262478983617,TRUE
"GSE14520_GPL571","HCC","disease_only","ME_HCC_weighted","EIF4E",TRUE,22,0.431695283250252,0.0448376632864576,0.329742221116735,0.133969815940419,"hepatocyte+proliferation+immune_pan",0.123303574037758,0.210523996477801,TRUE
"GSE14520_GPL571","HCC","disease_only","ME_HCC_weighted","EIF4G1",TRUE,22,0.643128825998056,0.00124394758023713,0.712204562923013,0.000200557156740306,"hepatocyte+proliferation+immune_pan",0.00726052470920133,0.00220612872414337,TRUE
"GSE14520_GPL571","HCC","disease_only","ME_HCC_weighted","TSC1",FALSE,22,-0.335747008147662,0.126609599947123,-0.425017542931067,0.0486339731204968,"hepatocyte+proliferation+immune_pan",0.277069493175626,0.133743426081366,TRUE
"GSE14520_GPL571","HCC","disease_only","ME_HCC_weighted","TSC2",FALSE,22,-0.199107004808531,0.374366999166755,-0.337212382472381,0.124858434109225,"hepatocyte+proliferation+immune_pan",0.414572407203358,0.210523996477801,TRUE
"GSE76427","HCC","all","TCS","ATF4",FALSE,167,-0.241050577080547,0.00170065118729969,-0.276492242985105,0.000298035329002577,"hepatocyte+proliferation+immune_pan",0.00274064325223932,0.0007748918554067,TRUE
"GSE76427","HCC","all","TCS","MYC",FALSE,167,0.277040436088838,0.000289558001880709,0.471534342166562,1.25979794520596e-10,"hepatocyte+proliferation+immune_pan",0.000627375670741537,1.63773732876775e-09,TRUE
"GSE76427","HCC","all","TCS","XBP1",FALSE,167,0.484798527328415,3.15913972906474e-11,0.441278732972718,2.38767026921625e-09,"hepatocyte+proliferation+immune_pan",2.05344082389208e-10,1.03465711666037e-08,TRUE
"GSE76427","HCC","all","TCS","ATF6",FALSE,167,0.336590086597401,8.68750998893864e-06,0.22938474290272,0.002864617569036,"hepatocyte+proliferation+immune_pan",3.76458766187341e-05,0.00620667139957799,TRUE
"GSE76427","HCC","all","TCS","EIF4EBP1",TRUE,167,0.265739317366172,0.000518647123635524,0.142272251033276,0.0666399563736183,"hepatocyte+proliferation+immune_pan",0.000963201801037401,0.096257714761893,TRUE
"GSE76427","HCC","all","TCS","EIF2AK3",FALSE,167,0.238647523926137,0.00189736840539645,0.101586520945832,0.191447496449059,"hepatocyte+proliferation+immune_pan",0.00274064325223932,0.248881745383777,TRUE
"GSE76427","HCC","all","TCS","ERN1",FALSE,167,-0.556070812220764,6.13172599368138e-15,-0.459968370593619,4.0134910466113e-10,"hepatocyte+proliferation+immune_pan",7.97124379178579e-14,2.60876918029734e-09,TRUE
"GSE76427","HCC","all","TCS","DDIT3",FALSE,167,0.0972222734201277,0.211330504593132,-0.0796955652405611,0.305935587002021,"hepatocyte+proliferation+immune_pan",0.228941379975893,0.361560239184207,FALSE
"GSE76427","HCC","all","TCS","EIF4E",TRUE,167,0.280947642905343,0.000235319710069992,0.183662019558957,0.0175082939327105,"hepatocyte+proliferation+immune_pan",0.000611831246181978,0.0284509776406546,TRUE
"GSE76427","HCC","all","TCS","EIF4G1",TRUE,167,-0.329890799992251,1.33910885690584e-05,-0.334809525949016,9.75596183614295e-06,"hepatocyte+proliferation+immune_pan",4.35210378494397e-05,3.17068759674646e-05,TRUE
"GSE76427","HCC","all","TCS","RPTOR",FALSE,167,0.122764425364541,0.113984480540357,-0.0379528163115494,0.626293639778972,"hepatocyte+proliferation+immune_pan",0.134708931547694,0.678484776427219,FALSE
"GSE76427","HCC","all","TCS","TSC1",FALSE,167,-0.131615506975172,0.0899889855085637,-0.221181823435778,0.00407244521494864,"hepatocyte+proliferation+immune_pan",0.116985681161133,0.00756311254204748,TRUE
"GSE76427","HCC","all","TCS","TSC2",FALSE,167,-0.0049846707597438,0.94902380466075,0.0212630291706038,0.785048558234412,"hepatocyte+proliferation+immune_pan",0.94902380466075,0.785048558234412,FALSE
"GSE76427","HCC","all","ME_HF_weighted","ATF4",FALSE,167,-0.120407448956207,0.121149994889637,-0.193327041284383,0.0123064486503975,"hepatocyte+proliferation+immune_pan",0.157494993356528,0.0319967664910335,TRUE
"GSE76427","HCC","all","ME_HF_weighted","MYC",FALSE,167,0.213879667114616,0.00551398743037269,0.418830218652687,1.77128705879491e-08,"hepatocyte+proliferation+immune_pan",0.00896022957435562,2.30267317643338e-07,TRUE
"GSE76427","HCC","all","ME_HF_weighted","XBP1",FALSE,167,0.436220251785107,3.79890240905674e-09,0.341541901382148,6.26837275775255e-06,"hepatocyte+proliferation+immune_pan",2.46928656588688e-08,2.03722114626958e-05,TRUE
"GSE76427","HCC","all","ME_HF_weighted","ATF6",FALSE,167,0.245330553685071,0.00139571093428076,0.160384114536535,0.0384078859281069,"hepatocyte+proliferation+immune_pan",0.00362884842912998,0.0819574875998626,TRUE
"GSE76427","HCC","all","ME_HF_weighted","EIF4EBP1",TRUE,167,0.225320524459784,0.00341527490261263,0.0577031368277883,0.458872017824125,"hepatocyte+proliferation+immune_pan",0.0063426533905663,0.463235997133121,TRUE
"GSE76427","HCC","all","ME_HF_weighted","EIF2AK3",FALSE,167,0.239783662714633,0.00180191722358081,0.0912176812229008,0.241042799383283,"hepatocyte+proliferation+immune_pan",0.00390415398442508,0.313355639198267,TRUE
"GSE76427","HCC","all","ME_HF_weighted","ERN1",FALSE,167,-0.471342012950784,1.2847644185607e-10,-0.37312004644348,6.8317604759575e-07,"hepatocyte+proliferation+immune_pan",1.6701937441289e-09,4.44064430937238e-06,TRUE
"GSE76427","HCC","all","ME_HF_weighted","DDIT3",FALSE,167,0.128605119277822,0.097651543665968,-0.097051154661681,0.212139163023747,"hepatocyte+proliferation+immune_pan",0.141052229739732,0.306423235478745,FALSE
"GSE76427","HCC","all","ME_HF_weighted","EIF4E",TRUE,167,0.273883212536807,0.000341630705869545,0.155975504504991,0.0441309548614645,"hepatocyte+proliferation+immune_pan",0.00111029979407602,0.0819574875998626,TRUE
"GSE76427","HCC","all","ME_HF_weighted","EIF4G1",TRUE,167,-0.33434341388584,1.00555468600581e-05,-0.3668187176533,1.08375519495709e-06,"hepatocyte+proliferation+immune_pan",4.35740363935851e-05,4.69627251148072e-06,TRUE
"GSE76427","HCC","all","ME_HF_weighted","RPTOR",FALSE,167,0.0919729660503808,0.237152982543105,-0.0571449652251011,0.463235997133121,"hepatocyte+proliferation+immune_pan",0.256915731088363,0.463235997133121,FALSE
"GSE76427","HCC","all","ME_HF_weighted","TSC1",FALSE,167,-0.0770738009425221,0.322171407067756,-0.132853336425985,0.0869808084045331,"hepatocyte+proliferation+immune_pan",0.322171407067756,0.141343813657366,TRUE
"GSE76427","HCC","all","ME_HF_weighted","TSC2",FALSE,167,-0.111501774064741,0.151408182575105,-0.0704630137341324,0.365534877046231,"hepatocyte+proliferation+immune_pan",0.178936943043306,0.43199576378191,TRUE
"GSE76427","HCC","all","ME_HCC_weighted","ATF4",FALSE,167,-0.102197167249798,0.188778028952424,-0.163278473295193,0.0350011883214034,"hepatocyte+proliferation+immune_pan",0.204509531365126,0.0932312734017574,TRUE
"GSE76427","HCC","all","ME_HCC_weighted","MYC",FALSE,167,-0.107583589296404,0.166400130068643,0.0729890468026444,0.34855651004133,"hepatocyte+proliferation+immune_pan",0.196654699172032,0.503470514504144,FALSE
"GSE76427","HCC","all","ME_HCC_weighted","XBP1",FALSE,167,0.30388954484919,6.53919044405819e-05,0.163528759610369,0.034718997590083,"hepatocyte+proliferation+immune_pan",0.000283364919242521,0.0932312734017574,TRUE
"GSE76427","HCC","all","ME_HCC_weighted","ATF6",FALSE,167,0.183165176856416,0.017820938119168,-0.0414705668916764,0.594641784565322,"hepatocyte+proliferation+immune_pan",0.0289590244436479,0.644195266612432,FALSE
"GSE76427","HCC","all","ME_HCC_weighted","EIF4EBP1",TRUE,167,0.31282077587838,3.855830727894e-05,0.162528693463358,0.035858182077599,"hepatocyte+proliferation+immune_pan",0.00025062899731311,0.0932312734017574,TRUE
"GSE76427","HCC","all","ME_HCC_weighted","EIF2AK3",FALSE,167,0.250432584087595,0.00109785615343292,0.0306975076581704,0.693719489326998,"hepatocyte+proliferation+immune_pan",0.002378688332438,0.693719489326998,TRUE
"GSE76427","HCC","all","ME_HCC_weighted","ERN1",FALSE,167,-0.393723442598104,1.40953340033313e-07,-0.221135126637715,0.00408046814421858,"hepatocyte+proliferation+immune_pan",1.83239342043307e-06,0.0530460858748415,TRUE
"GSE76427","HCC","all","ME_HCC_weighted","DDIT3",FALSE,167,0.289038059601883,0.000151668098532284,0.0599389219838408,0.441622713953237,"hepatocyte+proliferation+immune_pan",0.000492921320229924,0.574109528139208,TRUE
"GSE76427","HCC","all","ME_HCC_weighted","EIF4E",TRUE,167,0.254208601939486,0.000916251739166893,0.0911958208024058,0.241156042455633,"hepatocyte+proliferation+immune_pan",0.002378688332438,0.391878568990403,TRUE
"GSE76427","HCC","all","ME_HCC_weighted","EIF4G1",TRUE,167,-0.178438199446107,0.0210460155716877,-0.174022977821623,0.024501595979134,"hepatocyte+proliferation+immune_pan",0.0303998002702155,0.0932312734017574,TRUE
"GSE76427","HCC","all","ME_HCC_weighted","RPTOR",FALSE,167,0.234325778808479,0.00230397608889516,0.0457919193909097,0.55678355425653,"hepatocyte+proliferation+immune_pan",0.00427881273651958,0.644195266612432,TRUE
"GSE76427","HCC","all","ME_HCC_weighted","TSC1",FALSE,167,-0.0106069041483265,0.891785153193787,-0.109235340095126,0.159950593457142,"hepatocyte+proliferation+immune_pan",0.891785153193787,0.297051102134692,TRUE
"GSE76427","HCC","all","ME_HCC_weighted","TSC2",FALSE,167,-0.142942167863832,0.0653552430145245,-0.150368977838214,0.0524230678772888,"hepatocyte+proliferation+immune_pan",0.0849618159188818,0.113583313734126,TRUE
"GSE76427","HCC","disease_only","TCS","ATF4",FALSE,115,-0.0856876955974658,0.362539928063539,-0.115008001905304,0.220983931492298,"hepatocyte+proliferation+immune_pan",0.517549190546134,0.359098888674984,TRUE
"GSE76427","HCC","disease_only","TCS","MYC",FALSE,115,0.411139949651196,5.01085766466369e-06,0.481076271926798,5.26554270327726e-08,"hepatocyte+proliferation+immune_pan",3.2570574820314e-05,6.84520551426043e-07,TRUE
"GSE76427","HCC","disease_only","TCS","XBP1",FALSE,115,0.391390403438233,1.52402401537415e-05,0.395485029355473,1.21716962293649e-05,"hepatocyte+proliferation+immune_pan",6.60410406662133e-05,5.27440169939146e-05,TRUE
"GSE76427","HCC","disease_only","TCS","ATF6",FALSE,115,0.0795399770315533,0.398114761958565,0.0658978048495182,0.484104443429203,"hepatocyte+proliferation+immune_pan",0.517549190546134,0.624406534476505,TRUE
"GSE76427","HCC","disease_only","TCS","EIF4EBP1",TRUE,115,0.154570415819148,0.0990649542228389,0.121156575891381,0.197112072480659,"hepatocyte+proliferation+immune_pan",0.183977772128129,0.359098888674984,TRUE
"GSE76427","HCC","disease_only","TCS","EIF2AK3",FALSE,115,-0.0421325161348792,0.654814638656912,-0.0593946844414911,0.528343990710889,"hepatocyte+proliferation+immune_pan",0.709382525211655,0.624406534476505,TRUE
"GSE76427","HCC","disease_only","TCS","ERN1",FALSE,115,-0.425742676963541,2.10123769269997e-06,-0.420534504402036,2.87820110422861e-06,"hepatocyte+proliferation+immune_pan",2.73160900050996e-05,1.87083071774859e-05,TRUE
"GSE76427","HCC","disease_only","TCS","DDIT3",FALSE,115,0.054332814366581,0.564131542023125,0.00324621723081752,0.972532989987472,"hepatocyte+proliferation+immune_pan",0.666700913300057,0.973859283533271,TRUE
"GSE76427","HCC","disease_only","TCS","EIF4E",TRUE,115,0.0899614554040506,0.339006273095452,0.0792894470523813,0.399607158671596,"hepatocyte+proliferation+immune_pan",0.517549190546134,0.577210340303416,TRUE
"GSE76427","HCC","disease_only","TCS","EIF4G1",TRUE,115,-0.205946273289451,0.0272353065258924,-0.209895653743716,0.0243581297805037,"hepatocyte+proliferation+immune_pan",0.0708117969673201,0.0541890354222752,TRUE
"GSE76427","HCC","disease_only","TCS","RPTOR",FALSE,115,0.0346533794996973,0.713121617758619,0.00308941107151134,0.973859283533271,"hepatocyte+proliferation+immune_pan",0.713121617758619,0.973859283533271,TRUE
"GSE76427","HCC","disease_only","TCS","TSC1",FALSE,115,-0.225893705190643,0.0152057855497855,-0.231861364841486,0.0126544032786927,"hepatocyte+proliferation+immune_pan",0.0494188030368028,0.0411268106557512,TRUE
"GSE76427","HCC","disease_only","TCS","TSC2",FALSE,115,0.198381446657547,0.0335586703540386,0.208966804972948,0.0250103240410501,"hepatocyte+proliferation+immune_pan",0.0727104524337503,0.0541890354222752,TRUE
"GSE76427","HCC","disease_only","ME_HF_weighted","ATF4",FALSE,115,0.0244618943550926,0.795251250784561,-0.0963870969630262,0.305489230852062,"hepatocyte+proliferation+immune_pan",0.908022873705572,0.567337143010972,FALSE
"GSE76427","HCC","disease_only","ME_HF_weighted","MYC",FALSE,115,0.343117202743682,0.000174068990230586,0.442081702262856,7.56365632881032e-07,"hepatocyte+proliferation+immune_pan",0.0020021658026853,9.83275322745342e-06,TRUE
"GSE76427","HCC","disease_only","ME_HF_weighted","XBP1",FALSE,115,0.330589429442126,0.00030802550810543,0.284011708404971,0.00209786070402288,"hepatocyte+proliferation+immune_pan",0.0020021658026853,0.00681804728807436,TRUE
"GSE76427","HCC","disease_only","ME_HF_weighted","ATF6",FALSE,115,-0.0668422437628207,0.477848654021542,-0.0114123913452385,0.903650456280958,"hepatocyte+proliferation+immune_pan",0.690225833586672,0.903650456280958,TRUE
"GSE76427","HCC","disease_only","ME_HF_weighted","EIF4EBP1",TRUE,115,0.153521471477746,0.101405961511541,0.0629738904375667,0.503746584103366,"hepatocyte+proliferation+immune_pan",0.219712916608339,0.804564268364819,TRUE
"GSE76427","HCC","disease_only","ME_HF_weighted","EIF2AK3",FALSE,115,-0.00478033956269762,0.959561629804963,-0.0230221207555447,0.807060391270861,"hepatocyte+proliferation+immune_pan",0.959561629804963,0.874315423876766,TRUE
"GSE76427","HCC","disease_only","ME_HF_weighted","ERN1",FALSE,115,-0.286983418075094,0.00187328991717238,-0.289020757679013,0.00173216592188153,"hepatocyte+proliferation+immune_pan",0.00811758964108032,0.00681804728807436,TRUE
"GSE76427","HCC","disease_only","ME_HF_weighted","DDIT3",FALSE,115,0.0700267922676592,0.457079996700689,-0.0387716207663561,0.680785150154847,"hepatocyte+proliferation+immune_pan",0.690225833586672,0.804564268364819,FALSE
"GSE76427","HCC","disease_only","ME_HF_weighted","EIF4E",TRUE,115,0.0469041238087556,0.618646185311844,0.0450333084332303,0.632724697533166,"hepatocyte+proliferation+immune_pan",0.804240040905397,0.804564268364819,TRUE
"GSE76427","HCC","disease_only","ME_HF_weighted","EIF4G1",TRUE,115,-0.244754165012912,0.00838288987992479,-0.298252048321159,0.00120594571852563,"hepatocyte+proliferation+immune_pan",0.0272443921097556,0.00681804728807436,TRUE
"GSE76427","HCC","disease_only","ME_HF_weighted","RPTOR",FALSE,115,-0.105689132149466,0.260945173010594,-0.0996078271226006,0.289534891680919,"hepatocyte+proliferation+immune_pan",0.484612464162532,0.567337143010972,TRUE
"GSE76427","HCC","disease_only","ME_HF_weighted","TSC1",FALSE,115,-0.202659293380743,0.0298458819268872,-0.168422496284127,0.071975111075314,"hepatocyte+proliferation+immune_pan",0.0775992930099066,0.187135288795816,TRUE
"GSE76427","HCC","disease_only","ME_HF_weighted","TSC2",FALSE,115,-0.0192529643718195,0.838174960343605,0.0410133448021675,0.663419006022304,"hepatocyte+proliferation+immune_pan",0.908022873705572,0.804564268364819,FALSE
"GSE76427","HCC","disease_only","ME_HCC_weighted","ATF4",FALSE,115,0.0801600535130919,0.394435269350119,-0.0331731904580764,0.724873145416824,"hepatocyte+proliferation+immune_pan",0.512765850155154,0.856668262765338,FALSE
"GSE76427","HCC","disease_only","ME_HCC_weighted","MYC",FALSE,115,-0.13595073878394,0.147416377116969,-0.0175717531696037,0.852137438082642,"hepatocyte+proliferation+immune_pan",0.319402150420099,0.923148891256195,TRUE
"GSE76427","HCC","disease_only","ME_HCC_weighted","XBP1",FALSE,115,0.143750829361506,0.125352881673019,0.0767777792645287,0.414751715962239,"hepatocyte+proliferation+immune_pan",0.319402150420099,0.654712502473473,TRUE
"GSE76427","HCC","disease_only","ME_HCC_weighted","ATF6",FALSE,115,-0.166494947926948,0.0753399624839309,-0.235426035613707,0.0113159066905964,"hepatocyte+proliferation+immune_pan",0.262490448211666,0.147106786977754,TRUE
"GSE76427","HCC","disease_only","ME_HCC_weighted","EIF4EBP1",TRUE,115,0.247324399932825,0.00770299541588409,0.1582781894305,0.0911295105523925,"hepatocyte+proliferation+immune_pan",0.0500694702032466,0.568323837346344,TRUE
"GSE76427","HCC","disease_only","ME_HCC_weighted","EIF2AK3",FALSE,115,0.00693100608143924,0.941395776872511,-0.0717751376023445,0.445894092031571,"hepatocyte+proliferation+immune_pan",0.941395776872511,0.654712502473473,FALSE
"GSE76427","HCC","disease_only","ME_HCC_weighted","ERN1",FALSE,115,-0.0837648227030437,0.373449724290167,-0.0615091104314473,0.513740382405675,"hepatocyte+proliferation+immune_pan",0.512765850155154,0.667862497127378,TRUE
"GSE76427","HCC","disease_only","ME_HCC_weighted","DDIT3",FALSE,115,0.302336052521394,0.00102351964208586,0.141605266538953,0.131151654772233,"hepatocyte+proliferation+immune_pan",0.0133057553471162,0.568323837346344,TRUE
"GSE76427","HCC","disease_only","ME_HCC_weighted","EIF4E",TRUE,115,0.0305403278816393,0.745933248397006,-0.007154868650863,0.93950646251781,"hepatocyte+proliferation+immune_pan",0.808094352430089,0.93950646251781,FALSE
"GSE76427","HCC","disease_only","ME_HCC_weighted","EIF4G1",TRUE,115,-0.0421098932809268,0.65498812441337,-0.0706207527244076,0.453262501712405,"hepatocyte+proliferation+immune_pan",0.774076874306709,0.654712502473473,TRUE
"GSE76427","HCC","disease_only","ME_HCC_weighted","RPTOR",FALSE,115,0.163527693978158,0.0807662917574355,0.118034715189254,0.208988922502257,"hepatocyte+proliferation+immune_pan",0.262490448211666,0.654712502473473,TRUE
"GSE76427","HCC","disease_only","ME_HCC_weighted","TSC1",FALSE,115,-0.0928470661383302,0.323676640387933,-0.0739359841688948,0.432284071715638,"hepatocyte+proliferation+immune_pan",0.512765850155154,0.654712502473473,TRUE
"GSE76427","HCC","disease_only","ME_HCC_weighted","TSC2",FALSE,115,-0.106480673341919,0.257370838624119,-0.088568761951865,0.346566633922533,"hepatocyte+proliferation+immune_pan",0.47797441458765,0.654712502473473,TRUE
"GSE141910","HF","all","TCS","ATF4",FALSE,366,0.563049757434823,5.36655747409332e-32,0.570800565888875,5.01394350346265e-33,"cardiomyocyte+fibroblast+immune_pan",9.39147557966331e-32,8.77440113105964e-33,TRUE
"GSE141910","HF","all","TCS","MYC",FALSE,366,-0.0433345566084053,0.408468711828886,-0.0348364666798662,0.506445346474224,"cardiomyocyte+fibroblast+immune_pan",0.43988938196957,0.545402680818395,TRUE
"GSE141910","HF","all","TCS","XBP1",FALSE,366,0.024546270186235,0.639740261745959,0.0237354584229207,0.650839288273098,"cardiomyocyte+fibroblast+immune_pan",0.639740261745959,0.650839288273098,TRUE
"GSE141910","HF","all","TCS","ATF6",FALSE,366,-0.656958957197449,1.41165903960389e-46,-0.659027146614611,5.8748346937618e-47,"cardiomyocyte+fibroblast+immune_pan",6.58774218481817e-46,2.05619214281663e-46,TRUE
"GSE141910","HF","all","TCS","EIF4EBP1",TRUE,366,0.655892828962748,2.21219323454502e-46,0.669130713925655,7.32565939502416e-49,"cardiomyocyte+fibroblast+immune_pan",7.74267632090759e-46,3.41864105101127e-48,TRUE
"GSE141910","HF","all","TCS","EIF2AK3",FALSE,366,-0.621290011819981,1.87244091516095e-40,-0.621601174835346,1.66875183314335e-40,"cardiomyocyte+fibroblast+immune_pan",5.24283456245066e-40,4.67250513280137e-40,TRUE
"GSE141910","HF","all","TCS","ERN1",FALSE,366,-0.6811973433361,3.09066730832228e-51,-0.687731194995226,1.43140323663721e-52,"cardiomyocyte+fibroblast+immune_pan",2.16346711582559e-50,2.00396453129209e-51,TRUE
"GSE141910","HF","all","TCS","DDIT3",FALSE,366,0.690623279033324,3.57958740637761e-53,0.679268483240709,7.53908119138617e-51,"cardiomyocyte+fibroblast+immune_pan",5.01142236892866e-52,5.27735683397032e-50,TRUE
"GSE141910","HF","all","TCS","EIF4E",TRUE,366,-0.378267393937513,6.77658565985981e-14,-0.3921695896254,6.63265266440203e-15,"cardiomyocyte+fibroblast+immune_pan",1.0541355470893e-13,1.03174597001809e-14,TRUE
"GSE141910","HF","all","TCS","EIF4G1",TRUE,366,-0.285567620867882,2.68605133536012e-08,-0.258195428649831,5.50450241911117e-07,"cardiomyocyte+fibroblast+immune_pan",3.13372655792014e-08,6.42191948896303e-07,TRUE
"GSE141910","HF","all","TCS","MTOR",FALSE,366,-0.573076352626008,2.46994561102755e-33,-0.583100168087899,1.02182167403051e-34,"cardiomyocyte+fibroblast+immune_pan",4.93989122205511e-33,2.04364334806102e-34,TRUE
"GSE141910","HF","all","TCS","RPTOR",FALSE,366,0.303162867573101,3.2214110761708e-09,0.321801696220176,2.90376236567349e-10,"cardiomyocyte+fibroblast+immune_pan",4.09997773330829e-09,3.69569755631171e-10,TRUE
"GSE141910","HF","all","TCS","TSC1",FALSE,366,-0.591068956161947,7.49865699374807e-36,-0.605295574754511,5.8831481720016e-38,"cardiomyocyte+fibroblast+immune_pan",1.74968663187455e-35,1.37273457346704e-37,TRUE
"GSE141910","HF","all","TCS","TSC2",FALSE,366,0.330506950101207,8.90482375987636e-11,0.343473650573058,1.42671116691304e-11,"cardiomyocyte+fibroblast+immune_pan",1.24667532638269e-10,1.99739563367825e-11,TRUE
"GSE141910","HF","all","ME_HF_weighted","ATF4",FALSE,366,0.627719268477773,1.6882274840155e-41,0.652183840478912,1.04090528273141e-45,"cardiomyocyte+fibroblast+immune_pan",2.95439809702712e-41,2.08181056546283e-45,TRUE
"GSE141910","HF","all","ME_HF_weighted","MYC",FALSE,366,0.080999009692693,0.121900817487536,0.0418703219725687,0.424501126585079,"cardiomyocyte+fibroblast+immune_pan",0.121900817487536,0.424501126585079,TRUE
"GSE141910","HF","all","ME_HF_weighted","XBP1",FALSE,366,0.117631301582204,0.0244146850228009,0.112527628222211,0.0313771631848253,"cardiomyocyte+fibroblast+immune_pan",0.0262927377168625,0.0337907911221196,TRUE
"GSE141910","HF","all","ME_HF_weighted","ATF6",FALSE,366,-0.685528004520618,4.07009326513141e-52,-0.673610794271018,9.91497426767392e-50,"cardiomyocyte+fibroblast+immune_pan",1.13962611423679e-51,2.7761927949487e-49,TRUE
"GSE141910","HF","all","ME_HF_weighted","EIF4EBP1",TRUE,366,0.747973707730522,8.92834874097814e-67,0.775668076534734,9.47665033354033e-75,"cardiomyocyte+fibroblast+immune_pan",6.24984411868469e-66,1.32673104669565e-73,TRUE
"GSE141910","HF","all","ME_HF_weighted","EIF2AK3",FALSE,366,-0.633203931978788,2.07223163341388e-42,-0.625496421814949,3.90374239336841e-41,"cardiomyocyte+fibroblast+immune_pan",4.14446326682776e-42,6.83154918839472e-41,TRUE
"GSE141910","HF","all","ME_HF_weighted","ERN1",FALSE,366,-0.683652545199634,9.8349967143795e-52,-0.703432601437514,6.31345940748444e-56,"cardiomyocyte+fibroblast+immune_pan",2.29483256668855e-51,2.94628105682607e-55,TRUE
"GSE141910","HF","all","ME_HF_weighted","DDIT3",FALSE,366,0.687491084452962,1.60479487336861e-52,0.672834119448084,1.40592109987004e-49,"cardiomyocyte+fibroblast+immune_pan",5.61678205679013e-52,3.28048256636342e-49,TRUE
"GSE141910","HF","all","ME_HF_weighted","EIF4E",TRUE,366,-0.355772775315485,2.31852250272893e-12,-0.335599977055998,4.3820147992319e-11,"cardiomyocyte+fibroblast+immune_pan",3.24593150382051e-12,6.81646746547184e-11,TRUE
"GSE141910","HF","all","ME_HF_weighted","EIF4G1",TRUE,366,-0.387198201678257,1.54214994685724e-14,-0.321026140250632,3.22036585923199e-10,"cardiomyocyte+fibroblast+immune_pan",2.39889991733349e-14,4.09864745720435e-10,TRUE
"GSE141910","HF","all","ME_HF_weighted","MTOR",FALSE,366,-0.792793986891977,2.81184347222618e-80,-0.771892762332393,1.34789406191579e-73,"cardiomyocyte+fibroblast+immune_pan",3.93658086111666e-79,9.43525843341053e-73,TRUE
"GSE141910","HF","all","ME_HF_weighted","RPTOR",FALSE,366,0.251043654649374,1.14782296932291e-06,0.259064892431952,5.02646995220735e-07,"cardiomyocyte+fibroblast+immune_pan",1.3391267975434e-06,5.86421494424191e-07,TRUE
"GSE141910","HF","all","ME_HF_weighted","TSC1",FALSE,366,-0.719205055594386,1.58352629528507e-59,-0.690873121792663,3.1732217529998e-53,"cardiomyocyte+fibroblast+immune_pan",7.38978937799698e-59,1.11062761354993e-52,TRUE
"GSE141910","HF","all","ME_HF_weighted","TSC2",FALSE,366,0.312897268083018,9.36070037620278e-10,0.326693197206295,1.50150628009214e-10,"cardiomyocyte+fibroblast+immune_pan",1.19136186606217e-09,2.102108792129e-10,TRUE
"GSE141910","HF","all","ME_HCC_weighted","ATF4",FALSE,366,0.626258397220127,2.9310202365748e-41,0.627810566883857,1.63085506375898e-41,"cardiomyocyte+fibroblast+immune_pan",5.12928541400591e-41,2.85399636157821e-41,TRUE
"GSE141910","HF","all","ME_HCC_weighted","MYC",FALSE,366,-0.0717803790094956,0.170590070487654,-0.0786768858696064,0.133004577423902,"cardiomyocyte+fibroblast+immune_pan",0.183712383602089,0.143235698764202,TRUE
"GSE141910","HF","all","ME_HCC_weighted","XBP1",FALSE,366,0.0303370246910219,0.562906799664784,0.0200099242415717,0.70280176715967,"cardiomyocyte+fibroblast+immune_pan",0.562906799664784,0.70280176715967,TRUE
"GSE141910","HF","all","ME_HCC_weighted","ATF6",FALSE,366,-0.736990824608479,6.76845852762942e-64,-0.751672700578503,8.85207857485377e-68,"cardiomyocyte+fibroblast+immune_pan",4.73792096934059e-63,6.19645500239764e-67,TRUE
"GSE141910","HF","all","ME_HCC_weighted","EIF4EBP1",TRUE,366,0.75901375532171,7.97193557480554e-70,0.767346669346114,3.08262292286302e-72,"cardiomyocyte+fibroblast+immune_pan",1.11607098047278e-68,4.31567209200823e-71,TRUE
"GSE141910","HF","all","ME_HCC_weighted","EIF2AK3",FALSE,366,-0.708997417623201,3.60945522677215e-57,-0.706914130233276,1.06203149910409e-56,"cardiomyocyte+fibroblast+immune_pan",1.26330932937025e-56,2.97368819749144e-56,TRUE
"GSE141910","HF","all","ME_HCC_weighted","ERN1",FALSE,366,-0.720105547574162,9.69591004379273e-60,-0.737025723614336,6.63084156083269e-64,"cardiomyocyte+fibroblast+immune_pan",4.52475802043661e-59,3.09439272838859e-63,TRUE
"GSE141910","HF","all","ME_HCC_weighted","DDIT3",FALSE,366,0.697592892209029,1.18493602089818e-54,0.695262538509274,3.74381801965463e-54,"cardiomyocyte+fibroblast+immune_pan",2.76485071542909e-54,8.73557537919413e-54,TRUE
"GSE141910","HF","all","ME_HCC_weighted","EIF4E",TRUE,366,-0.383313443137773,2.95246331118093e-14,-0.40354067077257,9.11938756815029e-16,"cardiomyocyte+fibroblast+immune_pan",4.13344863565331e-14,1.41857139949005e-15,TRUE
"GSE141910","HF","all","ME_HCC_weighted","EIF4G1",TRUE,366,-0.387100877267913,1.56761240926491e-14,-0.361395746516911,9.8375231511019e-13,"cardiomyocyte+fibroblast+immune_pan",2.43850819218985e-14,1.37725324115427e-12,TRUE
"GSE141910","HF","all","ME_HCC_weighted","MTOR",FALSE,366,-0.707801200716716,6.71538164399473e-57,-0.732238777556079,1.07673205927194e-62,"cardiomyocyte+fibroblast+immune_pan",1.88030686031852e-56,3.76856220745178e-62,TRUE
"GSE141910","HF","all","ME_HCC_weighted","RPTOR",FALSE,366,0.252194030041455,1.02136925712421e-06,0.284780815496911,2.94342049817761e-08,"cardiomyocyte+fibroblast+immune_pan",1.19159746664492e-06,3.43399058120722e-08,TRUE
"GSE141910","HF","all","ME_HCC_weighted","TSC1",FALSE,366,-0.652171036861085,1.04644565094282e-45,-0.670781621484864,3.52010554761377e-49,"cardiomyocyte+fibroblast+immune_pan",2.09289130188563e-45,7.04021109522753e-49,TRUE
"GSE141910","HF","all","ME_HCC_weighted","TSC2",FALSE,366,0.318530269544821,4.48408869294806e-10,0.346785546444492,8.81483283897298e-12,"cardiomyocyte+fibroblast+immune_pan",5.70702197284299e-10,1.12188781586929e-11,TRUE
"GSE141910","HF","disease_only","TCS","ATF4",FALSE,200,0.679705713958029,1.843748035769e-28,0.747740550646242,4.63157255000148e-37,"cardiomyocyte+fibroblast+immune_pan",4.30207875012767e-28,1.62105039250052e-36,TRUE
"GSE141910","HF","disease_only","TCS","MYC",FALSE,200,-0.16593769299383,0.0188589188072422,-0.0849202702428636,0.231857662595063,"cardiomyocyte+fibroblast+immune_pan",0.0203096048693378,0.231857662595063,TRUE
"GSE141910","HF","disease_only","TCS","XBP1",FALSE,200,-0.1150124877591,0.104864788058457,-0.0889126444016846,0.210564640458322,"cardiomyocyte+fibroblast+immune_pan",0.104864788058457,0.226761920493577,TRUE
"GSE141910","HF","disease_only","TCS","ATF6",FALSE,200,-0.747176271197817,5.6006098953346e-37,-0.774836579654648,2.66919254478762e-41,"cardiomyocyte+fibroblast+immune_pan",3.92042692673422e-36,1.86843478135134e-40,TRUE
"GSE141910","HF","disease_only","TCS","EIF4EBP1",TRUE,200,0.762576208174822,2.59877549463216e-39,0.818245663081605,1.71280130035962e-49,"cardiomyocyte+fibroblast+immune_pan",3.63828569248502e-38,2.39792182050347e-48,TRUE
"GSE141910","HF","disease_only","TCS","EIF2AK3",FALSE,200,-0.721693670091744,1.82032307736829e-33,-0.728287953719458,2.45261093113846e-34,"cardiomyocyte+fibroblast+immune_pan",6.37113077078903e-33,6.8673106071877e-34,TRUE
"GSE141910","HF","disease_only","TCS","ERN1",FALSE,200,-0.734476844424734,3.54051254576076e-35,-0.771208276478762,1.06587065560407e-40,"cardiomyocyte+fibroblast+immune_pan",1.65223918802169e-34,4.97406305948565e-40,TRUE
"GSE141910","HF","disease_only","TCS","DDIT3",FALSE,200,0.684288900623311,5.75870254763412e-29,0.687503807525735,2.51335322417123e-29,"cardiomyocyte+fibroblast+immune_pan",1.61243671333755e-28,5.86449085639954e-29,TRUE
"GSE141910","HF","disease_only","TCS","EIF4E",TRUE,200,-0.458577506394121,8.56948169504912e-12,-0.505543252865456,2.256948771389e-14,"cardiomyocyte+fibroblast+immune_pan",1.33303048589653e-11,3.51080919993844e-14,TRUE
"GSE141910","HF","disease_only","TCS","EIF4G1",TRUE,200,-0.3684017817218,7.99202727469029e-08,-0.367254815990864,8.82832980487725e-08,"cardiomyocyte+fibroblast+immune_pan",9.324031820472e-08,1.02997181056901e-07,TRUE
"GSE141910","HF","disease_only","TCS","MTOR",FALSE,200,-0.518184021688469,3.88331394801339e-15,-0.600655071325101,5.36555250122492e-21,"cardiomyocyte+fibroblast+immune_pan",6.79579940902342e-15,9.38971687714361e-21,TRUE
"GSE141910","HF","disease_only","TCS","RPTOR",FALSE,200,0.399042499509656,4.83095829749636e-09,0.429050823653669,2.31350808535895e-10,"cardiomyocyte+fibroblast+immune_pan",6.7633416164949e-09,2.94446483591139e-10,TRUE
"GSE141910","HF","disease_only","TCS","TSC1",FALSE,200,-0.524337091811887,1.605267787099e-15,-0.684616868489204,5.29425179049752e-29,"cardiomyocyte+fibroblast+immune_pan",3.210535574198e-15,1.0588503580995e-28,TRUE
"GSE141910","HF","disease_only","TCS","TSC2",FALSE,200,0.391178789661915,1.02045307678996e-08,0.432705692899571,1.56485933913063e-10,"cardiomyocyte+fibroblast+immune_pan",1.29875846136904e-08,2.19080307478288e-10,TRUE
"GSE141910","HF","disease_only","ME_HF_weighted","ATF4",FALSE,200,0.782842111751786,1.14547213632774e-42,0.787286144046661,1.88192166925615e-43,"cardiomyocyte+fibroblast+immune_pan",4.0091524771471e-42,6.58672584239652e-43,TRUE
"GSE141910","HF","disease_only","ME_HF_weighted","MYC",FALSE,200,0.0171002194267728,0.810070275042113,-0.0150659169335894,0.832309285650118,"cardiomyocyte+fibroblast+immune_pan",0.810070275042113,0.896333076853973,FALSE
"GSE141910","HF","disease_only","ME_HF_weighted","XBP1",FALSE,200,0.0284879166976579,0.688835411032705,0.00415685791248699,0.953415182510931,"cardiomyocyte+fibroblast+immune_pan",0.741822750342913,0.953415182510931,TRUE
"GSE141910","HF","disease_only","ME_HF_weighted","ATF6",FALSE,200,-0.786768091910561,2.32811063460986e-43,-0.803343228976572,1.88762257528469e-46,"cardiomyocyte+fibroblast+immune_pan",1.0864516294846e-42,8.80890535132857e-46,TRUE
"GSE141910","HF","disease_only","ME_HF_weighted","EIF4EBP1",TRUE,200,0.880594943854076,3.87379380740624e-66,0.879476422023817,9.20411758724695e-66,"cardiomyocyte+fibroblast+immune_pan",5.42331133036874e-65,1.28857646221457e-64,TRUE
"GSE141910","HF","disease_only","ME_HF_weighted","EIF2AK3",FALSE,200,-0.714451803872825,1.54061153862895e-32,-0.705492519501172,1.97729186800079e-31,"cardiomyocyte+fibroblast+immune_pan",4.31371230816105e-32,3.46026076900138e-31,TRUE
"GSE141910","HF","disease_only","ME_HF_weighted","ERN1",FALSE,200,-0.705463842406225,1.9932028675964e-31,-0.750237672848542,1.98591965681158e-37,"cardiomyocyte+fibroblast+immune_pan",4.65080669105826e-31,5.56057503907242e-37,TRUE
"GSE141910","HF","disease_only","ME_HF_weighted","DDIT3",FALSE,200,0.696643471883838,2.24194361423215e-30,0.718592363888262,4.5807079545914e-33,"cardiomyocyte+fibroblast+immune_pan",4.4838872284643e-30,9.1614159091828e-33,TRUE
"GSE141910","HF","disease_only","ME_HF_weighted","EIF4E",TRUE,200,-0.429862665303404,2.12192431524108e-10,-0.425873419962899,3.23777074927481e-10,"cardiomyocyte+fibroblast+immune_pan",2.97069404133752e-10,4.53287904898474e-10,TRUE
"GSE141910","HF","disease_only","ME_HF_weighted","EIF4G1",TRUE,200,-0.488222335759847,2.24348505219535e-13,-0.479531074447306,6.77049248421862e-13,"cardiomyocyte+fibroblast+immune_pan",3.48986563674832e-13,1.05318771976734e-12,TRUE
"GSE141910","HF","disease_only","ME_HF_weighted","MTOR",FALSE,200,-0.797333605094411,2.69039954241323e-45,-0.806468924192875,4.56931675153312e-47,"cardiomyocyte+fibroblast+immune_pan",1.88327967968926e-44,3.19852172607318e-46,TRUE
"GSE141910","HF","disease_only","ME_HF_weighted","RPTOR",FALSE,200,0.3641888427017,1.14971782936755e-07,0.385243875314265,1.77143433457199e-08,"cardiomyocyte+fibroblast+immune_pan",1.34133746759547e-07,2.06667339033398e-08,TRUE
"GSE141910","HF","disease_only","ME_HF_weighted","TSC1",FALSE,200,-0.690983561488027,1.01209688586519e-29,-0.73170962979252,8.46820417636658e-35,"cardiomyocyte+fibroblast+immune_pan",1.77116955026409e-29,1.97591430781887e-34,TRUE
"GSE141910","HF","disease_only","ME_HF_weighted","TSC2",FALSE,200,0.402521243123293,3.44858040510609e-09,0.424549808033503,3.72056395657939e-10,"cardiomyocyte+fibroblast+immune_pan",4.38910233377139e-09,4.73526321746467e-10,TRUE
"GSE141910","HF","disease_only","ME_HCC_weighted","ATF4",FALSE,200,0.743897196316611,1.67261827466932e-36,0.782550304106771,1.28778187643612e-42,"cardiomyocyte+fibroblast+immune_pan",4.68333116907409e-36,6.00964875670191e-42,TRUE
"GSE141910","HF","disease_only","ME_HCC_weighted","MYC",FALSE,200,-0.126816019996787,0.0735440516539486,-0.0906606463295096,0.20169774429162,"cardiomyocyte+fibroblast+immune_pan",0.07920128639656,0.217212955390975,TRUE
"GSE141910","HF","disease_only","ME_HCC_weighted","XBP1",FALSE,200,-0.0627993552235192,0.377007984753531,-0.0551963179687202,0.43757597560248,"cardiomyocyte+fibroblast+immune_pan",0.377007984753531,0.43757597560248,TRUE
"GSE141910","HF","disease_only","ME_HCC_weighted","ATF6",FALSE,200,-0.811977390952095,3.51821383234168e-48,-0.825058032598056,5.60350506366976e-51,"cardiomyocyte+fibroblast+immune_pan",2.46274968263918e-47,3.92245354456883e-50,TRUE
"GSE141910","HF","disease_only","ME_HCC_weighted","EIF4EBP1",TRUE,200,0.849828617025753,5.63696311053307e-57,0.877470450201905,4.25364330960405e-65,"cardiomyocyte+fibroblast+immune_pan",7.8917483547463e-56,5.95510063344567e-64,TRUE
"GSE141910","HF","disease_only","ME_HCC_weighted","EIF2AK3",FALSE,200,-0.753733753903141,5.96612264965742e-38,-0.749883774820776,2.240510125276e-37,"cardiomyocyte+fibroblast+immune_pan",2.78419056984013e-37,6.27342835077279e-37,TRUE
"GSE141910","HF","disease_only","ME_HCC_weighted","ERN1",FALSE,200,-0.749183629402521,2.84267119994105e-37,-0.779137934197459,4.99797942334154e-42,"cardiomyocyte+fibroblast+immune_pan",9.94934919979368e-37,1.74929279816954e-41,TRUE
"GSE141910","HF","disease_only","ME_HCC_weighted","DDIT3",FALSE,200,0.730827931793487,1.11551296512721e-34,0.734521915658056,3.49026477956246e-35,"cardiomyocyte+fibroblast+immune_pan",2.60286358529683e-34,6.1079633642343e-35,TRUE
"GSE141910","HF","disease_only","ME_HCC_weighted","EIF4E",TRUE,200,-0.441096180810874,6.26513443745536e-11,-0.459458302285552,7.72878194091403e-12,"cardiomyocyte+fibroblast+immune_pan",8.77118821243750e-11,1.16451118017538e-11,TRUE
"GSE141910","HF","disease_only","ME_HCC_weighted","EIF4G1",TRUE,200,-0.457300429777541,9.94824194092157e-12,-0.458831905654766,8.31793700125269e-12,"cardiomyocyte+fibroblast+immune_pan",1.54750430192113e-11,1.16451118017538e-11,TRUE
"GSE141910","HF","disease_only","ME_HCC_weighted","MTOR",FALSE,200,-0.692740176578801,6.36323227305316e-30,-0.746725266248045,6.5166214702041e-37,"cardiomyocyte+fibroblast+immune_pan",1.27264645461063e-29,1.52054500971429e-36,TRUE
"GSE141910","HF","disease_only","ME_HCC_weighted","RPTOR",FALSE,200,0.394583697074096,7.39974432679743e-09,0.41117113386372,1.46640680347524e-09,"cardiomyocyte+fibroblast+immune_pan",8.63303504793034e-09,1.71080793738779e-09,TRUE
"GSE141910","HF","disease_only","ME_HCC_weighted","TSC1",FALSE,200,-0.629025941372522,1.98160458956938e-23,-0.736914437718558,1.62742895331633e-35,"cardiomyocyte+fibroblast+immune_pan",3.46780803174641e-23,3.25485790663266e-35,TRUE
"GSE141910","HF","disease_only","ME_HCC_weighted","TSC2",FALSE,200,0.404338026926987,2.88744462372629e-09,0.428232645154494,2.52350722237563e-10,"cardiomyocyte+fibroblast+immune_pan",3.67492952110619e-09,3.21173646484171e-10,TRUE
