"cohort","disease","set","panel","r","p","p_fdr"
"GSE57338","HF","KEGG_RIBOSOME","immune_pan",0.43004146334458,1.60740306317597e-15,1.20555229738198e-14
"GSE57338","HF","KEGG_RIBOSOME","myeloid",0.421633047303428,6.38522239836692e-15,4.10478582752159e-14
"GSE57338","HF","KEGG_RIBOSOME","fibroblast",0.259497786533363,3.27841389772307e-06,1.0537758956967e-05
"GSE57338","HF","KEGG_RIBOSOME","endothelial",-0.0192259870169229,0.734750717299282,0.806433714108968
"GSE57338","HF","KEGG_RIBOSOME","hepatocyte",0.118214095221515,0.0365829460463784,0.060971576743964
"GSE57338","HF","KEGG_RIBOSOME","cardiomyocyte",0.164244872471639,0.00356856434322565,0.00783343392415386
"GSE57338","HF","KEGG_AMINOACYL_TRNA_BIOSYNTHESIS","immune_pan",-0.385885271799648,1.48779873651899e-12,5.57924526194621e-12
"GSE57338","HF","KEGG_AMINOACYL_TRNA_BIOSYNTHESIS","myeloid",-0.370505710509936,1.27728831093416e-11,4.59823791936296e-11
"GSE57338","HF","KEGG_AMINOACYL_TRNA_BIOSYNTHESIS","fibroblast",-0.402773053158013,1.22878492901538e-13,5.82056019007286e-13
"GSE57338","HF","KEGG_AMINOACYL_TRNA_BIOSYNTHESIS","endothelial",-0.0354837176662632,0.531671582973339,0.629611085100007
"GSE57338","HF","KEGG_AMINOACYL_TRNA_BIOSYNTHESIS","hepatocyte",-0.0607015099149929,0.284344754558962,0.360437012821219
"GSE57338","HF","KEGG_AMINOACYL_TRNA_BIOSYNTHESIS","cardiomyocyte",0.0559924480746061,0.323437282559582,0.404296603199477
"GSE57338","HF","REACTOME_TRANSLATION","immune_pan",-0.154211016118821,0.00626219525486356,0.0129887591062462
"GSE57338","HF","REACTOME_TRANSLATION","myeloid",-0.138470429098074,0.014213858489778,0.0261070870220413
"GSE57338","HF","REACTOME_TRANSLATION","fibroblast",-0.423112286361709,5.02336389371547e-15,3.47771346487994e-14
"GSE57338","HF","REACTOME_TRANSLATION","endothelial",-0.0672583388090181,0.235423078105534,0.311589368080854
"GSE57338","HF","REACTOME_TRANSLATION","hepatocyte",0.0958859251563934,0.0903580372997781,0.147858606490546
"GSE57338","HF","REACTOME_TRANSLATION","cardiomyocyte",0.0802426486760402,0.156704630738328,0.231203553548352
"GSE57338","HF","REACTOME_EUKARYOTIC_TRANSLATION_INITIATION","immune_pan",0.395207360744526,3.82229122444925e-13,1.72003105100216e-12
"GSE57338","HF","REACTOME_EUKARYOTIC_TRANSLATION_INITIATION","myeloid",0.391462015825013,6.63278747684897e-13,2.61595870241853e-12
"GSE57338","HF","REACTOME_EUKARYOTIC_TRANSLATION_INITIATION","fibroblast",0.177788754878584,0.00158847060511938,0.00397117651279845
"GSE57338","HF","REACTOME_EUKARYOTIC_TRANSLATION_INITIATION","endothelial",0.00808025852051792,0.886776119426841,0.916348252787041
"GSE57338","HF","REACTOME_EUKARYOTIC_TRANSLATION_INITIATION","hepatocyte",0.136346165876305,0.0157853189016142,0.0284135740229056
"GSE57338","HF","REACTOME_EUKARYOTIC_TRANSLATION_INITIATION","cardiomyocyte",0.145646635073656,0.00987387279622016,0.0193184467752134
"GSE57338","HF","REACTOME_EUKARYOTIC_TRANSLATION_ELONGATION","immune_pan",0.421121537230366,6.93557394526113e-15,4.16134436715668e-14
"GSE57338","HF","REACTOME_EUKARYOTIC_TRANSLATION_ELONGATION","myeloid",0.416569336279032,1.43866594476549e-14,8.09249593930591e-14
"GSE57338","HF","REACTOME_EUKARYOTIC_TRANSLATION_ELONGATION","fibroblast",0.253781811904081,5.45337776821753e-06,1.58323870690186e-05
"GSE57338","HF","REACTOME_EUKARYOTIC_TRANSLATION_ELONGATION","endothelial",-0.00045703533172183,0.993574362098113,0.993574362098113
"GSE57338","HF","REACTOME_EUKARYOTIC_TRANSLATION_ELONGATION","hepatocyte",0.12700668535588,0.0246339693581086,0.0424083523281082
"GSE57338","HF","REACTOME_EUKARYOTIC_TRANSLATION_ELONGATION","cardiomyocyte",0.175910800437025,0.00178334625743281,0.00433786927483658
"GSE57338","HF","REACTOME_TRNA_AMINOACYLATION","immune_pan",-0.284768087807965,2.9850108282267e-07,1.03327297900155e-06
"GSE57338","HF","REACTOME_TRNA_AMINOACYLATION","myeloid",-0.270915600237944,1.14403186851935e-06,3.81343956173118e-06
"GSE57338","HF","REACTOME_TRNA_AMINOACYLATION","fibroblast",-0.392657246514896,5.5671791339159e-13,2.38593391453539e-12
"GSE57338","HF","REACTOME_TRNA_AMINOACYLATION","endothelial",-0.00989779074766355,0.861540538794608,0.901612191761799
"GSE57338","HF","REACTOME_TRNA_AMINOACYLATION","hepatocyte",-0.032503307860389,0.566717220461065,0.662396751188258
"GSE57338","HF","REACTOME_TRNA_AMINOACYLATION","cardiomyocyte",0.0400918702780514,0.479725630749452,0.575670756899343
"GSE57338","HF","REACTOME_CYTOSOLIC_TRNA_AMINOACYLATION","immune_pan",0.0657115128336716,0.246392107879463,0.321381010277561
"GSE57338","HF","REACTOME_CYTOSOLIC_TRNA_AMINOACYLATION","myeloid",0.073536941044096,0.194440822562152,0.270690510834064
"GSE57338","HF","REACTOME_CYTOSOLIC_TRNA_AMINOACYLATION","fibroblast",-0.153955109587561,0.00635006000749813,0.0129887591062462
"GSE57338","HF","REACTOME_CYTOSOLIC_TRNA_AMINOACYLATION","endothelial",0.0408032690506649,0.47195923676911,0.57400447715162
"GSE57338","HF","REACTOME_CYTOSOLIC_TRNA_AMINOACYLATION","hepatocyte",0.085214615695246,0.132502590652632,0.202122595910794
"GSE57338","HF","REACTOME_CYTOSOLIC_TRNA_AMINOACYLATION","cardiomyocyte",0.0873430719554897,0.123068133399571,0.190967793206231
"GSE57338","HF","REACTOME_RRNA_PROCESSING","immune_pan",0.210927051374373,0.000170506273990179,0.000465017110882307
"GSE57338","HF","REACTOME_RRNA_PROCESSING","myeloid",0.199152252336019,0.000392851984836573,0.00103990231280269
"GSE57338","HF","REACTOME_RRNA_PROCESSING","fibroblast",-0.072873662942644,0.198506374611647,0.270690510834064
"GSE57338","HF","REACTOME_RRNA_PROCESSING","endothelial",-0.0109691575630259,0.84672905502624,0.896536646498371
"GSE57338","HF","REACTOME_RRNA_PROCESSING","hepatocyte",0.0882551393973635,0.119188777560606,0.188192806674641
"GSE57338","HF","REACTOME_RRNA_PROCESSING","cardiomyocyte",0.0911739728883328,0.10741241506016,0.1726270956324
"GSE57338","HF","REACTOME_SRP_DEPENDENT_COTRANSLATIONAL_PROTEIN_TARGETING_TO_MEMBRANE","immune_pan",0.442879592375267,1.81456098824102e-16,1.81456098824102e-15
"GSE57338","HF","REACTOME_SRP_DEPENDENT_COTRANSLATIONAL_PROTEIN_TARGETING_TO_MEMBRANE","myeloid",0.433398591078641,9.16760219653232e-16,7.50076543352644e-15
"GSE57338","HF","REACTOME_SRP_DEPENDENT_COTRANSLATIONAL_PROTEIN_TARGETING_TO_MEMBRANE","fibroblast",0.211032444771772,0.000169201447818521,0.000465017110882307
"GSE57338","HF","REACTOME_SRP_DEPENDENT_COTRANSLATIONAL_PROTEIN_TARGETING_TO_MEMBRANE","endothelial",-0.0222170508341264,0.695401477212399,0.782326661863949
"GSE57338","HF","REACTOME_SRP_DEPENDENT_COTRANSLATIONAL_PROTEIN_TARGETING_TO_MEMBRANE","hepatocyte",0.129347589282952,0.022087487933844,0.0389779198832541
"GSE57338","HF","REACTOME_SRP_DEPENDENT_COTRANSLATIONAL_PROTEIN_TARGETING_TO_MEMBRANE","cardiomyocyte",0.166730871017691,0.00308934194588899,0.00695101937825023
"GSE57338","HF","REACTOME_RIBOSOME_ASSOCIATED_QUALITY_CONTROL","immune_pan",0.258101082342254,3.71662051904383e-06,1.15343395418602e-05
"GSE57338","HF","REACTOME_RIBOSOME_ASSOCIATED_QUALITY_CONTROL","myeloid",0.255780138932544,4.57083699933895e-06,1.37125109980168e-05
"GSE57338","HF","REACTOME_RIBOSOME_ASSOCIATED_QUALITY_CONTROL","fibroblast",0.0173714446433221,0.759508937561676,0.823563908199408
"GSE57338","HF","REACTOME_RIBOSOME_ASSOCIATED_QUALITY_CONTROL","endothelial",-0.047697565577324,0.400371134883348,0.493608248486319
"GSE57338","HF","REACTOME_RIBOSOME_ASSOCIATED_QUALITY_CONTROL","hepatocyte",0.163183499453772,0.00379292719912217,0.00812770114097607
"GSE57338","HF","REACTOME_RIBOSOME_ASSOCIATED_QUALITY_CONTROL","cardiomyocyte",0.175372511106975,0.0018431064107362,0.00436525202542783
"GSE57338","HF","REACTOME_RIBOSOME_QUALITY_CONTROL_RQC_COMPLEX_EXTRACTS_AND_DEGRADES_NASCENT_PEPTIDE","immune_pan",0.143697593321143,0.0109177151247269,0.020470715858863
"GSE57338","HF","REACTOME_RIBOSOME_QUALITY_CONTROL_RQC_COMPLEX_EXTRACTS_AND_DEGRADES_NASCENT_PEPTIDE","myeloid",0.144943363926948,0.0102398486832813,0.0196082208828791
"GSE57338","HF","REACTOME_RIBOSOME_QUALITY_CONTROL_RQC_COMPLEX_EXTRACTS_AND_DEGRADES_NASCENT_PEPTIDE","fibroblast",-0.126710268326187,0.0249738074821081,0.0424083523281082
"GSE57338","HF","REACTOME_RIBOSOME_QUALITY_CONTROL_RQC_COMPLEX_EXTRACTS_AND_DEGRADES_NASCENT_PEPTIDE","endothelial",-0.0637284745428247,0.260968983026395,0.335531549605365
"GSE57338","HF","REACTOME_RIBOSOME_QUALITY_CONTROL_RQC_COMPLEX_EXTRACTS_AND_DEGRADES_NASCENT_PEPTIDE","hepatocyte",0.178789212848984,0.00149281054633231,0.00383865569056881
"GSE57338","HF","REACTOME_RIBOSOME_QUALITY_CONTROL_RQC_COMPLEX_EXTRACTS_AND_DEGRADES_NASCENT_PEPTIDE","cardiomyocyte",0.149993226155848,0.00785854612112539,0.0157170922422508
"GSE57338","HF","REACTOME_MITOCHONDRIAL_TRANSLATION","immune_pan",-0.44072740984957,2.6326643632427e-16,2.36939792691843e-15
"GSE57338","HF","REACTOME_MITOCHONDRIAL_TRANSLATION","myeloid",-0.414613768302124,1.96164660898885e-14,9.80823304494424e-14
"GSE57338","HF","REACTOME_MITOCHONDRIAL_TRANSLATION","fibroblast",-0.574132797751158,7.68228867336982e-29,2.30468660201095e-27
"GSE57338","HF","REACTOME_MITOCHONDRIAL_TRANSLATION","endothelial",-0.073341443852085,0.195632747980944,0.270690510834064
"GSE57338","HF","REACTOME_MITOCHONDRIAL_TRANSLATION","hepatocyte",0.00741916020721001,0.895984958280662,0.916348252787041
"GSE57338","HF","REACTOME_MITOCHONDRIAL_TRANSLATION","cardiomyocyte",-0.0198024575619353,0.727109011307513,0.806433714108968
"GSE57338","HF","REACTOME_MITOCHONDRIAL_TRANSLATION_ELONGATION","immune_pan",-0.415086148931217,1.82042498890217e-14,9.63754405889385e-14
"GSE57338","HF","REACTOME_MITOCHONDRIAL_TRANSLATION_ELONGATION","myeloid",-0.391408157881122,6.68522779506959e-13,2.61595870241853e-12
"GSE57338","HF","REACTOME_MITOCHONDRIAL_TRANSLATION_ELONGATION","fibroblast",-0.552727761975479,1.94472973442423e-26,3.50051352196361e-25
"GSE57338","HF","REACTOME_MITOCHONDRIAL_TRANSLATION_ELONGATION","endothelial",-0.0741508101233492,0.19073261065575,0.270690510834064
"GSE57338","HF","REACTOME_MITOCHONDRIAL_TRANSLATION_ELONGATION","hepatocyte",0.0054727433265996,0.92317426121232,0.933547005720324
"GSE57338","HF","REACTOME_MITOCHONDRIAL_TRANSLATION_ELONGATION","cardiomyocyte",-0.011207821857546,0.84343669201862,0.896536646498371
"GSE57338","HF","REACTOME_MITOCHONDRIAL_TRNA_AMINOACYLATION","immune_pan",-0.593298155078,3.79360118881301e-31,3.41424106993171e-29
"GSE57338","HF","REACTOME_MITOCHONDRIAL_TRNA_AMINOACYLATION","myeloid",-0.576873043539009,3.67261808476069e-29,1.65267813814231e-27
"GSE57338","HF","REACTOME_MITOCHONDRIAL_TRNA_AMINOACYLATION","fibroblast",-0.445011996142939,1.25169954062591e-16,1.40816198320414e-15
"GSE57338","HF","REACTOME_MITOCHONDRIAL_TRNA_AMINOACYLATION","endothelial",-0.0745167962762974,0.188546588634409,0.270690510834064
"GSE57338","HF","REACTOME_MITOCHONDRIAL_TRNA_AMINOACYLATION","hepatocyte",-0.173308003947283,0.00208967404740755,0.00482232472478665
"GSE57338","HF","REACTOME_MITOCHONDRIAL_TRNA_AMINOACYLATION","cardiomyocyte",-0.0298025968242294,0.599396274214555,0.682856514927974
"GSE57338","HF","REACTOME_RRNA_PROCESSING_IN_THE_MITOCHONDRION","immune_pan",-0.511512851151208,2.86898362110005e-22,4.30347543165008e-21
"GSE57338","HF","REACTOME_RRNA_PROCESSING_IN_THE_MITOCHONDRION","myeloid",-0.480294199164219,1.81390084835329e-19,2.33215823359709e-18
"GSE57338","HF","REACTOME_RRNA_PROCESSING_IN_THE_MITOCHONDRION","fibroblast",-0.571166565716514,1.69460148643352e-28,3.81285334447541e-27
"GSE57338","HF","REACTOME_RRNA_PROCESSING_IN_THE_MITOCHONDRION","endothelial",-0.0820403113431475,0.14759575075841,0.221393626137614
"GSE57338","HF","REACTOME_RRNA_PROCESSING_IN_THE_MITOCHONDRION","hepatocyte",-0.0306625857635039,0.588898328554534,0.679498071409078
"GSE57338","HF","REACTOME_RRNA_PROCESSING_IN_THE_MITOCHONDRION","cardiomyocyte",-0.0674420463896193,0.234143567563268,0.311589368080854
"TCGA_LIHC","HCC","KEGG_RIBOSOME","immune_pan",0.103310618739128,0.0340796951522205,0.0608234078494214
"TCGA_LIHC","HCC","KEGG_RIBOSOME","myeloid",0.0782716747609528,0.108783134189739,0.161160198799613
"TCGA_LIHC","HCC","KEGG_RIBOSOME","lymphocyte",0.181437239933543,0.000181964697853368,0.000704379475561425
"TCGA_LIHC","HCC","KEGG_RIBOSOME","fibroblast",-0.103922197418475,0.033028188346305,0.0608234078494214
"TCGA_LIHC","HCC","KEGG_RIBOSOME","endothelial",-0.111701699314869,0.02188886083116,0.0416930682498285
"TCGA_LIHC","HCC","KEGG_RIBOSOME","hepatocyte",-0.0730305318811563,0.134652545904228,0.177563796796784
"TCGA_LIHC","HCC","KEGG_RIBOSOME","cardiomyocyte",0.0638325368552934,0.191153803257289,0.236478931864687
"TCGA_LIHC","HCC","KEGG_RIBOSOME","proliferation",0.176426034322805,0.00027500750370934,0.00097061471897414
"TCGA_LIHC","HCC","KEGG_AMINOACYL_TRNA_BIOSYNTHESIS","immune_pan",-0.157438555245495,0.00119111458699404,0.00348618903510451
"TCGA_LIHC","HCC","KEGG_AMINOACYL_TRNA_BIOSYNTHESIS","myeloid",-0.123648587208436,0.0111085640042474,0.0222171280084949
"TCGA_LIHC","HCC","KEGG_AMINOACYL_TRNA_BIOSYNTHESIS","lymphocyte",-0.177092484286645,0.000260475777583121,0.000947184645756804
"TCGA_LIHC","HCC","KEGG_AMINOACYL_TRNA_BIOSYNTHESIS","fibroblast",-0.2940422842668,7.65971610012304e-10,9.19165932014765e-09
"TCGA_LIHC","HCC","KEGG_AMINOACYL_TRNA_BIOSYNTHESIS","endothelial",-0.253914866989721,1.28335827317257e-07,8.10542067266885e-07
"TCGA_LIHC","HCC","KEGG_AMINOACYL_TRNA_BIOSYNTHESIS","hepatocyte",-0.00550128621843884,0.910393508832343,0.918043874452783
"TCGA_LIHC","HCC","KEGG_AMINOACYL_TRNA_BIOSYNTHESIS","cardiomyocyte",0.0730614481001484,0.134487148201076,0.177563796796784
"TCGA_LIHC","HCC","KEGG_AMINOACYL_TRNA_BIOSYNTHESIS","proliferation",0.275284466672018,9.30672866969685e-09,8.59082646433556e-08
"TCGA_LIHC","HCC","REACTOME_TRANSLATION","immune_pan",-0.0683811703152595,0.161353912381625,0.203815468271527
"TCGA_LIHC","HCC","REACTOME_TRANSLATION","myeloid",-0.0692250968637781,0.156232071072164,0.199525552523674
"TCGA_LIHC","HCC","REACTOME_TRANSLATION","lymphocyte",-0.002761114006596,0.954955452999473,0.954955452999473
"TCGA_LIHC","HCC","REACTOME_TRANSLATION","fibroblast",-0.313039583433065,5.03899958750877e-11,7.55849938126315e-10
"TCGA_LIHC","HCC","REACTOME_TRANSLATION","endothelial",-0.161579669181176,0.000876697798801394,0.00269753168861967
"TCGA_LIHC","HCC","REACTOME_TRANSLATION","hepatocyte",0.0466062787189187,0.340105838669626,0.381427108788366
"TCGA_LIHC","HCC","REACTOME_TRANSLATION","cardiomyocyte",-0.0880524799770715,0.0711026707575529,0.116222334941997
"TCGA_LIHC","HCC","REACTOME_TRANSLATION","proliferation",0.155495992491144,0.00137182968642189,0.00379973192974988
"TCGA_LIHC","HCC","REACTOME_EUKARYOTIC_TRANSLATION_INITIATION","immune_pan",0.0735888371947415,0.13168973219144,0.177559189471604
"TCGA_LIHC","HCC","REACTOME_EUKARYOTIC_TRANSLATION_INITIATION","myeloid",0.0643821511193563,0.187352424646702,0.234190530808378
"TCGA_LIHC","HCC","REACTOME_EUKARYOTIC_TRANSLATION_INITIATION","lymphocyte",0.13194222134002,0.0067072385180797,0.0143726539673136
"TCGA_LIHC","HCC","REACTOME_EUKARYOTIC_TRANSLATION_INITIATION","fibroblast",-0.132240472446157,0.00658321790745513,0.0143633845253566
"TCGA_LIHC","HCC","REACTOME_EUKARYOTIC_TRANSLATION_INITIATION","endothelial",-0.158204825340634,0.00112606435849836,0.00337819307549507
"TCGA_LIHC","HCC","REACTOME_EUKARYOTIC_TRANSLATION_INITIATION","hepatocyte",-0.11109238075459,0.0226249781040251,0.042421833945047
"TCGA_LIHC","HCC","REACTOME_EUKARYOTIC_TRANSLATION_INITIATION","cardiomyocyte",0.0755760679382867,0.121551101629519,0.16960618832026
"TCGA_LIHC","HCC","REACTOME_EUKARYOTIC_TRANSLATION_INITIATION","proliferation",0.257307759492498,8.59206186711249e-08,5.78665336820334e-07
"TCGA_LIHC","HCC","REACTOME_EUKARYOTIC_TRANSLATION_ELONGATION","immune_pan",0.0706293598096413,0.147983268100727,0.193021654044427
"TCGA_LIHC","HCC","REACTOME_EUKARYOTIC_TRANSLATION_ELONGATION","myeloid",0.0515083287652019,0.291690509388752,0.336565972371637
"TCGA_LIHC","HCC","REACTOME_EUKARYOTIC_TRANSLATION_ELONGATION","lymphocyte",0.141589206874322,0.003600321646383,0.00864077195131919
"TCGA_LIHC","HCC","REACTOME_EUKARYOTIC_TRANSLATION_ELONGATION","fibroblast",-0.0756675132676276,0.121099623470865,0.16960618832026
"TCGA_LIHC","HCC","REACTOME_EUKARYOTIC_TRANSLATION_ELONGATION","endothelial",-0.102803296693403,0.0349734595134173,0.0608234078494214
"TCGA_LIHC","HCC","REACTOME_EUKARYOTIC_TRANSLATION_ELONGATION","hepatocyte",-0.0795429059657603,0.103140652362038,0.158677926710827
"TCGA_LIHC","HCC","REACTOME_EUKARYOTIC_TRANSLATION_ELONGATION","cardiomyocyte",0.0692145995408797,0.156295016143545,0.199525552523674
"TCGA_LIHC","HCC","REACTOME_EUKARYOTIC_TRANSLATION_ELONGATION","proliferation",0.202799620186892,2.76053233698395e-05,0.000122690326088176
"TCGA_LIHC","HCC","REACTOME_TRNA_AMINOACYLATION","immune_pan",-0.0986944524998943,0.0429738820687929,0.0726319133557063
"TCGA_LIHC","HCC","REACTOME_TRNA_AMINOACYLATION","myeloid",-0.0425519256733035,0.383813583050885,0.422547063909231
"TCGA_LIHC","HCC","REACTOME_TRNA_AMINOACYLATION","lymphocyte",-0.125782968340705,0.00978189531086625,0.0198953802932873
"TCGA_LIHC","HCC","REACTOME_TRNA_AMINOACYLATION","fibroblast",-0.219030071180736,5.73436766032118e-06,2.86718383016059e-05
"TCGA_LIHC","HCC","REACTOME_TRNA_AMINOACYLATION","endothelial",-0.247509164187981,2.69506919196144e-07,1.54003953826368e-06
"TCGA_LIHC","HCC","REACTOME_TRNA_AMINOACYLATION","hepatocyte",-0.0789268957864472,0.105845219127575,0.158767828691363
"TCGA_LIHC","HCC","REACTOME_TRNA_AMINOACYLATION","cardiomyocyte",0.0764550237345374,0.117265492093256,0.169540470496274
"TCGA_LIHC","HCC","REACTOME_TRNA_AMINOACYLATION","proliferation",0.310297128026915,7.55556183426573e-11,1.00740824456876e-09
"TCGA_LIHC","HCC","REACTOME_CYTOSOLIC_TRNA_AMINOACYLATION","immune_pan",0.0840932301055222,0.0848211958202361,0.132188876602965
"TCGA_LIHC","HCC","REACTOME_CYTOSOLIC_TRNA_AMINOACYLATION","myeloid",0.144867969937483,0.00288873693432058,0.00723769435318222
"TCGA_LIHC","HCC","REACTOME_CYTOSOLIC_TRNA_AMINOACYLATION","lymphocyte",0.0344860907626896,0.480373759870127,0.514686171289422
"TCGA_LIHC","HCC","REACTOME_CYTOSOLIC_TRNA_AMINOACYLATION","fibroblast",-0.0575693182555604,0.238521875926935,0.286226251112322
"TCGA_LIHC","HCC","REACTOME_CYTOSOLIC_TRNA_AMINOACYLATION","endothelial",-0.239312017275451,6.7631767952294e-07,3.68900552467058e-06
"TCGA_LIHC","HCC","REACTOME_CYTOSOLIC_TRNA_AMINOACYLATION","hepatocyte",-0.20386251681003,2.49981678018488e-05,0.000119991205448874
"TCGA_LIHC","HCC","REACTOME_CYTOSOLIC_TRNA_AMINOACYLATION","cardiomyocyte",0.143067867185343,0.00326176357441857,0.00798799242714751
"TCGA_LIHC","HCC","REACTOME_CYTOSOLIC_TRNA_AMINOACYLATION","proliferation",0.384336659273481,2.868540547711e-16,1.1474162190844e-14
"TCGA_LIHC","HCC","REACTOME_RRNA_PROCESSING","immune_pan",-0.0482484662540866,0.323344839191861,0.366050761349276
"TCGA_LIHC","HCC","REACTOME_RRNA_PROCESSING","myeloid",-0.0200176672568293,0.682137504058943,0.718039477956782
"TCGA_LIHC","HCC","REACTOME_RRNA_PROCESSING","lymphocyte",-0.00663077915060693,0.892098612057586,0.907218927516189
"TCGA_LIHC","HCC","REACTOME_RRNA_PROCESSING","fibroblast",-0.315490686106281,3.49601668891385e-11,5.99317146670946e-10
"TCGA_LIHC","HCC","REACTOME_RRNA_PROCESSING","endothelial",-0.273047978986437,1.23819717823768e-08,1.06131186706086e-07
"TCGA_LIHC","HCC","REACTOME_RRNA_PROCESSING","hepatocyte",-0.075581814947298,0.12152268928713,0.16960618832026
"TCGA_LIHC","HCC","REACTOME_RRNA_PROCESSING","cardiomyocyte",0.0600039791869451,0.219212254802832,0.265711824003433
"TCGA_LIHC","HCC","REACTOME_RRNA_PROCESSING","proliferation",0.270734081342871,1.65919826096101e-08,1.32735860876881e-07
"TCGA_LIHC","HCC","REACTOME_SRP_DEPENDENT_COTRANSLATIONAL_PROTEIN_TARGETING_TO_MEMBRANE","immune_pan",0.0901685046926115,0.0645489790272089,0.107581631712015
"TCGA_LIHC","HCC","REACTOME_SRP_DEPENDENT_COTRANSLATIONAL_PROTEIN_TARGETING_TO_MEMBRANE","myeloid",0.053005818637539,0.277869469513017,0.323731420791865
"TCGA_LIHC","HCC","REACTOME_SRP_DEPENDENT_COTRANSLATIONAL_PROTEIN_TARGETING_TO_MEMBRANE","lymphocyte",0.162185024784504,0.000837772999082046,0.00264559894446962
"TCGA_LIHC","HCC","REACTOME_SRP_DEPENDENT_COTRANSLATIONAL_PROTEIN_TARGETING_TO_MEMBRANE","fibroblast",-0.127265559160122,0.00894511354900493,0.0185071314806998
"TCGA_LIHC","HCC","REACTOME_SRP_DEPENDENT_COTRANSLATIONAL_PROTEIN_TARGETING_TO_MEMBRANE","endothelial",-0.152726690409626,0.00167323241500467,0.00446195310667912
"TCGA_LIHC","HCC","REACTOME_SRP_DEPENDENT_COTRANSLATIONAL_PROTEIN_TARGETING_TO_MEMBRANE","hepatocyte",-0.0495081517442726,0.31085783673248,0.355266099122834
"TCGA_LIHC","HCC","REACTOME_SRP_DEPENDENT_COTRANSLATIONAL_PROTEIN_TARGETING_TO_MEMBRANE","cardiomyocyte",0.0875020251842694,0.072893838269656,0.11663014123145
"TCGA_LIHC","HCC","REACTOME_SRP_DEPENDENT_COTRANSLATIONAL_PROTEIN_TARGETING_TO_MEMBRANE","proliferation",0.257222266491061,8.67998005230501e-08,5.78665336820334e-07
"TCGA_LIHC","HCC","REACTOME_RIBOSOME_ASSOCIATED_QUALITY_CONTROL","immune_pan",0.0878767819564387,0.0716704398808984,0.116222334941997
"TCGA_LIHC","HCC","REACTOME_RIBOSOME_ASSOCIATED_QUALITY_CONTROL","myeloid",0.0790567849517069,0.105270331902405,0.158767828691363
"TCGA_LIHC","HCC","REACTOME_RIBOSOME_ASSOCIATED_QUALITY_CONTROL","lymphocyte",0.137506407896891,0.00470678569577699,0.0108618131441007
"TCGA_LIHC","HCC","REACTOME_RIBOSOME_ASSOCIATED_QUALITY_CONTROL","fibroblast",-0.156076577839668,0.00131533978556847,0.00375811367305277
"TCGA_LIHC","HCC","REACTOME_RIBOSOME_ASSOCIATED_QUALITY_CONTROL","endothelial",-0.166329524603779,0.000611306155201266,0.00209590681783291
"TCGA_LIHC","HCC","REACTOME_RIBOSOME_ASSOCIATED_QUALITY_CONTROL","hepatocyte",-0.0744828536348522,0.127050549211623,0.173410647204419
"TCGA_LIHC","HCC","REACTOME_RIBOSOME_ASSOCIATED_QUALITY_CONTROL","cardiomyocyte",0.0195965382075712,0.688471389501016,0.718404928174973
"TCGA_LIHC","HCC","REACTOME_RIBOSOME_ASSOCIATED_QUALITY_CONTROL","proliferation",0.282920467792032,3.44323504013548e-09,3.75625640742053e-08
"TCGA_LIHC","HCC","REACTOME_RIBOSOME_QUALITY_CONTROL_RQC_COMPLEX_EXTRACTS_AND_DEGRADES_NASCENT_PEPTIDE","immune_pan",0.0602249830994625,0.217516477460414,0.265711824003433
"TCGA_LIHC","HCC","REACTOME_RIBOSOME_QUALITY_CONTROL_RQC_COMPLEX_EXTRACTS_AND_DEGRADES_NASCENT_PEPTIDE","myeloid",0.0446367991045231,0.360925530612528,0.401028367347253
"TCGA_LIHC","HCC","REACTOME_RIBOSOME_QUALITY_CONTROL_RQC_COMPLEX_EXTRACTS_AND_DEGRADES_NASCENT_PEPTIDE","lymphocyte",0.112675915592302,0.020755040315413,0.0408295875057305
"TCGA_LIHC","HCC","REACTOME_RIBOSOME_QUALITY_CONTROL_RQC_COMPLEX_EXTRACTS_AND_DEGRADES_NASCENT_PEPTIDE","fibroblast",-0.179711136485758,0.000210042696256936,0.000787660110963511
"TCGA_LIHC","HCC","REACTOME_RIBOSOME_QUALITY_CONTROL_RQC_COMPLEX_EXTRACTS_AND_DEGRADES_NASCENT_PEPTIDE","endothelial",-0.196161140079843,5.07033851901758e-05,0.000217300222243611
"TCGA_LIHC","HCC","REACTOME_RIBOSOME_QUALITY_CONTROL_RQC_COMPLEX_EXTRACTS_AND_DEGRADES_NASCENT_PEPTIDE","hepatocyte",-0.0744599477762409,0.127167807949907,0.173410647204419
"TCGA_LIHC","HCC","REACTOME_RIBOSOME_QUALITY_CONTROL_RQC_COMPLEX_EXTRACTS_AND_DEGRADES_NASCENT_PEPTIDE","cardiomyocyte",0.0111506806104488,0.819553196046052,0.840567380560054
"TCGA_LIHC","HCC","REACTOME_RIBOSOME_QUALITY_CONTROL_RQC_COMPLEX_EXTRACTS_AND_DEGRADES_NASCENT_PEPTIDE","proliferation",0.320762631243689,1.57444182274368e-11,3.14888364548736e-10
"TCGA_LIHC","HCC","REACTOME_MITOCHONDRIAL_TRANSLATION","immune_pan",-0.135382960778558,0.00539605231756183,0.012217476945423
"TCGA_LIHC","HCC","REACTOME_MITOCHONDRIAL_TRANSLATION","myeloid",-0.155281721911631,0.00139323504090829,0.00379973192974988
"TCGA_LIHC","HCC","REACTOME_MITOCHONDRIAL_TRANSLATION","lymphocyte",-0.0350729590749662,0.472931071045549,0.511276833562756
"TCGA_LIHC","HCC","REACTOME_MITOCHONDRIAL_TRANSLATION","fibroblast",-0.384996766991129,2.52759709532848e-16,1.1474162190844e-14
"TCGA_LIHC","HCC","REACTOME_MITOCHONDRIAL_TRANSLATION","endothelial",-0.0865471289585322,0.0760882137606384,0.120139284885218
"TCGA_LIHC","HCC","REACTOME_MITOCHONDRIAL_TRANSLATION","hepatocyte",0.162255367734535,0.000833355001766089,0.00264559894446962
"TCGA_LIHC","HCC","REACTOME_MITOCHONDRIAL_TRANSLATION","cardiomyocyte",-0.203301204091055,2.63444398609316e-05,0.000121589722435069
"TCGA_LIHC","HCC","REACTOME_MITOCHONDRIAL_TRANSLATION","proliferation",-0.0552806446194326,0.257736522173969,0.306221610503725
"TCGA_LIHC","HCC","REACTOME_MITOCHONDRIAL_TRANSLATION_ELONGATION","immune_pan",-0.111742316707963,0.0218405377622584,0.0416930682498285
"TCGA_LIHC","HCC","REACTOME_MITOCHONDRIAL_TRANSLATION_ELONGATION","myeloid",-0.129183903020989,0.00795720818332062,0.0167520172280434
"TCGA_LIHC","HCC","REACTOME_MITOCHONDRIAL_TRANSLATION_ELONGATION","lymphocyte",-0.0120837962217538,0.804745221041004,0.832495056249315
"TCGA_LIHC","HCC","REACTOME_MITOCHONDRIAL_TRANSLATION_ELONGATION","fibroblast",-0.36953540145146,4.54609923131976e-15,1.36382976939593e-13
"TCGA_LIHC","HCC","REACTOME_MITOCHONDRIAL_TRANSLATION_ELONGATION","endothelial",-0.102974664362472,0.0346693512170782,0.0608234078494214
"TCGA_LIHC","HCC","REACTOME_MITOCHONDRIAL_TRANSLATION_ELONGATION","hepatocyte",0.137769974031846,0.00462702055082093,0.0108618131441007
"TCGA_LIHC","HCC","REACTOME_MITOCHONDRIAL_TRANSLATION_ELONGATION","cardiomyocyte",-0.193779133582215,6.27582251363059e-05,0.000251032900545224
"TCGA_LIHC","HCC","REACTOME_MITOCHONDRIAL_TRANSLATION_ELONGATION","proliferation",-0.0207393725908387,0.671334795502486,0.712921906728304
"TCGA_LIHC","HCC","REACTOME_MITOCHONDRIAL_TRNA_AMINOACYLATION","immune_pan",-0.277090143867624,7.37684024420133e-09,7.37684024420133e-08
"TCGA_LIHC","HCC","REACTOME_MITOCHONDRIAL_TRNA_AMINOACYLATION","myeloid",-0.249137548231911,2.23610418004299e-07,1.3416625080258e-06
"TCGA_LIHC","HCC","REACTOME_MITOCHONDRIAL_TRNA_AMINOACYLATION","lymphocyte",-0.258446660721754,7.49975148504764e-08,5.62481361378573e-07
"TCGA_LIHC","HCC","REACTOME_MITOCHONDRIAL_TRNA_AMINOACYLATION","fibroblast",-0.333318295763227,2.20999783019354e-12,5.30399479246449e-11
"TCGA_LIHC","HCC","REACTOME_MITOCHONDRIAL_TRNA_AMINOACYLATION","endothelial",-0.164468926313866,0.000704853973860041,0.00234951324620014
"TCGA_LIHC","HCC","REACTOME_MITOCHONDRIAL_TRNA_AMINOACYLATION","hepatocyte",0.0997003598410322,0.0408849233967193,0.0700884401086617
"TCGA_LIHC","HCC","REACTOME_MITOCHONDRIAL_TRNA_AMINOACYLATION","cardiomyocyte",-0.0375456488857257,0.442277617673694,0.482484673825848
"TCGA_LIHC","HCC","REACTOME_MITOCHONDRIAL_TRNA_AMINOACYLATION","proliferation",0.103484958552676,0.0337770807525448,0.0608234078494214
"TCGA_LIHC","HCC","REACTOME_RRNA_PROCESSING_IN_THE_MITOCHONDRION","immune_pan",-0.14565545893009,0.00273810308032235,0.00714287760084093
"TCGA_LIHC","HCC","REACTOME_RRNA_PROCESSING_IN_THE_MITOCHONDRION","myeloid",-0.134565848312334,0.00568461291690095,0.0126324731486688
"TCGA_LIHC","HCC","REACTOME_RRNA_PROCESSING_IN_THE_MITOCHONDRION","lymphocyte",-0.0766315829723592,0.116419054736213,0.169540470496274
"TCGA_LIHC","HCC","REACTOME_RRNA_PROCESSING_IN_THE_MITOCHONDRION","fibroblast",-0.398695180403436,1.71378826648721e-17,2.05654591978466e-15
"TCGA_LIHC","HCC","REACTOME_RRNA_PROCESSING_IN_THE_MITOCHONDRION","endothelial",-0.0544329037529166,0.265118137512066,0.311903691190666
"TCGA_LIHC","HCC","REACTOME_RRNA_PROCESSING_IN_THE_MITOCHONDRION","hepatocyte",0.19405020435379,6.12611201853224e-05,0.000251032900545224
"TCGA_LIHC","HCC","REACTOME_RRNA_PROCESSING_IN_THE_MITOCHONDRION","cardiomyocyte",-0.14483564745386,0.00289507774127289,0.00723769435318222
"TCGA_LIHC","HCC","REACTOME_RRNA_PROCESSING_IN_THE_MITOCHONDRION","proliferation",-0.227540437824136,2.39497338144223e-06,1.24955132944812e-05
"GSE116250","HF","KEGG_RIBOSOME","immune_pan",0.0414153125091078,0.745232646886732,0.904874149862198
"GSE116250","HF","KEGG_RIBOSOME","myeloid",0.0783971540026227,0.538049669557887,0.750766980778448
"GSE116250","HF","KEGG_RIBOSOME","lymphocyte",0.0536190173868901,0.673900565490679,0.890681964685267
"GSE116250","HF","KEGG_RIBOSOME","fibroblast",0.0901070904076484,0.478888382040692,0.700812266401012
"GSE116250","HF","KEGG_RIBOSOME","endothelial",-0.163545452696446,0.196602795432539,0.462594812782444
"GSE116250","HF","KEGG_RIBOSOME","hepatocyte",0.0135933314885853,0.915099789409339,0.966796562882652
"GSE116250","HF","KEGG_RIBOSOME","cardiomyocyte",0.0471232174757305,0.711560440101272,0.890681964685267
"GSE116250","HF","KEGG_RIBOSOME","proliferation",0.0219351529162614,0.863403501432232,0.964537870153946
"GSE116250","HF","KEGG_AMINOACYL_TRNA_BIOSYNTHESIS","immune_pan",-0.277028428804946,0.0266834906355513,0.152477089346007
"GSE116250","HF","KEGG_AMINOACYL_TRNA_BIOSYNTHESIS","myeloid",-0.390962140831928,0.00140208505170321,0.0229201035378373
"GSE116250","HF","KEGG_AMINOACYL_TRNA_BIOSYNTHESIS","lymphocyte",-0.137921989302458,0.277110452141226,0.563614478931308
"GSE116250","HF","KEGG_AMINOACYL_TRNA_BIOSYNTHESIS","fibroblast",-0.235643158549798,0.0608641029339585,0.269394574762257
"GSE116250","HF","KEGG_AMINOACYL_TRNA_BIOSYNTHESIS","endothelial",0.179982059717949,0.154698739109311,0.399370619614881
"GSE116250","HF","KEGG_AMINOACYL_TRNA_BIOSYNTHESIS","hepatocyte",-0.179571621913139,0.155657232568237,0.399370619614881
"GSE116250","HF","KEGG_AMINOACYL_TRNA_BIOSYNTHESIS","cardiomyocyte",-0.116986225601764,0.357253792248593,0.595422987080989
"GSE116250","HF","KEGG_AMINOACYL_TRNA_BIOSYNTHESIS","proliferation",-0.176061562943183,0.164034508848649,0.404935274544097
"GSE116250","HF","REACTOME_TRANSLATION","immune_pan",-0.250553938017544,0.0458358216106187,0.23914341709888
"GSE116250","HF","REACTOME_TRANSLATION","myeloid",-0.195635705700074,0.121321295072888,0.358631485971966
"GSE116250","HF","REACTOME_TRANSLATION","lymphocyte",-0.231983989073919,0.0651036889008788,0.269394574762257
"GSE116250","HF","REACTOME_TRANSLATION","fibroblast",-0.354287511377198,0.00407579133396022,0.044463178188657
"GSE116250","HF","REACTOME_TRANSLATION","endothelial",-0.206287950052964,0.101960966060073,0.330097430224471
"GSE116250","HF","REACTOME_TRANSLATION","hepatocyte",-0.156845427910414,0.215823489618903,0.488656957627705
"GSE116250","HF","REACTOME_TRANSLATION","cardiomyocyte",-0.175523030024695,0.16534857043884,0.404935274544097
"GSE116250","HF","REACTOME_TRANSLATION","proliferation",0.142634377566729,0.260866459489185,0.53972370928797
"GSE116250","HF","REACTOME_EUKARYOTIC_TRANSLATION_INITIATION","immune_pan",0.0211434401382165,0.868288964894921,0.964537870153946
"GSE116250","HF","REACTOME_EUKARYOTIC_TRANSLATION_INITIATION","myeloid",0.0911973592802772,0.473562314396582,0.700812266401012
"GSE116250","HF","REACTOME_EUKARYOTIC_TRANSLATION_INITIATION","lymphocyte",0.0198040408075478,0.876565155360526,0.964537870153946
"GSE116250","HF","REACTOME_EUKARYOTIC_TRANSLATION_INITIATION","fibroblast",-0.0130539787756214,0.918456734738519,0.966796562882652
"GSE116250","HF","REACTOME_EUKARYOTIC_TRANSLATION_INITIATION","endothelial",-0.226073022826829,0.072451196889826,0.285342780561705
"GSE116250","HF","REACTOME_EUKARYOTIC_TRANSLATION_INITIATION","hepatocyte",-0.034591015832097,0.786117828853806,0.943341394624567
"GSE116250","HF","REACTOME_EUKARYOTIC_TRANSLATION_INITIATION","cardiomyocyte",0.00870535101280461,0.945569534034381,0.974499613129481
"GSE116250","HF","REACTOME_EUKARYOTIC_TRANSLATION_INITIATION","proliferation",0.123891212669313,0.329381908643662,0.589937746824469
"GSE116250","HF","REACTOME_EUKARYOTIC_TRANSLATION_ELONGATION","immune_pan",0.0947486514891308,0.456436397780481,0.684654596670722
"GSE116250","HF","REACTOME_EUKARYOTIC_TRANSLATION_ELONGATION","myeloid",0.11215101038153,0.377607632556317,0.5962225777205
"GSE116250","HF","REACTOME_EUKARYOTIC_TRANSLATION_ELONGATION","lymphocyte",0.112856472286531,0.374595330251551,0.5962225777205
"GSE116250","HF","REACTOME_EUKARYOTIC_TRANSLATION_ELONGATION","fibroblast",0.165755307682115,0.190540075720901,0.457296181730163
"GSE116250","HF","REACTOME_EUKARYOTIC_TRANSLATION_ELONGATION","endothelial",-0.115289966842557,0.364316100293325,0.5962225777205
"GSE116250","HF","REACTOME_EUKARYOTIC_TRANSLATION_ELONGATION","hepatocyte",0.0185768321421084,0.884159714307784,0.964537870153946
"GSE116250","HF","REACTOME_EUKARYOTIC_TRANSLATION_ELONGATION","cardiomyocyte",0.112626302782402,0.375576550540196,0.5962225777205
"GSE116250","HF","REACTOME_EUKARYOTIC_TRANSLATION_ELONGATION","proliferation",0.0139083063408784,0.913140056982673,0.966796562882652
"GSE116250","HF","REACTOME_TRNA_AMINOACYLATION","immune_pan",-0.288027233564371,0.0210020168919205,0.132644317212129
"GSE116250","HF","REACTOME_TRNA_AMINOACYLATION","myeloid",-0.392334711413095,0.00134394605732676,0.0229201035378373
"GSE116250","HF","REACTOME_TRNA_AMINOACYLATION","lymphocyte",-0.152407977763593,0.22925828876952,0.500199902769861
"GSE116250","HF","REACTOME_TRNA_AMINOACYLATION","fibroblast",-0.244546704171088,0.0514753347634508,0.247081606864564
"GSE116250","HF","REACTOME_TRNA_AMINOACYLATION","endothelial",0.149573803593024,0.238136829183819,0.510293205393897
"GSE116250","HF","REACTOME_TRNA_AMINOACYLATION","hepatocyte",-0.184182258366741,0.145140133648627,0.395836728132618
"GSE116250","HF","REACTOME_TRNA_AMINOACYLATION","cardiomyocyte",-0.103272216409396,0.416752030064612,0.649483683217577
"GSE116250","HF","REACTOME_TRNA_AMINOACYLATION","proliferation",-0.118663643309989,0.350353260039663,0.595422987080989
"GSE116250","HF","REACTOME_CYTOSOLIC_TRNA_AMINOACYLATION","immune_pan",-0.349679400504383,0.00462132471516925,0.0452905263938602
"GSE116250","HF","REACTOME_CYTOSOLIC_TRNA_AMINOACYLATION","myeloid",-0.179246263479106,0.156420159349162,0.399370619614881
"GSE116250","HF","REACTOME_CYTOSOLIC_TRNA_AMINOACYLATION","lymphocyte",-0.404582891931898,0.00091358717932993,0.0219260923039183
"GSE116250","HF","REACTOME_CYTOSOLIC_TRNA_AMINOACYLATION","fibroblast",-0.415116704310991,0.00064777104317613,0.0194331312952839
"GSE116250","HF","REACTOME_CYTOSOLIC_TRNA_AMINOACYLATION","endothelial",-0.20464163693083,0.104785405868738,0.330097430224471
"GSE116250","HF","REACTOME_CYTOSOLIC_TRNA_AMINOACYLATION","hepatocyte",-0.0507322667736929,0.690545024914012,0.890681964685267
"GSE116250","HF","REACTOME_CYTOSOLIC_TRNA_AMINOACYLATION","cardiomyocyte",-0.223320575923219,0.076091408149788,0.285342780561705
"GSE116250","HF","REACTOME_CYTOSOLIC_TRNA_AMINOACYLATION","proliferation",0.218180328072134,0.0832781471963062,0.302698423417151
"GSE116250","HF","REACTOME_RRNA_PROCESSING","immune_pan",0.00679157418486727,0.957522890368959,0.974499613129481
"GSE116250","HF","REACTOME_RRNA_PROCESSING","myeloid",0.0495416563137136,0.697453165437902,0.890681964685267
"GSE116250","HF","REACTOME_RRNA_PROCESSING","lymphocyte",0.0236903067574664,0.852591290768028,0.964537870153946
"GSE116250","HF","REACTOME_RRNA_PROCESSING","fibroblast",-0.0545973901043469,0.668294117112761,0.890681964685267
"GSE116250","HF","REACTOME_RRNA_PROCESSING","endothelial",-0.210732371540316,0.094630928155276,0.324448896532375
"GSE116250","HF","REACTOME_RRNA_PROCESSING","hepatocyte",0.00625078472944364,0.960902438373562,0.974499613129481
"GSE116250","HF","REACTOME_RRNA_PROCESSING","cardiomyocyte",0.0479096660649318,0.706962062541551,0.890681964685267
"GSE116250","HF","REACTOME_RRNA_PROCESSING","proliferation",0.0824679051443415,0.517085116234104,0.738693023191577
"GSE116250","HF","REACTOME_SRP_DEPENDENT_COTRANSLATIONAL_PROTEIN_TARGETING_TO_MEMBRANE","immune_pan",0.131060016682145,0.301942733427451,0.589937746824469
"GSE116250","HF","REACTOME_SRP_DEPENDENT_COTRANSLATIONAL_PROTEIN_TARGETING_TO_MEMBRANE","myeloid",0.15391831030505,0.224621967617757,0.499159928039459
"GSE116250","HF","REACTOME_SRP_DEPENDENT_COTRANSLATIONAL_PROTEIN_TARGETING_TO_MEMBRANE","lymphocyte",0.124153733520528,0.328350128041854,0.589937746824469
"GSE116250","HF","REACTOME_SRP_DEPENDENT_COTRANSLATIONAL_PROTEIN_TARGETING_TO_MEMBRANE","fibroblast",0.204986764646937,0.10418833532964,0.330097430224471
"GSE116250","HF","REACTOME_SRP_DEPENDENT_COTRANSLATIONAL_PROTEIN_TARGETING_TO_MEMBRANE","endothelial",-0.0979566199940569,0.441262845034629,0.672143603583171
"GSE116250","HF","REACTOME_SRP_DEPENDENT_COTRANSLATIONAL_PROTEIN_TARGETING_TO_MEMBRANE","hepatocyte",-0.00957112539453744,0.940165716624745,0.974499613129481
"GSE116250","HF","REACTOME_SRP_DEPENDENT_COTRANSLATIONAL_PROTEIN_TARGETING_TO_MEMBRANE","cardiomyocyte",0.158462372912374,0.211068378248704,0.487080872881624
"GSE116250","HF","REACTOME_SRP_DEPENDENT_COTRANSLATIONAL_PROTEIN_TARGETING_TO_MEMBRANE","proliferation",0.0705517123817692,0.579592101545935,0.790352865744457
"GSE116250","HF","REACTOME_RIBOSOME_ASSOCIATED_QUALITY_CONTROL","immune_pan",0.0147166989874441,0.908112728678995,0.966796562882652
"GSE116250","HF","REACTOME_RIBOSOME_ASSOCIATED_QUALITY_CONTROL","myeloid",0.0265571734571948,0.834989483323424,0.964537870153946
"GSE116250","HF","REACTOME_RIBOSOME_ASSOCIATED_QUALITY_CONTROL","lymphocyte",0.0260596732540152,0.838038480265442,0.964537870153946
"GSE116250","HF","REACTOME_RIBOSOME_ASSOCIATED_QUALITY_CONTROL","fibroblast",0.0976939553249564,0.442494539025587,0.672143603583171
"GSE116250","HF","REACTOME_RIBOSOME_ASSOCIATED_QUALITY_CONTROL","endothelial",-0.117146052477995,0.356592723841775,0.595422987080989
"GSE116250","HF","REACTOME_RIBOSOME_ASSOCIATED_QUALITY_CONTROL","hepatocyte",-0.0411985629129769,0.746521173636314,0.904874149862198
"GSE116250","HF","REACTOME_RIBOSOME_ASSOCIATED_QUALITY_CONTROL","cardiomyocyte",0.0834688792394154,0.511994040370684,0.738693023191577
"GSE116250","HF","REACTOME_RIBOSOME_ASSOCIATED_QUALITY_CONTROL","proliferation",0.0325449306691237,0.798494816709695,0.94870671292241
"GSE116250","HF","REACTOME_RIBOSOME_QUALITY_CONTROL_RQC_COMPLEX_EXTRACTS_AND_DEGRADES_NASCENT_PEPTIDE","immune_pan",0.0300066777084492,0.813917586013311,0.95755010119213
"GSE116250","HF","REACTOME_RIBOSOME_QUALITY_CONTROL_RQC_COMPLEX_EXTRACTS_AND_DEGRADES_NASCENT_PEPTIDE","myeloid",0.0461530219117623,0.717247307689417,0.890681964685267
"GSE116250","HF","REACTOME_RIBOSOME_QUALITY_CONTROL_RQC_COMPLEX_EXTRACTS_AND_DEGRADES_NASCENT_PEPTIDE","lymphocyte",0.0202833681110528,0.873601816393606,0.964537870153946
"GSE116250","HF","REACTOME_RIBOSOME_QUALITY_CONTROL_RQC_COMPLEX_EXTRACTS_AND_DEGRADES_NASCENT_PEPTIDE","fibroblast",-0.00489151423165405,0.96939980372871,0.974499613129481
"GSE116250","HF","REACTOME_RIBOSOME_QUALITY_CONTROL_RQC_COMPLEX_EXTRACTS_AND_DEGRADES_NASCENT_PEPTIDE","endothelial",-0.127291379806097,0.316176857011901,0.589937746824469
"GSE116250","HF","REACTOME_RIBOSOME_QUALITY_CONTROL_RQC_COMPLEX_EXTRACTS_AND_DEGRADES_NASCENT_PEPTIDE","hepatocyte",0.00407599950680901,0.974499613129481,0.974499613129481
"GSE116250","HF","REACTOME_RIBOSOME_QUALITY_CONTROL_RQC_COMPLEX_EXTRACTS_AND_DEGRADES_NASCENT_PEPTIDE","cardiomyocyte",0.0726405456481076,0.568389275506585,0.78398520759529
"GSE116250","HF","REACTOME_RIBOSOME_QUALITY_CONTROL_RQC_COMPLEX_EXTRACTS_AND_DEGRADES_NASCENT_PEPTIDE","proliferation",0.0808935640590298,0.525143828988329,0.741379523277641
"GSE116250","HF","REACTOME_MITOCHONDRIAL_TRANSLATION","immune_pan",-0.356824609280199,0.00380045725185211,0.044463178188657
"GSE116250","HF","REACTOME_MITOCHONDRIAL_TRANSLATION","myeloid",-0.284262380056597,0.0228183795397143,0.136910277238286
"GSE116250","HF","REACTOME_MITOCHONDRIAL_TRANSLATION","lymphocyte",-0.34745916345474,0.00490647369266819,0.0452905263938602
"GSE116250","HF","REACTOME_MITOCHONDRIAL_TRANSLATION","fibroblast",-0.580046762198268,5.08182119458865e-07,6.09818543350638e-05
"GSE116250","HF","REACTOME_MITOCHONDRIAL_TRANSLATION","endothelial",-0.223610840156333,0.0757007906243164,0.285342780561705
"GSE116250","HF","REACTOME_MITOCHONDRIAL_TRANSLATION","hepatocyte",-0.125947531723461,0.321354804747018,0.589937746824469
"GSE116250","HF","REACTOME_MITOCHONDRIAL_TRANSLATION","cardiomyocyte",-0.364403976164758,0.00307350493329406,0.0409800657772541
"GSE116250","HF","REACTOME_MITOCHONDRIAL_TRANSLATION","proliferation",0.12707678877989,0.317000087596098,0.589937746824469
"GSE116250","HF","REACTOME_MITOCHONDRIAL_TRANSLATION_ELONGATION","immune_pan",-0.315491942009572,0.0111040609831591,0.0899932583627818
"GSE116250","HF","REACTOME_MITOCHONDRIAL_TRANSLATION_ELONGATION","myeloid",-0.264243450509279,0.0348631509673077,0.19016264163986
"GSE116250","HF","REACTOME_MITOCHONDRIAL_TRANSLATION_ELONGATION","lymphocyte",-0.296100775731794,0.0175175963780597,0.116783975853731
"GSE116250","HF","REACTOME_MITOCHONDRIAL_TRANSLATION_ELONGATION","fibroblast",-0.538053793496554,4.53192709627027e-06,0.000271915625776216
"GSE116250","HF","REACTOME_MITOCHONDRIAL_TRANSLATION_ELONGATION","endothelial",-0.193016488955987,0.126485847198551,0.358631485971966
"GSE116250","HF","REACTOME_MITOCHONDRIAL_TRANSLATION_ELONGATION","hepatocyte",-0.128796599861986,0.310440937454347,0.589937746824469
"GSE116250","HF","REACTOME_MITOCHONDRIAL_TRANSLATION_ELONGATION","cardiomyocyte",-0.313771720315865,0.0115759399155966,0.0899932583627818
"GSE116250","HF","REACTOME_MITOCHONDRIAL_TRANSLATION_ELONGATION","proliferation",0.120049050291005,0.344716635706856,0.595422987080989
"GSE116250","HF","REACTOME_MITOCHONDRIAL_TRNA_AMINOACYLATION","immune_pan",-0.216483715187999,0.0857645533015261,0.302698423417151
"GSE116250","HF","REACTOME_MITOCHONDRIAL_TRNA_AMINOACYLATION","myeloid",-0.388156667851497,0.00152800690252248,0.0229201035378373
"GSE116250","HF","REACTOME_MITOCHONDRIAL_TRNA_AMINOACYLATION","lymphocyte",-0.0456898030808519,0.719967921453924,0.890681964685267
"GSE116250","HF","REACTOME_MITOCHONDRIAL_TRNA_AMINOACYLATION","fibroblast",-0.146965852881157,0.246513395534875,0.518975569547105
"GSE116250","HF","REACTOME_MITOCHONDRIAL_TRNA_AMINOACYLATION","endothelial",0.233104460173544,0.0637809781541346,0.269394574762257
"GSE116250","HF","REACTOME_MITOCHONDRIAL_TRNA_AMINOACYLATION","hepatocyte",-0.192403277250995,0.127718751494927,0.358631485971966
"GSE116250","HF","REACTOME_MITOCHONDRIAL_TRNA_AMINOACYLATION","cardiomyocyte",-0.0470587446404738,0.711937870824052,0.890681964685267
"GSE116250","HF","REACTOME_MITOCHONDRIAL_TRNA_AMINOACYLATION","proliferation",-0.203214987858707,0.107281664822953,0.330097430224471
"GSE116250","HF","REACTOME_RRNA_PROCESSING_IN_THE_MITOCHONDRION","immune_pan",-0.303442156514496,0.0147906888186359,0.104404862249195
"GSE116250","HF","REACTOME_RRNA_PROCESSING_IN_THE_MITOCHONDRION","myeloid",-0.234189247449718,0.062521105767089,0.269394574762257
"GSE116250","HF","REACTOME_RRNA_PROCESSING_IN_THE_MITOCHONDRION","lymphocyte",-0.312279968259293,0.0119991011150376,0.0899932583627818
"GSE116250","HF","REACTOME_RRNA_PROCESSING_IN_THE_MITOCHONDRION","fibroblast",-0.425536119240905,0.000455897560886282,0.0182359024354513
"GSE116250","HF","REACTOME_RRNA_PROCESSING_IN_THE_MITOCHONDRION","endothelial",-0.120126724734446,0.344402291941614,0.595422987080989
"GSE116250","HF","REACTOME_RRNA_PROCESSING_IN_THE_MITOCHONDRION","hepatocyte",-0.135276243633166,0.286519112046935,0.573038224093871
"GSE116250","HF","REACTOME_RRNA_PROCESSING_IN_THE_MITOCHONDRION","cardiomyocyte",-0.245165593010442,0.0508693462123324,0.247081606864564
"GSE116250","HF","REACTOME_RRNA_PROCESSING_IN_THE_MITOCHONDRION","proliferation",0.19201228473235,0.128509615806621,0.358631485971966
"GSE14520_GPL3921","HCC","KEGG_RIBOSOME","immune_pan",-0.0303463194970237,0.523146395087788,0.553883788034768
"GSE14520_GPL3921","HCC","KEGG_RIBOSOME","myeloid",-0.106401690386334,0.0247932872069657,0.0307562296997803
"GSE14520_GPL3921","HCC","KEGG_RIBOSOME","lymphocyte",-0.0668322652443214,0.159297903891469,0.185847554540047
"GSE14520_GPL3921","HCC","KEGG_RIBOSOME","fibroblast",0.113622889086314,0.0164890918474814,0.0207170641160664
"GSE14520_GPL3921","HCC","KEGG_RIBOSOME","endothelial",0.034395691266181,0.469218434002063,0.516667489125867
"GSE14520_GPL3921","HCC","KEGG_RIBOSOME","hepatocyte",-0.346518480736615,5.32835646205465e-14,1.5823604038829e-13
"GSE14520_GPL3921","HCC","KEGG_RIBOSOME","proliferation",0.558794526720154,6.60404271937585e-38,6.47196186498833e-37
"GSE14520_GPL3921","HCC","KEGG_AMINOACYL_TRNA_BIOSYNTHESIS","immune_pan",-0.345284754477021,6.62750482334193e-14,1.85570135053574e-13
"GSE14520_GPL3921","HCC","KEGG_AMINOACYL_TRNA_BIOSYNTHESIS","myeloid",-0.422363413991394,1.11372624293642e-20,5.7444827267247e-20
"GSE14520_GPL3921","HCC","KEGG_AMINOACYL_TRNA_BIOSYNTHESIS","lymphocyte",-0.285110520997747,9.06371779726892e-10,1.93096596550512e-09
"GSE14520_GPL3921","HCC","KEGG_AMINOACYL_TRNA_BIOSYNTHESIS","fibroblast",-0.363742980767758,2.2876539610618e-15,7.47300293946855e-15
"GSE14520_GPL3921","HCC","KEGG_AMINOACYL_TRNA_BIOSYNTHESIS","endothelial",-0.206212346222745,1.15966311254269e-05,1.89411641715306e-05
"GSE14520_GPL3921","HCC","KEGG_AMINOACYL_TRNA_BIOSYNTHESIS","hepatocyte",-0.0898521609273802,0.058233683985987,0.0695963540320332
"GSE14520_GPL3921","HCC","KEGG_AMINOACYL_TRNA_BIOSYNTHESIS","proliferation",0.258660969518363,3.10173758789305e-08,5.96020163948076e-08
"GSE14520_GPL3921","HCC","REACTOME_TRANSLATION","immune_pan",-0.316766461702809,7.90071223347428e-12,2.09262107805535e-11
"GSE14520_GPL3921","HCC","REACTOME_TRANSLATION","myeloid",-0.353130488268085,1.62776521820635e-14,4.98503098075696e-14
"GSE14520_GPL3921","HCC","REACTOME_TRANSLATION","lymphocyte",-0.359214746653251,5.33228272309043e-15,1.68568937697698e-14
"GSE14520_GPL3921","HCC","REACTOME_TRANSLATION","fibroblast",-0.296960867855746,1.64244239084596e-10,3.74324079774196e-10
"GSE14520_GPL3921","HCC","REACTOME_TRANSLATION","endothelial",-0.20329320918247,1.54885536036071e-05,2.48832500516967e-05
"GSE14520_GPL3921","HCC","REACTOME_TRANSLATION","hepatocyte",-0.414955878508013,5.99446301475626e-20,2.93728687723057e-19
"GSE14520_GPL3921","HCC","REACTOME_TRANSLATION","proliferation",0.766710984035936,2.6848845172029e-87,8.77062275619613e-86
"GSE14520_GPL3921","HCC","REACTOME_EUKARYOTIC_TRANSLATION_INITIATION","immune_pan",-0.121162621436796,0.0105224501776565,0.0133922093170174
"GSE14520_GPL3921","HCC","REACTOME_EUKARYOTIC_TRANSLATION_INITIATION","myeloid",-0.187880502322372,6.66991770621825e-05,9.90381720014225e-05
"GSE14520_GPL3921","HCC","REACTOME_EUKARYOTIC_TRANSLATION_INITIATION","lymphocyte",-0.144628525511929,0.00222480461237856,0.00298672400017943
"GSE14520_GPL3921","HCC","REACTOME_EUKARYOTIC_TRANSLATION_INITIATION","fibroblast",-0.00956996892757082,0.840451870499619,0.857760894066488
"GSE14520_GPL3921","HCC","REACTOME_EUKARYOTIC_TRANSLATION_INITIATION","endothelial",-0.057267311966213,0.2279535949333,0.256775313832913
"GSE14520_GPL3921","HCC","REACTOME_EUKARYOTIC_TRANSLATION_INITIATION","hepatocyte",-0.43219014911018,1.11883639434715e-21,6.85287291537632e-21
"GSE14520_GPL3921","HCC","REACTOME_EUKARYOTIC_TRANSLATION_INITIATION","proliferation",0.632849905702679,3.59922099119441e-51,5.87872761895087e-50
"GSE14520_GPL3921","HCC","REACTOME_EUKARYOTIC_TRANSLATION_ELONGATION","immune_pan",0.00691379025801167,0.884364991572405,0.884364991572405
"GSE14520_GPL3921","HCC","REACTOME_EUKARYOTIC_TRANSLATION_ELONGATION","myeloid",-0.0659143966279453,0.165117331613986,0.190370570566713
"GSE14520_GPL3921","HCC","REACTOME_EUKARYOTIC_TRANSLATION_ELONGATION","lymphocyte",-0.0178828619411196,0.706761942574219,0.729080740760774
"GSE14520_GPL3921","HCC","REACTOME_EUKARYOTIC_TRANSLATION_ELONGATION","fibroblast",0.160079234954098,0.000700818640783515,0.000981146097096921
"GSE14520_GPL3921","HCC","REACTOME_EUKARYOTIC_TRANSLATION_ELONGATION","endothelial",0.0588147831960849,0.215611615526013,0.245696957227317
"GSE14520_GPL3921","HCC","REACTOME_EUKARYOTIC_TRANSLATION_ELONGATION","hepatocyte",-0.312400797703593,1.57286503579204e-11,3.95232752583642e-11
"GSE14520_GPL3921","HCC","REACTOME_EUKARYOTIC_TRANSLATION_ELONGATION","proliferation",0.471181999912346,5.65440596879494e-26,4.2625521918608e-25
"GSE14520_GPL3921","HCC","REACTOME_TRNA_AMINOACYLATION","immune_pan",-0.316301041902197,8.50703465775022e-12,2.19391946436716e-11
"GSE14520_GPL3921","HCC","REACTOME_TRNA_AMINOACYLATION","myeloid",-0.401426947202566,1.16615204505616e-18,5.44204287692877e-18
"GSE14520_GPL3921","HCC","REACTOME_TRNA_AMINOACYLATION","lymphocyte",-0.299212379694176,1.17663993477734e-10,2.74549318114713e-10
"GSE14520_GPL3921","HCC","REACTOME_TRNA_AMINOACYLATION","fibroblast",-0.287366802503386,6.58730632193906e-10,1.46717277170461e-09
"GSE14520_GPL3921","HCC","REACTOME_TRNA_AMINOACYLATION","endothelial",-0.189741085192013,5.62573123449557e-05,8.61440095282134e-05
"GSE14520_GPL3921","HCC","REACTOME_TRNA_AMINOACYLATION","hepatocyte",-0.272884332996978,4.86470482009396e-09,1.01434270716853e-08
"GSE14520_GPL3921","HCC","REACTOME_TRNA_AMINOACYLATION","proliferation",0.572692078482418,3.83966288884912e-40,5.37552804438877e-39
"GSE14520_GPL3921","HCC","REACTOME_RRNA_PROCESSING","immune_pan",-0.244281092239,1.80984389953856e-07,3.34650381424112e-07
"GSE14520_GPL3921","HCC","REACTOME_RRNA_PROCESSING","myeloid",-0.328590199404673,1.1561241963164e-12,3.14722697886130e-12
"GSE14520_GPL3921","HCC","REACTOME_RRNA_PROCESSING","lymphocyte",-0.258726262565025,3.07623213148773e-08,5.96020163948076e-08
"GSE14520_GPL3921","HCC","REACTOME_RRNA_PROCESSING","fibroblast",-0.175772708599161,0.00019411588651492,0.000279755248212679
"GSE14520_GPL3921","HCC","REACTOME_RRNA_PROCESSING","endothelial",-0.174453117738885,0.000217186584402105,0.00030846790248415
"GSE14520_GPL3921","HCC","REACTOME_RRNA_PROCESSING","hepatocyte",-0.458680368461586,1.55087306314014e-24,1.0856111441981e-23
"GSE14520_GPL3921","HCC","REACTOME_RRNA_PROCESSING","proliferation",0.671563524658273,1.1639289163581e-59,2.28130067606188e-58
"GSE14520_GPL3921","HCC","REACTOME_SRP_DEPENDENT_COTRANSLATIONAL_PROTEIN_TARGETING_TO_MEMBRANE","immune_pan",-0.129075654750768,0.00639886071111667,0.00836117799585911
"GSE14520_GPL3921","HCC","REACTOME_SRP_DEPENDENT_COTRANSLATIONAL_PROTEIN_TARGETING_TO_MEMBRANE","myeloid",-0.189469771566676,5.76773794213607e-05,8.69597412814361e-05
"GSE14520_GPL3921","HCC","REACTOME_SRP_DEPENDENT_COTRANSLATIONAL_PROTEIN_TARGETING_TO_MEMBRANE","lymphocyte",-0.179146838297115,0.000145130791003338,0.000212280858482494
"GSE14520_GPL3921","HCC","REACTOME_SRP_DEPENDENT_COTRANSLATIONAL_PROTEIN_TARGETING_TO_MEMBRANE","fibroblast",0.0301656393753654,0.525624411094219,0.553883788034768
"GSE14520_GPL3921","HCC","REACTOME_SRP_DEPENDENT_COTRANSLATIONAL_PROTEIN_TARGETING_TO_MEMBRANE","endothelial",-0.0273265504610522,0.565331714450177,0.589388383150185
"GSE14520_GPL3921","HCC","REACTOME_SRP_DEPENDENT_COTRANSLATIONAL_PROTEIN_TARGETING_TO_MEMBRANE","hepatocyte",-0.400806376111513,1.33193407193193e-18,5.9331608658786e-18
"GSE14520_GPL3921","HCC","REACTOME_SRP_DEPENDENT_COTRANSLATIONAL_PROTEIN_TARGETING_TO_MEMBRANE","proliferation",0.678338132143381,2.79072446282111e-61,6.83727493391172e-60
"GSE14520_GPL3921","HCC","REACTOME_RIBOSOME_ASSOCIATED_QUALITY_CONTROL","immune_pan",-0.192136344057902,4.5075570067065e-05,7.01175534376566e-05
"GSE14520_GPL3921","HCC","REACTOME_RIBOSOME_ASSOCIATED_QUALITY_CONTROL","myeloid",-0.227408444748493,1.25123015842815e-06,2.2707510282585e-06
"GSE14520_GPL3921","HCC","REACTOME_RIBOSOME_ASSOCIATED_QUALITY_CONTROL","lymphocyte",-0.264368805704706,1.49418495725772e-08,3.05062762106785e-08
"GSE14520_GPL3921","HCC","REACTOME_RIBOSOME_ASSOCIATED_QUALITY_CONTROL","fibroblast",-0.128177254831232,0.00677974836009711,0.00874230709591469
"GSE14520_GPL3921","HCC","REACTOME_RIBOSOME_ASSOCIATED_QUALITY_CONTROL","endothelial",-0.152239149377741,0.00127632094733266,0.00173721462275835
"GSE14520_GPL3921","HCC","REACTOME_RIBOSOME_ASSOCIATED_QUALITY_CONTROL","hepatocyte",-0.490859768742964,2.31873516102073e-28,1.8936337148336e-27
"GSE14520_GPL3921","HCC","REACTOME_RIBOSOME_ASSOCIATED_QUALITY_CONTROL","proliferation",0.775485772028803,1.63136302881715e-90,7.99367884120404e-89
"GSE14520_GPL3921","HCC","REACTOME_RIBOSOME_QUALITY_CONTROL_RQC_COMPLEX_EXTRACTS_AND_DEGRADES_NASCENT_PEPTIDE","immune_pan",-0.225849214358855,1.48515448698609e-06,2.64627526772067e-06
"GSE14520_GPL3921","HCC","REACTOME_RIBOSOME_QUALITY_CONTROL_RQC_COMPLEX_EXTRACTS_AND_DEGRADES_NASCENT_PEPTIDE","myeloid",-0.257299054531496,3.68280659291292e-08,6.94067396356666e-08
"GSE14520_GPL3921","HCC","REACTOME_RIBOSOME_QUALITY_CONTROL_RQC_COMPLEX_EXTRACTS_AND_DEGRADES_NASCENT_PEPTIDE","lymphocyte",-0.299750829094803,1.08596784476326e-10,2.59572801919024e-10
"GSE14520_GPL3921","HCC","REACTOME_RIBOSOME_QUALITY_CONTROL_RQC_COMPLEX_EXTRACTS_AND_DEGRADES_NASCENT_PEPTIDE","fibroblast",-0.141801651567598,0.00271705148340487,0.00359825736991456
"GSE14520_GPL3921","HCC","REACTOME_RIBOSOME_QUALITY_CONTROL_RQC_COMPLEX_EXTRACTS_AND_DEGRADES_NASCENT_PEPTIDE","endothelial",-0.158579456593632,0.000787660698383325,0.00108719364002205
"GSE14520_GPL3921","HCC","REACTOME_RIBOSOME_QUALITY_CONTROL_RQC_COMPLEX_EXTRACTS_AND_DEGRADES_NASCENT_PEPTIDE","hepatocyte",-0.50197660134668,8.84442634071414e-30,7.87957983081805e-29
"GSE14520_GPL3921","HCC","REACTOME_RIBOSOME_QUALITY_CONTROL_RQC_COMPLEX_EXTRACTS_AND_DEGRADES_NASCENT_PEPTIDE","proliferation",0.777524576731355,2.78146549607258e-91,2.72583618615112e-89
"GSE14520_GPL3921","HCC","REACTOME_MITOCHONDRIAL_TRANSLATION","immune_pan",-0.368091306209298,1.00217474396257e-15,3.63752314475304e-15
"GSE14520_GPL3921","HCC","REACTOME_MITOCHONDRIAL_TRANSLATION","myeloid",-0.396360145893518,3.42417107169556e-18,1.45899463054854e-17
"GSE14520_GPL3921","HCC","REACTOME_MITOCHONDRIAL_TRANSLATION","lymphocyte",-0.374398805304331,2.95974829244234e-16,1.1602213306374e-15
"GSE14520_GPL3921","HCC","REACTOME_MITOCHONDRIAL_TRANSLATION","fibroblast",-0.435351523436176,5.25648571282791e-22,3.4342373323809e-21
"GSE14520_GPL3921","HCC","REACTOME_MITOCHONDRIAL_TRANSLATION","endothelial",-0.212338627491275,6.23334283161346e-06,1.05321999568641e-05
"GSE14520_GPL3921","HCC","REACTOME_MITOCHONDRIAL_TRANSLATION","hepatocyte",-0.223022250512777,2.0201158407415e-06,3.53520272129763e-06
"GSE14520_GPL3921","HCC","REACTOME_MITOCHONDRIAL_TRANSLATION","proliferation",0.571228663969819,6.67911479779562e-40,8.18191562729964e-39
"GSE14520_GPL3921","HCC","REACTOME_MITOCHONDRIAL_TRANSLATION_ELONGATION","immune_pan",-0.363959652296028,2.19612991615351e-15,7.47300293946855e-15
"GSE14520_GPL3921","HCC","REACTOME_MITOCHONDRIAL_TRANSLATION_ELONGATION","myeloid",-0.390447423264132,1.17591496715596e-17,4.80165278255351e-17
"GSE14520_GPL3921","HCC","REACTOME_MITOCHONDRIAL_TRANSLATION_ELONGATION","lymphocyte",-0.368752927419877,8.82928715001039e-16,3.3279620796193e-15
"GSE14520_GPL3921","HCC","REACTOME_MITOCHONDRIAL_TRANSLATION_ELONGATION","fibroblast",-0.428080015815371,2.95238211645028e-21,1.70196145536545e-20
"GSE14520_GPL3921","HCC","REACTOME_MITOCHONDRIAL_TRANSLATION_ELONGATION","endothelial",-0.202947157759308,1.6024734028065e-05,2.53294183024253e-05
"GSE14520_GPL3921","HCC","REACTOME_MITOCHONDRIAL_TRANSLATION_ELONGATION","hepatocyte",-0.22118280614492,2.46251817342436e-06,4.23380317536118e-06
"GSE14520_GPL3921","HCC","REACTOME_MITOCHONDRIAL_TRANSLATION_ELONGATION","proliferation",0.566467289101528,3.96913517566405e-39,4.32194719127863e-38
"GSE14520_GPL3921","HCC","REACTOME_MITOCHONDRIAL_TRNA_AMINOACYLATION","immune_pan",-0.345284754477021,6.62750482334193e-14,1.85570135053574e-13
"GSE14520_GPL3921","HCC","REACTOME_MITOCHONDRIAL_TRNA_AMINOACYLATION","myeloid",-0.422363413991394,1.11372624293642e-20,5.7444827267247e-20
"GSE14520_GPL3921","HCC","REACTOME_MITOCHONDRIAL_TRNA_AMINOACYLATION","lymphocyte",-0.285110520997747,9.06371779726892e-10,1.93096596550512e-09
"GSE14520_GPL3921","HCC","REACTOME_MITOCHONDRIAL_TRNA_AMINOACYLATION","fibroblast",-0.363742980767758,2.2876539610618e-15,7.47300293946855e-15
"GSE14520_GPL3921","HCC","REACTOME_MITOCHONDRIAL_TRNA_AMINOACYLATION","endothelial",-0.206212346222745,1.15966311254269e-05,1.89411641715306e-05
"GSE14520_GPL3921","HCC","REACTOME_MITOCHONDRIAL_TRNA_AMINOACYLATION","hepatocyte",-0.0898521609273802,0.058233683985987,0.0695963540320332
"GSE14520_GPL3921","HCC","REACTOME_MITOCHONDRIAL_TRNA_AMINOACYLATION","proliferation",0.258660969518363,3.10173758789305e-08,5.96020163948076e-08
"GSE14520_GPL3921","HCC","REACTOME_RRNA_PROCESSING_IN_THE_MITOCHONDRION","immune_pan",0.00905033768096816,0.849008231882137,0.857760894066488
"GSE14520_GPL3921","HCC","REACTOME_RRNA_PROCESSING_IN_THE_MITOCHONDRION","myeloid",0.0311709414777456,0.511913131288157,0.551291064464169
"GSE14520_GPL3921","HCC","REACTOME_RRNA_PROCESSING_IN_THE_MITOCHONDRION","lymphocyte",0.0318681041772673,0.502514948078268,0.547182943463002
"GSE14520_GPL3921","HCC","REACTOME_RRNA_PROCESSING_IN_THE_MITOCHONDRION","fibroblast",-0.0930820662162593,0.0497266784995461,0.060915181161944
"GSE14520_GPL3921","HCC","REACTOME_RRNA_PROCESSING_IN_THE_MITOCHONDRION","endothelial",-0.0696263061496131,0.142534574290359,0.168293834704279
"GSE14520_GPL3921","HCC","REACTOME_RRNA_PROCESSING_IN_THE_MITOCHONDRION","hepatocyte",0.0516474761111572,0.276963441979103,0.308436560385819
"GSE14520_GPL3921","HCC","REACTOME_RRNA_PROCESSING_IN_THE_MITOCHONDRION","proliferation",-0.307613893230157,3.30351583884461e-11,8.0936138051693e-11
"GSE14520_GPL571","HCC","KEGG_RIBOSOME","immune_pan",-0.369947552241195,0.017279110549882,0.0422143795782554
"GSE14520_GPL571","HCC","KEGG_RIBOSOME","myeloid",-0.219051678951676,0.168816344401957,0.272703325572392
"GSE14520_GPL571","HCC","KEGG_RIBOSOME","lymphocyte",-0.359261402162957,0.0210621184195588,0.0462886953550776
"GSE14520_GPL571","HCC","KEGG_RIBOSOME","fibroblast",0.0551921030316484,0.731798407849655,0.792142165158228
"GSE14520_GPL571","HCC","KEGG_RIBOSOME","endothelial",-0.107220915790939,0.504615859460279,0.587459511092111
"GSE14520_GPL571","HCC","KEGG_RIBOSOME","hepatocyte",-0.386580712677523,0.0125359338881923,0.032302229974474
"GSE14520_GPL571","HCC","KEGG_RIBOSOME","proliferation",0.312455205969193,0.0467093268365814,0.0903570612606927
"GSE14520_GPL571","HCC","KEGG_AMINOACYL_TRNA_BIOSYNTHESIS","immune_pan",-0.577028918437653,7.83738873040364e-05,0.00164585163338477
"GSE14520_GPL571","HCC","KEGG_AMINOACYL_TRNA_BIOSYNTHESIS","myeloid",-0.537498655339997,0.000290220850570997,0.00277028993726861
"GSE14520_GPL571","HCC","KEGG_AMINOACYL_TRNA_BIOSYNTHESIS","lymphocyte",-0.481338806450077,0.00144243776603018,0.00688436206514405
"GSE14520_GPL571","HCC","KEGG_AMINOACYL_TRNA_BIOSYNTHESIS","fibroblast",-0.037780493258716,0.814584741464576,0.846845523304757
"GSE14520_GPL571","HCC","KEGG_AMINOACYL_TRNA_BIOSYNTHESIS","endothelial",-0.308282697257739,0.0498811839117252,0.0935272198344848
"GSE14520_GPL571","HCC","KEGG_AMINOACYL_TRNA_BIOSYNTHESIS","hepatocyte",-0.432230060650169,0.00477038575146407,0.0156528282469915
"GSE14520_GPL571","HCC","KEGG_AMINOACYL_TRNA_BIOSYNTHESIS","proliferation",0.359005613859957,0.0211605464480355,0.0462886953550776
"GSE14520_GPL571","HCC","REACTOME_TRANSLATION","immune_pan",-0.434708442386827,0.00450934252543114,0.0152735795216216
"GSE14520_GPL571","HCC","REACTOME_TRANSLATION","myeloid",-0.21608776820898,0.174799618996122,0.278090302948376
"GSE14520_GPL571","HCC","REACTOME_TRANSLATION","lymphocyte",-0.543045870488459,0.000243879249137081,0.00256073211593935
"GSE14520_GPL571","HCC","REACTOME_TRANSLATION","fibroblast",0.0132029588498604,0.934702985214416,0.934702985214416
"GSE14520_GPL571","HCC","REACTOME_TRANSLATION","endothelial",-0.211524047399158,0.18430740963736,0.284592323704747
"GSE14520_GPL571","HCC","REACTOME_TRANSLATION","hepatocyte",-0.41646104265879,0.00675981243814626,0.0197161196112599
"GSE14520_GPL571","HCC","REACTOME_TRANSLATION","proliferation",0.559876536491851,0.000141153008461801,0.00185263323606114
"GSE14520_GPL571","HCC","REACTOME_EUKARYOTIC_TRANSLATION_INITIATION","immune_pan",-0.391050243900324,0.0114689798108997,0.0308780225678069
"GSE14520_GPL571","HCC","REACTOME_EUKARYOTIC_TRANSLATION_INITIATION","myeloid",-0.25034375250671,0.114413041285938,0.203616429407178
"GSE14520_GPL571","HCC","REACTOME_EUKARYOTIC_TRANSLATION_INITIATION","lymphocyte",-0.39238795560498,0.0111651079260124,0.0308510633655542
"GSE14520_GPL571","HCC","REACTOME_EUKARYOTIC_TRANSLATION_INITIATION","fibroblast",0.0202852360377023,0.899823063861714,0.908475208706538
"GSE14520_GPL571","HCC","REACTOME_EUKARYOTIC_TRANSLATION_INITIATION","endothelial",-0.134220178974353,0.402791779101755,0.51576996104493
"GSE14520_GPL571","HCC","REACTOME_EUKARYOTIC_TRANSLATION_INITIATION","hepatocyte",-0.423385333338801,0.00581205191371622,0.0179489838511824
"GSE14520_GPL571","HCC","REACTOME_EUKARYOTIC_TRANSLATION_INITIATION","proliferation",0.470890254826219,0.00188831256634062,0.00826136747774023
"GSE14520_GPL571","HCC","REACTOME_EUKARYOTIC_TRANSLATION_ELONGATION","immune_pan",-0.314392072731122,0.0452934375491953,0.0897322819370849
"GSE14520_GPL571","HCC","REACTOME_EUKARYOTIC_TRANSLATION_ELONGATION","myeloid",-0.18321752405038,0.251537738072152,0.377306607108229
"GSE14520_GPL571","HCC","REACTOME_EUKARYOTIC_TRANSLATION_ELONGATION","lymphocyte",-0.290067232969225,0.0658162163216687,0.121240398487285
"GSE14520_GPL571","HCC","REACTOME_EUKARYOTIC_TRANSLATION_ELONGATION","fibroblast",0.0899281965675655,0.576060101673536,0.657459898649145
"GSE14520_GPL571","HCC","REACTOME_EUKARYOTIC_TRANSLATION_ELONGATION","endothelial",-0.0535845829187589,0.739332687481013,0.792142165158228
"GSE14520_GPL571","HCC","REACTOME_EUKARYOTIC_TRANSLATION_ELONGATION","hepatocyte",-0.352861798500953,0.0236429471529454,0.0506634581848829
"GSE14520_GPL571","HCC","REACTOME_EUKARYOTIC_TRANSLATION_ELONGATION","proliferation",0.224067876588481,0.159028940307647,0.260906855192233
"GSE14520_GPL571","HCC","REACTOME_TRNA_AMINOACYLATION","immune_pan",-0.503755534692695,0.000785887124930802,0.00493435321924982
"GSE14520_GPL571","HCC","REACTOME_TRNA_AMINOACYLATION","myeloid",-0.363474773133157,0.0194951472829289,0.0458446175303193
"GSE14520_GPL571","HCC","REACTOME_TRNA_AMINOACYLATION","lymphocyte",-0.501119243335319,0.000845889123299968,0.00493435321924982
"GSE14520_GPL571","HCC","REACTOME_TRNA_AMINOACYLATION","fibroblast",0.106093820724489,0.50913157627983,0.587459511092111
"GSE14520_GPL571","HCC","REACTOME_TRNA_AMINOACYLATION","endothelial",-0.201882048423485,0.205591836889014,0.312857143091978
"GSE14520_GPL571","HCC","REACTOME_TRNA_AMINOACYLATION","hepatocyte",-0.456473502346009,0.00270143453687417,0.010909639475838
"GSE14520_GPL571","HCC","REACTOME_TRNA_AMINOACYLATION","proliferation",0.341248144176158,0.0289995902450666,0.0585568649179229
"GSE14520_GPL571","HCC","REACTOME_CYTOSOLIC_TRNA_AMINOACYLATION","immune_pan",-0.579066086031069,7.29240713238487e-05,0.00164585163338477
"GSE14520_GPL571","HCC","REACTOME_CYTOSOLIC_TRNA_AMINOACYLATION","myeloid",-0.423505655960718,0.00579665660065022,0.0179489838511824
"GSE14520_GPL571","HCC","REACTOME_CYTOSOLIC_TRNA_AMINOACYLATION","lymphocyte",-0.589418090785033,5.01822240039615e-05,0.00164585163338477
"GSE14520_GPL571","HCC","REACTOME_CYTOSOLIC_TRNA_AMINOACYLATION","fibroblast",0.0283346334877875,0.860408198186172,0.885714321662236
"GSE14520_GPL571","HCC","REACTOME_CYTOSOLIC_TRNA_AMINOACYLATION","endothelial",-0.166457344383328,0.298263606585871,0.415953282199421
"GSE14520_GPL571","HCC","REACTOME_CYTOSOLIC_TRNA_AMINOACYLATION","hepatocyte",-0.564264296065135,0.000121804044147387,0.00185263323606114
"GSE14520_GPL571","HCC","REACTOME_CYTOSOLIC_TRNA_AMINOACYLATION","proliferation",0.548016340846602,0.000208137383088858,0.00242826946937001
"GSE14520_GPL571","HCC","REACTOME_RRNA_PROCESSING","immune_pan",-0.51941734677201,0.000501345431277678,0.00359925287695022
"GSE14520_GPL571","HCC","REACTOME_RRNA_PROCESSING","myeloid",-0.48637607072546,0.00126292604515409,0.00631463022577043
"GSE14520_GPL571","HCC","REACTOME_RRNA_PROCESSING","lymphocyte",-0.436421923968527,0.00433621552819945,0.0151767543486981
"GSE14520_GPL571","HCC","REACTOME_RRNA_PROCESSING","fibroblast",-0.114381909199354,0.476406492866814,0.568439565352449
"GSE14520_GPL571","HCC","REACTOME_RRNA_PROCESSING","endothelial",-0.241201979058045,0.128708644229032,0.221547666295874
"GSE14520_GPL571","HCC","REACTOME_RRNA_PROCESSING","hepatocyte",-0.592252011897012,4.52001590073364e-05,0.00164585163338477
"GSE14520_GPL571","HCC","REACTOME_RRNA_PROCESSING","proliferation",0.581287169930533,6.73762343470501e-05,0.00164585163338477
"GSE14520_GPL571","HCC","REACTOME_SRP_DEPENDENT_COTRANSLATIONAL_PROTEIN_TARGETING_TO_MEMBRANE","immune_pan",-0.392387782756106,0.0111651467418196,0.0308510633655542
"GSE14520_GPL571","HCC","REACTOME_SRP_DEPENDENT_COTRANSLATIONAL_PROTEIN_TARGETING_TO_MEMBRANE","myeloid",-0.241835747271589,0.127676514003347,0.221547666295874
"GSE14520_GPL571","HCC","REACTOME_SRP_DEPENDENT_COTRANSLATIONAL_PROTEIN_TARGETING_TO_MEMBRANE","lymphocyte",-0.421878545098364,0.00600786487237189,0.0180235946171157
"GSE14520_GPL571","HCC","REACTOME_SRP_DEPENDENT_COTRANSLATIONAL_PROTEIN_TARGETING_TO_MEMBRANE","fibroblast",0.126046026251175,0.432296248647992,0.5468807964824
"GSE14520_GPL571","HCC","REACTOME_SRP_DEPENDENT_COTRANSLATIONAL_PROTEIN_TARGETING_TO_MEMBRANE","endothelial",-0.0599599705392898,0.709600043400087,0.776125047468845
"GSE14520_GPL571","HCC","REACTOME_SRP_DEPENDENT_COTRANSLATIONAL_PROTEIN_TARGETING_TO_MEMBRANE","hepatocyte",-0.477119163756042,0.00160982846461475,0.00734921690367605
"GSE14520_GPL571","HCC","REACTOME_SRP_DEPENDENT_COTRANSLATIONAL_PROTEIN_TARGETING_TO_MEMBRANE","proliferation",0.443446899994662,0.00368549236975924,0.0134421518363872
"GSE14520_GPL571","HCC","REACTOME_RIBOSOME_ASSOCIATED_QUALITY_CONTROL","immune_pan",-0.36131972788928,0.0202839317843372,0.0462886953550776
"GSE14520_GPL571","HCC","REACTOME_RIBOSOME_ASSOCIATED_QUALITY_CONTROL","myeloid",-0.11563360839478,0.471562436771139,0.568439565352449
"GSE14520_GPL571","HCC","REACTOME_RIBOSOME_ASSOCIATED_QUALITY_CONTROL","lymphocyte",-0.518556358501018,0.00051417898242146,0.00359925287695022
"GSE14520_GPL571","HCC","REACTOME_RIBOSOME_ASSOCIATED_QUALITY_CONTROL","fibroblast",0.139712567850123,0.383636567668836,0.497306661792936
"GSE14520_GPL571","HCC","REACTOME_RIBOSOME_ASSOCIATED_QUALITY_CONTROL","endothelial",-0.0779288008159615,0.628177204938611,0.701687303388874
"GSE14520_GPL571","HCC","REACTOME_RIBOSOME_ASSOCIATED_QUALITY_CONTROL","hepatocyte",-0.466682434567124,0.00209970811015723,0.00881877406266039
"GSE14520_GPL571","HCC","REACTOME_RIBOSOME_ASSOCIATED_QUALITY_CONTROL","proliferation",0.527382886581704,0.000395536055973937,0.00319471429825103
"GSE14520_GPL571","HCC","REACTOME_RIBOSOME_QUALITY_CONTROL_RQC_COMPLEX_EXTRACTS_AND_DEGRADES_NASCENT_PEPTIDE","immune_pan",-0.363052367129384,0.0196476932272797,0.0458446175303193
"GSE14520_GPL571","HCC","REACTOME_RIBOSOME_QUALITY_CONTROL_RQC_COMPLEX_EXTRACTS_AND_DEGRADES_NASCENT_PEPTIDE","myeloid",-0.122538536029051,0.445315678137521,0.556644597671901
"GSE14520_GPL571","HCC","REACTOME_RIBOSOME_QUALITY_CONTROL_RQC_COMPLEX_EXTRACTS_AND_DEGRADES_NASCENT_PEPTIDE","lymphocyte",-0.534599028389985,0.000317470709696135,0.00277786870984118
"GSE14520_GPL571","HCC","REACTOME_RIBOSOME_QUALITY_CONTROL_RQC_COMPLEX_EXTRACTS_AND_DEGRADES_NASCENT_PEPTIDE","fibroblast",0.177691015875196,0.26636827788771,0.393924918002951
"GSE14520_GPL571","HCC","REACTOME_RIBOSOME_QUALITY_CONTROL_RQC_COMPLEX_EXTRACTS_AND_DEGRADES_NASCENT_PEPTIDE","endothelial",-0.0412548829732396,0.797873726592028,0.83776741292163
"GSE14520_GPL571","HCC","REACTOME_RIBOSOME_QUALITY_CONTROL_RQC_COMPLEX_EXTRACTS_AND_DEGRADES_NASCENT_PEPTIDE","hepatocyte",-0.496017435424743,0.000973707042619537,0.00538101260395007
"GSE14520_GPL571","HCC","REACTOME_RIBOSOME_QUALITY_CONTROL_RQC_COMPLEX_EXTRACTS_AND_DEGRADES_NASCENT_PEPTIDE","proliferation",0.562913899921565,0.000127486217003782,0.00185263323606114
"GSE14520_GPL571","HCC","REACTOME_MITOCHONDRIAL_TRANSLATION","immune_pan",-0.386269571987893,0.0126132517043184,0.032302229974474
"GSE14520_GPL571","HCC","REACTOME_MITOCHONDRIAL_TRANSLATION","myeloid",-0.171093302335682,0.28481604190675,0.415356727780677
"GSE14520_GPL571","HCC","REACTOME_MITOCHONDRIAL_TRANSLATION","lymphocyte",-0.502262447531473,0.000819386185398985,0.00493435321924982
"GSE14520_GPL571","HCC","REACTOME_MITOCHONDRIAL_TRANSLATION","fibroblast",-0.161890910007374,0.311901269686033,0.417255997703411
"GSE14520_GPL571","HCC","REACTOME_MITOCHONDRIAL_TRANSLATION","endothelial",-0.345908626684392,0.0267405229265791,0.0550540177900157
"GSE14520_GPL571","HCC","REACTOME_MITOCHONDRIAL_TRANSLATION","hepatocyte",-0.16184830852744,0.312030329061459,0.417255997703411
"GSE14520_GPL571","HCC","REACTOME_MITOCHONDRIAL_TRANSLATION","proliferation",0.450112269969178,0.00314863280903232,0.0122446831462368
"GSE14520_GPL571","HCC","REACTOME_MITOCHONDRIAL_TRANSLATION_ELONGATION","immune_pan",-0.369920859275882,0.0172877935415712,0.0422143795782554
"GSE14520_GPL571","HCC","REACTOME_MITOCHONDRIAL_TRANSLATION_ELONGATION","myeloid",-0.166383730816299,0.298480370320168,0.415953282199421
"GSE14520_GPL571","HCC","REACTOME_MITOCHONDRIAL_TRANSLATION_ELONGATION","lymphocyte",-0.488913778944275,0.00118022945781777,0.00619620465354327
"GSE14520_GPL571","HCC","REACTOME_MITOCHONDRIAL_TRANSLATION_ELONGATION","fibroblast",-0.154361748065045,0.335235008764337,0.439995949003192
"GSE14520_GPL571","HCC","REACTOME_MITOCHONDRIAL_TRANSLATION_ELONGATION","endothelial",-0.347130805149616,0.0261728947305633,0.054963078934183
"GSE14520_GPL571","HCC","REACTOME_MITOCHONDRIAL_TRANSLATION_ELONGATION","hepatocyte",-0.16122073150394,0.313935464938757,0.417255997703411
"GSE14520_GPL571","HCC","REACTOME_MITOCHONDRIAL_TRANSLATION_ELONGATION","proliferation",0.44313347455892,0.00371259431671646,0.0134421518363872
"GSE14520_GPL571","HCC","REACTOME_MITOCHONDRIAL_TRNA_AMINOACYLATION","immune_pan",-0.311621245310732,0.0473298892317914,0.0903570612606927
"GSE14520_GPL571","HCC","REACTOME_MITOCHONDRIAL_TRNA_AMINOACYLATION","myeloid",-0.229762970156891,0.148424678432374,0.247374464053956
"GSE14520_GPL571","HCC","REACTOME_MITOCHONDRIAL_TRNA_AMINOACYLATION","lymphocyte",-0.287846515106885,0.0680073813667502,0.123116811094979
"GSE14520_GPL571","HCC","REACTOME_MITOCHONDRIAL_TRNA_AMINOACYLATION","fibroblast",0.165506604290629,0.301070947115772,0.415953282199421
"GSE14520_GPL571","HCC","REACTOME_MITOCHONDRIAL_TRNA_AMINOACYLATION","endothelial",-0.211788979662048,0.183745610324244,0.284592323704747
"GSE14520_GPL571","HCC","REACTOME_MITOCHONDRIAL_TRNA_AMINOACYLATION","hepatocyte",-0.237691219555647,0.13453925497213,0.227848738259253
"GSE14520_GPL571","HCC","REACTOME_MITOCHONDRIAL_TRNA_AMINOACYLATION","proliferation",0.0423401642880376,0.79267159188073,0.83776741292163
"GSE14520_GPL571","HCC","REACTOME_RRNA_PROCESSING_IN_THE_MITOCHONDRION","immune_pan",0.0845923186942545,0.598993548943637,0.676283039129912
"GSE14520_GPL571","HCC","REACTOME_RRNA_PROCESSING_IN_THE_MITOCHONDRION","myeloid",-0.0244892545491913,0.87920186383844,0.896273744689672
"GSE14520_GPL571","HCC","REACTOME_RRNA_PROCESSING_IN_THE_MITOCHONDRION","lymphocyte",0.11733579193537,0.465017117514302,0.567753457430252
"GSE14520_GPL571","HCC","REACTOME_RRNA_PROCESSING_IN_THE_MITOCHONDRION","fibroblast",-0.166709930618875,0.297520605197977,0.415953282199421
"GSE14520_GPL571","HCC","REACTOME_RRNA_PROCESSING_IN_THE_MITOCHONDRION","endothelial",0.10888126927503,0.498000798812049,0.587459511092111
"GSE14520_GPL571","HCC","REACTOME_RRNA_PROCESSING_IN_THE_MITOCHONDRION","hepatocyte",0.0760755215830613,0.636396736163273,0.703385866285723
"GSE14520_GPL571","HCC","REACTOME_RRNA_PROCESSING_IN_THE_MITOCHONDRION","proliferation",0.119940067438398,0.455097716337173,0.562179531945919
"GSE76427","HCC","KEGG_RIBOSOME","immune_pan",0.0302235607147626,0.698216220133311,0.751925160143565
"GSE76427","HCC","KEGG_RIBOSOME","myeloid",0.0748256161483948,0.336529370799392,0.414189994830021
"GSE76427","HCC","KEGG_RIBOSOME","lymphocyte",-0.0678638537070299,0.383529030084674,0.466904906190038
"GSE76427","HCC","KEGG_RIBOSOME","fibroblast",0.101432461902804,0.192125298466937,0.250209691026709
"GSE76427","HCC","KEGG_RIBOSOME","endothelial",-0.0140718626106221,0.856766629492816,0.888498726881439
"GSE76427","HCC","KEGG_RIBOSOME","hepatocyte",-0.159210080717327,0.0398672476347836,0.0579887238324125
"GSE76427","HCC","KEGG_RIBOSOME","cardiomyocyte",-0.256344670698393,0.000826168913047379,0.00177944073579436
"GSE76427","HCC","KEGG_RIBOSOME","proliferation",0.380744220106334,3.85781758661564e-07,1.8785894334824e-06
"GSE76427","HCC","KEGG_AMINOACYL_TRNA_BIOSYNTHESIS","immune_pan",-0.437629178999425,3.34052912010388e-09,3.3123986014504e-08
"GSE76427","HCC","KEGG_AMINOACYL_TRNA_BIOSYNTHESIS","myeloid",-0.43087298354194,6.15589468856481e-09,5.14334068234318e-08
"GSE76427","HCC","KEGG_AMINOACYL_TRNA_BIOSYNTHESIS","lymphocyte",-0.473315801456081,1.04980276873014e-10,1.95963183496293e-09
"GSE76427","HCC","KEGG_AMINOACYL_TRNA_BIOSYNTHESIS","fibroblast",-0.455680144193679,6.10060763381906e-10,8.54085068734668e-09
"GSE76427","HCC","KEGG_AMINOACYL_TRNA_BIOSYNTHESIS","endothelial",-0.351526592803196,3.19074590796732e-06,1.19121180564113e-05
"GSE76427","HCC","KEGG_AMINOACYL_TRNA_BIOSYNTHESIS","hepatocyte",-0.212960348546191,0.00572458935165197,0.0100180313653909
"GSE76427","HCC","KEGG_AMINOACYL_TRNA_BIOSYNTHESIS","cardiomyocyte",-0.146941627311738,0.058100230143038,0.0813403222002532
"GSE76427","HCC","KEGG_AMINOACYL_TRNA_BIOSYNTHESIS","proliferation",0.323931867061359,1.9512298460283e-05,6.24393550729057e-05
"GSE76427","HCC","REACTOME_TRANSLATION","immune_pan",-0.217708423048256,0.00470946174692138,0.00893999518059651
"GSE76427","HCC","REACTOME_TRANSLATION","myeloid",-0.199365719992321,0.00979437563141229,0.0154502826861715
"GSE76427","HCC","REACTOME_TRANSLATION","lymphocyte",-0.319628595639503,2.5483536500843e-05,7.92821135581783e-05
"GSE76427","HCC","REACTOME_TRANSLATION","fibroblast",-0.200628186904714,0.00933047774398275,0.0149287643903724
"GSE76427","HCC","REACTOME_TRANSLATION","endothelial",-0.217297601539599,0.00479043235917866,0.00894214040380017
"GSE76427","HCC","REACTOME_TRANSLATION","hepatocyte",-0.280534043725987,0.0002405782284114,0.000549893093511772
"GSE76427","HCC","REACTOME_TRANSLATION","cardiomyocyte",-0.358944935342288,1.90296797808113e-06,8.13998203779901e-06
"GSE76427","HCC","REACTOME_TRANSLATION","proliferation",0.537264021444451,7.12696112924279e-14,7.98219646475193e-12
"GSE76427","HCC","REACTOME_EUKARYOTIC_TRANSLATION_INITIATION","immune_pan",-0.033177924810148,0.670362782519838,0.728938171283707
"GSE76427","HCC","REACTOME_EUKARYOTIC_TRANSLATION_INITIATION","myeloid",0.0229082651082893,0.768868659245704,0.804797101266531
"GSE76427","HCC","REACTOME_EUKARYOTIC_TRANSLATION_INITIATION","lymphocyte",-0.140989716575399,0.0691569753169189,0.0956244596974681
"GSE76427","HCC","REACTOME_EUKARYOTIC_TRANSLATION_INITIATION","fibroblast",0.0436158509857041,0.575701832631644,0.644786052547441
"GSE76427","HCC","REACTOME_EUKARYOTIC_TRANSLATION_INITIATION","endothelial",-0.0565692933376169,0.467760705883261,0.534583663866585
"GSE76427","HCC","REACTOME_EUKARYOTIC_TRANSLATION_INITIATION","hepatocyte",-0.18744174384767,0.0152819818719005,0.0234463283514091
"GSE76427","HCC","REACTOME_EUKARYOTIC_TRANSLATION_INITIATION","cardiomyocyte",-0.281377628524239,0.000229966300281189,0.000540730570360608
"GSE76427","HCC","REACTOME_EUKARYOTIC_TRANSLATION_INITIATION","proliferation",0.429651392991136,6.86552788796392e-09,5.14334068234318e-08
"GSE76427","HCC","REACTOME_EUKARYOTIC_TRANSLATION_ELONGATION","immune_pan",-0.00974753826429995,0.900505499369475,0.920729819382748
"GSE76427","HCC","REACTOME_EUKARYOTIC_TRANSLATION_ELONGATION","myeloid",0.0376351785505677,0.629186730407437,0.690871703976794
"GSE76427","HCC","REACTOME_EUKARYOTIC_TRANSLATION_ELONGATION","lymphocyte",-0.106514196209772,0.170677872472184,0.227570496629579
"GSE76427","HCC","REACTOME_EUKARYOTIC_TRANSLATION_ELONGATION","fibroblast",0.098148985019805,0.206989482222624,0.26559900818709
"GSE76427","HCC","REACTOME_EUKARYOTIC_TRANSLATION_ELONGATION","endothelial",0.00040255365485533,0.995880486999097,0.995880486999097
"GSE76427","HCC","REACTOME_EUKARYOTIC_TRANSLATION_ELONGATION","hepatocyte",-0.201551858515621,0.00900348415949462,0.0148338891715795
"GSE76427","HCC","REACTOME_EUKARYOTIC_TRANSLATION_ELONGATION","cardiomyocyte",-0.247059496460224,0.00128737781026038,0.00267011693979931
"GSE76427","HCC","REACTOME_EUKARYOTIC_TRANSLATION_ELONGATION","proliferation",0.397671395808091,1.02873444204697e-07,5.76091287546301e-07
"GSE76427","HCC","REACTOME_TRNA_AMINOACYLATION","immune_pan",-0.3434986020501,5.50141355545251e-06,1.84807681309945e-05
"GSE76427","HCC","REACTOME_TRNA_AMINOACYLATION","myeloid",-0.347005422752165,4.34440713956435e-06,1.56959225687486e-05
"GSE76427","HCC","REACTOME_TRNA_AMINOACYLATION","lymphocyte",-0.412122601489365,3.13503844546595e-08,2.11049568082449e-07
"GSE76427","HCC","REACTOME_TRNA_AMINOACYLATION","fibroblast",-0.401262639657512,7.69723473071964e-08,4.53731731495052e-07
"GSE76427","HCC","REACTOME_TRNA_AMINOACYLATION","endothelial",-0.377044038008514,5.10015909708925e-07,2.38007424530832e-06
"GSE76427","HCC","REACTOME_TRNA_AMINOACYLATION","hepatocyte",-0.281234008459846,0.000231741673011689,0.000540730570360608
"GSE76427","HCC","REACTOME_TRNA_AMINOACYLATION","cardiomyocyte",-0.173319924573545,0.0250945364083198,0.0369814220754187
"GSE76427","HCC","REACTOME_TRNA_AMINOACYLATION","proliferation",0.496385687417944,8.98009098880692e-12,2.51442547686594e-10
"GSE76427","HCC","REACTOME_RRNA_PROCESSING","immune_pan",-0.0872114639814116,0.262418876819518,0.326565713375401
"GSE76427","HCC","REACTOME_RRNA_PROCESSING","myeloid",0.0401985153564453,0.606003822303681,0.672004238594181
"GSE76427","HCC","REACTOME_RRNA_PROCESSING","lymphocyte",-0.22602699697692,0.00331318362447982,0.00639787182658172
"GSE76427","HCC","REACTOME_RRNA_PROCESSING","fibroblast",-0.0571297580501731,0.463355211951443,0.534583663866585
"GSE76427","HCC","REACTOME_RRNA_PROCESSING","endothelial",-0.211076755613397,0.00617867925497985,0.0106463396393499
"GSE76427","HCC","REACTOME_RRNA_PROCESSING","hepatocyte",-0.213437423341984,0.00561441813338307,0.00998118779268101
"GSE76427","HCC","REACTOME_RRNA_PROCESSING","cardiomyocyte",-0.196369919824242,0.0109775787341146,0.0170762335864005
"GSE76427","HCC","REACTOME_RRNA_PROCESSING","proliferation",0.467125482436145,1.96944975959719e-10,3.1511196153555e-09
"GSE76427","HCC","REACTOME_SRP_DEPENDENT_COTRANSLATIONAL_PROTEIN_TARGETING_TO_MEMBRANE","immune_pan",-0.0492578933426813,0.527285553442201,0.596525070560873
"GSE76427","HCC","REACTOME_SRP_DEPENDENT_COTRANSLATIONAL_PROTEIN_TARGETING_TO_MEMBRANE","myeloid",-0.00937513278426712,0.904288215465199,0.920729819382748
"GSE76427","HCC","REACTOME_SRP_DEPENDENT_COTRANSLATIONAL_PROTEIN_TARGETING_TO_MEMBRANE","lymphocyte",-0.149703473186534,0.0534879501563769,0.0768032104809514
"GSE76427","HCC","REACTOME_SRP_DEPENDENT_COTRANSLATIONAL_PROTEIN_TARGETING_TO_MEMBRANE","fibroblast",0.0293334204591793,0.706690049426486,0.753802719388251
"GSE76427","HCC","REACTOME_SRP_DEPENDENT_COTRANSLATIONAL_PROTEIN_TARGETING_TO_MEMBRANE","endothelial",-0.0639526589663913,0.411598407291034,0.485252859122061
"GSE76427","HCC","REACTOME_SRP_DEPENDENT_COTRANSLATIONAL_PROTEIN_TARGETING_TO_MEMBRANE","hepatocyte",-0.23583652239168,0.0021536239593711,0.00430724791874221
"GSE76427","HCC","REACTOME_SRP_DEPENDENT_COTRANSLATIONAL_PROTEIN_TARGETING_TO_MEMBRANE","cardiomyocyte",-0.286953718780361,0.000170056159236771,0.000442936972895777
"GSE76427","HCC","REACTOME_SRP_DEPENDENT_COTRANSLATIONAL_PROTEIN_TARGETING_TO_MEMBRANE","proliferation",0.490567583108965,1.69880092969388e-11,3.8053140825143e-10
"GSE76427","HCC","REACTOME_RIBOSOME_ASSOCIATED_QUALITY_CONTROL","immune_pan",-0.0671925741763112,0.388262227614338,0.467584618202214
"GSE76427","HCC","REACTOME_RIBOSOME_ASSOCIATED_QUALITY_CONTROL","myeloid",-0.0253409243250575,0.745128495261484,0.787305579898927
"GSE76427","HCC","REACTOME_RIBOSOME_ASSOCIATED_QUALITY_CONTROL","lymphocyte",-0.176188658217855,0.022750108758704,0.0339734957463312
"GSE76427","HCC","REACTOME_RIBOSOME_ASSOCIATED_QUALITY_CONTROL","fibroblast",-0.00711296488204637,0.927309430533217,0.93566356954703
"GSE76427","HCC","REACTOME_RIBOSOME_ASSOCIATED_QUALITY_CONTROL","endothelial",-0.104548763666961,0.178751890705269,0.235531903046943
"GSE76427","HCC","REACTOME_RIBOSOME_ASSOCIATED_QUALITY_CONTROL","hepatocyte",-0.257911715988832,0.000765341158190116,0.001680749210143
"GSE76427","HCC","REACTOME_RIBOSOME_ASSOCIATED_QUALITY_CONTROL","cardiomyocyte",-0.343205780682981,5.61023318262334e-06,1.84807681309945e-05
"GSE76427","HCC","REACTOME_RIBOSOME_ASSOCIATED_QUALITY_CONTROL","proliferation",0.505117815467959,3.37150623369271e-12,1.25869566057861e-10
"GSE76427","HCC","REACTOME_RIBOSOME_QUALITY_CONTROL_RQC_COMPLEX_EXTRACTS_AND_DEGRADES_NASCENT_PEPTIDE","immune_pan",-0.0873619002424901,0.261593464901868,0.326565713375401
"GSE76427","HCC","REACTOME_RIBOSOME_QUALITY_CONTROL_RQC_COMPLEX_EXTRACTS_AND_DEGRADES_NASCENT_PEPTIDE","myeloid",-0.0573042534350793,0.461988294840664,0.534583663866585
"GSE76427","HCC","REACTOME_RIBOSOME_QUALITY_CONTROL_RQC_COMPLEX_EXTRACTS_AND_DEGRADES_NASCENT_PEPTIDE","lymphocyte",-0.201543807809623,0.00900628985417328,0.0148338891715795
"GSE76427","HCC","REACTOME_RIBOSOME_QUALITY_CONTROL_RQC_COMPLEX_EXTRACTS_AND_DEGRADES_NASCENT_PEPTIDE","fibroblast",-0.0642270692607542,0.40959051878975,0.485252859122061
"GSE76427","HCC","REACTOME_RIBOSOME_QUALITY_CONTROL_RQC_COMPLEX_EXTRACTS_AND_DEGRADES_NASCENT_PEPTIDE","endothelial",-0.148507616502096,0.0554464212241602,0.0786075845203284
"GSE76427","HCC","REACTOME_RIBOSOME_QUALITY_CONTROL_RQC_COMPLEX_EXTRACTS_AND_DEGRADES_NASCENT_PEPTIDE","hepatocyte",-0.247639474431772,0.00125279669252485,0.00264741942571289
"GSE76427","HCC","REACTOME_RIBOSOME_QUALITY_CONTROL_RQC_COMPLEX_EXTRACTS_AND_DEGRADES_NASCENT_PEPTIDE","cardiomyocyte",-0.355554259910096,2.41395032075458e-06,9.32284261808665e-06
"GSE76427","HCC","REACTOME_RIBOSOME_QUALITY_CONTROL_RQC_COMPLEX_EXTRACTS_AND_DEGRADES_NASCENT_PEPTIDE","proliferation",0.517734296662551,7.78705347699199e-13,4.36074994711551e-11
"GSE76427","HCC","REACTOME_MITOCHONDRIAL_TRANSLATION","immune_pan",-0.28884872525323,0.000153258488820617,0.000408689303521645
"GSE76427","HCC","REACTOME_MITOCHONDRIAL_TRANSLATION","myeloid",-0.298720750280821,8.80933808400172e-05,0.000246661466352048
"GSE76427","HCC","REACTOME_MITOCHONDRIAL_TRANSLATION","lymphocyte",-0.36360959936848,1.36574022720292e-06,6.11851621786908e-06
"GSE76427","HCC","REACTOME_MITOCHONDRIAL_TRANSLATION","fibroblast",-0.317540905487057,2.89653664036848e-05,8.76789469516944e-05
"GSE76427","HCC","REACTOME_MITOCHONDRIAL_TRANSLATION","endothelial",-0.229204116386842,0.00288727318484899,0.00567323853865065
"GSE76427","HCC","REACTOME_MITOCHONDRIAL_TRANSLATION","hepatocyte",-0.201934442508609,0.00887104096853173,0.0148338891715795
"GSE76427","HCC","REACTOME_MITOCHONDRIAL_TRANSLATION","cardiomyocyte",-0.357992636971311,2.03499550944975e-06,8.13998203779901e-06
"GSE76427","HCC","REACTOME_MITOCHONDRIAL_TRANSLATION","proliferation",0.387368766521259,2.32013763981957e-07,1.18116098027178e-06
"GSE76427","HCC","REACTOME_MITOCHONDRIAL_TRANSLATION_ELONGATION","immune_pan",-0.268956166762693,0.000440481694375302,0.000986678995400677
"GSE76427","HCC","REACTOME_MITOCHONDRIAL_TRANSLATION_ELONGATION","myeloid",-0.291098023997623,0.000135331423249781,0.000369685839121354
"GSE76427","HCC","REACTOME_MITOCHONDRIAL_TRANSLATION_ELONGATION","lymphocyte",-0.344189220446793,5.25263767084141e-06,1.83842318479449e-05
"GSE76427","HCC","REACTOME_MITOCHONDRIAL_TRANSLATION_ELONGATION","fibroblast",-0.306051003981352,5.76342127959216e-05,0.000165513636747262
"GSE76427","HCC","REACTOME_MITOCHONDRIAL_TRANSLATION_ELONGATION","endothelial",-0.238310491546415,0.00192655590422094,0.00392316838677719
"GSE76427","HCC","REACTOME_MITOCHONDRIAL_TRANSLATION_ELONGATION","hepatocyte",-0.215330839079102,0.00519562376469054,0.00938564292976355
"GSE76427","HCC","REACTOME_MITOCHONDRIAL_TRANSLATION_ELONGATION","cardiomyocyte",-0.358269004414368,1.99580786503554e-06,8.13998203779901e-06
"GSE76427","HCC","REACTOME_MITOCHONDRIAL_TRANSLATION_ELONGATION","proliferation",0.411612432553598,3.27250600248694e-08,2.11049568082449e-07
"GSE76427","HCC","REACTOME_MITOCHONDRIAL_TRNA_AMINOACYLATION","immune_pan",-0.411185895077511,3.39186805846793e-08,2.11049568082449e-07
"GSE76427","HCC","REACTOME_MITOCHONDRIAL_TRNA_AMINOACYLATION","myeloid",-0.429614073254922,6.88840269956676e-09,5.14334068234318e-08
"GSE76427","HCC","REACTOME_MITOCHONDRIAL_TRNA_AMINOACYLATION","lymphocyte",-0.444510691845025,1.76756161078482e-09,2.19963222675444e-08
"GSE76427","HCC","REACTOME_MITOCHONDRIAL_TRNA_AMINOACYLATION","fibroblast",-0.442136956399084,2.20509659304713e-09,2.46970818421279e-08
"GSE76427","HCC","REACTOME_MITOCHONDRIAL_TRNA_AMINOACYLATION","endothelial",-0.391074375214683,1.73722103848406e-07,9.26517887191497e-07
"GSE76427","HCC","REACTOME_MITOCHONDRIAL_TRNA_AMINOACYLATION","hepatocyte",-0.285632004948577,0.000182771217631502,0.000465235826698369
"GSE76427","HCC","REACTOME_MITOCHONDRIAL_TRNA_AMINOACYLATION","cardiomyocyte",-0.134937734371326,0.0820975382931558,0.112133223034554
"GSE76427","HCC","REACTOME_MITOCHONDRIAL_TRNA_AMINOACYLATION","proliferation",0.436966664168335,3.54899850155399e-09,3.3123986014504e-08
"GSE76427","HCC","REACTOME_RRNA_PROCESSING_IN_THE_MITOCHONDRION","immune_pan",-0.282425424142209,0.000217391606083846,0.000529301301769364
"GSE76427","HCC","REACTOME_RRNA_PROCESSING_IN_THE_MITOCHONDRION","myeloid",-0.21639178223271,0.0049733904507403,0.00913147099152318
"GSE76427","HCC","REACTOME_RRNA_PROCESSING_IN_THE_MITOCHONDRION","lymphocyte",-0.309878826230013,4.59726696758485e-05,0.00013549839483408
"GSE76427","HCC","REACTOME_RRNA_PROCESSING_IN_THE_MITOCHONDRION","fibroblast",-0.283205995166249,0.000208442958575069,0.000518791363564615
"GSE76427","HCC","REACTOME_RRNA_PROCESSING_IN_THE_MITOCHONDRION","endothelial",-0.200866420975743,0.00924514987567599,0.0149287643903724
"GSE76427","HCC","REACTOME_RRNA_PROCESSING_IN_THE_MITOCHONDRION","hepatocyte",0.0977853981757765,0.208684935004142,0.26559900818709
"GSE76427","HCC","REACTOME_RRNA_PROCESSING_IN_THE_MITOCHONDRION","cardiomyocyte",-0.106701845638914,0.169921398187986,0.227570496629579
"GSE76427","HCC","REACTOME_RRNA_PROCESSING_IN_THE_MITOCHONDRION","proliferation",-0.1779570892561,0.021400904490132,0.0323905581472268
"GSE141910","HF","KEGG_RIBOSOME","immune_pan",0.357793678409917,1.70702824210526e-12,7.31583532330825e-12
"GSE141910","HF","KEGG_RIBOSOME","myeloid",0.544899788447029,1.08979880342722e-29,1.34250521821141e-28
"GSE141910","HF","KEGG_RIBOSOME","lymphocyte",0.332030609833657,7.21258830965493e-11,2.62275938532907e-10
"GSE141910","HF","KEGG_RIBOSOME","fibroblast",0.28241058035582,3.87099412243876e-08,1.10599832069679e-07
"GSE141910","HF","KEGG_RIBOSOME","endothelial",0.498875178727728,1.99094875755714e-24,1.70652750647755e-23
"GSE141910","HF","KEGG_RIBOSOME","hepatocyte",0.57086654000051,4.91245971603655e-33,1.96498388641462e-31
"GSE141910","HF","KEGG_RIBOSOME","cardiomyocyte",0.233521423009084,6.33706670724865e-06,1.38263273612698e-05
"GSE141910","HF","KEGG_RIBOSOME","proliferation",-0.115219961378252,0.0275178125205624,0.0351291223666755
"GSE141910","HF","KEGG_AMINOACYL_TRNA_BIOSYNTHESIS","immune_pan",-0.293756367666734,1.01910290749741e-08,3.13570125383818e-08
"GSE141910","HF","KEGG_AMINOACYL_TRNA_BIOSYNTHESIS","myeloid",-0.238740903461752,3.86121025514643e-06,8.91048520418408e-06
"GSE141910","HF","KEGG_AMINOACYL_TRNA_BIOSYNTHESIS","lymphocyte",-0.163450723889845,0.00170438590098997,0.00269113563314206
"GSE141910","HF","KEGG_AMINOACYL_TRNA_BIOSYNTHESIS","fibroblast",-0.23413800470734,5.98036001791602e-06,1.32896889287023e-05
"GSE141910","HF","KEGG_AMINOACYL_TRNA_BIOSYNTHESIS","endothelial",-0.0856380263309485,0.10189111128782,0.119871895632729
"GSE141910","HF","KEGG_AMINOACYL_TRNA_BIOSYNTHESIS","hepatocyte",-0.0771845763424471,0.14054187496782,0.160112117664746
"GSE141910","HF","KEGG_AMINOACYL_TRNA_BIOSYNTHESIS","cardiomyocyte",0.128209573794274,0.0141064495901794,0.0196834180328084
"GSE141910","HF","KEGG_AMINOACYL_TRNA_BIOSYNTHESIS","proliferation",-0.166099640071284,0.00142774058571686,0.00228438493714698
"GSE141910","HF","REACTOME_TRANSLATION","immune_pan",0.10584687443224,0.0429978009889158,0.0526503685578561
"GSE141910","HF","REACTOME_TRANSLATION","myeloid",0.33399962659612,5.48341749078636e-11,2.12261322223988e-10
"GSE141910","HF","REACTOME_TRANSLATION","lymphocyte",0.127919607077502,0.0143275820298679,0.0197621821101626
"GSE141910","HF","REACTOME_TRANSLATION","fibroblast",-0.00487117433318335,0.926004593818487,0.933786145027045
"GSE141910","HF","REACTOME_TRANSLATION","endothelial",0.366307203722478,4.58813160024638e-13,2.11759920011371e-12
"GSE141910","HF","REACTOME_TRANSLATION","hepatocyte",0.49907584829379,1.89588887850192e-24,1.70652750647755e-23
"GSE141910","HF","REACTOME_TRANSLATION","cardiomyocyte",0.186636552280513,0.000330745252674285,0.000559006060857946
"GSE141910","HF","REACTOME_TRANSLATION","proliferation",-0.173274019226418,0.000872204118412951,0.00141438505688587
"GSE141910","HF","REACTOME_EUKARYOTIC_TRANSLATION_INITIATION","immune_pan",0.332304869945728,6.94322354250852e-11,2.60370882844069e-10
"GSE141910","HF","REACTOME_EUKARYOTIC_TRANSLATION_INITIATION","myeloid",0.544807410284115,1.11875434850951e-29,1.34250521821141e-28
"GSE141910","HF","REACTOME_EUKARYOTIC_TRANSLATION_INITIATION","lymphocyte",0.292712522946239,1.1550946803831e-08,3.46528404114929e-08
"GSE141910","HF","REACTOME_EUKARYOTIC_TRANSLATION_INITIATION","fibroblast",0.234207830490974,5.94119236297986e-06,1.32896889287023e-05
"GSE141910","HF","REACTOME_EUKARYOTIC_TRANSLATION_INITIATION","endothelial",0.466138398572993,3.83942727145458e-21,2.87957045359093e-20
"GSE141910","HF","REACTOME_EUKARYOTIC_TRANSLATION_INITIATION","hepatocyte",0.581714306742111,1.59765532814075e-34,9.58593196884451e-33
"GSE141910","HF","REACTOME_EUKARYOTIC_TRANSLATION_INITIATION","cardiomyocyte",0.21634578128004,2.98875828576964e-05,5.69497458889559e-05
"GSE141910","HF","REACTOME_EUKARYOTIC_TRANSLATION_INITIATION","proliferation",-0.0957449247926277,0.0673025998948815,0.0807631198738578
"GSE141910","HF","REACTOME_EUKARYOTIC_TRANSLATION_ELONGATION","immune_pan",0.35595741599547,2.25476624737702e-12,9.01906498950806e-12
"GSE141910","HF","REACTOME_EUKARYOTIC_TRANSLATION_ELONGATION","myeloid",0.545415398303208,9.41275923849479e-30,1.34250521821141e-28
"GSE141910","HF","REACTOME_EUKARYOTIC_TRANSLATION_ELONGATION","lymphocyte",0.331096932802355,8.20808784332761e-11,2.89697217999798e-10
"GSE141910","HF","REACTOME_EUKARYOTIC_TRANSLATION_ELONGATION","fibroblast",0.292052969046026,1.24990504256592e-08,3.65825866116854e-08
"GSE141910","HF","REACTOME_EUKARYOTIC_TRANSLATION_ELONGATION","endothelial",0.513835985866483,4.74063697359289e-26,4.74063697359289e-25
"GSE141910","HF","REACTOME_EUKARYOTIC_TRANSLATION_ELONGATION","hepatocyte",0.569281827919454,8.01782687770683e-33,2.40534806331205e-31
"GSE141910","HF","REACTOME_EUKARYOTIC_TRANSLATION_ELONGATION","cardiomyocyte",0.243297952609103,2.48208097332271e-06,5.95699433597451e-06
"GSE141910","HF","REACTOME_EUKARYOTIC_TRANSLATION_ELONGATION","proliferation",-0.118990385545015,0.0228025045870767,0.0300692368181231
"GSE141910","HF","REACTOME_TRNA_AMINOACYLATION","immune_pan",-0.202372729688798,9.66745671382353e-05,0.000175771940251337
"GSE141910","HF","REACTOME_TRNA_AMINOACYLATION","myeloid",-0.0751390547387805,0.151399329790175,0.166701033616414
"GSE141910","HF","REACTOME_TRNA_AMINOACYLATION","lymphocyte",-0.11691272940839,0.0253061603973998,0.0330080353009562
"GSE141910","HF","REACTOME_TRNA_AMINOACYLATION","fibroblast",-0.193915506354555,0.000189496458550506,0.000339396642180011
"GSE141910","HF","REACTOME_TRNA_AMINOACYLATION","endothelial",0.00257557497179259,0.96083547334031,0.96083547334031
"GSE141910","HF","REACTOME_TRNA_AMINOACYLATION","hepatocyte",0.0751352492863713,0.151420105534909,0.166701033616414
"GSE141910","HF","REACTOME_TRNA_AMINOACYLATION","cardiomyocyte",0.150133930028906,0.00399267670933422,0.00598901506400132
"GSE141910","HF","REACTOME_TRNA_AMINOACYLATION","proliferation",-0.140414029310508,0.00713597942101873,0.0104428967136859
"GSE141910","HF","REACTOME_CYTOSOLIC_TRNA_AMINOACYLATION","immune_pan",0.0139142689369526,0.790779972215007,0.811056381758982
"GSE141910","HF","REACTOME_CYTOSOLIC_TRNA_AMINOACYLATION","myeloid",0.267565854023968,2.03215216456526e-07,5.41907243884069e-07
"GSE141910","HF","REACTOME_CYTOSOLIC_TRNA_AMINOACYLATION","lymphocyte",-0.0761768883965149,0.145813640354155,0.163529316285033
"GSE141910","HF","REACTOME_CYTOSOLIC_TRNA_AMINOACYLATION","fibroblast",-0.0651487002690357,0.213710923359317,0.231038836064126
"GSE141910","HF","REACTOME_CYTOSOLIC_TRNA_AMINOACYLATION","endothelial",0.128575979371735,0.0138313173809013,0.0195265657142136
"GSE141910","HF","REACTOME_CYTOSOLIC_TRNA_AMINOACYLATION","hepatocyte",0.270197086952157,1.52554121037385e-07,4.16056693738322e-07
"GSE141910","HF","REACTOME_CYTOSOLIC_TRNA_AMINOACYLATION","cardiomyocyte",0.132205548845902,0.0113507394758642,0.0164107076759482
"GSE141910","HF","REACTOME_CYTOSOLIC_TRNA_AMINOACYLATION","proliferation",0.0308952931202525,0.555740133985737,0.574903586881797
"GSE141910","HF","REACTOME_RRNA_PROCESSING","immune_pan",0.187854404153799,0.000301745531073911,0.000517278053269561
"GSE141910","HF","REACTOME_RRNA_PROCESSING","myeloid",0.432621396253295,3.98815442718578e-18,2.17535696028315e-17
"GSE141910","HF","REACTOME_RRNA_PROCESSING","lymphocyte",0.150322400189527,0.00394664441613002,0.00598901506400132
"GSE141910","HF","REACTOME_RRNA_PROCESSING","fibroblast",0.0793660209149626,0.129630872037989,0.149574083120757
"GSE141910","HF","REACTOME_RRNA_PROCESSING","endothelial",0.326017965216941,1.64578410704108e-10,5.642688366998e-10
"GSE141910","HF","REACTOME_RRNA_PROCESSING","hepatocyte",0.521964236176584,5.75091996748119e-27,6.27373087361585e-26
"GSE141910","HF","REACTOME_RRNA_PROCESSING","cardiomyocyte",0.204290585771172,8.26671275054168e-05,0.000152616235394616
"GSE141910","HF","REACTOME_RRNA_PROCESSING","proliferation",-0.131058448229211,0.0120884322076375,0.0172691888680536
"GSE141910","HF","REACTOME_SRP_DEPENDENT_COTRANSLATIONAL_PROTEIN_TARGETING_TO_MEMBRANE","immune_pan",0.368343486312699,3.33144482332711e-13,1.59909351519701e-12
"GSE141910","HF","REACTOME_SRP_DEPENDENT_COTRANSLATIONAL_PROTEIN_TARGETING_TO_MEMBRANE","myeloid",0.567891651593366,1.22956553403323e-32,2.95095728167975e-31
"GSE141910","HF","REACTOME_SRP_DEPENDENT_COTRANSLATIONAL_PROTEIN_TARGETING_TO_MEMBRANE","lymphocyte",0.312277132731978,1.01411970858489e-09,3.20248329026807e-09
"GSE141910","HF","REACTOME_SRP_DEPENDENT_COTRANSLATIONAL_PROTEIN_TARGETING_TO_MEMBRANE","fibroblast",0.267078104864654,2.14237140956864e-07,5.58879498148342e-07
"GSE141910","HF","REACTOME_SRP_DEPENDENT_COTRANSLATIONAL_PROTEIN_TARGETING_TO_MEMBRANE","endothelial",0.433184272508232,3.57123857339759e-18,2.0407077562272e-17
"GSE141910","HF","REACTOME_SRP_DEPENDENT_COTRANSLATIONAL_PROTEIN_TARGETING_TO_MEMBRANE","hepatocyte",0.585429273227886,4.79790827842272e-35,5.75748993410726e-33
"GSE141910","HF","REACTOME_SRP_DEPENDENT_COTRANSLATIONAL_PROTEIN_TARGETING_TO_MEMBRANE","cardiomyocyte",0.226286799978607,1.23598291017337e-05,2.55720602104834e-05
"GSE141910","HF","REACTOME_SRP_DEPENDENT_COTRANSLATIONAL_PROTEIN_TARGETING_TO_MEMBRANE","proliferation",-0.0770123542852733,0.141432370603859,0.160112117664746
"GSE141910","HF","REACTOME_RIBOSOME_ASSOCIATED_QUALITY_CONTROL","immune_pan",0.27133701863141,1.34604427168924e-07,3.75640261866764e-07
"GSE141910","HF","REACTOME_RIBOSOME_ASSOCIATED_QUALITY_CONTROL","myeloid",0.479466938419394,1.94623885856507e-22,1.55699108685206e-21
"GSE141910","HF","REACTOME_RIBOSOME_ASSOCIATED_QUALITY_CONTROL","lymphocyte",0.2472690354702,1.67679998564909e-06,4.10644894444676e-06
"GSE141910","HF","REACTOME_RIBOSOME_ASSOCIATED_QUALITY_CONTROL","fibroblast",0.177020997612314,0.000669113832638162,0.0011151897210636
"GSE141910","HF","REACTOME_RIBOSOME_ASSOCIATED_QUALITY_CONTROL","endothelial",0.450142396350466,1.16270992272088e-19,7.75139948480588e-19
"GSE141910","HF","REACTOME_RIBOSOME_ASSOCIATED_QUALITY_CONTROL","hepatocyte",0.548472543286279,3.92805027901616e-30,6.73380047831341e-29
"GSE141910","HF","REACTOME_RIBOSOME_ASSOCIATED_QUALITY_CONTROL","cardiomyocyte",0.21634152923943,2.98986165917018e-05,5.69497458889559e-05
"GSE141910","HF","REACTOME_RIBOSOME_ASSOCIATED_QUALITY_CONTROL","proliferation",-0.12282702311227,0.0187387084512156,0.0252656743162457
"GSE141910","HF","REACTOME_RIBOSOME_QUALITY_CONTROL_RQC_COMPLEX_EXTRACTS_AND_DEGRADES_NASCENT_PEPTIDE","immune_pan",0.230728616014158,8.22238228545126e-06,1.73102784956869e-05
"GSE141910","HF","REACTOME_RIBOSOME_QUALITY_CONTROL_RQC_COMPLEX_EXTRACTS_AND_DEGRADES_NASCENT_PEPTIDE","myeloid",0.443801239280839,4.27960264700907e-19,2.7029069349531e-18
"GSE141910","HF","REACTOME_RIBOSOME_QUALITY_CONTROL_RQC_COMPLEX_EXTRACTS_AND_DEGRADES_NASCENT_PEPTIDE","lymphocyte",0.205808401510344,7.2960125849086e-05,0.000136800235967036
"GSE141910","HF","REACTOME_RIBOSOME_QUALITY_CONTROL_RQC_COMPLEX_EXTRACTS_AND_DEGRADES_NASCENT_PEPTIDE","fibroblast",0.112200268398304,0.031876545405086,0.0398456817563576
"GSE141910","HF","REACTOME_RIBOSOME_QUALITY_CONTROL_RQC_COMPLEX_EXTRACTS_AND_DEGRADES_NASCENT_PEPTIDE","endothelial",0.395482310815704,3.75018356903179e-15,1.95661751427746e-14
"GSE141910","HF","REACTOME_RIBOSOME_QUALITY_CONTROL_RQC_COMPLEX_EXTRACTS_AND_DEGRADES_NASCENT_PEPTIDE","hepatocyte",0.549755083257656,2.71511077084464e-30,5.43022154168928e-29
"GSE141910","HF","REACTOME_RIBOSOME_QUALITY_CONTROL_RQC_COMPLEX_EXTRACTS_AND_DEGRADES_NASCENT_PEPTIDE","cardiomyocyte",0.188740262136616,0.000282160646263652,0.000490714167415047
"GSE141910","HF","REACTOME_RIBOSOME_QUALITY_CONTROL_RQC_COMPLEX_EXTRACTS_AND_DEGRADES_NASCENT_PEPTIDE","proliferation",-0.12583715561706,0.0160070908940285,0.0218278512191297
"GSE141910","HF","REACTOME_MITOCHONDRIAL_TRANSLATION","immune_pan",0.00721314627785387,0.890615545680722,0.905710724421073
"GSE141910","HF","REACTOME_MITOCHONDRIAL_TRANSLATION","myeloid",0.221092869604764,1.97036508025641e-05,3.87612802673393e-05
"GSE141910","HF","REACTOME_MITOCHONDRIAL_TRANSLATION","lymphocyte",0.0743043948766082,0.156008108813512,0.170190664160195
"GSE141910","HF","REACTOME_MITOCHONDRIAL_TRANSLATION","fibroblast",-0.0906631962695178,0.0832513507060693,0.0989124958883991
"GSE141910","HF","REACTOME_MITOCHONDRIAL_TRANSLATION","endothelial",0.35689672409197,1.956025845291e-12,8.09390004948001e-12
"GSE141910","HF","REACTOME_MITOCHONDRIAL_TRANSLATION","hepatocyte",0.439483245956043,1.02341985805345e-18,6.14051914832067e-18
"GSE141910","HF","REACTOME_MITOCHONDRIAL_TRANSLATION","cardiomyocyte",0.156420962700281,0.0026930223421206,0.00419691793577236
"GSE141910","HF","REACTOME_MITOCHONDRIAL_TRANSLATION","proliferation",-0.224757599981083,1.41951422912424e-05,2.88714758465947e-05
"GSE141910","HF","REACTOME_MITOCHONDRIAL_TRANSLATION_ELONGATION","immune_pan",0.0465487793630061,0.37455915514347,0.40033136303887
"GSE141910","HF","REACTOME_MITOCHONDRIAL_TRANSLATION_ELONGATION","myeloid",0.259330125813864,4.88876123329003e-07,1.24819435743575e-06
"GSE141910","HF","REACTOME_MITOCHONDRIAL_TRANSLATION_ELONGATION","lymphocyte",0.109154495934961,0.0368568751971427,0.0455961342645064
"GSE141910","HF","REACTOME_MITOCHONDRIAL_TRANSLATION_ELONGATION","fibroblast",-0.0428888146161292,0.41331086755574,0.435064071111305
"GSE141910","HF","REACTOME_MITOCHONDRIAL_TRANSLATION_ELONGATION","endothelial",0.387672591221853,1.42372558960496e-14,7.1186279480248e-14
"GSE141910","HF","REACTOME_MITOCHONDRIAL_TRANSLATION_ELONGATION","hepatocyte",0.462795610345696,7.94830125375836e-21,5.61056559088825e-20
"GSE141910","HF","REACTOME_MITOCHONDRIAL_TRANSLATION_ELONGATION","cardiomyocyte",0.175363534751671,0.000752845401708772,0.00123755408500072
"GSE141910","HF","REACTOME_MITOCHONDRIAL_TRANSLATION_ELONGATION","proliferation",-0.224189059974774,1.49413026175615e-05,2.98826052351231e-05
"GSE141910","HF","REACTOME_MITOCHONDRIAL_TRNA_AMINOACYLATION","immune_pan",-0.317188164985195,5.35102202008847e-10,1.78367400669616e-09
"GSE141910","HF","REACTOME_MITOCHONDRIAL_TRNA_AMINOACYLATION","myeloid",-0.362772087194001,7.95481938188303e-13,3.5354752808369e-12
"GSE141910","HF","REACTOME_MITOCHONDRIAL_TRNA_AMINOACYLATION","lymphocyte",-0.0849612920638357,0.104636320560198,0.121906392885668
"GSE141910","HF","REACTOME_MITOCHONDRIAL_TRNA_AMINOACYLATION","fibroblast",-0.230910770637881,8.08468467379876e-06,1.73102784956869e-05
"GSE141910","HF","REACTOME_MITOCHONDRIAL_TRNA_AMINOACYLATION","endothelial",-0.121864186391589,0.0196942474712856,0.0262589966283808
"GSE141910","HF","REACTOME_MITOCHONDRIAL_TRNA_AMINOACYLATION","hepatocyte",-0.11580638959101,0.0267335251575021,0.0344948711709705
"GSE141910","HF","REACTOME_MITOCHONDRIAL_TRNA_AMINOACYLATION","cardiomyocyte",0.113749411473299,0.029571949283295,0.0373540411999516
"GSE141910","HF","REACTOME_MITOCHONDRIAL_TRNA_AMINOACYLATION","proliferation",-0.251241367644469,1.12507134349211e-06,2.81267835873027e-06
"GSE141910","HF","REACTOME_RRNA_PROCESSING_IN_THE_MITOCHONDRION","immune_pan",-0.24107215735022,3.08335088628783e-06,7.25494326185372e-06
"GSE141910","HF","REACTOME_RRNA_PROCESSING_IN_THE_MITOCHONDRION","myeloid",-0.0463137129176485,0.376978700194936,0.40033136303887
"GSE141910","HF","REACTOME_RRNA_PROCESSING_IN_THE_MITOCHONDRION","lymphocyte",-0.141868037295393,0.00655638870546578,0.0097131684525419
"GSE141910","HF","REACTOME_RRNA_PROCESSING_IN_THE_MITOCHONDRION","fibroblast",-0.315784425392147,6.43157326399919e-10,2.08591565318893e-09
"GSE141910","HF","REACTOME_RRNA_PROCESSING_IN_THE_MITOCHONDRION","endothelial",0.0982308903188074,0.0604657673438437,0.0732918392046591
"GSE141910","HF","REACTOME_RRNA_PROCESSING_IN_THE_MITOCHONDRION","hepatocyte",0.192687802451883,0.000208460644166629,0.000367871724999933
"GSE141910","HF","REACTOME_RRNA_PROCESSING_IN_THE_MITOCHONDRION","cardiomyocyte",0.0361444905358238,0.490606341862644,0.511937052378411
"GSE141910","HF","REACTOME_RRNA_PROCESSING_IN_THE_MITOCHONDRION","proliferation",-0.150175056376699,0.00398259072701137,0.00598901506400132
