"disease","module","gene","kME"
"HF","black","ATP6AP2",0.794086016220227
"HF","black","TXNDC12",0.766088300166733
"HF","black","SSR1",0.754522359322867
"HF","black","MOB1A",0.753110731464596
"HF","black","STX12",0.748845306961435
"HF","black","COPB1",0.743309287681471
"HF","black","SNX2",0.741716358185449
"HF","black","CD164",0.741663503877679
"HF","black","SELENOF",0.738617550419666
"HF","black","CCNC",0.737201487796085
"HF","black","SGK3",0.736290324185685
"HF","black","TMX1",0.733171770372509
"HF","black","MDM2",0.726491841133826
"HF","black","TBK1",0.725173151473764
"HF","black","TMEM87A",0.712748544142823
"HF","black","ERO1A",0.710057579435153
"HF","black","NIP7",0.706337940909473
"HF","black","BZW1",0.698717672492431
"HF","black","NIFK",0.690781608956486
"HF","black","RAB2B",0.690170098155196
"HF","black","OAT",0.688002627283918
"HF","black","ARF4",0.684180622390842
"HF","black","ATF6",0.683302405291074
"HF","black","HMGN4",0.679310152195899
"HF","black","ERP44",0.677204199217812
"HF","black","WDR75",0.676882230187579
"HF","black","HACD3",0.676258331343802
"HF","black","UTP18",0.674496432938685
"HF","black","ACTR3",0.674446068012391
"HF","black","GNAI3",0.670978754214691
"HF","black","SRFBP1",0.668852206152299
"HF","black","MTDH",0.664438035098245
"HF","black","PGM3",0.663641386364044
"HF","black","LMAN2",0.663355710600045
"HF","black","GABPB1",0.661907719480264
"HF","black","DCK",0.655004374047452
"HF","black","CYRIB",0.654222576252935
"HF","black","ARFGAP3",0.649322112424374
"HF","black","UBLCP1",0.648750405358523
"HF","black","VAMP4",0.646958420724871
"HF","black","SNX6",0.646276393782242
"HF","black","RPL7L1",0.644905303596749
"HF","black","NOC3L",0.641191115261559
"HF","black","UFM1",0.639203431578431
"HF","black","CHIC2",0.638772486137233
"HF","black","CREG1",0.637028513307396
"HF","black","SLC25A32",0.635184718658526
"HF","black","MAP3K2",0.635006894498489
"HF","black","NFE2L2",0.632254042000184
"HF","black","MORC3",0.632201339581131
"HF","black","FKBP14",0.629974256721405
"HF","black","SPAST",0.62890618885383
"HF","black","OSBPL8",0.628664118273808
"HF","black","CISD2",0.628309296918004
"HF","black","SLC31A1",0.626735386415269
"HF","black","GNPNAT1",0.625864511304366
"HF","black","GNS",0.624847816971974
"HF","black","TCTN3",0.623384756196283
"HF","black","ACER3",0.620917217404051
"HF","black","RSRC1",0.620827568362002
"HF","black","ATP6V1B2",0.62034942394335
"HF","black","SLC35A1",0.620135724834756
"HF","black","BLOC1S6",0.618875811821009
"HF","black","AGFG1",0.61832699252482
"HF","black","ORMDL2",0.618091892825076
"HF","black","TRNT1",0.617769803178639
"HF","black","LRRC59",0.617552556223293
"HF","black","RAB10",0.615526256258684
"HF","black","OSTC",0.615022147057081
"HF","black","ZNF143",0.607577746310157
"HF","black","RMC1",0.600605364699012
"HF","black","WDR43",0.598097762797443
"HF","black","MGAT4A",0.597830348895002
"HF","black","RIOK1",0.597220135117001
"HF","black","PRKACB",0.593640911697451
"HF","black","STK3",0.592231402153124
"HF","black","RPE",0.590890256699435
"HF","black","PBDC1",0.590310747480393
"HF","black","HIF1A",0.590039640309659
"HF","black","SLC35A3",0.589101694283123
"HF","black","RIPK2",0.586535007200684
"HF","black","PDE6D",0.582906747228443
"HF","black","DNAJC25",0.578541580199697
"HF","black","FAM32A",0.57668612581727
"HF","black","TSPAN31",0.574506409293227
"HF","black","H2AZ1",0.574307778887935
"HF","black","MAPK6",0.569321063967679
"HF","black","KPNA2",0.568180983731155
"HF","black","PTGES3",0.567387282171673
"HF","black","SNX4",0.564947369263957
"HF","black","ORC5",0.562654783548311
"HF","black","HAUS1",0.560131937927563
"HF","black","ZNF28",0.558893886091431
"HF","black","NRBP1",0.558627275142947
"HF","black","CTSO",0.555935821936587
"HF","black","ZC3H15",0.552858320623784
"HF","black","RAB1A",0.551478805460823
"HF","black","ACTL6A",0.550808676950053
"HF","black","RSU1",0.55013326891597
"HF","black","NOP58",0.549782050854976
"HF","black","FTSJ1",0.54432786750397
"HF","black","MYDGF",0.544083389883914
"HF","black","C4orf33",0.54282605772042
"HF","black","SEC24A",0.542060471768118
"HF","black","WDR36",0.539219064672213
"HF","black","CEP170",0.537503706675583
"HF","black","PLBD1",0.536585188587649
"HF","black","TEX10",0.536160378008939
"HF","black","PLIN3",0.534858140632477
"HF","black","CNIH4",0.533985020673164
"HF","black","NXT2",0.532058098400623
"HF","black","TMEM33",0.530649231600194
"HF","black","PANK3",0.529917373164725
"HF","black","GPATCH2L",0.528327056255931
"HF","black","DHRS7",0.527722601712541
"HF","black","SMC4",0.521854073824292
"HF","black","RPS27L",0.521592767972439
"HF","black","DNAJC2",0.521511309543696
"HF","black","TMF1",0.521193134357439
"HF","black","JRKL",0.516487634827892
"HF","black","SRD5A3",0.51556605668365
"HF","black","TRIM5",0.511854985698578
"HF","black","AP1G1",0.509386023893314
"HF","black","ZNF468",0.505681611102894
"HF","black","MINPP1",0.504725217671401
"HF","black","RAMAC",0.504321367737884
"HF","black","NUP54",0.500599313703492
"HF","black","FGFR1OP2",0.497997276080906
"HF","black","CSNK1G2",0.497362819186346
"HF","black","OS9",0.496415804797734
"HF","black","ARF6",0.495889297807342
"HF","black","SPART",0.495459078380968
"HF","black","AVL9",0.491480375562052
"HF","black","CDK17",0.488130456864486
"HF","black","RRP36",0.487773083588054
"HF","black","CD55",0.485081178579101
"HF","black","WAPL",0.482853425224633
"HF","black","NUS1",0.482735701436783
"HF","black","KRAS",0.482264413401619
"HF","black","RAB11FIP2",0.481760980181833
"HF","black","EXOSC1",0.481345066593058
"HF","black","PTRH2",0.481187044460018
"HF","black","KTI12",0.480577076971982
"HF","black","CTSL",0.478656493658049
"HF","black","TCEAL9",0.477975679791638
"HF","black","RPN2",0.476133595910318
"HF","black","TMEM70",0.473778631652898
"HF","black","SIGMAR1",0.462629685030521
"HF","black","SNX11",0.460783551168387
"HF","black","DCAF10",0.457428744483564
"HF","black","DTD2",0.457329563959683
"HF","black","CDK2AP1",0.45595167973785
"HF","black","ARRDC4",0.449164574076292
"HF","black","LDHA",0.448539724356719
"HF","black","ZNF121",0.442745911385444
"HF","black","TOR1B",0.440510636020603
"HF","black","MEA1",0.436631177603779
"HF","black","UHMK1",0.436098945106071
"HF","black","C5orf24",0.434452352453637
"HF","black","CCDC50",0.433916403720773
"HF","black","DCAF13",0.432314221111064
"HF","black","B4GALT4",0.430326227632656
"HF","black","ZNF281",0.428987890677313
"HF","black","PIGF",0.426820653467137
"HF","black","TUBA1C",0.426127942289785
"HF","black","TSPO",0.422626436762289
"HF","black","MCU",0.422509886356755
"HF","black","MED10",0.414401195539703
"HF","black","C2orf69",0.410388048385787
"HF","black","SAP30L",0.408539819885804
"HF","black","ABT1",0.40065732616457
"HF","black","ZNF268",0.394862026241074
"HF","black","PAK2",0.393732022646882
"HF","black","PPIA",0.388686767930222
"HF","black","P4HB",0.388682917414334
"HF","black","ZNF354A",0.388163593891653
"HF","black","TMED5",0.387443643319094
"HF","black","DEK",0.380911733302288
"HF","black","GTF2H1",0.379414714885584
"HF","black","SSB",0.378872343902226
"HF","black","NOCT",0.378125161448668
"HF","black","SLC25A19",0.374337446544749
"HF","black","CTSB",0.368298280554301
"HF","black","WASL",0.36637269639153
"HF","blue","NDUFS1",0.904872500998922
"HF","blue","DLAT",0.899903925308997
"HF","blue","FH",0.899506073197995
"HF","blue","COQ10A",0.889909171779009
"HF","blue","NDUFA6",0.889224723000738
"HF","blue","MDH1",0.886625870627892
"HF","blue","NDUFA8",0.884524230894845
"HF","blue","TIMM21",0.882966633855887
"HF","blue","PFKM",0.881511918590343
"HF","blue","AIFM1",0.880746203478856
"HF","blue","ATP5F1A",0.875485419376362
"HF","blue","VDAC3",0.87458490978985
"HF","blue","PDHB",0.87321980856046
"HF","blue","APOO",0.871360048993271
"HF","blue","FASTKD2",0.866103747627955
"HF","blue","NNT",0.865525550648717
"HF","blue","LDHB",0.865178761214635
"HF","blue","SDHA",0.864439627700069
"HF","blue","ATP5F1B",0.862080646837618
"HF","blue","NDUFB4",0.861954677883114
"HF","blue","SLC25A12",0.861060420643953
"HF","blue","NDUFAB1",0.860679196580192
"HF","blue","GOT1",0.859528048191423
"HF","blue","SLC41A1",0.859389981079526
"HF","blue","MRPL46",0.859176915572364
"HF","blue","VDAC2",0.859000950448395
"HF","blue","CLCN4",0.858377555873311
"HF","blue","GHITM",0.858206836258824
"HF","blue","SLC25A4",0.858195381046169
"HF","blue","COX5A",0.857011302292906
"HF","blue","OPA1",0.85443334266992
"HF","blue","NDUFA9",0.854186764591327
"HF","blue","PDHA1",0.85357103736841
"HF","blue","UQCC1",0.851717875873089
"HF","blue","IMMT",0.850593977504388
"HF","blue","LRRC2",0.850385678799366
"HF","blue","CHCHD3",0.84882192268222
"HF","blue","FXR1",0.847869533524842
"HF","blue","MRPL16",0.847273923166236
"HF","blue","NDUFS2",0.846100437495204
"HF","blue","ATP5MJ",0.845828695652859
"HF","blue","UQCRC1",0.843414684028294
"HF","blue","ACADSB",0.842341679845113
"HF","blue","ATP5F1C",0.841250176322745
"HF","blue","SDHB",0.840769534288615
"HF","blue","ACO2",0.840616505666708
"HF","blue","ADPRHL1",0.836497408026712
"HF","blue","NDUFS3",0.836180119367133
"HF","blue","LMO7",0.836089585562006
"HF","blue","TSPAN12",0.834938110087238
"HF","blue","LRRC39",0.834265825210918
"HF","blue","SLC25A3",0.833630852094203
"HF","blue","USP13",0.833158092628476
"HF","blue","UQCRHL",0.831990935242684
"HF","blue","PCMT1",0.829894963328465
"HF","blue","TACO1",0.82778733490154
"HF","blue","MPC1",0.827648570527687
"HF","blue","ATPAF2",0.825899815713666
"HF","blue","TMEM182",0.825405387747385
"HF","blue","SNRPN",0.825300170361936
"HF","blue","DLD",0.825137070350113
"HF","blue","ACAT1",0.825068255527853
"HF","blue","AFG3L2",0.824618973849546
"HF","blue","UQCRFS1",0.823925166261347
"HF","blue","MRPS9",0.823702661332403
"HF","blue","FASTKD1",0.823602630731198
"HF","blue","HSPA9",0.823314215862082
"HF","blue","UQCRC2",0.822931120657931
"HF","blue","ALAS1",0.822855328590683
"HF","blue","HIGD1A",0.822549604570331
"HF","blue","NDUFB5",0.820323059765703
"HF","blue","MRPS30",0.820075719185233
"HF","blue","COQ3",0.818232636003861
"HF","blue","ETFA",0.818186026061066
"HF","blue","UBR3",0.816931850629572
"HF","blue","PDHX",0.816874654701816
"HF","blue","CISD1",0.816400266806779
"HF","blue","ADSS1",0.816377055524131
"HF","blue","TUFM",0.815860794956194
"HF","blue","MRPL35",0.815727138452156
"HF","blue","GFM2",0.815601939911253
"HF","blue","DLST",0.815448839063936
"HF","blue","NDUFB8",0.815296590328978
"HF","blue","NDUFB6",0.814560216405118
"HF","blue","SLC25A11",0.81448818335735
"HF","blue","ATP5PB",0.813782971495282
"HF","blue","NIPSNAP2",0.813440740524446
"HF","blue","DSP",0.813428570355618
"HF","blue","AGL",0.813376883709197
"HF","blue","COX7C",0.812996041625363
"HF","blue","PCCB",0.812475346253318
"HF","blue","POLDIP2",0.812227075977798
"HF","blue","MAOB",0.811808268011713
"HF","blue","ATP5MG",0.811587778869957
"HF","blue","SUCLA2",0.810801656743466
"HF","blue","PAIP2B",0.810118546924438
"HF","blue","DYNLL2",0.809743913219001
"HF","blue","NDUFAF4",0.80949267078687
"HF","blue","NDUFC1",0.809353655990729
"HF","blue","DECR1",0.808569812733837
"HF","blue","TOM1L2",0.808512034962194
"HF","blue","LRPPRC",0.808260579821515
"HF","blue","PPP2R3A",0.807168792195063
"HF","blue","PINK1",0.806393943026089
"HF","blue","DNAJC11",0.806156185958617
"HF","blue","BZW2",0.806012824456535
"HF","blue","NDUFA5",0.805864210618861
"HF","blue","FITM1",0.805660865808896
"HF","blue","ATAD1",0.805344736956068
"HF","blue","UBE2D1",0.805007577456399
"HF","blue","PTP4A3",0.804127215831012
"HF","blue","DNAJA3",0.804076325866734
"HF","blue","SLC2A4",0.802890054042604
"HF","blue","NXPE3",0.802587070874641
"HF","blue","ATPAF1",0.802171024263727
"HF","blue","ANO5",0.80186001671574
"HF","blue","ATP5PD",0.8018268751612
"HF","blue","IDH3B",0.801341613958509
"HF","blue","AKAP6",0.801203390369771
"HF","blue","PHYH",0.801076189789049
"HF","blue","FXR2",0.800818063902282
"HF","blue","GNG7",0.799827230562906
"HF","blue","PPP1R12B",0.799761076638938
"HF","blue","DDO",0.799260984329917
"HF","blue","SLC38A1",0.799150612130004
"HF","blue","NDUFV1",0.799051440163614
"HF","blue","MRPL51",0.798983518090154
"HF","blue","ITGB1BP2",0.798864558946714
"HF","blue","PPP1R13B",0.797679899693838
"HF","blue","CYC1",0.797424736726364
"HF","blue","IDH3A",0.797229379965226
"HF","blue","ABLIM1",0.796752357824109
"HF","blue","PTCD3",0.796613103142733
"HF","blue","PKP2",0.796294099535854
"HF","blue","FITM2",0.795656539051841
"HF","blue","MSI2",0.794466653008118
"HF","blue","IDH2",0.792834156091085
"HF","blue","COX5B",0.792828851969602
"HF","blue","ATP5MC1",0.792642057800119
"HF","blue","COX10",0.79263486642791
"HF","blue","USP28",0.792496349760364
"HF","blue","HOMER1",0.791632213159701
"HF","blue","RBM18",0.791527740637886
"HF","blue","NDUFA1",0.790979088201668
"HF","blue","TACC2",0.790582818399926
"HF","blue","HRC",0.790576785752738
"HF","blue","MOAP1",0.790396853091321
"HF","blue","AK1",0.790082506168068
"HF","blue","NDUFB10",0.788991228842288
"HF","blue","PERP",0.787644308420223
"HF","blue","MFN2",0.786807234855939
"HF","blue","PATJ",0.784616115231826
"HF","blue","CIPC",0.783943863199613
"HF","blue","EEF1A2",0.783864440362522
"HF","blue","VWA8",0.782645672721929
"HF","blue","ALDH5A1",0.782422744739068
"HF","blue","RRAGD",0.782278291872648
"HF","blue","TIMM17A",0.782109307164713
"HF","blue","SLIRP",0.781671618026123
"HF","blue","LAPTM4B",0.780477051621629
"HF","blue","DENND5B",0.780055668654015
"HF","blue","MCCC2",0.779779092328872
"HF","blue","MRPS23",0.779557696013507
"HF","blue","ACAA1",0.779373430629178
"HF","blue","TMOD1",0.778968374811732
"HF","blue","PRKAR1A",0.7787220342273
"HF","blue","KLHL7",0.777915844911214
"HF","blue","ATP5MF",0.777785600734138
"HF","blue","HCCS",0.777646016481797
"HF","blue","GRPEL1",0.777279280496101
"HF","blue","RAF1",0.776766074753931
"HF","blue","MYH14",0.776226341470583
"HF","blue","GOT2",0.775495765641504
"HF","blue","OGDH",0.774053133652006
"HF","blue","CLGN",0.773780840080696
"HF","blue","LYRM7",0.773752595198381
"HF","blue","CYCS",0.773053975184914
"HF","blue","ZNF106",0.772664087516851
"HF","blue","THSD4",0.772558993920829
"HF","blue","PPARGC1A",0.772413091303441
"HF","blue","MRPL37",0.771765970173305
"HF","blue","TIMMDC1",0.771704438624004
"HF","blue","EIF1B",0.771447894346037
"HF","blue","DNAJC19",0.771278476622935
"HF","blue","ANAPC16",0.771225346731343
"HF","blue","ATP1B1",0.770960928582241
"HF","blue","RETREG1",0.769601914779778
"HF","blue","RNF5",0.769202734311002
"HF","blue","MAPKAPK3",0.769199012993612
"HF","blue","PMPCA",0.768967981592232
"HF","blue","SLC16A1",0.768878264193533
"HF","blue","MRPL39",0.768825302460241
"HF","blue","ACBD5",0.768510183772434
"HF","blue","COQ7",0.768505910725551
"HF","blue","ETFDH",0.768400574616807
"HF","blue","HADHB",0.768015402352735
"HF","blue","CAMK2D",0.767583051616628
"HF","blue","BSG",0.767464566364218
"HF","blue","WDR37",0.766882076753133
"HF","blue","POMGNT1",0.766069117849361
"HF","blue","GATB",0.766021837893279
"HF","blue","PRKACA",0.76581514246719
"HF","blue","SOD1",0.765468925856539
"HF","blue","MRPS28",0.765195033139065
"HF","blue","H2BC21",0.764664847580774
"HF","blue","RAD51C",0.764345325780107
"HF","blue","FN3K",0.764017422186853
"HF","blue","MALSU1",0.762762617464492
"HF","blue","GTPBP8",0.762502555292565
"HF","blue","ARK2N",0.76191816165378
"HF","blue","MAPDA",0.76172671394088
"HF","blue","MSRB2",0.761148749717056
"HF","blue","CDH2",0.7601272241772
"HF","blue","HAX1",0.759985246196831
"HF","blue","SAMM50",0.759324066506317
"HF","blue","RCAN2",0.759120324898687
"HF","blue","NDRG4",0.758653730444782
"HF","blue","GFM1",0.758646683461732
"HF","blue","ANK3",0.758475992504523
"HF","blue","UQCRQ",0.758327927936502
"HF","blue","DCUN1D2",0.757576995067634
"HF","blue","POPDC2",0.756175654711985
"HF","blue","FILIP1",0.755908266293981
"HF","blue","CAP2",0.755411306041031
"HF","blue","PPM1K",0.754924346819092
"HF","blue","ACADM",0.754887556619703
"HF","blue","CERS6",0.754501554728245
"HF","blue","TMEM38B",0.753874147506971
"HF","blue","NDUFA10",0.753826909085373
"HF","blue","RMND5A",0.753770588108969
"HF","blue","TMEM116",0.753720687374192
"HF","blue","DCAF6",0.753550687607744
"HF","blue","BDH1",0.753302655969694
"HF","blue","CPEB3",0.752557053785485
"HF","blue","STAU2",0.752497847332507
"HF","blue","SLC16A7",0.752446608172493
"HF","blue","PACSIN3",0.752405723650376
"HF","blue","NDUFS6",0.752222984435139
"HF","blue","MPDZ",0.751516439728428
"HF","blue","HADHA",0.750610898819493
"HF","blue","UQCRH",0.750545316592762
"HF","blue","BCO2",0.750079536537623
"HF","blue","UBOX5",0.750049653057762
"HF","blue","SNTA1",0.749458904935447
"HF","blue","DTNA",0.749455037583613
"HF","blue","TENM2",0.748788581742871
"HF","blue","LIN9",0.748778988846979
"HF","blue","MLIP",0.748502392128322
"HF","blue","GPD1L",0.748196932398692
"HF","blue","AK3",0.748185698333884
"HF","blue","AKAP1",0.74774155722087
"HF","blue","MOCS2",0.747294637650145
"HF","blue","COX6C",0.747084178963595
"HF","blue","SYDE2",0.746448692655529
"HF","blue","HIBADH",0.746369422487455
"HF","blue","TMLHE",0.746067775522933
"HF","blue","KLHL31",0.745979423927029
"HF","blue","SLC8A1",0.745725444815929
"HF","blue","C1QBP",0.745599056429082
"HF","blue","PPP1R1C",0.745471861951563
"HF","blue","LAMTOR5",0.744993565358186
"HF","blue","NDUFA12",0.744538206847036
"HF","blue","MYH7B",0.74418757297244
"HF","blue","LRRFIP2",0.74412227774466
"HF","blue","NAP1L4",0.744064748101465
"HF","blue","COX4I1",0.743948303590394
"HF","blue","SPX",0.743758511823042
"HF","blue","ALKBH5",0.74285227240813
"HF","blue","PDE4DIP",0.742384525078686
"HF","blue","TBC1D4",0.741532181059848
"HF","blue","ATG4D",0.7415207681593
"HF","blue","DDX1",0.741303306056172
"HF","blue","PARP1",0.741270369523611
"HF","blue","PRKAG1",0.7410518583728
"HF","blue","SFXN4",0.740807394989261
"HF","blue","SDHC",0.740627281692688
"HF","blue","SPRYD4",0.740620698740892
"HF","blue","ABCD3",0.740477195039687
"HF","blue","PPIF",0.740325321779381
"HF","blue","PSMD6",0.740268068976979
"HF","blue","SIAE",0.740069175129878
"HF","blue","ETFB",0.740061707481963
"HF","blue","MLH1",0.739582218566161
"HF","blue","MIMS1",0.73912892301538
"HF","blue","GRSF1",0.738971505217754
"HF","blue","PRUNE1",0.738951598460034
"HF","blue","RTN4IP1",0.737614637311177
"HF","blue","NDUFB9",0.737453713093756
"HF","blue","BCS1L",0.737383930503446
"HF","blue","KPNA4",0.737174968990446
"HF","blue","PTGR3",0.737163083811779
"HF","blue","RBM24",0.737152283050809
"HF","blue","LIMCH1",0.736581485434524
"HF","blue","ADCY5",0.73601783538014
"HF","blue","PNPLA4",0.735448586902532
"HF","blue","RAB21",0.735416293178659
"HF","blue","TIMM23B",0.734916847230767
"HF","blue","MRPS27",0.734280343188781
"HF","blue","NDUFA3",0.734188460202598
"HF","blue","CLCN3",0.734101558250556
"HF","blue","GYS1",0.733892459056405
"HF","blue","ZYG11B",0.733509011077825
"HF","blue","PPARA",0.733254043087968
"HF","blue","ADCY9",0.732778942338692
"HF","blue","DNAJA2",0.732751896455428
"HF","blue","PPM1A",0.732173287344355
"HF","blue","SNRPC",0.732130650473648
"HF","blue","TARS3",0.732084753435917
"HF","blue","GMPR",0.732060935815556
"HF","blue","MRPL15",0.731840150784413
"HF","blue","MRS2",0.731522564250252
"HF","blue","TIMM17B",0.731365563564161
"HF","blue","TXNL1",0.731205176570244
"HF","blue","SYNM",0.730474292201195
"HF","blue","DUSP3",0.730408679910903
"HF","blue","SIRT5",0.730301335671411
"HF","blue","OBSCN",0.730125027893184
"HF","blue","NRAP",0.72932608875528
"HF","blue","RILPL1",0.729160637565392
"HF","blue","VBP1",0.729144875173502
"HF","blue","ECI1",0.728764878760065
"HF","blue","TRUB2",0.72864884365612
"HF","blue","DSG2",0.72849428851852
"HF","blue","MMUT",0.728387918574213
"HF","blue","ENO3",0.728355039331513
"HF","blue","RALGPS1",0.728261392356864
"HF","blue","ACTN2",0.727961295825017
"HF","blue","PROX1",0.727661392887066
"HF","blue","ATP2A2",0.727527833665563
"HF","blue","NAXE",0.727484448969675
"HF","blue","HYAL1",0.72726777610527
"HF","blue","SLC2A11",0.726411536511567
"HF","blue","PAQR9",0.726257811165486
"HF","blue","RAB3A",0.725498316612653
"HF","blue","FAM110B",0.725218621747618
"HF","blue","NDUFA2",0.724945395884828
"HF","blue","TMEM38A",0.724592587778473
"HF","blue","PRKN",0.724580202450868
"HF","blue","TIMM23",0.724114783769817
"HF","blue","ZNF330",0.723796223671508
"HF","blue","TCAP",0.722461228346697
"HF","blue","TAF7",0.722297552338148
"HF","blue","HSPB8",0.72203589778624
"HF","blue","STRAP",0.721931772767256
"HF","blue","C19orf47",0.721731247902922
"HF","blue","ATP5PF",0.721640015239209
"HF","blue","GATD3",0.721580256157349
"HF","blue","UQCC2",0.721374002001157
"HF","blue","MRPS18B",0.721094252157476
"HF","blue","ACAD8",0.720749196004308
"HF","blue","NDRG2",0.720630660670563
"HF","blue","FEM1A",0.720442652207488
"HF","blue","KLHL24",0.719226684770666
"HF","blue","TTN",0.718535141983851
"HF","blue","BTBD1",0.718399589190159
"HF","blue","DST",0.718105172476955
"HF","blue","DPF3",0.717982619362735
"HF","blue","PDE3A",0.717219019550759
"HF","blue","LMAN2L",0.716433441857429
"HF","blue","PGP",0.716145813149156
"HF","blue","RTRAF",0.716062125406587
"HF","blue","MAP3K20",0.716050065036138
"HF","blue","KIAA0232",0.715220853550679
"HF","blue","IPO13",0.715158674002284
"HF","blue","CRYM",0.714799995051289
"HF","blue","HDAC11",0.714592276248043
"HF","blue","VDAC1",0.714402206618265
"HF","blue","MTFR1L",0.714360126466452
"HF","blue","ZBTB43",0.713998246332871
"HF","blue","EID1",0.713866350682308
"HF","blue","LDHD",0.713760996789272
"HF","blue","FUNDC1",0.713297824939036
"HF","blue","GLRX5",0.713210151619811
"HF","blue","LINC01128",0.713139122790426
"HF","blue","DMD",0.712571667411633
"HF","blue","SLC35B1",0.712145168790661
"HF","blue","MYOM1",0.71174331689086
"HF","blue","PPP1R9A",0.711561869012086
"HF","blue","MRPS17",0.711440572341037
"HF","blue","SMIM30",0.711390893852106
"HF","blue","REXO2",0.711224363300697
"HF","blue","TNNC1",0.711019007877154
"HF","blue","VCP",0.710775947069914
"HF","blue","MAPKAPK2",0.710741450798685
"HF","blue","RAVER2",0.710408292395491
"HF","blue","CLUH",0.709103947458646
"HF","blue","TIMM8B",0.709062357265989
"HF","blue","ELOC",0.708701729450625
"HF","blue","MACROH2A2",0.708585338793339
"HF","blue","KIAA0319L",0.708227823606516
"HF","blue","LRRC47",0.708067654167393
"HF","blue","ECSIT",0.707760534191988
"HF","blue","UBE2B",0.707068332267019
"HF","blue","SLC38A3",0.707053617256596
"HF","blue","PDZD2",0.706857375811214
"HF","blue","COX7B",0.706756763184814
"HF","blue","NEDD4L",0.706568197647298
"HF","blue","PGM1",0.706338648048188
"HF","blue","COXFA4",0.705371410953476
"HF","blue","MRPL41",0.705211138570391
"HF","blue","COQ8A",0.705115570734477
"HF","blue","HBS1L",0.704543420964085
"HF","blue","RASGRP3",0.704501340089122
"HF","blue","C5orf63",0.704392920415949
"HF","blue","NECAB3",0.704348154846424
"HF","blue","NUBPL",0.703541471847765
"HF","blue","RPP25L",0.703382889498565
"HF","blue","MRPS16",0.703146909723923
"HF","blue","MRPS10",0.703145557919325
"HF","blue","FAM162A",0.702902646492796
"HF","blue","NFE2L1",0.702855872393504
"HF","blue","MRPS33",0.702596031679935
"HF","blue","TCP11L2",0.702332196411597
"HF","blue","NFS1",0.702298788720931
"HF","blue","FABP3",0.702199459849151
"HF","blue","MRPS35",0.701067976810248
"HF","blue","SLC25A30",0.701062450387353
"HF","blue","MRPL20",0.700820101884175
"HF","blue","FAF1",0.700758728962279
"HF","blue","FKBP3",0.700702236675561
"HF","blue","ARIH2",0.700611489100795
"HF","blue","FXN",0.699593293541215
"HF","blue","TRAP1",0.698822796813917
"HF","blue","DMAC2",0.69843570711852
"HF","blue","DMAC1",0.698215778184856
"HF","blue","RNF10",0.698156257494258
"HF","blue","TOMM70",0.697983188026809
"HF","blue","HSDL2",0.697821147188724
"HF","blue","MLYCD",0.697521426132774
"HF","blue","IDE",0.696995744175374
"HF","blue","RMDN1",0.69663800327824
"HF","blue","COQ9",0.696320136116958
"HF","blue","GCSH",0.695907883784952
"HF","blue","TBRG4",0.695872084625199
"HF","blue","UQCR10",0.695607301064789
"HF","blue","SLC33A2",0.695440966786267
"HF","blue","PSMC3",0.694375434850038
"HF","blue","CUL4A",0.694349345689056
"HF","blue","EIF3K",0.694308139778256
"HF","blue","ACAA2",0.69395164750749
"HF","blue","PPP2R5C",0.693890236958532
"HF","blue","CMYA5",0.693677424305137
"HF","blue","SLC20A2",0.693676774644555
"HF","blue","CDK18",0.693483517245865
"HF","blue","FNDC5",0.693376965018074
"HF","blue","HIGD2A",0.691998730364314
"HF","blue","NUDT16L1",0.691962513871463
"HF","blue","PPTC7",0.691381404203484
"HF","blue","STRIP2",0.691072321487038
"HF","blue","CEP85",0.690823255650307
"HF","blue","UBE2G1",0.690620746073615
"HF","blue","PARM1",0.690545680836896
"HF","blue","TMEM245",0.689026066790205
"HF","blue","COQ6",0.687365068493048
"HF","blue","BTRC",0.687271567808316
"HF","blue","NDUFS8",0.687098071353775
"HF","blue","PSMB5",0.686295668260243
"HF","blue","KIF21A",0.686146680225154
"HF","blue","GAS2",0.685737094280488
"HF","blue","NDFIP2",0.685518828261093
"HF","blue","PPP1R13L",0.685025606488217
"HF","blue","CBY1",0.684951297729226
"HF","blue","SPAG7",0.684255256229358
"HF","blue","PEBP1",0.683381285966074
"HF","blue","INPP5A",0.683313325653402
"HF","blue","NDUFB11",0.683260280893139
"HF","blue","MCAT",0.68325537482406
"HF","blue","KCTD9",0.683005790852229
"HF","blue","NDUFB2",0.682856205234533
"HF","blue","TIMM50",0.68262948734672
"HF","blue","ZNF256",0.682580392283324
"HF","blue","CSNK2A1",0.682568199517586
"HF","blue","COX11",0.682227933535768
"HF","blue","PHB1",0.682111955558936
"HF","blue","ALPK2",0.681828482737841
"HF","blue","IVD",0.681753573927992
"HF","blue","EIF2B3",0.681440558276866
"HF","blue","ELAC2",0.681436139764638
"HF","blue","MACROD1",0.681138864246042
"HF","blue","GCNT2",0.681035184783373
"HF","blue","GPRC5B",0.680952472888973
"HF","blue","B3GALNT1",0.680683678992456
"HF","blue","AIG1",0.6806224050055
"HF","blue","PCBD2",0.680274013728088
"HF","blue","AHSA1",0.68025639512458
"HF","blue","APOOL",0.680045179025008
"HF","blue","MTIF3",0.679960250823549
"HF","blue","ACSS1",0.679668240262114
"HF","blue","PRKCZ",0.679597948496629
"HF","blue","CRIP2",0.679550109716129
"HF","blue","B4GAT1",0.6795303364113
"HF","blue","PEX7",0.677841470414097
"HF","blue","BUD23",0.67743252096039
"HF","blue","FOXRED1",0.67682538314103
"HF","blue","PSMD7",0.676687716607002
"HF","blue","LCMT1",0.676384841603024
"HF","blue","PRKAA2",0.676356706970196
"HF","blue","MIPEP",0.676341092434088
"HF","blue","PTPN3",0.676095860227584
"HF","blue","GYG1",0.675685393295643
"HF","blue","ISCU",0.67555866227914
"HF","blue","ATP5MC3",0.67538550283305
"HF","blue","TARS2",0.674623851533883
"HF","blue","TEAD1",0.674584541403643
"HF","blue","ABCF3",0.674122990653983
"HF","blue","PANK1",0.673961448586052
"HF","blue","CACNA1C",0.673532677751794
"HF","blue","KAT2B",0.672956438271585
"HF","blue","TSPAN9",0.672733743483497
"HF","blue","FBXO3",0.672677605204343
"HF","blue","POLB",0.67254875574124
"HF","blue","DNAJC28",0.67229152621263
"HF","blue","ASB8",0.672280948459419
"HF","blue","PFKFB2",0.672280636703726
"HF","blue","CLDN12",0.672254363810035
"HF","blue","MFF",0.671996868162599
"HF","blue","MGAT5",0.671172253421368
"HF","blue","GSTK1",0.668990885125908
"HF","blue","SLC12A7",0.668137697894112
"HF","blue","HSP90AB1",0.667522977863002
"HF","blue","PDP1",0.667224307373732
"HF","blue","NAPA",0.667214696252968
"HF","blue","FAM50B",0.667112416588896
"HF","blue","NKIRAS2",0.666630644231929
"HF","blue","OSBP2",0.666114628738341
"HF","blue","SORBS2",0.665912142149303
"HF","blue","ABHD10",0.665806904711412
"HF","blue","DYNC1LI1",0.665437586104013
"HF","blue","RAB3IP",0.665299545303358
"HF","blue","UBE4B",0.665189643210231
"HF","blue","PPP2R1A",0.665082712718292
"HF","blue","APEH",0.665009503256649
"HF","blue","ATP5IF1",0.664914519048275
"HF","blue","EHHADH",0.664601449970956
"HF","blue","TLCD4",0.664527162175017
"HF","blue","SCAPER",0.664488792527428
"HF","blue","DELE1",0.663765634682177
"HF","blue","DAP3",0.663369537069955
"HF","blue","ADSL",0.663140250195873
"HF","blue","SPRYD7",0.662957661364782
"HF","blue","GATA4",0.662290926124494
"HF","blue","COMMD10",0.661769595596506
"HF","blue","MRPL1",0.661719404120433
"HF","blue","AFG1L",0.661449288748199
"HF","blue","AMIGO1",0.66143848207681
"HF","blue","PIN1",0.661240989133621
"HF","blue","LONRF2",0.660758947470047
"HF","blue","PARK7",0.66068451318353
"HF","blue","RAB6B",0.659509829870357
"HF","blue","KCMF1",0.659411550115119
"HF","blue","NAA40",0.659340739560149
"HF","blue","MRPS22",0.659104421363546
"HF","blue","CPTP",0.659052781038004
"HF","blue","C11orf21",0.659011725155541
"HF","blue","VAPB",0.65895683557467
"HF","blue","STOML2",0.658660686894615
"HF","blue","PHPT1",0.658029000309868
"HF","blue","SYPL2",0.657758173658974
"HF","blue","NARS1",0.6570179895569
"HF","blue","FAHD2B",0.657016323503875
"HF","blue","SNRPD3",0.657013294494582
"HF","blue","EPM2AIP1",0.656156395681956
"HF","blue","C22orf39",0.65606654384687
"HF","blue","NUDT7",0.655330642162167
"HF","blue","NDUFB1",0.655316162983169
"HF","blue","MICOS10",0.65522629493087
"HF","blue","ECI2",0.655166780114781
"HF","blue","TSFM",0.654567758949048
"HF","blue","FRMD3",0.654361174163084
"HF","blue","GJA1",0.654155722584918
"HF","blue","TIMM44",0.654131649067545
"HF","blue","RILP",0.653863450203986
"HF","blue","UQCRB",0.653776482954655
"HF","blue","PTCD2",0.653648392496436
"HF","blue","OXSM",0.653347933704501
"HF","blue","ZNF41",0.653007724021614
"HF","blue","CMC2",0.652798629214153
"HF","blue","ICA1",0.652233422446523
"HF","blue","ESRRA",0.652004932143352
"HF","blue","PFDN2",0.651973774487097
"HF","blue","PRDX3",0.651852930541775
"HF","blue","OMA1",0.651729697798895
"HF","blue","TXN2",0.651409958819866
"HF","blue","TMX4",0.651268487953917
"HF","blue","SUCLG1",0.650920023556871
"HF","blue","FYCO1",0.650617812881631
"HF","blue","OPLAH",0.65041951782526
"HF","blue","MRPS12",0.649866790198319
"HF","blue","PLCL2",0.649830532244625
"HF","blue","PGM5",0.649734130413093
"HF","blue","GUCD1",0.649592433223045
"HF","blue","DCAF8",0.649519891673858
"HF","blue","MUL1",0.649411621289175
"HF","blue","KGD4",0.649141285434426
"HF","blue","PTGES2",0.648826645231948
"HF","blue","LMTK2",0.648732900550673
"HF","blue","PREPL",0.648280240761006
"HF","blue","NIBAN1",0.648167156746419
"HF","blue","USP2",0.647908591959485
"HF","blue","SRPK3",0.647817413204598
"HF","blue","CYP2J2",0.647612913694938
"HF","blue","COX6B1",0.646704260347643
"HF","blue","ERCC1",0.64643175196488
"HF","blue","CLASP1",0.645781734932866
"HF","blue","KYAT1",0.645754093515929
"HF","blue","SNAPC5",0.64532783869086
"HF","blue","ZNF768",0.645155539759005
"HF","blue","COPS5",0.644576426508281
"HF","blue","GCDH",0.644467639955805
"HF","blue","FRK",0.644308470389101
"HF","blue","TMEM203",0.643967655590116
"HF","blue","GPR157",0.643161693140044
"HF","blue","MCEE",0.642875181120332
"HF","blue","DAG1",0.642397318612712
"HF","blue","ANXA11",0.641701546938889
"HF","blue","RAB12",0.640408247314077
"HF","blue","EZR",0.639420546288966
"HF","blue","ANKRD9",0.639397631737291
"HF","blue","HMOX2",0.639368961405858
"HF","blue","ROGDI",0.638740181308935
"HF","blue","RUVBL1",0.63811397158806
"HF","blue","PPP1R3F",0.637958429504238
"HF","blue","DENND1B",0.637702101517251
"HF","blue","TSEN15",0.6367593281103
"HF","blue","TTC1",0.636509848310685
"HF","blue","CCDC9B",0.636045649799301
"HF","blue","SNRNP25",0.636001090251036
"HF","blue","AP1S2",0.635690419440225
"HF","blue","CACNB2",0.635618640401656
"HF","blue","TOMM40L",0.635031366300898
"HF","blue","LIAS",0.634675815847904
"HF","blue","HAGH",0.634620784632744
"HF","blue","SNU13",0.634550920937243
"HF","blue","KCNJ2",0.634212279055713
"HF","blue","RBPMS2",0.63339011721485
"HF","blue","TUSC3",0.633341311677586
"HF","blue","HOMER2",0.633311127658091
"HF","blue","C3orf18",0.633008968103163
"HF","blue","PRDX5",0.632978107544946
"HF","blue","CCT7",0.632932670445482
"HF","blue","MRPL33",0.632665533698264
"HF","blue","GPT",0.632584388325719
"HF","blue","MRPS18A",0.632393235566371
"HF","blue","COA1",0.632281863753389
"HF","blue","MRPL34",0.63211196382113
"HF","blue","NDUFB3",0.631732027292807
"HF","blue","KIF1C",0.631721298652691
"HF","blue","LRRC20",0.631094501092788
"HF","blue","SLC38A7",0.63090399453519
"HF","blue","CHCHD10",0.630664949189756
"HF","blue","RPUSD2",0.630634307051726
"HF","blue","FAM229B",0.630060362732396
"HF","blue","MARCHF6",0.629963855828206
"HF","blue","MRPL21",0.629626289100671
"HF","blue","SLC2A12",0.629473249645642
"HF","blue","BOLA3",0.629016839768345
"HF","blue","DTWD2",0.628964421091033
"HF","blue","CTNNAL1",0.628768214224935
"HF","blue","AAMDC",0.628387083833785
"HF","blue","ADHFE1",0.628188188684054
"HF","blue","DMPK",0.628184194895021
"HF","blue","PRDX2",0.627408596054343
"HF","blue","ZNF875",0.627351651525572
"HF","blue","CCND2",0.627333136732172
"HF","blue","PYGB",0.626881699504399
"HF","blue","HINT2",0.626571910805962
"HF","blue","TIMM22",0.625731787734948
"HF","blue","GPATCH4",0.625590413729159
"HF","blue","HADH",0.625332284920853
"HF","blue","FUNDC2",0.625190968764435
"HF","blue","SYNGR1",0.623064956801589
"HF","blue","KIFBP",0.621747798141449
"HF","blue","MRPS15",0.621643692417857
"HF","blue","NARF",0.621292750905386
"HF","blue","MTMR9",0.621163891490294
"HF","blue","NIPSNAP3B",0.620639537529187
"HF","blue","SATB1",0.620580914074371
"HF","blue","MRPL58",0.620041325654579
"HF","blue","PXMP2",0.619492661130576
"HF","blue","SIPA1L2",0.619439257542278
"HF","blue","HINT3",0.619134545880217
"HF","blue","TUBE1",0.618962177678559
"HF","blue","ACADVL",0.618895498237067
"HF","blue","HMCES",0.618732804115343
"HF","blue","MMACHC",0.618570339138131
"HF","blue","ISCA1",0.618190570007514
"HF","blue","NDUFAF6",0.617841789434169
"HF","blue","UBL4A",0.617130139829257
"HF","blue","GDE1",0.616845603976791
"HF","blue","PEX1",0.615602258737928
"HF","blue","ITFG1",0.615571954087913
"HF","blue","PPIL1",0.615427507569001
"HF","blue","CASZ1",0.61541442323512
"HF","blue","TANC1",0.615297822781559
"HF","blue","PDLIM5",0.614928701166293
"HF","blue","SLC25A23",0.614733216852299
"HF","blue","NEXN",0.614378293824622
"HF","blue","POLR2B",0.61380530199579
"HF","blue","CRY2",0.61362505022443
"HF","blue","EARS2",0.613501246745104
"HF","blue","DCTN3",0.613450630043496
"HF","blue","CXADR",0.612591722347015
"HF","blue","AAK1",0.61239526008276
"HF","blue","ERAL1",0.612338497503721
"HF","blue","ATP5PO",0.612335491523883
"HF","blue","CHPT1",0.612316842084719
"HF","blue","CCSER2",0.61214778010796
"HF","blue","ACYP2",0.61085613712805
"HF","blue","ZHX2",0.610851698997888
"HF","blue","C15orf61",0.610444337173767
"HF","blue","LCLAT1",0.610373827876267
"HF","blue","TLE5",0.61022868926112
"HF","blue","RAP1GAP2",0.609791195807974
"HF","blue","NDUFB7",0.609733319587868
"HF","blue","CMBL",0.609470387703838
"HF","blue","PLD1",0.609449923680788
"HF","blue","CHCHD4",0.609231916377602
"HF","blue","LARGE1",0.608821036001152
"HF","blue","RPUSD4",0.608760733870997
"HF","blue","SUN1",0.608552120494555
"HF","blue","TMEM65",0.607973283895061
"HF","blue","QDPR",0.607357390859046
"HF","blue","CALCOCO2",0.606900191101972
"HF","blue","RNF207",0.606772378973654
"HF","blue","NUDT12",0.606665944469495
"HF","blue","PAM",0.606616637909547
"HF","blue","MRPL45",0.606235840203724
"HF","blue","TMEM223",0.606095416782282
"HF","blue","URGCP",0.605608397859317
"HF","blue","USP10",0.605464399128704
"HF","blue","DUSP28",0.605343354264093
"HF","blue","EXTL3",0.605314934007579
"HF","blue","EVI5L",0.605289196892345
"HF","blue","GKAP1",0.604503443670601
"HF","blue","WDTC1",0.604341270640286
"HF","blue","NDUFA11",0.604098977193703
"HF","blue","SLC6A8",0.603956285267775
"HF","blue","PLEKHA5",0.603838431458104
"HF","blue","IFT22",0.60368191547897
"HF","blue","HMGN3",0.603654163163923
"HF","blue","ACAD10",0.603575887343387
"HF","blue","ABCB4",0.603325710875159
"HF","blue","CRYAB",0.602625686945336
"HF","blue","PPP1R3C",0.60249790891201
"HF","blue","AKTIP",0.602398383847116
"HF","blue","MAIP1",0.601201397006008
"HF","blue","RGN",0.601090397713077
"HF","blue","WWP1",0.599491462234269
"HF","blue","SDHAP2",0.599488719200751
"HF","blue","CKB",0.599276774467657
"HF","blue","SMYD2",0.59895080725811
"HF","blue","MRPL24",0.598488942223749
"HF","blue","CHMP7",0.597765519428712
"HF","blue","SARS2",0.597734068351264
"HF","blue","CDIN1",0.597709266316391
"HF","blue","EML1",0.5975984227999
"HF","blue","NCOA2",0.597156252704634
"HF","blue","PALMD",0.597027643168473
"HF","blue","NCEH1",0.596740409589533
"HF","blue","NTMT1",0.596516058118342
"HF","blue","NHLRC2",0.596427101764474
"HF","blue","ANKRD39",0.596426878661966
"HF","blue","BNIP3",0.593904629663906
"HF","blue","STARD7",0.593779425254645
"HF","blue","FEM1C",0.593766378804908
"HF","blue","NDUFAF1",0.593173476219733
"HF","blue","ARAF",0.592561547995754
"HF","blue","SFMBT1",0.592525000445084
"HF","blue","EBP",0.592290047161825
"HF","blue","WLS",0.592237224833652
"HF","blue","H3C6",0.592169329154717
"HF","blue","NLRX1",0.592151884463133
"HF","blue","HDHD5",0.591537949239516
"HF","blue","KEAP1",0.591397963755545
"HF","blue","PHACTR1",0.59139685907022
"HF","blue","UROS",0.591305987796486
"HF","blue","CNNM4",0.591168953794161
"HF","blue","KANK1",0.591045157298503
"HF","blue","RNLS",0.5908350410987
"HF","blue","UBAC1",0.590535687730023
"HF","blue","UQCR11",0.590308787843724
"HF","blue","AKAP8L",0.590192000616726
"HF","blue","BBS2",0.590126478828655
"HF","blue","MAST2",0.590054934728169
"HF","blue","CCDC85C",0.589542869544886
"HF","blue","ATP5MK",0.589438038540843
"HF","blue","PSMD2",0.58815493066921
"HF","blue","QPRT",0.588102090886306
"HF","blue","PGAP4",0.587795100724105
"HF","blue","MRPL50",0.587591520079398
"HF","blue","SLMAP",0.586836154795437
"HF","blue","OXNAD1",0.586450762100823
"HF","blue","OXA1L",0.586371009056646
"HF","blue","AGTPBP1",0.586133753514747
"HF","blue","ISOC1",0.585688050100309
"HF","blue","NAA30",0.585579370373256
"HF","blue","APBB1",0.585487580725091
"HF","blue","DRC4",0.585346768819651
"HF","blue","ACOX1",0.585192993561247
"HF","blue","MRPS25",0.584996608614837
"HF","blue","VWA7",0.584812794643916
"HF","blue","AIMP2",0.584659450587361
"HF","blue","RAD23A",0.583770938851425
"HF","blue","SMIM20",0.583631422411793
"HF","blue","TNIK",0.583409547891619
"HF","blue","ABI2",0.583404245185934
"HF","blue","SVIL",0.58309853212023
"HF","blue","SEMA6C",0.582740003037743
"HF","blue","OPA3",0.582703103156927
"HF","blue","CORO6",0.582307844788932
"HF","blue","PCCA",0.581983544711815
"HF","blue","SMPD1",0.581182910323733
"HF","blue","MMAB",0.581099613328964
"HF","blue","GABARAPL1",0.580826503672332
"HF","blue","CHTOP",0.580637934168828
"HF","blue","NOMO1",0.580061821608112
"HF","blue","TPI1",0.579999854589399
"HF","blue","SELENOW",0.57963827439321
"HF","blue","KPNA6",0.579425350156673
"HF","blue","ACADS",0.578898722728508
"HF","blue","HSDL1",0.578614959123608
"HF","blue","ADGRL2",0.578594549439718
"HF","blue","MGST2",0.578503283120257
"HF","blue","PPFIBP1",0.57841388330111
"HF","blue","SLX9",0.578367357730234
"HF","blue","RBKS",0.578249017383196
"HF","blue","DNM1L",0.577911954451666
"HF","blue","RBM38",0.577388337742147
"HF","blue","MCM4",0.577383634511022
"HF","blue","PRKAG2",0.577097505750303
"HF","blue","ALDOA",0.577056831085792
"HF","blue","GPC1",0.576926081363137
"HF","blue","BCAT2",0.576628797413929
"HF","blue","ZNF606",0.576445354655562
"HF","blue","MSRA",0.575875382576633
"HF","blue","ELP1",0.575829527220909
"HF","blue","PRMT1",0.575639569923638
"HF","blue","CIAO2B",0.575550203302275
"HF","blue","ERBB2",0.575384654221221
"HF","blue","RDH13",0.575331643115285
"HF","blue","MTRF1L",0.575160105991951
"HF","blue","NUDT6",0.574939133633373
"HF","blue","MEF2A",0.574935341782935
"HF","blue","PPP5C",0.574929490346872
"HF","blue","MRPS26",0.574851877890332
"HF","blue","SMPX",0.574809799193844
"HF","blue","MRPL44",0.574314855159999
"HF","blue","THNSL1",0.574172305053634
"HF","blue","FHL2",0.57328124400509
"HF","blue","REPIN1",0.572925227163899
"HF","blue","BCL7A",0.572388220024149
"HF","blue","SNAPC3",0.572263525178785
"HF","blue","SLC25A20",0.571914972504276
"HF","blue","PLEKHA1",0.571481034578964
"HF","blue","PSD3",0.571308863443041
"HF","blue","UQCC5",0.570919987957439
"HF","blue","FKBP4",0.57054233123898
"HF","blue","RNF208",0.570293633659431
"HF","blue","ZSCAN18",0.570135504189089
"HF","blue","BEX3",0.569438861856279
"HF","blue","TUBB4B",0.569217745264983
"HF","blue","RHOQ",0.569216788252507
"HF","blue","MMP15",0.568966314094099
"HF","blue","ATP11A",0.568761853433176
"HF","blue","GNA11",0.568698919611203
"HF","blue","MRPL53",0.567873226997733
"HF","blue","TSPAN32",0.567756343246129
"HF","blue","CDC34",0.567548837387799
"HF","blue","PHKA1",0.567476260764974
"HF","blue","XK",0.56737898899881
"HF","blue","RPP14",0.566568025865533
"HF","blue","SUOX",0.56655742467049
"HF","blue","MRPL19",0.566273557595982
"HF","blue","NR2F6",0.566197325944969
"HF","blue","TRPT1",0.566193782778782
"HF","blue","PTPRM",0.566110030380523
"HF","blue","IFTAP",0.566081984199772
"HF","blue","RUVBL2",0.566050416824164
"HF","blue","ABHD11",0.56545976049713
"HF","blue","CPT2",0.565089378456906
"HF","blue","PTDSS1",0.565001538977491
"HF","blue","COX7A2",0.564861675246786
"HF","blue","FAN1",0.564386526356979
"HF","blue","PPM1L",0.564012719575131
"HF","blue","GID4",0.56388231805342
"HF","blue","DHRS11",0.563769707426513
"HF","blue","TMEM205",0.563234150570208
"HF","blue","GAB1",0.563198886878611
"HF","blue","FAM234A",0.562811848907394
"HF","blue","PBX3",0.562428309685556
"HF","blue","GEMIN5",0.56235232980367
"HF","blue","ACOX2",0.562098782565664
"HF","blue","FARS2",0.561708165753088
"HF","blue","AGPAT3",0.561604009427338
"HF","blue","AKAP19",0.561056372742506
"HF","blue","FYB2",0.560545412107143
"HF","blue","MRPS7",0.560307931090464
"HF","blue","SDC4",0.560251102188562
"HF","blue","HSPA4L",0.559539384549344
"HF","blue","MRPS11",0.559493857131
"HF","blue","P2RY2",0.559198556662288
"HF","blue","HSF1",0.558930965019168
"HF","blue","PKM",0.558611361865143
"HF","blue","COX7A1",0.558510783936146
"HF","blue","PDK1",0.558468618913388
"HF","blue","COQ5",0.558331519464138
"HF","blue","COX17",0.557997065858379
"HF","blue","AMN1",0.557759333066971
"HF","blue","NDUFS4",0.557759274241036
"HF","blue","PVR",0.557320564172665
"HF","blue","HSD17B8",0.556782460172406
"HF","blue","MRPS2",0.556780364448308
"HF","blue","FDX1",0.556557744872561
"HF","blue","MCRS1",0.556018151454119
"HF","blue","PSMC1",0.555451310839815
"HF","blue","SPR",0.554999556126176
"HF","blue","RHOT2",0.554417472985072
"HF","blue","PPP1R7",0.55404925638793
"HF","blue","GDPGP1",0.553489666718468
"HF","blue","HJV",0.552794293693356
"HF","blue","ANP32A",0.552678903024162
"HF","blue","FRY",0.552248474513068
"HF","blue","DNAJB2",0.552167859558043
"HF","blue","HSD17B10",0.552040151725726
"HF","blue","ABHD1",0.551847814584991
"HF","blue","ELP5",0.551807176189576
"HF","blue","KLHDC3",0.551209613103568
"HF","blue","NFU1",0.550279753907544
"HF","blue","MRPL28",0.549818280508929
"HF","blue","FAM227B",0.549510723629264
"HF","blue","RPS6KL1",0.549482333001903
"HF","blue","DYNC2I2",0.549229298168237
"HF","blue","ADGRA3",0.549010094645278
"HF","blue","CUEDC2",0.548572549486142
"HF","blue","ZNF629",0.548302608334003
"HF","blue","MTERF2",0.547956645844798
"HF","blue","TANGO2",0.547853625132633
"HF","blue","MITF",0.547837206164964
"HF","blue","GAN",0.547789011361955
"HF","blue","SLC39A14",0.547510132207141
"HF","blue","ANKRD46",0.547198668805657
"HF","blue","COMMD1",0.546979240996202
"HF","blue","RTL8C",0.546303392643923
"HF","blue","RITA1",0.545482908754585
"HF","blue","HSPA8",0.545070209807111
"HF","blue","WDR31",0.545005087101758
"HF","blue","DCAF11",0.543447550455453
"HF","blue","TRIM55",0.543418567583949
"HF","blue","MTUS1",0.541925979352663
"HF","blue","ZNF76",0.54176832464409
"HF","blue","PMVK",0.541545824874256
"HF","blue","AK4",0.541515765048891
"HF","blue","ZC3H8",0.541460949157933
"HF","blue","MTERF3",0.541324780624418
"HF","blue","HIPK3",0.541269342211003
"HF","blue","SGTA",0.541157792796615
"HF","blue","AMZ2",0.540637555575516
"HF","blue","PINK1-AS",0.539783290935842
"HF","blue","CFAP20",0.539542094974675
"HF","blue","UBE2D4",0.539010696392962
"HF","blue","GRAMD2B",0.538429136219144
"HF","blue","L2HGDH",0.538100492924735
"HF","blue","ADI1",0.537797428248916
"HF","blue","NF1",0.537606087285917
"HF","blue","MRFAP1",0.537418684734681
"HF","blue","ARPC5L",0.537084348663883
"HF","blue","GGT7",0.536772123303844
"HF","blue","TPCN1",0.536473891112334
"HF","blue","MRPS31",0.536219627655354
"HF","blue","COA6",0.536115115194102
"HF","blue","SDHD",0.535563121272263
"HF","blue","CRADD",0.535032232499493
"HF","blue","FBXO25",0.534659822726562
"HF","blue","FBXW7",0.53453442527931
"HF","blue","NDRG3",0.533429150779817
"HF","blue","GCAT",0.533316161903916
"HF","blue","SYNE2",0.533185640998383
"HF","blue","AKAP13",0.531972157532848
"HF","blue","PSMD8",0.531926102740988
"HF","blue","PUDP",0.531892570698399
"HF","blue","SORBS1",0.531831317282062
"HF","blue","ASB16",0.531676967329672
"HF","blue","BCL2L13",0.531644387312468
"HF","blue","OTUB1",0.531426873430923
"HF","blue","PRNP",0.53117267159251
"HF","blue","COQ2",0.530343933381277
"HF","blue","VSNL1",0.530159527137738
"HF","blue","PSMB7",0.530100513353334
"HF","blue","LONP2",0.528827802493404
"HF","blue","POLR2C",0.528267769800172
"HF","blue","PPP1R12C",0.528153746268306
"HF","blue","NDUFV3",0.527846623829076
"HF","blue","STRN3",0.526775910242962
"HF","blue","PALLD",0.526492081436432
"HF","blue","PTPN21",0.525839819237385
"HF","blue","SHISA4",0.525381223712923
"HF","blue","MRM3",0.52490371627144
"HF","blue","RAB5B",0.524433634174568
"HF","blue","CHCHD1",0.524376435664963
"HF","blue","MED9",0.524148305258319
"HF","blue","SCO1",0.523667026486133
"HF","blue","XPO4",0.523186749567704
"HF","blue","VPS13D",0.522999505579402
"HF","blue","FAM217B",0.522609121378826
"HF","blue","PGAP2",0.522382312889864
"HF","blue","MRPL40",0.521943464071149
"HF","blue","SIRT3",0.521730596437549
"HF","blue","MARS2",0.521617775040497
"HF","blue","PRKRA",0.521040887274141
"HF","blue","LBH",0.52052951501691
"HF","blue","YBX1",0.520358010183428
"HF","blue","TAX1BP1",0.520062248428041
"HF","blue","GNG5",0.519190864754463
"HF","blue","HEMK2",0.518733988197185
"HF","blue","TINAGL1",0.518629044305503
"HF","blue","POLD2",0.518342523203777
"HF","blue","SNAPIN",0.518200331351615
"HF","blue","HACL2",0.518001644231987
"HF","blue","DLG2",0.516575464634159
"HF","blue","KPNA3",0.51645694779458
"HF","blue","BMERB1",0.516304913600233
"HF","blue","RAB40B",0.51544085454328
"HF","blue","SYPL1",0.514675053228991
"HF","blue","ACOT8",0.514177873314448
"HF","blue","ISCA2",0.514006224793945
"HF","blue","C6orf89",0.513739984991957
"HF","blue","BTBD9",0.512791789094204
"HF","blue","CHRNB1",0.512067089870632
"HF","blue","PPP1R3B",0.512025131351726
"HF","blue","MTRES1",0.511559388872013
"HF","blue","MICAL3",0.511487259063631
"HF","blue","MLF2",0.510779586908822
"HF","blue","SCAF8",0.510126431867275
"HF","blue","TSPAN18",0.509854576287462
"HF","blue","NUDT8",0.509830920909439
"HF","blue","PXMP4",0.509680043425844
"HF","blue","MROH8",0.509129764056916
"HF","blue","POLR2I",0.508578809560905
"HF","blue","AURKAIP1",0.5084998223749
"HF","blue","FHIT",0.508379603058889
"HF","blue","BCL7B",0.507749092210844
"HF","blue","RHOD",0.506406712220209
"HF","blue","PDE7A",0.50572227691154
"HF","blue","SLCO3A1",0.505659041882125
"HF","blue","PCBD1",0.505247183525896
"HF","blue","GRB14",0.504579954742639
"HF","blue","CITED4",0.504506904361461
"HF","blue","PHLDB2",0.504466062541787
"HF","blue","EPN2",0.504187131394054
"HF","blue","MRPL12",0.504047197157404
"HF","blue","MIEF2",0.50386674126283
"HF","blue","ARMH3",0.503412449549001
"HF","blue","NR0B2",0.503199622693759
"HF","blue","TSPYL4",0.501932821863326
"HF","blue","HSP90AB3P",0.501699888911432
"HF","blue","NUDC",0.501269350044231
"HF","blue","SERP2",0.500807071548208
"HF","blue","ZNF584",0.500584847029089
"HF","blue","PTDSS2",0.500405926442005
"HF","blue","RP9",0.500190547708733
"HF","blue","MRPL57",0.500016271107407
"HF","blue","BAG3",0.499182521974902
"HF","blue","SDHAF3",0.498994569361557
"HF","blue","MAP7D1",0.498479401032897
"HF","blue","DHTKD1",0.498349398246118
"HF","blue","NUDT4",0.497912527417054
"HF","blue","ZNF404",0.497853705662158
"HF","blue","LMLN",0.497742983644079
"HF","blue","FAM20B",0.496954945417028
"HF","blue","EXOSC4",0.496566300232826
"HF","blue","RBX1",0.496551556434401
"HF","blue","MKKS",0.496329829354486
"HF","blue","VPS26B",0.495771761048594
"HF","blue","PABPC4",0.494925620732754
"HF","blue","MTSS2",0.494580924937211
"HF","blue","JMJD6",0.494405814150229
"HF","blue","CDKL5",0.494139368085803
"HF","blue","METTL21A",0.494011147883232
"HF","blue","PLA2G12A",0.493759107545888
"HF","blue","TMEM120A",0.493598886149079
"HF","blue","ECHS1",0.492976122059361
"HF","blue","TP53INP2",0.492707389246828
"HF","blue","FAM168B",0.49234862780935
"HF","blue","MTPAP",0.491920270657778
"HF","blue","FASTK",0.491792189488101
"HF","blue","STARD10",0.491741374102079
"HF","blue","CDK16",0.491702740247329
"HF","blue","ACOT2",0.491632675347014
"HF","blue","PHB2",0.491514707141426
"HF","blue","C1orf56",0.491414069322341
"HF","blue","NBAS",0.491324338305358
"HF","blue","PRKAR2A",0.491256402484649
"HF","blue","NUDT15",0.490790490784837
"HF","blue","ARRDC1-AS1",0.490659377968076
"HF","blue","SLC6A13",0.490180402527534
"HF","blue","C1orf122",0.489341335270242
"HF","blue","LSM1",0.489081896175544
"HF","blue","GBA2",0.488303972820521
"HF","blue","FBXL17",0.488021564546158
"HF","blue","CNPPD1",0.487787502618533
"HF","blue","KCNQ1",0.487049225776908
"HF","blue","KPNA1",0.486730480613726
"HF","blue","PRKAB2",0.486715633663308
"HF","blue","HAPSTR1",0.486510232204722
"HF","blue","WSB2",0.486156183480567
"HF","blue","ANKH",0.485376580646786
"HF","blue","NOA1",0.485034212802567
"HF","blue","CFAP263",0.485014076283085
"HF","blue","LSM4",0.484834947636972
"HF","blue","NADK2",0.484640838107275
"HF","blue","PIP5K1A",0.484484298250783
"HF","blue","SMIM8",0.483875288409708
"HF","blue","MRPL32",0.483714528085802
"HF","blue","FECH",0.483523108124248
"HF","blue","WRNIP1",0.483177035803752
"HF","blue","GABARAPL2",0.482838009526669
"HF","blue","VPS4A",0.482284519251098
"HF","blue","LRRFIP1",0.481902191694153
"HF","blue","S100A1",0.481390664244616
"HF","blue","TJP1",0.480945142738879
"HF","blue","SORD",0.480685992975153
"HF","blue","CALCOCO1",0.480119580190115
"HF","blue","NPRL2",0.479933274380962
"HF","blue","CNOT11",0.47920709370218
"HF","blue","PDLIM1",0.479085201181849
"HF","blue","TRIM24",0.478951200957126
"HF","blue","CUTC",0.477094938984574
"HF","blue","CBX7",0.476832895252839
"HF","blue","IMPA2",0.476776809732428
"HF","blue","PPP1R26",0.476727046856489
"HF","blue","SYT7",0.476591434218413
"HF","blue","MINDY1",0.476552059612463
"HF","blue","FBXO32",0.476393093587495
"HF","blue","C16orf87",0.475871940912579
"HF","blue","TYW3",0.475813607434741
"HF","blue","ST7",0.475189189767019
"HF","blue","COG5",0.474766401373402
"HF","blue","BLCAP",0.474201178766202
"HF","blue","KCNJ8",0.473859932099514
"HF","blue","ENDOG",0.473678893663406
"HF","blue","LYRM1",0.473263939004465
"HF","blue","MIB2",0.473180986316264
"HF","blue","EIF1",0.47223610677645
"HF","blue","SOX6",0.472118580386187
"HF","blue","DNASE1L1",0.471711607058787
"HF","blue","MRPL27",0.471247276203509
"HF","blue","BCAR1",0.470804344936206
"HF","blue","TMEM127",0.470437893416923
"HF","blue","PLGRKT",0.470219114719231
"HF","blue","LRIG1",0.47000160737041
"HF","blue","PSMC5",0.469610904414315
"HF","blue","HOGA1",0.469587629351586
"HF","blue","MKRN2",0.469297578897522
"HF","blue","ST3GAL3",0.468271391096395
"HF","blue","ECHDC3",0.467551560812347
"HF","blue","FOCAD",0.467436063989966
"HF","blue","CCDC127",0.467230589130768
"HF","blue","CIBAR1",0.466645116111053
"HF","blue","NT5M",0.466300448444316
"HF","blue","CRKL",0.465948977570172
"HF","blue","PLA2G4C",0.465393057504934
"HF","blue","RIDA",0.46499418503167
"HF","blue","WFS1",0.463819649927111
"HF","blue","PLEKHJ1",0.463346074647696
"HF","blue","DYNC2I1",0.463135279914582
"HF","blue","MRPL48",0.46262859607822
"HF","blue","SDSL",0.462361910833039
"HF","blue","TRUB1",0.462132973663167
"HF","blue","CPVL",0.461731611884135
"HF","blue","GPAT3",0.460818789778322
"HF","blue","ARL14EP",0.460696680239239
"HF","blue","ZBTB18",0.45926707902984
"HF","blue","LSM3",0.459146698824859
"HF","blue","TST",0.458472303934651
"HF","blue","MAP10",0.458352920785116
"HF","blue","CRBN",0.458217228094912
"HF","blue","AKR1B1",0.457761727409747
"HF","blue","PCYT1A",0.457519312586228
"HF","blue","CADM1",0.457268302073344
"HF","blue","RPL26L1",0.457111980987878
"HF","blue","SAT2",0.456876963353666
"HF","blue","MSRB1",0.456620176479351
"HF","blue","PACRG",0.455760383936617
"HF","blue","NTN4",0.455499858602931
"HF","blue","RPUSD3",0.455116367964063
"HF","blue","COX14",0.454641630445808
"HF","blue","TAX1BP3",0.454497630543381
"HF","blue","CBX5",0.45422937068959
"HF","blue","SMYD5",0.454008231157203
"HF","blue","CDK5RAP2",0.453340632858365
"HF","blue","EMD",0.45250129292784
"HF","blue","MAD2L1BP",0.452198546982307
"HF","blue","RPRD1B",0.452192356999304
"HF","blue","PYROXD2",0.451485572274232
"HF","blue","MLPH",0.451344774383556
"HF","blue","TMED1",0.451205817909863
"HF","blue","ATP6V1E1",0.450023635079646
"HF","blue","ITGA9",0.449188235772243
"HF","blue","SLC25A42",0.449146127753725
"HF","blue","UBN1",0.44879406541469
"HF","blue","PCYT2",0.448606360545762
"HF","blue","POLR2L",0.448427564982315
"HF","blue","TOMM40",0.446793546844759
"HF","blue","BOLA1",0.446370725392522
"HF","blue","TBC1D1",0.44634074618516
"HF","blue","ALDH6A1",0.445528874092471
"HF","blue","PLEKHH1",0.445483569527248
"HF","blue","ACTR3B",0.445391722852824
"HF","blue","RHOT1",0.445067731321316
"HF","blue","C6orf47",0.444352156922391
"HF","blue","RWDD3",0.444167205898577
"HF","blue","MAPRE3",0.444051873371153
"HF","blue","SERPINB6",0.443478068114749
"HF","blue","PLA2G5",0.443136245610074
"HF","blue","MED20",0.443120433430836
"HF","blue","DIPK1B",0.443048762935442
"HF","blue","ZNF658",0.44301768385631
"HF","blue","CHIC1",0.442866185818178
"HF","blue","UBE2I",0.441953790373322
"HF","blue","RORC",0.441836517098841
"HF","blue","PARVB",0.441792452071145
"HF","blue","MPV17L2",0.441776669302179
"HF","blue","PGBD4",0.440262433206306
"HF","blue","PRODH",0.438879716451863
"HF","blue","KREMEN1",0.438347670671803
"HF","blue","HMBS",0.438122149116187
"HF","blue","SLC41A3",0.43778161351642
"HF","blue","RHOBTB2",0.437195587521052
"HF","blue","CYFIP2",0.437044920406656
"HF","blue","LIMS2",0.43691932134432
"HF","blue","MAP3K4",0.435952857829553
"HF","blue","GRK4",0.435427246021052
"HF","blue","CCDC159",0.434875545440702
"HF","blue","ETNPPL",0.434177824093515
"HF","blue","NIPSNAP1",0.43400953515576
"HF","blue","APOB",0.433285763635166
"HF","blue","MICOS13",0.432854353669268
"HF","blue","TARS1",0.432736787401758
"HF","blue","ZNF790",0.432514421801617
"HF","blue","TMEM134",0.432072229562467
"HF","blue","ERCC2",0.431940938323898
"HF","blue","CAPNS1",0.431750062502635
"HF","blue","TBC1D7",0.43171924607102
"HF","blue","F8",0.431249409826349
"HF","blue","IPO7",0.42953937275685
"HF","blue","NPTN",0.429503931188147
"HF","blue","UBE2V1",0.429363407976909
"HF","blue","CIAPIN1",0.428833099350104
"HF","blue","KRT8",0.428197933501584
"HF","blue","NDUFAF3",0.427596790691709
"HF","blue","KIF22",0.427263687403217
"HF","blue","MYL12A",0.427242483654211
"HF","blue","PREB",0.427007257687325
"HF","blue","YBEY",0.42567695853992
"HF","blue","UROD",0.425114667468082
"HF","blue","LRPAP1",0.424280296065135
"HF","blue","TMEM101",0.423967602407276
"HF","blue","DGCR6L",0.423664461167441
"HF","blue","NPAS2",0.423465454779551
"HF","blue","DVL1",0.422214286319316
"HF","blue","RPS6KA5",0.421417528794191
"HF","blue","POLR3GL",0.420710920000832
"HF","blue","DBI",0.420605877189858
"HF","blue","SYNE1",0.419325526107458
"HF","blue","DMTN",0.418801075399546
"HF","blue","POLRMT",0.418690850141017
"HF","blue","ULK3",0.418521620474304
"HF","blue","CYP46A1",0.418402148067098
"HF","blue","EML2",0.417794775311072
"HF","blue","EEFSEC",0.416672906642048
"HF","blue","PNPO",0.416238209227369
"HF","blue","CECR2",0.415235395454523
"HF","blue","UBE2M",0.412850339559102
"HF","blue","PFKP",0.412308242211284
"HF","blue","HLTF",0.41169986866675
"HF","blue","TIMM10",0.411394493989569
"HF","blue","ULK1",0.411090616622599
"HF","blue","KTN1-AS1",0.410557344730041
"HF","blue","BLM",0.410521795843303
"HF","blue","TPM2",0.409392615005933
"HF","blue","OGDHL",0.409137654627721
"HF","blue","MTCH2",0.408641618878606
"HF","blue","MTG2",0.407107104135796
"HF","blue","NKX3-1",0.406702142306964
"HF","blue","HMGCL",0.406515612120034
"HF","blue","SMARCD3",0.406278318008941
"HF","blue","MIR600HG",0.405271967238922
"HF","blue","UXS1",0.405016442791666
"HF","blue","PMF1",0.404557414521878
"HF","blue","PGBD5",0.403877275800836
"HF","blue","TLCD5",0.403300153926804
"HF","blue","SMDT1",0.402971334686917
"HF","blue","SKA2",0.40237995373817
"HF","blue","DCTPP1",0.40152149603979
"HF","blue","KLC4",0.401199042608939
"HF","blue","CPEB4",0.401090365642979
"HF","blue","PGK1",0.401043663985616
"HF","blue","URM1",0.400957228954268
"HF","blue","PDLIM3",0.400381354711771
"HF","blue","MTCO2P12",0.400344033816959
"HF","blue","LIN7B",0.399687525746044
"HF","blue","MAF1",0.399540080979195
"HF","blue","CLIC4",0.398996241656084
"HF","blue","DSTN",0.398881027398028
"HF","blue","FLT1",0.398843792472023
"HF","blue","GSTO1",0.398562836566126
"HF","blue","PGAM5",0.398265770433046
"HF","blue","DHODH",0.398110506716388
"HF","blue","PPME1",0.398023061999956
"HF","blue","EHD3",0.397637068301014
"HF","blue","STAM",0.396437956271262
"HF","blue","COPS7A",0.394064368774369
"HF","blue","SREBF2",0.393738385963538
"HF","blue","FCN3",0.393727553180825
"HF","blue","ATP5ME",0.393656758960837
"HF","blue","NDUFA13",0.393656129336577
"HF","blue","RNF14",0.39361544008136
"HF","blue","CCDC93",0.393523555703011
"HF","blue","CALM3",0.39311842259278
"HF","blue","INKA2",0.39223687441494
"HF","blue","PAFAH2",0.391798659012508
"HF","blue","HDAC5",0.39156550864127
"HF","blue","UBE2N",0.390911452288133
"HF","blue","TAB1",0.390627404080592
"HF","blue","PRRG1",0.390177798478201
"HF","blue","DYRK1B",0.389849524124512
"HF","blue","ENTPD6",0.389106619347298
"HF","blue","TPM1",0.388510868594183
"HF","blue","PYCR2",0.388103589979752
"HF","blue","CCDC167",0.387378645928021
"HF","blue","DOK7",0.387094212902233
"HF","blue","TRAPPC12",0.386907643916823
"HF","blue","AKIRIN1",0.38675790339492
"HF","blue","PLGLB2",0.386202254194984
"HF","blue","LINC00467",0.386061779248814
"HF","blue","HPR",0.385651156839101
"HF","blue","MVK",0.383983701897936
"HF","blue","TTLL1",0.383698881738945
"HF","blue","CES2",0.383499405818109
"HF","blue","ALKBH1",0.383022569771
"HF","blue","VEZF1",0.382162274632275
"HF","blue","CDIP1",0.381491833391672
"HF","blue","SKIDA1",0.381043258430232
"HF","blue","ZNF672",0.380531005879993
"HF","blue","MTX2",0.379465531482153
"HF","blue","ZNF605",0.379431151052384
"HF","blue","ZNF784",0.379176014510309
"HF","blue","GATA6",0.378904532262246
"HF","blue","AGT",0.377998976723923
"HF","blue","PLPBP",0.377005609690472
"HF","blue","DUSP8",0.37333925969889
"HF","blue","HEY1",0.372899654797376
"HF","blue","NAA38",0.372482644163407
"HF","blue","TUSC2",0.37087005165033
"HF","blue","IP6K3",0.369925962669804
"HF","blue","ZBTB3",0.36975156443386
"HF","blue","OSBPL6",0.368765085955904
"HF","blue","NLK",0.368373070924194
"HF","blue","CCDC12",0.368331675018003
"HF","blue","MRPL38",0.368327220791604
"HF","blue","ATP5F1E",0.367950727540814
"HF","blue","PTPA",0.367605696916923
"HF","blue","CD36",0.36680667105544
"HF","blue","AP5S1",0.366715079868072
"HF","blue","BCL7C",0.366180072135696
"HF","blue","ARPC1A",0.365991978186249
"HF","blue","MPP3",0.365747336379021
"HF","blue","NTPCR",0.364648356137891
"HF","blue","SMC2",0.363223900937199
"HF","blue","HSPA1A",0.363163090519973
"HF","blue","IGSF3",0.362766704844743
"HF","blue","DESI1",0.362690433984334
"HF","blue","EIF3L",0.362052219874269
"HF","blue","RNF187",0.361389983838053
"HF","blue","AVEN",0.360992298272125
"HF","blue","DCAKD",0.360832769562418
"HF","blue","MRPL17",0.359921677542483
"HF","blue","HSPBP1",0.359284616737448
"HF","blue","MRPL11",0.35899106155817
"HF","blue","IAH1",0.358612866863201
"HF","blue","MAP2K7",0.358304592657047
"HF","blue","CCDC92",0.357554890979234
"HF","blue","SDHAF2",0.357523940685616
"HF","blue","PICK1",0.357309739413422
"HF","blue","EGLN1",0.356217838922715
"HF","blue","GPHN",0.356087340008283
"HF","blue","DNAJC30",0.355813874294878
"HF","blue","SURF1",0.355436801896112
"HF","blue","TENT5A",0.355040989227748
"HF","blue","IFT70A",0.353617830938078
"HF","blue","POP7",0.353191486793153
"HF","blue","GLYR1",0.352994364577299
"HF","blue","SSNA1",0.352832102428561
"HF","blue","KAZALD1",0.352546450137174
"HF","blue","GREB1L",0.35139327183051
"HF","blue","GPRC5C",0.351307828972868
"HF","blue","CRLS1",0.350156690279642
"HF","blue","AR",0.349861760398413
"HF","blue","ALDH4A1",0.348966229489515
"HF","blue","ACTR1A",0.348026740357508
"HF","blue","GIPC1",0.347911858729334
"HF","blue","NOS1AP",0.347838413516794
"HF","blue","CTR9",0.346947501727403
"HF","blue","STOX2",0.346922312986169
"HF","blue","BRCA1",0.346864645915276
"HF","blue","APLN",0.34653629104219
"HF","blue","PHACTR2",0.346091030034828
"HF","blue","HGH1",0.345999653876819
"HF","blue","MTRFR",0.34550122864703
"HF","blue","GTF2IRD2B",0.345292669154488
"HF","blue","HEG1",0.345132529822313
"HF","blue","EIF4ENIF1",0.344838932510916
"HF","blue","MAPK9",0.344722904235378
"HF","blue","TMEM69",0.344277127773488
"HF","blue","BEND7",0.344068131492962
"HF","blue","CPOX",0.34365891810579
"HF","blue","RCSD1",0.343646697170012
"HF","blue","ST3GAL1",0.343399485309229
"HF","blue","CD99L2",0.342901400583117
"HF","blue","FAHD2A",0.342798827987591
"HF","blue","TMEM258",0.342723474662767
"HF","blue","VEGFA",0.342358831492858
"HF","blue","BOD1",0.342257971379822
"HF","blue","TEAD2",0.341500525615097
"HF","blue","UBN2",0.340864918446246
"HF","blue","LRRC23",0.338917125597946
"HF","blue","TMEM201",0.337691575698763
"HF","blue","GFOD1",0.337361908119339
"HF","blue","RIOX1",0.337117036524608
"HF","blue","THOP1",0.336903213537137
"HF","blue","SQSTM1",0.336813078731094
"HF","blue","TOR4A",0.336808064434101
"HF","blue","CABLES2",0.336772218080333
"HF","blue","EEF2",0.336665538543589
"HF","blue","ARHGAP26",0.336413996004346
"HF","blue","KAT8",0.335737044456626
"HF","blue","NMNAT3",0.33562906205755
"HF","blue","NF2",0.335002008944466
"HF","blue","MAPK8IP3",0.333235118218957
"HF","blue","FAM107A",0.333183703791734
"HF","blue","ZSWIM1",0.331672811674722
"HF","blue","DAPK2",0.331557640955122
"HF","blue","MATCAP2",0.330403568976898
"HF","blue","RRP12",0.329928491503548
"HF","blue","EIF3G",0.328958999529487
"HF","blue","TUBGCP4",0.327874202150366
"HF","blue","MIMS2",0.327811406427789
"HF","blue","TMX2",0.326598908376034
"HF","blue","MAPT",0.326550509569498
"HF","blue","FARSA",0.326159899065173
"HF","blue","UBE2R2",0.325994612571541
"HF","blue","MAST4",0.324616932367508
"HF","blue","CBLB",0.324382920385318
"HF","blue","ZNF75A",0.323937791353044
"HF","blue","MARK3",0.323901002408354
"HF","blue","SEPHS2",0.323061795230372
"HF","blue","C4orf46",0.32265616495854
"HF","blue","C19orf25",0.322568943747324
"HF","blue","GRAMD4",0.322425566506858
"HF","blue","ZNF358",0.322345166246848
"HF","blue","ADO",0.321306261368902
"HF","blue","MTRR",0.319203038430005
"HF","blue","CCDC68",0.318690139206582
"HF","blue","AKT1S1",0.318329948749278
"HF","blue","FBXL7",0.31711411516228
"HF","blue","MXRA7",0.316296032565305
"HF","blue","MBTPS1",0.315996334659061
"HF","blue","DGCR2",0.315809091319463
"HF","blue","DPCD",0.315653007177377
"HF","blue","EPB41L4B",0.314456669540157
"HF","blue","KATNB1",0.313724583139948
"HF","blue","CUEDC1",0.313714849688064
"HF","blue","WWC3",0.312515415614292
"HF","blue","DKK3",0.312412776849146
"HF","blue","RNPEPL1",0.311232399354673
"HF","blue","SLC7A6",0.310153488728094
"HF","blue","USP31",0.308118916715815
"HF","blue","ADRM1",0.307374888789073
"HF","blue","RASL10B",0.30552841023287
"HF","blue","TMEM53",0.305034683392445
"HF","blue","PSKH1",0.302355660408088
"HF","blue","BAG1",0.300388950520453
"HF","blue","LCN12",0.299882351887424
"HF","blue","ZNF582",0.299434898258687
"HF","blue","GLE1",0.297332714660046
"HF","blue","CFAP68",0.296563729015154
"HF","blue","MPP7",0.295752848614999
"HF","blue","PORCN",0.295249925397278
"HF","blue","TMEM9",0.293177780450353
"HF","blue","PRXL2C",0.292329042291118
"HF","blue","STXBP6",0.289983060723776
"HF","blue","SNAP47",0.289852507795738
"HF","blue","ZNF682",0.287843866976754
"HF","blue","C1orf53",0.286509308905064
"HF","blue","CSTPP1",0.286292041767127
"HF","blue","IFRD2",0.283961873824591
"HF","blue","MAP3K5",0.282722022606415
"HF","blue","ANAPC15",0.281462214491243
"HF","blue","CD274",0.276731398448348
"HF","blue","PCNT",0.276183288626872
"HF","blue","HEXIM2",0.275323345679603
"HF","blue","DLK2",0.275061553687583
"HF","blue","KIAA1958",0.266294219540779
"HF","blue","CLTCL1",0.265589567839921
"HF","blue","DNPH1",0.265450910401949
"HF","blue","PM20D2",0.264914609998391
"HF","blue","NEIL2",0.264372240960146
"HF","blue","FLAD1",0.261225201611206
"HF","blue","SPCS1",0.259539254715374
"HF","blue","LINC01963",0.249255451180656
"HF","blue","ARVCF",0.248697618647117
"HF","blue","PRDM11",0.242897121231527
"HF","blue","SEMA5B",0.242620593879263
"HF","blue","PUSL1",0.240415938818726
"HF","blue","MAP4K4",0.225899761540067
"HF","blue","APOA1",0.224572288318719
"HF","blue","RERE",0.208697901415051
"HF","blue","KRABD3",0.190719874360802
"HF","blue","ZDHHC14",0.184726623953245
"HF","blue","KIF1B",0.176041844357509
"HF","blue","SUDS3",0.155025528923139
"HF","blue","NID2",0.146704480496074
"HF","blue","NFIB",0.122889952079156
"HF","blue","PLEKHA7",0.116842262221416
"HF","blue","FZD1",0.105919802709262
"HF","brown","IQGAP1",0.916087101346613
"HF","brown","CAP1",0.88828631358278
"HF","brown","LRRK1",0.880819153929405
"HF","brown","VIM",0.877851748169924
"HF","brown","DAPK1",0.870619829631935
"HF","brown","LASP1",0.869272721209302
"HF","brown","FTL",0.867135650249749
"HF","brown","CD44",0.866767894250106
"HF","brown","RASSF2",0.862557516133494
"HF","brown","DSE",0.860334298256794
"HF","brown","DOCK2",0.860215851575322
"HF","brown","EPB41L3",0.856928293339636
"HF","brown","TNFRSF1A",0.856620122476216
"HF","brown","ZC3HAV1",0.853542830780867
"HF","brown","MMP14",0.850657888110766
"HF","brown","SHTN1",0.850581751775633
"HF","brown","MYO5A",0.849494184563297
"HF","brown","C1RL",0.84775334337976
"HF","brown","DOCK10",0.842729971956784
"HF","brown","GLIPR1",0.842052219072492
"HF","brown","STAB1",0.840984763253122
"HF","brown","DOCK8",0.840149246485991
"HF","brown","FERMT3",0.836728857882578
"HF","brown","LAPTM5",0.835382421342549
"HF","brown","CXCL16",0.835131556624162
"HF","brown","FMNL2",0.835038032127974
"HF","brown","IFI16",0.834759882357998
"HF","brown","ATP8B4",0.834561334693949
"HF","brown","NOTCH2",0.834147705570058
"HF","brown","TMSB10",0.832853598170682
"HF","brown","IL1R1",0.832055301625568
"HF","brown","S100A11",0.831681263601417
"HF","brown","HNMT",0.829869296386584
"HF","brown","RAB8A",0.828930976161276
"HF","brown","C1R",0.825371142354944
"HF","brown","NCKAP1L",0.824806888058194
"HF","brown","CASP4",0.821856018050907
"HF","brown","NECAP2",0.821831978957767
"HF","brown","TRPS1",0.821669227545476
"HF","brown","MR1",0.821585165744512
"HF","brown","RAB8B",0.818943497618425
"HF","brown","IRAK4",0.818805500282261
"HF","brown","ATL3",0.818469768773525
"HF","brown","LHFPL2",0.818178033642093
"HF","brown","IRF8",0.816918639901761
"HF","brown","WIPF1",0.816542502718449
"HF","brown","MYD88",0.815806988591222
"HF","brown","CMTM7",0.814966747870607
"HF","brown","TGFB1",0.814798738514582
"HF","brown","FXYD5",0.814546729699406
"HF","brown","CTSK",0.814080776947289
"HF","brown","MAN2B1",0.813553728575358
"HF","brown","SLC9A9",0.813515770062923
"HF","brown","RAP2B",0.812858658298601
"HF","brown","ATP11C",0.812498176058267
"HF","brown","CORO1C",0.812384698480664
"HF","brown","RBM47",0.811851884901828
"HF","brown","BST1",0.810522893682464
"HF","brown","GLIPR2",0.809873866883633
"HF","brown","IL4R",0.809849740869636
"HF","brown","NABP1",0.808131161489491
"HF","brown","RAB5C",0.807925667200439
"HF","brown","SLC30A7",0.807512712034428
"HF","brown","CMIP",0.807395878423865
"HF","brown","DPYD",0.806800470687615
"HF","brown","SLC41A2",0.805944482408861
"HF","brown","CD4",0.805871875689597
"HF","brown","ITGB2",0.805192206601651
"HF","brown","PTMA",0.804024957636885
"HF","brown","TMEM106A",0.803587154372289
"HF","brown","ACTG1",0.802988208443621
"HF","brown","NEK6",0.802960214782945
"HF","brown","CLSTN3",0.802614962098105
"HF","brown","C1S",0.801230153884883
"HF","brown","PTBP1",0.800819150874664
"HF","brown","ACTB",0.800597507546483
"HF","brown","IL13RA1",0.800206832532127
"HF","brown","LCP1",0.799462681376517
"HF","brown","KIAA0930",0.799300536662626
"HF","brown","ANXA2",0.798918544205967
"HF","brown","PLTP",0.798681315915695
"HF","brown","MAN2A1",0.798523597007182
"HF","brown","TIMP1",0.798352934371955
"HF","brown","CHST15",0.797477967198906
"HF","brown","ITGAM",0.797285280596705
"HF","brown","RNF135",0.797153977804304
"HF","brown","SOAT1",0.796934480472869
"HF","brown","GUSB",0.795337208216497
"HF","brown","SKAP2",0.795048069399411
"HF","brown","SELPLG",0.794535802492024
"HF","brown","UNC93B1",0.793036650210256
"HF","brown","ALOX5",0.792089348329817
"HF","brown","ADCY7",0.792037319280357
"HF","brown","FCGRT",0.791747858545988
"HF","brown","MAML2",0.791552305535303
"HF","brown","ADCY3",0.791433336081838
"HF","brown","SH3BP5",0.790148123218707
"HF","brown","CSF1R",0.789688604427021
"HF","brown","ZNF217",0.789373956008178
"HF","brown","GOLM1",0.788888597100108
"HF","brown","IFNGR2",0.788568182463451
"HF","brown","RNF130",0.788541495100381
"HF","brown","TRIM38",0.788465382107129
"HF","brown","IL10RB",0.788264857688462
"HF","brown","MAFB",0.788201271632258
"HF","brown","IGFBP4",0.788020779495093
"HF","brown","TYROBP",0.787572794318215
"HF","brown","FLNA",0.787519351107748
"HF","brown","CMTM3",0.787411780086351
"HF","brown","CYTH4",0.78632141147999
"HF","brown","IQGAP2",0.78534829357625
"HF","brown","LCP2",0.784877922279111
"HF","brown","FKBP10",0.784703520034484
"HF","brown","MPZL1",0.784670464299055
"HF","brown","LRP1",0.784302021197835
"HF","brown","LYST",0.784249943867618
"HF","brown","LAIR1",0.783707946235841
"HF","brown","LOX",0.783529680280962
"HF","brown","ADAMTS2",0.783398461816621
"HF","brown","ZFP36L2",0.783239067660017
"HF","brown","CD53",0.782608627605014
"HF","brown","SNTB2",0.782530938054777
"HF","brown","TRIM14",0.781476441887317
"HF","brown","CTSC",0.781160452021188
"HF","brown","RAP1B",0.780704820754498
"HF","brown","TCIRG1",0.78061491870337
"HF","brown","CYRIA",0.780135915988184
"HF","brown","DENND2D",0.780010246566128
"HF","brown","PLCB2",0.779684822661372
"HF","brown","MS4A14",0.779276310147022
"HF","brown","SYK",0.779252001844091
"HF","brown","PARVG",0.778769247303705
"HF","brown","MAP3K8",0.778028548262607
"HF","brown","NCF4",0.777958973188106
"HF","brown","PRPS2",0.776836884995268
"HF","brown","PLEK",0.776780417971997
"HF","brown","NPL",0.776292519634303
"HF","brown","TGIF1",0.776107221496499
"HF","brown","BCAT1",0.774777832615597
"HF","brown","NCOA7",0.77298992673278
"HF","brown","ANXA4",0.772729626740412
"HF","brown","PTPRC",0.772468894602292
"HF","brown","TMEM243",0.77155352156419
"HF","brown","SLC36A1",0.770945975014728
"HF","brown","FPR3",0.770681442689482
"HF","brown","ANPEP",0.769718579435354
"HF","brown","C3AR1",0.768889100519867
"HF","brown","LY96",0.767888519747127
"HF","brown","INPP5D",0.767663080950351
"HF","brown","RAB31",0.767536011988433
"HF","brown","DAB2",0.766853841102246
"HF","brown","SEC24D",0.766790305674307
"HF","brown","THEMIS2",0.766750616504823
"HF","brown","TBXAS1",0.76622719779933
"HF","brown","RCN3",0.765485330449277
"HF","brown","RAB34",0.764746051811852
"HF","brown","EPS8",0.764315901892761
"HF","brown","CTSS",0.763851396412223
"HF","brown","IKBKB",0.763774174629524
"HF","brown","DGKA",0.763122819053652
"HF","brown","TAGLN",0.761843419527824
"HF","brown","NNMT",0.761427673313807
"HF","brown","MAN1A1",0.76133798418201
"HF","brown","IL10RA",0.760875035564444
"HF","brown","EML4",0.760238344523897
"HF","brown","CYFIP1",0.760026859887559
"HF","brown","EFEMP1",0.759089440698761
"HF","brown","ARHGAP15",0.758961836856061
"HF","brown","SIGLEC1",0.757011965346784
"HF","brown","STAT6",0.756836554770225
"HF","brown","COL6A3",0.756594513157387
"HF","brown","SLC66A3",0.756184860602238
"HF","brown","C1QC",0.75613139522928
"HF","brown","TBC1D2B",0.755950516525641
"HF","brown","PYCARD",0.75582853083779
"HF","brown","FCGR2B",0.755806454533406
"HF","brown","TGFBI",0.755247126359368
"HF","brown","PIP4K2A",0.754811853736925
"HF","brown","SH3PXD2B",0.75417328765513
"HF","brown","ADPGK",0.75376059306806
"HF","brown","RNASET2",0.753525749288756
"HF","brown","PLSCR4",0.753184971878013
"HF","brown","BEST1",0.752058910878386
"HF","brown","TPM4",0.752045443936185
"HF","brown","MS4A6A",0.751898324579278
"HF","brown","FCER1G",0.750532373471349
"HF","brown","PCOLCE",0.749227685344132
"HF","brown","SERPING1",0.748488248937943
"HF","brown","VAMP8",0.748145035711382
"HF","brown","MICAL1",0.747856300064194
"HF","brown","NRP2",0.747696697551179
"HF","brown","GOLM2",0.747003811271943
"HF","brown","THBS3",0.746999774161772
"HF","brown","CSF1",0.746419165392907
"HF","brown","VWA5A",0.746260896555647
"HF","brown","NPC2",0.746257947748108
"HF","brown","CFB",0.746189929080126
"HF","brown","APAF1",0.745944000915883
"HF","brown","HCK",0.74559752084611
"HF","brown","BAZ1A",0.745196059985544
"HF","brown","LIPA",0.745085042561953
"HF","brown","TTYH3",0.745035073938081
"HF","brown","ANXA1",0.744656832187364
"HF","brown","EVI2B",0.744527471188521
"HF","brown","MVP",0.744407666781988
"HF","brown","DRAM1",0.744080027780811
"HF","brown","CYB561A3",0.743980655890225
"HF","brown","FCGR2A",0.743818289987053
"HF","brown","LIMA1",0.7433108936222
"HF","brown","IFT52",0.743306147616645
"HF","brown","SFXN3",0.74280552100605
"HF","brown","MCTP1",0.742791182264713
"HF","brown","NUPR1",0.742583746500636
"HF","brown","ARPC1B",0.742480104572807
"HF","brown","AOAH",0.742082372040216
"HF","brown","TMSB4X",0.741028117612681
"HF","brown","ALPK1",0.740638702823537
"HF","brown","SPI1",0.74012086939397
"HF","brown","FAM114A1",0.739086087766461
"HF","brown","CNPY3",0.738853176630338
"HF","brown","MYO1F",0.738612974080164
"HF","brown","SERP1",0.738189344949014
"HF","brown","ROBO1",0.738095076770694
"HF","brown","CSRP1",0.737822929644117
"HF","brown","RUNX1",0.737438000549356
"HF","brown","FNBP1",0.737276363301226
"HF","brown","GMFG",0.737204521623176
"HF","brown","ANKRD44",0.736838360103123
"HF","brown","ZNF385A",0.736719214155202
"HF","brown","SH3BGRL",0.735894628309669
"HF","brown","CLIC1",0.735793846915381
"HF","brown","AXL",0.735635022405317
"HF","brown","CD74",0.735084886603942
"HF","brown","LAMP1",0.735017674831546
"HF","brown","COL5A2",0.734868118848647
"HF","brown","C1QA",0.734734026734967
"HF","brown","CD37",0.734393567096816
"HF","brown","SLC39A11",0.733606123154714
"HF","brown","NCF2",0.733320846138009
"HF","brown","C1QB",0.732733157531985
"HF","brown","REEP3",0.731752610970229
"HF","brown","ARRB2",0.731232155961953
"HF","brown","PIK3AP1",0.731010452022015
"HF","brown","CD200",0.730677410365442
"HF","brown","PTPN6",0.73038095059903
"HF","brown","PLSCR1",0.730048417505381
"HF","brown","CERCAM",0.729820839524711
"HF","brown","MCUB",0.728604149670006
"HF","brown","MMP2",0.72810212220014
"HF","brown","COL6A2",0.728094107706501
"HF","brown","LYN",0.727336265137115
"HF","brown","SULF1",0.727281247436845
"HF","brown","BNIP3L",0.727013556882763
"HF","brown","LRRC25",0.726801391997782
"HF","brown","FBN1",0.726664320604795
"HF","brown","HLA-DMA",0.72645636317685
"HF","brown","PAPSS1",0.725038616538579
"HF","brown","COLGALT1",0.724572663066813
"HF","brown","PPIB",0.724371239384513
"HF","brown","TWF1",0.724212465669723
"HF","brown","ARHGAP18",0.723894433664544
"HF","brown","EMP1",0.723782281987283
"HF","brown","WDFY4",0.723467662783404
"HF","brown","THBS2",0.72325624386797
"HF","brown","FOLR2",0.723228374426408
"HF","brown","CTTNBP2NL",0.722946084273263
"HF","brown","SHISA5",0.722619770384409
"HF","brown","TIMP2",0.722196728993057
"HF","brown","SMAP2",0.722137795715489
"HF","brown","UGDH",0.72208448895497
"HF","brown","CORO1A",0.722009466267775
"HF","brown","CRTAP",0.721924775806367
"HF","brown","HLA-DMB",0.721706134301239
"HF","brown","CYBB",0.721236948268062
"HF","brown","PLEKHO2",0.72076626084842
"HF","brown","PTBP3",0.72075244533246
"HF","brown","SAMHD1",0.720023715094382
"HF","brown","SP110",0.719920392448708
"HF","brown","LPCAT1",0.719188548547968
"HF","brown","GLMP",0.719128182316907
"HF","brown","SLCO2B1",0.718594902380757
"HF","brown","PREX1",0.718447315470005
"HF","brown","DMXL2",0.718305614616941
"HF","brown","SLC25A43",0.717252831018958
"HF","brown","BACE2",0.716896666726061
"HF","brown","TLR4",0.716365875575646
"HF","brown","ATG7",0.715668240483178
"HF","brown","ANTXR1",0.715472397112181
"HF","brown","AIF1",0.715302447467142
"HF","brown","CFH",0.71525713170941
"HF","brown","VSIG4",0.71510183008939
"HF","brown","MARVELD1",0.714030363331026
"HF","brown","ZEB2",0.71399530990568
"HF","brown","STK4",0.713769902282178
"HF","brown","CEPT1",0.713716179592225
"HF","brown","GNAI2",0.71317432962131
"HF","brown","FAR2",0.712997265007065
"HF","brown","SIDT2",0.712592947533842
"HF","brown","TNFRSF1B",0.712559045294461
"HF","brown","MYO9B",0.712040816167864
"HF","brown","TNS3",0.711477359994086
"HF","brown","TIAM1",0.711355405701307
"HF","brown","EMP3",0.711145605246442
"HF","brown","HCLS1",0.710979877535178
"HF","brown","ARHGDIB",0.710514793910584
"HF","brown","MYO1D",0.709990292935686
"HF","brown","ZFP36L1",0.709775750764726
"HF","brown","TSHZ2",0.709464007486193
"HF","brown","GNAQ",0.709016423914267
"HF","brown","MPEG1",0.708920939351367
"HF","brown","NUDT5",0.708785531833447
"HF","brown","KCTD12",0.708585602056959
"HF","brown","ELF4",0.708159440379089
"HF","brown","FOXN2",0.707817370647504
"HF","brown","RASGEF1B",0.70752305938844
"HF","brown","COL1A2",0.707361899313407
"HF","brown","LDLRAD3",0.707206008473068
"HF","brown","CD14",0.706810586546966
"HF","brown","DPYSL3",0.706380658054925
"HF","brown","CMKLR1",0.705702401501975
"HF","brown","TLR5",0.705320725016092
"HF","brown","MMP19",0.704385720695223
"HF","brown","SERPINF1",0.704141939663353
"HF","brown","PROCR",0.703803409006372
"HF","brown","ADAP2",0.703736949448598
"HF","brown","CALHM2",0.703614194933579
"HF","brown","FN1",0.702880744114557
"HF","brown","AP2A2",0.702586671741858
"HF","brown","IGF1",0.702386693273699
"HF","brown","CD33",0.70180694959031
"HF","brown","CSF2RB",0.701763463013927
"HF","brown","HM13",0.701258503409463
"HF","brown","SNX33",0.700880652510865
"HF","brown","FAM20C",0.700867053022681
"HF","brown","SEPTIN11",0.700341913751106
"HF","brown","NDRG1",0.700159397653877
"HF","brown","CAPZA1",0.69992121345169
"HF","brown","ANXA5",0.699817367475165
"HF","brown","SAT1",0.699559789075881
"HF","brown","OSMR",0.699315783590469
"HF","brown","MYL6",0.699287993881955
"HF","brown","IGSF6",0.698560679333256
"HF","brown","SLC8B1",0.698399806081194
"HF","brown","TGFBR1",0.698359106832733
"HF","brown","SHKBP1",0.697813688781673
"HF","brown","AKAP12",0.697334547922873
"HF","brown","AFAP1",0.696935713464428
"HF","brown","DCP1B",0.696620912332096
"HF","brown","SATB2",0.696009613483483
"HF","brown","TAGLN2",0.695832705883042
"HF","brown","CHD3",0.695829445576829
"HF","brown","PCED1A",0.695614838935993
"HF","brown","WASF2",0.695596656732802
"HF","brown","MYLK",0.695333467897814
"HF","brown","FGL2",0.695324195461649
"HF","brown","CYP27A1",0.694924241671888
"HF","brown","SLAMF8",0.694688195961873
"HF","brown","MAP3K12",0.694566171188268
"HF","brown","CNTRL",0.694382040272315
"HF","brown","USP3",0.693584073883519
"HF","brown","SIPA1L1",0.692292011095444
"HF","brown","STK10",0.692119572752329
"HF","brown","BICC1",0.692079024666133
"HF","brown","PIEZO1",0.691447502611627
"HF","brown","SRGAP2",0.691285319215699
"HF","brown","TMEM268",0.691262942458357
"HF","brown","SNX9",0.691172937734388
"HF","brown","LYZ",0.690465200988588
"HF","brown","COL6A1",0.689475427572573
"HF","brown","LPIN2",0.687935655460404
"HF","brown","SQOR",0.687392768235838
"HF","brown","VCAN",0.687271486092815
"HF","brown","IL17RA",0.687106438072515
"HF","brown","ENTPD1",0.687035547725919
"HF","brown","RAB27A",0.686780179914074
"HF","brown","PTK2B",0.686528429300976
"HF","brown","COTL1",0.685566710957782
"HF","brown","ALOX5AP",0.685217902440846
"HF","brown","EEIG2",0.68509971070477
"HF","brown","RNASE6",0.685059614124717
"HF","brown","TEP1",0.68418906662709
"HF","brown","RASA3",0.683693510440298
"HF","brown","PPP1R18",0.683393022119307
"HF","brown","LOXL3",0.683164088214816
"HF","brown","PTPRJ",0.683091715571536
"HF","brown","P2RX4",0.682973070015806
"HF","brown","MGP",0.682756750150193
"HF","brown","BASP1",0.682668239880129
"HF","brown","TLE3",0.682057703791193
"HF","brown","GPX1",0.681947493215213
"HF","brown","SLA",0.681731167514649
"HF","brown","GLIS3",0.680747382599854
"HF","brown","ARHGAP4",0.680588654492249
"HF","brown","SULF2",0.679901598811082
"HF","brown","ITPRIPL2",0.679441659695808
"HF","brown","GNA15",0.677876066161868
"HF","brown","TLR2",0.677273075306206
"HF","brown","SLC39A8",0.676553613388326
"HF","brown","PDIA5",0.676330441831777
"HF","brown","TRANK1",0.675891137369649
"HF","brown","SPP1",0.675810001306441
"HF","brown","FBLN1",0.675781643354938
"HF","brown","KIRREL1",0.675750358899785
"HF","brown","CXCR4",0.675623572417313
"HF","brown","ENPP2",0.675514383747132
"HF","brown","RCC2",0.674722802968319
"HF","brown","TFPI",0.67466667060742
"HF","brown","IFITM2",0.674349686911998
"HF","brown","SDC2",0.674198165997612
"HF","brown","IL2RG",0.673018826264442
"HF","brown","TSTD1",0.672924035708266
"HF","brown","COL3A1",0.672559931778583
"HF","brown","SLC27A3",0.670452616166847
"HF","brown","XYLB",0.67018724214284
"HF","brown","RCN1",0.670003136554743
"HF","brown","ACTG2",0.669980595799075
"HF","brown","NTAN1",0.669857677889334
"HF","brown","RNF24",0.669463084973534
"HF","brown","SERPINB8",0.669055059713428
"HF","brown","SECTM1",0.66898082709517
"HF","brown","COL12A1",0.668613307522188
"HF","brown","TBC1D12",0.668415261028017
"HF","brown","MID2",0.668025003388391
"HF","brown","PTGS1",0.667188080857046
"HF","brown","VAV3",0.666589785110525
"HF","brown","RARRES1",0.666498463118356
"HF","brown","PTPN18",0.665914636194091
"HF","brown","CCDC80",0.665889043473025
"HF","brown","SNED1",0.665876066914498
"HF","brown","VAT1",0.66580901757288
"HF","brown","TOR1A",0.665761092470551
"HF","brown","ELMO1",0.665566691594341
"HF","brown","EML3",0.664647148147936
"HF","brown","CNN3",0.664246106080917
"HF","brown","MSN",0.664044680625213
"HF","brown","PECAM1",0.663423338396348
"HF","brown","HMOX1",0.663179424699639
"HF","brown","MLKL",0.6628418862424
"HF","brown","SEC23B",0.662439527246517
"HF","brown","SDC3",0.66230049831127
"HF","brown","WDR81",0.661555815757452
"HF","brown","GNPTG",0.661406247502245
"HF","brown","PRKD3",0.661334961261209
"HF","brown","CDYL2",0.660059692610872
"HF","brown","RAC2",0.660046094863265
"HF","brown","SLIT3",0.659815277719231
"HF","brown","CD163L1",0.659675410551559
"HF","brown","HLA-DRA",0.659619303900899
"HF","brown","RP2",0.658541047530829
"HF","brown","SH3GL1",0.658256907003319
"HF","brown","SGPL1",0.657800623363301
"HF","brown","RFWD3",0.65761689047463
"HF","brown","COL1A1",0.65729474812159
"HF","brown","PILRA",0.657037995310256
"HF","brown","C1orf162",0.656757921970391
"HF","brown","FGR",0.656134517828861
"HF","brown","IFITM3",0.656074258850544
"HF","brown","FAS",0.655834309103801
"HF","brown","CHSY1",0.655352098882621
"HF","brown","MRC2",0.654404010041762
"HF","brown","RAPH1",0.653792251815402
"HF","brown","NUMBL",0.653613961155068
"HF","brown","SPRED1",0.652093097118034
"HF","brown","MAF",0.65169546325671
"HF","brown","SLC29A3",0.651471159505707
"HF","brown","MRC1",0.650841067733101
"HF","brown","PTMS",0.650718821331148
"HF","brown","UBE2L6",0.650476935332633
"HF","brown","SPIDR",0.649689080296144
"HF","brown","ARPC5",0.649651635922836
"HF","brown","PLA2G2A",0.649544965358085
"HF","brown","CFI",0.648738473365298
"HF","brown","RNASE1",0.647957869143613
"HF","brown","SUMF2",0.647770647424923
"HF","brown","PTAFR",0.647540468960049
"HF","brown","ADAMTS10",0.646839224233276
"HF","brown","MS4A4A",0.646821537185537
"HF","brown","UCP2",0.646551689308893
"HF","brown","MOB3A",0.646054905665374
"HF","brown","RPS6KA1",0.645769586147183
"HF","brown","MYO1E",0.645350138355463
"HF","brown","XPO6",0.644889231156006
"HF","brown","PABPC1",0.644519220279668
"HF","brown","SUSD1",0.644413663976766
"HF","brown","SBSPON",0.644267233083855
"HF","brown","SLC50A1",0.644241480268601
"HF","brown","CPQ",0.643849518467109
"HF","brown","DAP",0.643622240585576
"HF","brown","FBLN2",0.643587194620055
"HF","brown","SMURF2",0.643212729744924
"HF","brown","CNRIP1",0.642834805426041
"HF","brown","LILRB2",0.642029287230802
"HF","brown","ACTA2",0.641525725237139
"HF","brown","SFT2D2",0.641370796396748
"HF","brown","ACTN4",0.641056921077999
"HF","brown","PPM1M",0.641046200090469
"HF","brown","LILRB5",0.640856738192715
"HF","brown","NHSL2",0.640778316557129
"HF","brown","CASK",0.640618468356034
"HF","brown","UBXN8",0.640219738897321
"HF","brown","TNFSF13",0.640039931916457
"HF","brown","SLC43A3",0.639291807102434
"HF","brown","COL5A1",0.638462825725584
"HF","brown","PNP",0.638098162876613
"HF","brown","C5AR1",0.6377869165684
"HF","brown","TMEM260",0.637694829035362
"HF","brown","ANKDD1A",0.637651372052429
"HF","brown","RPL3",0.637580353135802
"HF","brown","FMNL1",0.637494906244089
"HF","brown","TULP3",0.637461034233345
"HF","brown","UBE2J1",0.637258082178932
"HF","brown","CA5B",0.636364693241944
"HF","brown","NAGA",0.636171204427137
"HF","brown","DSEL",0.635961540604156
"HF","brown","PAPSS2",0.635327709803775
"HF","brown","AKR1A1",0.635327227156677
"HF","brown","MYH9",0.635124698565238
"HF","brown","SDCCAG8",0.635116250684162
"HF","brown","SERPINA3",0.634790768592986
"HF","brown","SNHG12",0.634558373023191
"HF","brown","POGLUT3",0.633791054179697
"HF","brown","IL16",0.633560592716511
"HF","brown","TTC7A",0.633259822630348
"HF","brown","CYBC1",0.632446753900138
"HF","brown","PXDN",0.632245807717326
"HF","brown","KLHL6",0.632208788115679
"HF","brown","VOPP1",0.631560167670916
"HF","brown","JDP2",0.631257318979364
"HF","brown","DOCK7",0.630537961482822
"HF","brown","CCDC3",0.630338545615145
"HF","brown","MXRA8",0.630318078557926
"HF","brown","F13A1",0.630189376202573
"HF","brown","AKR1C3",0.62996254674686
"HF","brown","CD209",0.6297304314842
"HF","brown","PRSS23",0.629566970542
"HF","brown","LSP1",0.629503771254554
"HF","brown","NET1",0.629341640054169
"HF","brown","CCDC71L",0.629321454021652
"HF","brown","CYBA",0.629256205618589
"HF","brown","SPARC",0.628850882049886
"HF","brown","SRGN",0.628802143618786
"HF","brown","KLF6",0.628754362945036
"HF","brown","SEL1L3",0.628515757213129
"HF","brown","PEPD",0.627945344639204
"HF","brown","ENO1",0.627871191585809
"HF","brown","TNC",0.62779870411278
"HF","brown","EEF1AKMT3",0.627696404936485
"HF","brown","AEBP1",0.627053632820482
"HF","brown","AP1B1",0.626770519231409
"HF","brown","TBC1D9B",0.626262871226674
"HF","brown","TP53",0.625478838552351
"HF","brown","REL",0.625381503914912
"HF","brown","SRGAP1",0.624282717532014
"HF","brown","SNTB1",0.623590692122932
"HF","brown","TMEM165",0.623524021024999
"HF","brown","NBL1",0.623499205920611
"HF","brown","FGD3",0.623377529548185
"HF","brown","MIS18BP1",0.623372573948693
"HF","brown","ATP8B2",0.622954290241554
"HF","brown","DNM1",0.62256646485117
"HF","brown","GBP1",0.622416165628576
"HF","brown","AHR",0.622025646805052
"HF","brown","TXLNA",0.621867471380847
"HF","brown","PFKL",0.621778588078497
"HF","brown","PDIA4",0.621295727673974
"HF","brown","STAT5B",0.620631535637555
"HF","brown","JAML",0.620496464618685
"HF","brown","SMIM14",0.619794043950965
"HF","brown","SCARA3",0.619494106790724
"HF","brown","PLOD2",0.618980970435535
"HF","brown","TNFAIP2",0.618879606362559
"HF","brown","SESTD1",0.618495901656154
"HF","brown","PAPLN",0.61848334250658
"HF","brown","PLXNB2",0.618101385755704
"HF","brown","ADGRG6",0.617997118101228
"HF","brown","AKNA",0.617474596775241
"HF","brown","SLC38A6",0.61726520932656
"HF","brown","RGL1",0.617240527322932
"HF","brown","RHOG",0.617236008589086
"HF","brown","PRICKLE2",0.616761458214367
"HF","brown","CCL18",0.61626394817695
"HF","brown","AMPD2",0.616243453851313
"HF","brown","TCF12",0.615696444991026
"HF","brown","NIBAN2",0.615586475185924
"HF","brown","SLC43A2",0.615366190171153
"HF","brown","LST1",0.614498308336236
"HF","brown","LBR",0.614065772508531
"HF","brown","ARHGAP45",0.613867670009907
"HF","brown","TLE4",0.613709999693667
"HF","brown","CMTM6",0.612931381088825
"HF","brown","KSR1",0.61278579049462
"HF","brown","LRRC58",0.612597813256788
"HF","brown","TMEM214",0.612574754233377
"HF","brown","TGFBR2",0.612280860476707
"HF","brown","SORBS3",0.612263662105723
"HF","brown","ACTN1",0.612237060798412
"HF","brown","EDEM2",0.611312713075172
"HF","brown","DEPP1",0.61129149712055
"HF","brown","HEATR1",0.611137014523793
"HF","brown","DNAH1",0.611119039145646
"HF","brown","KIF2A",0.610924078491888
"HF","brown","GNB1",0.610692753822386
"HF","brown","SMARCD2",0.610554146845636
"HF","brown","LTBR",0.610527847582642
"HF","brown","PLAT",0.610078959914395
"HF","brown","ADGRE5",0.610017517315501
"HF","brown","SERPINA1",0.609932114814122
"HF","brown","NPNT",0.609829118196431
"HF","brown","PPP3CA",0.609759405198878
"HF","brown","TGFB1I1",0.609449108122325
"HF","brown","DDR2",0.609422058418967
"HF","brown","CTBS",0.609396468789575
"HF","brown","GNA13",0.608989286613843
"HF","brown","HECTD2",0.608269023537054
"HF","brown","AP1G2",0.608072847250522
"HF","brown","RNF149",0.608043228377903
"HF","brown","HERPUD2",0.608015090277454
"HF","brown","HLA-DPB1",0.607686024157403
"HF","brown","CCDC88A",0.607289348225765
"HF","brown","HSD3B7",0.606801281239429
"HF","brown","CD163",0.606549345074966
"HF","brown","WDFY1",0.606451178131266
"HF","brown","CORO7",0.606341429343682
"HF","brown","TMEM248",0.60541844250206
"HF","brown","CYBRD1",0.605388825651973
"HF","brown","NADSYN1",0.605345031683759
"HF","brown","SPMIP4",0.604370717766994
"HF","brown","NFKB1",0.604223030071433
"HF","brown","SLC11A1",0.603526788223332
"HF","brown","IL33",0.60310985341711
"HF","brown","CDC25B",0.602754922851571
"HF","brown","TRAM1",0.602446993012901
"HF","brown","ARPC4",0.602275317309697
"HF","brown","NPC1",0.601870241465102
"HF","brown","MFSD12",0.60156046681164
"HF","brown","P3H1",0.601543503121841
"HF","brown","ARF3",0.60088279607519
"HF","brown","RAB3IL1",0.600543163064818
"HF","brown","PARP8",0.600422826881739
"HF","brown","NADK",0.599813016369571
"HF","brown","COL4A1",0.599779229256288
"HF","brown","WAS",0.599587257634039
"HF","brown","HSD17B11",0.598694190259354
"HF","brown","APOE",0.598388799970958
"HF","brown","SBNO2",0.598297928916574
"HF","brown","RRBP1",0.597775280444829
"HF","brown","IL6ST",0.597568170460626
"HF","brown","GBP2",0.596665685689574
"HF","brown","ADSS2",0.595882640699001
"HF","brown","FUCA1",0.59461696388103
"HF","brown","TMEM91",0.594596136848539
"HF","brown","GAK",0.594531556331565
"HF","brown","TPST1",0.594483025009539
"HF","brown","COL14A1",0.593000860072835
"HF","brown","IFNAR2",0.592805199272504
"HF","brown","WDR91",0.592615418456621
"HF","brown","SHC1",0.592521859482051
"HF","brown","ALDH18A1",0.592491558227545
"HF","brown","LGMN",0.592118141783553
"HF","brown","PML",0.591476588457587
"HF","brown","PLXDC2",0.591416307358571
"HF","brown","SESN3",0.590915760982027
"HF","brown","GPC6",0.590846448198955
"HF","brown","TTC39C",0.590440898058185
"HF","brown","TMEM181",0.5898240830669
"HF","brown","SELL",0.589727113142046
"HF","brown","DOK1",0.588748342255254
"HF","brown","TDP1",0.58868980216175
"HF","brown","HLA-F",0.588423530851377
"HF","brown","DDB2",0.588048491735418
"HF","brown","STEAP4",0.587657958717574
"HF","brown","PTPRA",0.587443989436748
"HF","brown","CBL",0.587206104282442
"HF","brown","SLC23A2",0.587148039555049
"HF","brown","PLVAP",0.587131136151193
"HF","brown","PLXNC1",0.586833728705904
"HF","brown","TCN2",0.586783335827661
"HF","brown","AKR1C1",0.586557001511878
"HF","brown","SIRPA",0.586323151817375
"HF","brown","CREB3L2",0.586200501043781
"HF","brown","ECM1",0.585903238434919
"HF","brown","CFL1",0.584400895326627
"HF","brown","TM9SF1",0.584308151590356
"HF","brown","RESF1",0.584261622848082
"HF","brown","ALCAM",0.584062679671809
"HF","brown","CCL5",0.584021635581967
"HF","brown","ARRB1",0.583887973874362
"HF","brown","S100A10",0.583695840837735
"HF","brown","RIC1",0.583546514921956
"HF","brown","COL4A2",0.58325505345233
"HF","brown","AUP1",0.582141729093711
"HF","brown","TYMP",0.581197177761969
"HF","brown","ARHGAP25",0.581171629860338
"HF","brown","DUSP18",0.581099824128256
"HF","brown","MT1F",0.581000673603154
"HF","brown","CNTLN",0.580575983946919
"HF","brown","SLC20A1",0.580134251930296
"HF","brown","SPTLC2",0.580075386604673
"HF","brown","CSF3R",0.57981355976619
"HF","brown","LPXN",0.579415406130338
"HF","brown","ITGB5",0.579004598150966
"HF","brown","DNAJC1",0.578829458589658
"HF","brown","PKD2",0.578586298640972
"HF","brown","LOXL2",0.578017789880248
"HF","brown","FBXO7",0.578016769991758
"HF","brown","NCF1",0.577943822188185
"HF","brown","BGN",0.577670517187026
"HF","brown","LILRB1",0.577651984116358
"HF","brown","HTRA1",0.577611585194314
"HF","brown","PLD3",0.577567339855976
"HF","brown","APOL1",0.577414808698461
"HF","brown","ORAI2",0.577277116623778
"HF","brown","NSMF",0.577196161975717
"HF","brown","ARHGEF1",0.576847843538666
"HF","brown","PFN1",0.576690180648044
"HF","brown","PRDM1",0.576245796116661
"HF","brown","GATAD2A",0.575731425627145
"HF","brown","CAND1",0.575604143310923
"HF","brown","SLC3A2",0.573870584018295
"HF","brown","PARP6",0.573320609958644
"HF","brown","PXK",0.573107295232166
"HF","brown","SNX30",0.572934260069183
"HF","brown","SUSD2",0.572728385773011
"HF","brown","CFAP97",0.572238268113678
"HF","brown","OLFML3",0.571632058139308
"HF","brown","ARPC3",0.571567290553438
"HF","brown","CAD",0.571158723128435
"HF","brown","IGHG1",0.570974852282427
"HF","brown","VKORC1",0.570774515443266
"HF","brown","CYP1B1",0.570610348389608
"HF","brown","ZYX",0.570203996663997
"HF","brown","ST6GALNAC6",0.569907795195817
"HF","brown","GBA1",0.568860578561012
"HF","brown","SCARB1",0.56878416277115
"HF","brown","APBB2",0.568555168391317
"HF","brown","PRG4",0.568496131186438
"HF","brown","MAN2B2",0.568396521738479
"HF","brown","TANC2",0.56822764328948
"HF","brown","TMEM183A",0.567758903296746
"HF","brown","TRIM22",0.567666291487409
"HF","brown","TUT7",0.566703389583879
"HF","brown","IGFBP6",0.566098686733034
"HF","brown","BACE1",0.566074820118554
"HF","brown","CHST11",0.56600127719038
"HF","brown","LYVE1",0.565769950068329
"HF","brown","CLTA",0.565452984400777
"HF","brown","CLIC2",0.565444617580062
"HF","brown","SLFN11",0.565422377831318
"HF","brown","VAV2",0.565339712542968
"HF","brown","SPAG9",0.564668487757188
"HF","brown","SPSB1",0.564115419154546
"HF","brown","DPEP2",0.563766573545157
"HF","brown","IGHA1",0.563102816217398
"HF","brown","USF1",0.562830739489666
"HF","brown","MOV10",0.562675174378142
"HF","brown","ETNK1",0.562515569301612
"HF","brown","DOCK4",0.56146311872454
"HF","brown","LMOD1",0.561242975314541
"HF","brown","DUSP6",0.56123112514219
"HF","brown","SKIL",0.560805245406322
"HF","brown","TGFBRAP1",0.560246827668072
"HF","brown","S100A4",0.560168319695146
"HF","brown","CAPN2",0.559972229519965
"HF","brown","CDR2",0.559781198799421
"HF","brown","ARL6IP1",0.558385124863364
"HF","brown","SLC75A1",0.558000647526854
"HF","brown","GGT5",0.557980809339373
"HF","brown","IL15RA",0.557739896955691
"HF","brown","MTA2",0.557577272382591
"HF","brown","SELENOM",0.556591261732677
"HF","brown","RPL28",0.556304350478169
"HF","brown","BCL6",0.556052509249573
"HF","brown","PCSK5",0.555676623635355
"HF","brown","ATXN7L1",0.555571374936228
"HF","brown","CORO1B",0.5546209887929
"HF","brown","BMP1",0.553997170337944
"HF","brown","GPSM3",0.553620072938261
"HF","brown","ADAM17",0.553494520438388
"HF","brown","KDELR2",0.553225381845982
"HF","brown","TNFRSF10B",0.553081695490801
"HF","brown","YIPF2",0.551450649428403
"HF","brown","ARAP1",0.551140117078879
"HF","brown","RECK",0.550730547781749
"HF","brown","FLI1",0.550563868018552
"HF","brown","ATF5",0.550461353085954
"HF","brown","RAB35",0.550439522859459
"HF","brown","OLFML1",0.550336103117382
"HF","brown","NFATC2",0.549948709489301
"HF","brown","CNP",0.549394582903841
"HF","brown","TNFRSF14",0.549385781434748
"HF","brown","SLC16A2",0.549025686323355
"HF","brown","HPS3",0.548865491183637
"HF","brown","AKAP10",0.548857233971429
"HF","brown","EIF4A1",0.548816644627932
"HF","brown","ARRDC3",0.54829805159246
"HF","brown","CHD1L",0.548045972053474
"HF","brown","SLBP",0.547716784867697
"HF","brown","SP140L",0.547375699419829
"HF","brown","ABL2",0.546940085894261
"HF","brown","FBLN5",0.54685346822109
"HF","brown","SPRING1",0.546665545981871
"HF","brown","FOXO1",0.546623967399582
"HF","brown","SLC9B2",0.546454714295889
"HF","brown","SLC26A11",0.546229598092998
"HF","brown","LMO4",0.546201169722694
"HF","brown","SERPINB9",0.545850382562907
"HF","brown","ARHGDIA",0.544680726010382
"HF","brown","CYP7B1",0.544550455667224
"HF","brown","ZNF618",0.544092372602077
"HF","brown","RABL2B",0.544063853443977
"HF","brown","PHF14",0.543578285730666
"HF","brown","CD52",0.543540049475833
"HF","brown","GLB1",0.542678773094427
"HF","brown","IGFLR1",0.542280578771941
"HF","brown","TSPAN4",0.541456205435557
"HF","brown","PTPN2",0.541435758254998
"HF","brown","CLIP3",0.541272642044608
"HF","brown","LRP10",0.541262704575822
"HF","brown","EDEM1",0.541171386431003
"HF","brown","PPP3R1",0.541010506704001
"HF","brown","SMAD3",0.540785989436977
"HF","brown","TNKS1BP1",0.540416504492218
"HF","brown","IDUA",0.539658246157214
"HF","brown","YEATS2",0.539346139718608
"HF","brown","RBPJ",0.538902921398863
"HF","brown","DCN",0.538748190011821
"HF","brown","TRAF3",0.537690211922549
"HF","brown","OSTF1",0.536907390114506
"HF","brown","MYO19",0.536829727602045
"HF","brown","HLA-DQB2",0.536450019805796
"HF","brown","HAPLN3",0.534486506051212
"HF","brown","PRELP",0.534006269681245
"HF","brown","MXRA5",0.533957522671304
"HF","brown","FRMD4B",0.533918533802183
"HF","brown","ARHGEF18",0.533707321450774
"HF","brown","EFHD2",0.533252281663546
"HF","brown","TAP2",0.533097925743828
"HF","brown","KIF13B",0.53248705442068
"HF","brown","TAF1B",0.53175604859521
"HF","brown","TK2",0.53160890241664
"HF","brown","PAK1",0.531494673601587
"HF","brown","RAB22A",0.530686903525941
"HF","brown","LRRK2",0.530580011344704
"HF","brown","CCNG2",0.530506469167883
"HF","brown","SHFL",0.530399232886018
"HF","brown","LGALS9",0.529541822348365
"HF","brown","SH3BGRL3",0.529226127661534
"HF","brown","ACSL5",0.529197007244661
"HF","brown","TBL2",0.529137512527194
"HF","brown","CAPN5",0.528741624275534
"HF","brown","GPR108",0.528719947255745
"HF","brown","THBS1",0.528718114348873
"HF","brown","OTUD5",0.528512974895521
"HF","brown","FYN",0.52838990691314
"HF","brown","IRAG1",0.528303510746113
"HF","brown","ZWILCH",0.527720528223384
"HF","brown","MFSD1",0.527427138105168
"HF","brown","C1QTNF1",0.52740210886074
"HF","brown","ARHGEF40",0.526754765025748
"HF","brown","RNPEP",0.526301187389351
"HF","brown","DCAF12",0.526277382956605
"HF","brown","ACVRL1",0.52613006349103
"HF","brown","ATP2B1",0.525694785451464
"HF","brown","HLA-DPA1",0.52568922423827
"HF","brown","INSIG1",0.525347652235487
"HF","brown","EAF2",0.525307722350676
"HF","brown","FKBP11",0.525278966801061
"HF","brown","SERPINB1",0.52504116258083
"HF","brown","KIF3C",0.524681187579857
"HF","brown","INTS6L",0.524537827858597
"HF","brown","PLPP5",0.523066375293485
"HF","brown","FMOD",0.523044141724383
"HF","brown","TWSG1",0.522907865386309
"HF","brown","C7",0.522878025766492
"HF","brown","CALCRL",0.522832307541186
"HF","brown","GAL3ST4",0.522577658887524
"HF","brown","ECM2",0.522440049486626
"HF","brown","NCS1",0.522432695449553
"HF","brown","MYH11",0.522413910184034
"HF","brown","NFE2L3",0.522343125122403
"HF","brown","PRPF38B",0.52232322451783
"HF","brown","DDX41",0.522267454545802
"HF","brown","ZFP90",0.522005613643872
"HF","brown","GLA",0.521842533359419
"HF","brown","SGSH",0.521048412630669
"HF","brown","PLAAT4",0.52089462738917
"HF","brown","DYNLL1",0.520893101214305
"HF","brown","SNAI2",0.520852894533039
"HF","brown","HLA-DRB1",0.519963685778227
"HF","brown","NBEAL2",0.519478452562283
"HF","brown","EEF1A1",0.519427499931866
"HF","brown","GALNT10",0.519329553365195
"HF","brown","FAM20A",0.519001872795058
"HF","brown","SNHG32",0.51877258648855
"HF","brown","ELN",0.518720408347423
"HF","brown","TULP4",0.518496827135775
"HF","brown","PARP4",0.518211824763898
"HF","brown","SRPX2",0.518133842034974
"HF","brown","TTLL4",0.517869068308373
"HF","brown","UAP1",0.517094735332597
"HF","brown","ETV6",0.516566615435899
"HF","brown","C3",0.516367595112553
"HF","brown","TSPAN14",0.516195517766584
"HF","brown","KCNE4",0.516141123893131
"HF","brown","TBRG1",0.515953655027809
"HF","brown","GFRA2",0.515763945831937
"HF","brown","C6orf62",0.515721203619333
"HF","brown","ALG13",0.51550240218839
"HF","brown","CERS2",0.513309375610105
"HF","brown","FUOM",0.513029505878122
"HF","brown","CDC42SE2",0.512923209425762
"HF","brown","SELENOP",0.512479717907066
"HF","brown","SKI",0.511258178869333
"HF","brown","SURF4",0.511022722419189
"HF","brown","STARD3",0.510768813990833
"HF","brown","FLVCR2",0.510590588538627
"HF","brown","NAGLU",0.510507176705967
"HF","brown","PRR13",0.510102867223326
"HF","brown","DIPK2A",0.509481225937217
"HF","brown","ASXL1",0.509128809432332
"HF","brown","CIITA",0.508622124990859
"HF","brown","THOC1",0.507731025938904
"HF","brown","RNF13",0.507213076937944
"HF","brown","SRSF11",0.507097111302208
"HF","brown","HLA-DOA",0.507089339983509
"HF","brown","TLCD3A",0.505229361589285
"HF","brown","NFAT5",0.504983319822217
"HF","brown","TMEM179B",0.504931669752787
"HF","brown","BCL10",0.504399792532598
"HF","brown","CD9",0.504313170185635
"HF","brown","DNMT1",0.503953666620522
"HF","brown","PLS3",0.503932915809421
"HF","brown","TLR3",0.503195418723413
"HF","brown","CSTB",0.502905947624262
"HF","brown","MGAT1",0.502704616544088
"HF","brown","SSR2",0.502625642968932
"HF","brown","RCE1",0.502086771556292
"HF","brown","TMCO6",0.501765128866859
"HF","brown","PRELID1",0.501624480952766
"HF","brown","SLC39A1",0.501579279508505
"HF","brown","BTG1",0.501389163455995
"HF","brown","ELOVL1",0.501177512760417
"HF","brown","INVS",0.500867937547506
"HF","brown","OAF",0.50085760536112
"HF","brown","NUMB",0.500020781086178
"HF","brown","CUL4B",0.500008323763597
"HF","brown","DCP2",0.499653570018039
"HF","brown","FMNL3",0.499198344333111
"HF","brown","SH3BP2",0.499132718095482
"HF","brown","ZFAS1",0.498932757488341
"HF","brown","CCN2",0.498032728596379
"HF","brown","ABCA1",0.497358171587919
"HF","brown","PDS5A",0.496828150485947
"HF","brown","MARCKS",0.4967393859313
"HF","brown","MAST3",0.49658443407441
"HF","brown","GMDS",0.495566557991931
"HF","brown","N4BP2L1",0.495559111137861
"HF","brown","ATF4",0.495181432999812
"HF","brown","MAPK7",0.4950259328287
"HF","brown","SIMC1",0.494489960432496
"HF","brown","PRKD1",0.494469357729259
"HF","brown","TMEM183BP",0.492190025135706
"HF","brown","ABL1",0.491899647676593
"HF","brown","MID1",0.491880802288279
"HF","brown","TESK2",0.491829156387783
"HF","brown","RBMS3",0.491580662326875
"HF","brown","MRTFA",0.491010639257724
"HF","brown","SPON2",0.490671383441527
"HF","brown","LITAF",0.490644021726925
"HF","brown","PPP1R9B",0.490272062329036
"HF","brown","GNG12",0.490218754148763
"HF","brown","PIK3C2A",0.490192530512684
"HF","brown","SPRY1",0.490129009117918
"HF","brown","DPYSL2",0.490046817429965
"HF","brown","CPE",0.489618788250009
"HF","brown","SERPINH1",0.488916095281894
"HF","brown","TXN",0.48809277431385
"HF","brown","RTN4",0.487995345896724
"HF","brown","MSANTD2",0.487787217969049
"HF","brown","KCTD10",0.487370131834712
"HF","brown","HEXA",0.486990684764284
"HF","brown","ZFHX3",0.486663049099016
"HF","brown","SIPA1L3",0.486282423839586
"HF","brown","NRROS",0.486069161690423
"HF","brown","NFKB2",0.486039129525501
"HF","brown","GBGT1",0.485583365196252
"HF","brown","TGFB3",0.485321230717535
"HF","brown","TET3",0.484508427632818
"HF","brown","NRBF2",0.484392609253881
"HF","brown","NAGK",0.483973668764663
"HF","brown","COMT",0.483808294487192
"HF","brown","YWHAH",0.483569004408068
"HF","brown","SEC61B",0.483114818160531
"HF","brown","REEP4",0.482691478769535
"HF","brown","IGKC",0.481094424117649
"HF","brown","ANP32B",0.480551335287326
"HF","brown","RARA",0.480270979703003
"HF","brown","MYOF",0.479627298309111
"HF","brown","CLU",0.478773829562661
"HF","brown","PTGIR",0.478485016055682
"HF","brown","KCTD20",0.477821825157178
"HF","brown","SMG9",0.477796285903994
"HF","brown","TLN1",0.477671323779532
"HF","brown","WNT2B",0.477562528038428
"HF","brown","SMARCD1",0.477075660759052
"HF","brown","MASTL",0.476283648907696
"HF","brown","EMILIN1",0.476241535360149
"HF","brown","GNB2",0.475941990547126
"HF","brown","TMEM255B",0.475884740444447
"HF","brown","GIMAP2",0.475864292929492
"HF","brown","NBPF1",0.474814390945176
"HF","brown","QTRT2",0.474688097054173
"HF","brown","MACROH2A1",0.474582417533532
"HF","brown","ADA",0.474553703931424
"HF","brown","LMNA",0.474275111115511
"HF","brown","TBC1D22A",0.473906866908009
"HF","brown","ELL",0.473194774803768
"HF","brown","ITGB4",0.47310217679164
"HF","brown","MIR34AHG",0.472915756645204
"HF","brown","H2BC12",0.472653841775305
"HF","brown","NGFR",0.472181979453027
"HF","brown","NAALADL2",0.471152173490942
"HF","brown","LMCD1",0.471061012342066
"HF","brown","AMDHD2",0.470309312970771
"HF","brown","CST7",0.470038770793294
"HF","brown","KDELR3",0.4700209214277
"HF","brown","NIPAL2",0.469933960986165
"HF","brown","DBN1",0.469888164617029
"HF","brown","ASB13",0.468283495171942
"HF","brown","EFCAB14",0.468171049594349
"HF","brown","MAML3",0.468131154537201
"HF","brown","SERPINE2",0.46753093418585
"HF","brown","MSL1",0.467346967062863
"HF","brown","RIN3",0.46598879451069
"HF","brown","EPB41L2",0.465430848834516
"HF","brown","RELA",0.465125554222475
"HF","brown","SPHK1",0.465073740299286
"HF","brown","TMEM150A",0.464429485754723
"HF","brown","TANK",0.463746294962351
"HF","brown","TMEM98",0.463225193005626
"HF","brown","SS18",0.463210389006656
"HF","brown","MTMR11",0.463143427327904
"HF","brown","ARL4A",0.462491559675414
"HF","brown","SPECC1",0.461239102475105
"HF","brown","IFT25",0.461172474910847
"HF","brown","SEC61A1",0.460978709670594
"HF","brown","POLD3",0.460959769265848
"HF","brown","ITGA11",0.460943530269735
"HF","brown","PDLIM7",0.460864443701977
"HF","brown","UGGT2",0.460838693996076
"HF","brown","REV3L",0.460490808259719
"HF","brown","SCARB2",0.460464185866013
"HF","brown","OSBPL10",0.460407360095752
"HF","brown","ISG20L2",0.460281949630907
"HF","brown","OLFM2",0.459951218523066
"HF","brown","NDEL1",0.458928005263764
"HF","brown","EXOSC10",0.458329809169747
"HF","brown","GSN",0.458195051064263
"HF","brown","MCOLN1",0.457873127214712
"HF","brown","GAB2",0.457780432973309
"HF","brown","EXT2",0.456515099436778
"HF","brown","LAMA3",0.456427673557781
"HF","brown","SEPTIN6",0.455769256489661
"HF","brown","PLXNA3",0.455456148169836
"HF","brown","ADGRL4",0.454565289314268
"HF","brown","DNASE2",0.454231417455308
"HF","brown","STOM",0.453818387987028
"HF","brown","CDK2",0.453447067624846
"HF","brown","MTHFD2",0.453181566306638
"HF","brown","PIM2",0.452976184707674
"HF","brown","ST3GAL5",0.452951457294796
"HF","brown","TALDO1",0.452646997049833
"HF","brown","DDX39A",0.45260438363592
"HF","brown","SETBP1",0.452003074598567
"HF","brown","IFT20",0.451876003761894
"HF","brown","RIPOR2",0.451721252728219
"HF","brown","CBR1",0.451494862020149
"HF","brown","RABAC1",0.451129868974116
"HF","brown","RACGAP1",0.450623088467675
"HF","brown","SLC2A10",0.449843415093633
"HF","brown","PCGF3",0.449662519441431
"HF","brown","WDR19",0.449560909408039
"HF","brown","CST3",0.449157043059283
"HF","brown","LZTR1",0.447626417693231
"HF","brown","TNIP2",0.447129780685707
"HF","brown","SLC46A1",0.447077784941178
"HF","brown","ZBTB7C",0.446915149001316
"HF","brown","TPPP3",0.446710107027064
"HF","brown","EIF6",0.446295055583325
"HF","brown","NLGN2",0.446120731393122
"HF","brown","GLIS2",0.446113314003519
"HF","brown","FRMD4A",0.446018321181473
"HF","brown","MYLIP",0.445867182115091
"HF","brown","CTSZ",0.445837141012054
"HF","brown","SLC17A9",0.445689282149293
"HF","brown","TTC17",0.445220906907864
"HF","brown","FSTL1",0.445108630306489
"HF","brown","LIMK1",0.444227901083076
"HF","brown","DDAH2",0.444181903349395
"HF","brown","LIMK2",0.444144686598375
"HF","brown","SGCE",0.443636532349782
"HF","brown","GPC3",0.44284773613518
"HF","brown","FAM117B",0.442275271640862
"HF","brown","IQSEC2",0.442141424655186
"HF","brown","LONRF3",0.442006397203126
"HF","brown","PLD2",0.441986079449869
"HF","brown","IFFO1",0.44180806558979
"HF","brown","TMPO",0.441537701146571
"HF","brown","TPGS2",0.441498541776428
"HF","brown","ITGA2",0.441486174232849
"HF","brown","CDK10",0.441256726219095
"HF","brown","ANGPTL2",0.439143286561272
"HF","brown","ARHGAP9",0.437282376902147
"HF","brown","NOL4L",0.437280261933823
"HF","brown","LAT2",0.436735726485237
"HF","brown","GTPBP2",0.434645801399584
"HF","brown","CCAR1",0.434419862851108
"HF","brown","ID2",0.434130811140821
"HF","brown","ZNF83",0.433379785106748
"HF","brown","PLP2",0.43236221429903
"HF","brown","SOD3",0.432226333828308
"HF","brown","MXD1",0.431799949163839
"HF","brown","TIMP3",0.431623587825815
"HF","brown","SLC40A1",0.429668226866869
"HF","brown","IL18BP",0.429295864586229
"HF","brown","CARMIL1",0.428997188234523
"HF","brown","AP2S1",0.428984066915773
"HF","brown","CSNK1G1",0.428836120753036
"HF","brown","LTBP3",0.428566707683454
"HF","brown","CCNH",0.428321484550831
"HF","brown","PDGFC",0.428008214247048
"HF","brown","RETREG2",0.427898267945122
"HF","brown","PDCD4",0.427715636773179
"HF","brown","ATP13A2",0.427437101425929
"HF","brown","CNOT6L",0.427245208852742
"HF","brown","FLNB",0.426469480121016
"HF","brown","TNXB",0.425219407605085
"HF","brown","S100A9",0.424343633821713
"HF","brown","CYTH1",0.423969229803093
"HF","brown","ATP2A3",0.423930794119478
"HF","brown","EHBP1L1",0.423238505825576
"HF","brown","ATG16L2",0.423006583649848
"HF","brown","KLF3",0.422367956592752
"HF","brown","IKBKE",0.422289395092277
"HF","brown","IQCB1",0.420866975113091
"HF","brown","PRKCSH",0.420472409742134
"HF","brown","VCF1",0.420305274907945
"HF","brown","TUBA1B",0.419768857233141
"HF","brown","ABI3",0.419737096644303
"HF","brown","SMPDL3A",0.419459299999099
"HF","brown","ZNF395",0.419457665760914
"HF","brown","FKBP15",0.41935421445999
"HF","brown","DDHD1",0.419269690799136
"HF","brown","EIF4E2",0.418858754542883
"HF","brown","CD109",0.418038521405867
"HF","brown","ZFAND2B",0.416261154001019
"HF","brown","RAB43",0.415795152759088
"HF","brown","EMB",0.415790281849862
"HF","brown","RCC1",0.415411516952194
"HF","brown","NFAM1",0.415164690000015
"HF","brown","TOP3A",0.414839041897259
"HF","brown","MFNG",0.414747533793946
"HF","brown","ENTR1",0.414353808127113
"HF","brown","KDM4C",0.414149548568449
"HF","brown","APH1B",0.412449122128283
"HF","brown","CARS1",0.412411783315962
"HF","brown","PRDX4",0.411864131621171
"HF","brown","NKAPD1",0.411658489764659
"HF","brown","MAPK3",0.411518314189253
"HF","brown","CDC42EP1",0.411368695621456
"HF","brown","IMPDH1",0.41102755712255
"HF","brown","IPMK",0.410404251238797
"HF","brown","ODF2L",0.410386127044776
"HF","brown","ANKRD13D",0.409839042020815
"HF","brown","TMEM176A",0.409230354288729
"HF","brown","PMM2",0.408796491668791
"HF","brown","S100A8",0.40869884738274
"HF","brown","FSCN1",0.408079016102671
"HF","brown","SMURF1",0.407884319784372
"HF","brown","ANGPT2",0.406672146979757
"HF","brown","TOR1AIP1",0.404891023559903
"HF","brown","BCR",0.404783619857209
"HF","brown","SGPP1",0.404643623951524
"HF","brown","TRIP6",0.403824059133848
"HF","brown","SLC16A3",0.403329535949291
"HF","brown","RNF138",0.403056897712361
"HF","brown","SEPTIN9",0.402942956558322
"HF","brown","ZNF700",0.402431472682281
"HF","brown","BUD31",0.40203992478689
"HF","brown","PID1",0.401892924106432
"HF","brown","ART4",0.401867686503213
"HF","brown","DIPK1A",0.40168305807643
"HF","brown","AMMECR1",0.401449952819045
"HF","brown","SENP1",0.400109333131442
"HF","brown","H2AX",0.399679338083427
"HF","brown","IGFBP5",0.399291829212878
"HF","brown","TRAM2",0.397776739936467
"HF","brown","PNPLA6",0.396807388633794
"HF","brown","APRT",0.39667970947932
"HF","brown","CPD",0.396447601006288
"HF","brown","IGFBP7",0.396107420842876
"HF","brown","INMT",0.395606387476039
"HF","brown","ADAMTS5",0.395578502594653
"HF","brown","APOBEC3F",0.395507028044649
"HF","brown","MOB3B",0.39468473564102
"HF","brown","KIAA0040",0.393468381150869
"HF","brown","EAF1",0.392697431455478
"HF","brown","PGM2",0.391424700361881
"HF","brown","MLXIP",0.391317627208131
"HF","brown","MCAM",0.39112176237336
"HF","brown","HAAO",0.390425855981366
"HF","brown","MEGF6",0.389939504206324
"HF","brown","ITGA3",0.389840444481505
"HF","brown","RNF19B",0.389299071616978
"HF","brown","TES",0.388632109734768
"HF","brown","CDC14A",0.388276344221882
"HF","brown","ARL13B",0.38753480662644
"HF","brown","POFUT4",0.387251524485524
"HF","brown","ECE1",0.386745091970284
"HF","brown","MICALL2",0.386529773051017
"HF","brown","FCN1",0.38627113729651
"HF","brown","SLC30A4",0.386123110588842
"HF","brown","CEP78",0.385379948195052
"HF","brown","RABIF",0.384663677792441
"HF","brown","SNRPA",0.383851410050158
"HF","brown","SLC2A9",0.383703156551009
"HF","brown","AHNAK",0.383679558222436
"HF","brown","LPAR6",0.383553570212308
"HF","brown","CD276",0.38315346087611
"HF","brown","DLEU2",0.381780720912353
"HF","brown","HMG20B",0.380868657791833
"HF","brown","CKS1B",0.38062644042414
"HF","brown","KIAA0513",0.379974001132404
"HF","brown","ELK4",0.379856121222704
"HF","brown","PLOD1",0.379259596973377
"HF","brown","ERGIC1",0.37912933072544
"HF","brown","PRR14L",0.37818287963572
"HF","brown","ZDHHC1",0.378155735492235
"HF","brown","INHBA",0.377949883401711
"HF","brown","STAT3",0.377638775817267
"HF","brown","TRIM56",0.377268223128013
"HF","brown","SLC35C1",0.376940543833814
"HF","brown","HMGN1",0.376164459044027
"HF","brown","APLF",0.375455064431471
"HF","brown","NT5DC3",0.375138648750221
"HF","brown","NUP62",0.374852176111602
"HF","brown","ICOSLG",0.374284084987424
"HF","brown","KMT2E",0.37428230569731
"HF","brown","CAMK1D",0.374217288305296
"HF","brown","SYNGAP1",0.374032637901429
"HF","brown","SGK1",0.371376016910347
"HF","brown","HNRNPF",0.370685995448409
"HF","brown","ANKRD13A",0.370327299212693
"HF","brown","ZDHHC20",0.369455798454788
"HF","brown","MESD",0.369048406788894
"HF","brown","NECTIN2",0.36842018935191
"HF","brown","CEP120",0.36789373600031
"HF","brown","RFTN2",0.367172040916349
"HF","brown","SORL1",0.36696179294902
"HF","brown","CTSH",0.366580963880881
"HF","brown","ABHD6",0.365788276318327
"HF","brown","LHFPL6",0.36494473733187
"HF","brown","EEF2K",0.364851401940847
"HF","brown","MARCKSL1",0.364767884709444
"HF","brown","CYTH2",0.363479701799154
"HF","brown","RPN1",0.363009708609578
"HF","brown","SLC5A6",0.361659291359887
"HF","brown","ADAM8",0.36150380884684
"HF","brown","CAVIN1",0.360140248600514
"HF","brown","NFATC4",0.359974334357498
"HF","brown","ADAT2",0.359664462068037
"HF","brown","TLK1",0.359614241168189
"HF","brown","DENND1A",0.35888411584327
"HF","brown","RHOC",0.358399997600477
"HF","brown","CC2D1B",0.35825251460845
"HF","brown","TRAF3IP2",0.357948474800739
"HF","brown","NSMAF",0.357658956208934
"HF","brown","VASH1",0.357625347166542
"HF","brown","ARFIP2",0.357471258221361
"HF","brown","SCNM1",0.356395668438376
"HF","brown","ENO2",0.355360890829669
"HF","brown","ARL4D",0.355039223534775
"HF","brown","IL32",0.354965567512667
"HF","brown","C4A",0.354705524474972
"HF","brown","CTPS1",0.354437850267548
"HF","brown","SEMA3B",0.353315052561609
"HF","brown","CSPG4",0.353189854442955
"HF","brown","PHLDB1",0.352317035076947
"HF","brown","RASSF5",0.351829134955919
"HF","brown","SLC37A4",0.351688513329826
"HF","brown","DRAM2",0.351675828256404
"HF","brown","IRF3",0.351518159400343
"HF","brown","MBOAT7",0.351332413124011
"HF","brown","VPS33B",0.351272861760674
"HF","brown","RHNO1",0.351231113800302
"HF","brown","FKBP1A",0.350907309480655
"HF","brown","SP3",0.349922922183165
"HF","brown","CTDSP1",0.349911415057583
"HF","brown","ST3GAL2",0.349584410780649
"HF","brown","PPP1R10",0.349025391807132
"HF","brown","FAM167B",0.348972496486613
"HF","brown","TMA16",0.348192330853341
"HF","brown","BAG4",0.34817461487239
"HF","brown","OGFR",0.348072107489187
"HF","brown","UBXN11",0.347269128568675
"HF","brown","EVL",0.346668803054581
"HF","brown","AEN",0.346526320261856
"HF","brown","GGT1",0.346185915534999
"HF","brown","SUSD6",0.346036639890234
"HF","brown","LRRCC1",0.345991344331641
"HF","brown","PHLDA3",0.345967996379992
"HF","brown","GRB2",0.34532995916287
"HF","brown","LOXL1",0.344269653921503
"HF","brown","SLC4A7",0.343481146209384
"HF","brown","MEX3D",0.343202812615095
"HF","brown","UBA2",0.341855394984592
"HF","brown","PRDM4",0.341689084494857
"HF","brown","AGRN",0.341470468808869
"HF","brown","NINJ2",0.341398162805744
"HF","brown","HMGXB3",0.341055804926346
"HF","brown","SETMAR",0.340104214469331
"HF","brown","UNC45A",0.339475170331191
"HF","brown","SFI1",0.339029869884952
"HF","brown","DGUOK",0.338629182610055
"HF","brown","IL1RAP",0.338394236564767
"HF","brown","SRD5A1",0.338213118290459
"HF","brown","GRK6",0.338079519577179
"HF","brown","CASP7",0.338007588903866
"HF","brown","PDGFD",0.337000411025385
"HF","brown","DCHS1",0.336669055265072
"HF","brown","ANKRD13B",0.336525232201929
"HF","brown","TBC1D9",0.335442906222988
"HF","brown","ALDH1A2",0.334035775864091
"HF","brown","NINJ1",0.332815971221424
"HF","brown","PTGER4",0.332673021420242
"HF","brown","MAP3K11",0.332344733234195
"HF","brown","STAMBPL1",0.332129167263517
"HF","brown","ENDOD1",0.331708673100545
"HF","brown","IRF1",0.331531253865359
"HF","brown","HS1BP3",0.331377846171625
"HF","brown","UPP1",0.330869808310347
"HF","brown","EXOC4",0.33078618137563
"HF","brown","ITM2B",0.330751755076814
"HF","brown","OPN3",0.330579775753346
"HF","brown","ARHGEF3",0.330379472945511
"HF","brown","SPARCL1",0.33003202373214
"HF","brown","PRKAB1",0.329968377436245
"HF","brown","LMF1",0.329138990171975
"HF","brown","PISD",0.329105664852725
"HF","brown","CREB3",0.329077133957686
"HF","brown","CHFR",0.328917007943868
"HF","brown","MTMR12",0.328618686786292
"HF","brown","ESYT2",0.327046129527754
"HF","brown","ANKRD12",0.326719556455811
"HF","brown","FTH1",0.325866747894828
"HF","brown","ATP8B1",0.32533868647307
"HF","brown","AGTRAP",0.325268120527164
"HF","brown","QSOX1",0.325202337860197
"HF","brown","ERAP2",0.324971691761291
"HF","brown","PLCD1",0.324953508477599
"HF","brown","FCHSD2",0.324659801723437
"HF","brown","CD63",0.324636462621523
"HF","brown","MKNK1",0.324088126963663
"HF","brown","F2R",0.323901499620482
"HF","brown","PES1",0.323819230667809
"HF","brown","DLG5",0.323790296247148
"HF","brown","RNF144B",0.323663157851923
"HF","brown","FANCL",0.322913623734159
"HF","brown","CDK5RAP3",0.322843826270569
"HF","brown","METTL8",0.322532087700845
"HF","brown","GALNS",0.322049294556768
"HF","brown","SGTB",0.321994329408162
"HF","brown","SSH2",0.321829533871117
"HF","brown","GASK1B",0.32137375787768
"HF","brown","OSBPL5",0.320492167772229
"HF","brown","TDRP",0.319806346312579
"HF","brown","PLEKHG1",0.319577028658565
"HF","brown","PLAU",0.317935350169568
"HF","brown","KAT6A",0.31697210486086
"HF","brown","EDN1",0.316764917565078
"HF","brown","HDAC7",0.316392148330441
"HF","brown","ZNF266",0.316360374856166
"HF","brown","BIN3",0.315848215739285
"HF","brown","NAAA",0.315520770163241
"HF","brown","CPNE8",0.315388965508535
"HF","brown","SLC5A3",0.315161790243038
"HF","brown","TTC3",0.315108079844267
"HF","brown","VSIR",0.314297993712615
"HF","brown","PTBP2",0.313751525356051
"HF","brown","ST8SIA4",0.313449966280983
"HF","brown","TPST2",0.312926929014099
"HF","brown","MDK",0.312150093928826
"HF","brown","WIPF2",0.311823313995654
"HF","brown","ADM",0.311399808024104
"HF","brown","MATN2",0.311318469659053
"HF","brown","ZNF107",0.310739448113365
"HF","brown","HSPG2",0.310135704980605
"HF","brown","TRIO",0.309962810386275
"HF","brown","POFUT2",0.309554709312385
"HF","brown","BMP4",0.308032277830679
"HF","brown","ZNF280C",0.30728876577222
"HF","brown","EBPL",0.306524693687266
"HF","brown","JPT1",0.306368137196938
"HF","brown","CD38",0.305537884428854
"HF","brown","DCAF4",0.304690351181232
"HF","brown","SCML1",0.304446896655405
"HF","brown","VGLL4",0.303288220761289
"HF","brown","CAVIN3",0.302887461597807
"HF","brown","SGMS1",0.302862098561875
"HF","brown","XBP1",0.301848288793052
"HF","brown","GAS7",0.301009773689277
"HF","brown","ERMAP",0.300963545269276
"HF","brown","LTBP2",0.300779262555723
"HF","brown","HLA-DQA1",0.299600287668281
"HF","brown","LCORL",0.298073438800258
"HF","brown","NKG7",0.297845119954942
"HF","brown","PHLPP2",0.297780978464793
"HF","brown","CLIP2",0.297597085232589
"HF","brown","COPZ2",0.297438263182227
"HF","brown","PLXDC1",0.297097734686858
"HF","brown","PUS1",0.295701456578989
"HF","brown","RYBP",0.295543398902907
"HF","brown","DAXX",0.294390247150854
"HF","brown","KRTCAP2",0.29380427663875
"HF","brown","FBXL12",0.293511312725281
"HF","brown","ABCG1",0.293471412251491
"HF","brown","PHETA2",0.292669332382422
"HF","brown","CENPP",0.292257617957855
"HF","brown","TRNAU1AP",0.290699009703644
"HF","brown","SRSF6",0.290610682445795
"HF","brown","KHSRP",0.290133911023693
"HF","brown","SEMA6B",0.289884802209517
"HF","brown","TTLL7",0.289748176904437
"HF","brown","L3HYPDH",0.288860335781561
"HF","brown","ADAM33",0.287479330174463
"HF","brown","TRMT13",0.287418695112511
"HF","brown","GMPPA",0.28728440105966
"HF","brown","PHYKPL",0.286669309878705
"HF","brown","MSTO1",0.286134650452843
"HF","brown","ATAT1",0.28567636661452
"HF","brown","DOK4",0.284323584976401
"HF","brown","DENND10",0.282400841575384
"HF","brown","GALM",0.281975939456913
"HF","brown","MOB3C",0.281836412204567
"HF","brown","ITIH4",0.280413417502387
"HF","brown","COX6A1",0.280298581188516
"HF","brown","SNHG17",0.279402640020497
"HF","brown","NAIP",0.278613487824844
"HF","brown","ZNF503",0.278568606780865
"HF","brown","XXYLT1",0.278032125133059
"HF","brown","CLEC3B",0.277162313446742
"HF","brown","PLPPR2",0.275927139024134
"HF","brown","MANSC1",0.273503236498033
"HF","brown","PACRGL",0.271282558843515
"HF","brown","SEPTIN10",0.270132784777856
"HF","brown","SLC9A7",0.268978771767885
"HF","brown","CTPS2",0.266508764417248
"HF","brown","ZNF276",0.266069925836318
"HF","brown","CCDC125",0.265448160716504
"HF","brown","ASPN",0.264757642807765
"HF","brown","PCOLCE2",0.264443057750673
"HF","brown","HEYL",0.262033847232411
"HF","brown","PPARD",0.258819458974519
"HF","brown","ZNF652",0.256327644399773
"HF","brown","LETMD1",0.255905140581871
"HF","brown","ID3",0.254443582976888
"HF","brown","PRIM1",0.252903383755423
"HF","brown","GABPB2",0.251932413839918
"HF","brown","SCPEP1",0.251627209020148
"HF","brown","PLEKHA4",0.248203432763704
"HF","brown","PMEPA1",0.247785761761315
"HF","brown","EHMT2",0.247165046899981
"HF","brown","MID1IP1",0.246313158548229
"HF","brown","PALD1",0.24619039705785
"HF","brown","BHMT2",0.245571728501685
"HF","brown","UBTF",0.243667253749582
"HF","brown","ANKRD13C-DT",0.239415002451666
"HF","brown","HTRA3",0.237809278779885
"HF","brown","F2RL1",0.23395686615832
"HF","brown","TCTN2",0.233603181863227
"HF","brown","FZD8",0.232722322850393
"HF","brown","NLE1",0.232108513772858
"HF","brown","DHX37",0.229172926618002
"HF","brown","PDGFA",0.226281016094656
"HF","brown","COL18A1",0.223189611791237
"HF","brown","COL16A1",0.222003226147349
"HF","brown","ANGPTL1",0.219999064244742
"HF","brown","POLI",0.21732620218304
"HF","brown","SMAD9",0.214685437158553
"HF","brown","SEPTIN8",0.213833888227569
"HF","brown","HACE1",0.212931984069381
"HF","brown","SLC4A2",0.21269132205162
"HF","brown","SCAI",0.211994593214494
"HF","brown","SEC22C",0.210483706427678
"HF","brown","ANTXR2",0.206719675407438
"HF","brown","SLC22A17",0.206402075054678
"HF","brown","ZCCHC24",0.196709321722204
"HF","brown","NEIL1",0.195045280900589
"HF","brown","GPR153",0.194907042830102
"HF","brown","STIMATE-MUSTN1",0.194181524866992
"HF","brown","GSAP",0.182011754671711
"HF","brown","PDE5A",0.17767916965418
"HF","brown","CIC",0.174819425074333
"HF","brown","UACA",0.173897739157559
"HF","brown","SMOC2",0.173093146636602
"HF","brown","YAP1",0.16289824261651
"HF","brown","ARFGAP1",0.162819578771629
"HF","brown","GEM",0.162770648866103
"HF","brown","COLEC11",0.158942399509232
"HF","brown","CARD19",0.15617422181551
"HF","brown","CTSF",0.140765300480861
"HF","brown","NOSTRIN",0.138544092065652
"HF","brown","SPRY2",0.132198559065304
"HF","brown","GNL1",0.131335825051196
"HF","brown","RHBDF1",0.0685779971934412
"HF","brown","THBS4",0.0587619357416849
"HF","cyan","EHD2",0.828062801336211
"HF","cyan","TCF4",0.818918417622245
"HF","cyan","ADGRA2",0.801571402676492
"HF","cyan","PDGFRB",0.7943437267778
"HF","cyan","ASAP2",0.78370134937922
"HF","cyan","PLXND1",0.780508162874173
"HF","cyan","NR2F2",0.761833089961712
"HF","cyan","CDH6",0.760366337411119
"HF","cyan","JAG1",0.757350896134555
"HF","cyan","NLRP1",0.756021028633106
"HF","cyan","CPNE2",0.74206016969682
"HF","cyan","FRMD6",0.740479938673724
"HF","cyan","HGSNAT",0.735703865968649
"HF","cyan","ELK3",0.724218460085493
"HF","cyan","CD34",0.716649866057288
"HF","cyan","CC2D2A",0.716021998998773
"HF","cyan","ARHGAP21",0.714941744003761
"HF","cyan","FXYD6",0.712146104222946
"HF","cyan","SASH1",0.711613449792221
"HF","cyan","TCF7L2",0.708321284531281
"HF","cyan","PLAGL1",0.708151983635466
"HF","cyan","TCF7L1",0.706535958947394
"HF","cyan","FGD5",0.70396839920827
"HF","cyan","MAMLD1",0.703140773676079
"HF","cyan","MGLL",0.701714940921732
"HF","cyan","DOCK1",0.700680045134368
"HF","cyan","IL34",0.696410373670859
"HF","cyan","LURAP1L",0.696061286303197
"HF","cyan","CTNND1",0.691846465608424
"HF","cyan","COL15A1",0.689973684046679
"HF","cyan","ETS1",0.689058641944466
"HF","cyan","EPB41L1",0.685698796257772
"HF","cyan","MYO1B",0.684234447396066
"HF","cyan","PRKD2",0.674123919789573
"HF","cyan","STIM2",0.673589777931418
"HF","cyan","HMCN1",0.66843822767161
"HF","cyan","CDH23",0.666603357822904
"HF","cyan","MYO10",0.665648270344576
"HF","cyan","PLCB1",0.665079052165929
"HF","cyan","UBA7",0.656002030076392
"HF","cyan","ERG",0.655118918317483
"HF","cyan","ITPKB",0.64908731326665
"HF","cyan","STARD9",0.645053132683964
"HF","cyan","ANO1",0.643607523331479
"HF","cyan","AUTS2",0.638149385916366
"HF","cyan","RHOJ",0.637785802674835
"HF","cyan","CAMKK2",0.633702545077582
"HF","cyan","SEMA6A",0.628459076555196
"HF","cyan","ADAMTSL3",0.624066494389416
"HF","cyan","CD93",0.623516008174899
"HF","cyan","MARF1",0.620285817029117
"HF","cyan","LTBP4",0.616367139961061
"HF","cyan","ANKRD29",0.615269880051266
"HF","cyan","ABCA10",0.612293591358697
"HF","cyan","DNMBP",0.607164121886564
"HF","cyan","KIAA1671",0.605000168914033
"HF","cyan","ADARB1",0.603304118272282
"HF","cyan","LAMA4",0.60155484614685
"HF","cyan","CTDSP2",0.595499412174607
"HF","cyan","TRIM8",0.595095817925231
"HF","cyan","SLC35H1",0.594794516076272
"HF","cyan","PELO",0.593443600877705
"HF","cyan","RARG",0.588069818496003
"HF","cyan","PLEKHG2",0.587671814915903
"HF","cyan","CYGB",0.586252696032709
"HF","cyan","SLFN5",0.581685125981629
"HF","cyan","PRRT2",0.58015840499105
"HF","cyan","PREX2",0.578852693378387
"HF","cyan","AMOT",0.576724114913338
"HF","cyan","RETREG3",0.575946430089546
"HF","cyan","FNBP4",0.57129948282695
"HF","cyan","NR3C1",0.568477947139567
"HF","cyan","APLNR",0.56831346064665
"HF","cyan","RNF152",0.558603471678075
"HF","cyan","CARD8",0.558260952552668
"HF","cyan","CYTH3",0.557630415659879
"HF","cyan","ANKRD6",0.556464182896011
"HF","cyan","LAMC1",0.542797585575478
"HF","cyan","NRM",0.540836559929845
"HF","cyan","ZNF70",0.5404138728689
"HF","cyan","MIDEAS",0.539489029930133
"HF","cyan","PRKCH",0.538243341105205
"HF","cyan","NYNRIN",0.536721567388474
"HF","cyan","SLC6A9",0.531106340390176
"HF","cyan","ABCD4",0.530345821713942
"HF","cyan","ANXA2R-AS1",0.52795785763176
"HF","cyan","RAPGEF5",0.525822225420133
"HF","cyan","MAN1C1",0.524559649221965
"HF","cyan","ITPR3",0.519268111404485
"HF","cyan","FADS2",0.5133249676074
"HF","cyan","AFF3",0.512977910757047
"HF","cyan","GPER1",0.512378802587181
"HF","cyan","ABHD14B",0.507091319627911
"HF","cyan","TMEM63A",0.505112843711291
"HF","cyan","PHLPP1",0.499627057256595
"HF","cyan","SLC43A1",0.489297170747196
"HF","cyan","UNK",0.486942627451402
"HF","cyan","RFLNB",0.48151119377753
"HF","cyan","JCAD",0.474822158664342
"HF","cyan","SOX4",0.466307160212894
"HF","cyan","LDB2",0.463919274061483
"HF","cyan","NREP",0.461988103849629
"HF","cyan","DENND2A",0.431652526331839
"HF","darkgreen","SLC6A6",0.863686496252146
"HF","darkgreen","IGFBP2",0.83158842375807
"HF","darkgreen","KIFAP3",0.80208140284301
"HF","darkgreen","PLXNA2",0.798636502536154
"HF","darkgreen","NEB",0.792490920190685
"HF","darkgreen","ABTB2",0.784703590813072
"HF","darkgreen","BICD1",0.774095882478035
"HF","darkgreen","COLQ",0.765790134997186
"HF","darkgreen","NAV2",0.765163233221626
"HF","darkgreen","TGM2",0.738232988149027
"HF","darkgreen","ETV5",0.72210025487926
"HF","darkgreen","GJA5",0.720254534645217
"HF","darkgreen","ATP13A3",0.708426615428128
"HF","darkgreen","PHLDA1",0.70596694326219
"HF","darkgreen","FBXW8",0.702055833375983
"HF","darkgreen","RPA1",0.701950740425643
"HF","darkgreen","SYT11",0.677287903915742
"HF","darkgreen","IRX3",0.659476902580458
"HF","darkgreen","STIM1",0.653938284930013
"HF","darkgreen","FILIP1L",0.644586711708246
"HF","darkgreen","FRZB",0.638920762396313
"HF","darkgreen","STMN1",0.632740650022991
"HF","darkgreen","MAGED2",0.627068387619296
"HF","darkgreen","MYH10",0.622901239809753
"HF","darkgreen","MASP1",0.616696577159757
"HF","darkgreen","CRIM1",0.613705616022473
"HF","darkgreen","TMEM54",0.61116819885104
"HF","darkgreen","TNNI1",0.607643022950246
"HF","darkgreen","MAP2",0.606437174547339
"HF","darkgreen","ARHGAP42",0.605878635495972
"HF","darkgreen","SMYD4",0.603227878351447
"HF","darkgreen","GRB10",0.597637731605206
"HF","darkgreen","AGBL5",0.581033505142846
"HF","darkgreen","AZIN2",0.5749055622462
"HF","darkgreen","ABLIM2",0.558594024568814
"HF","darkgreen","ST3GAL4",0.553565971570738
"HF","darkgreen","UNC5B",0.549150162475874
"HF","darkgreen","CGNL1",0.525136974468796
"HF","darkgreen","SCN1B",0.515072043467432
"HF","darkgreen","TNK2",0.507780662579695
"HF","darkgreen","NTN1",0.442731665990864
"HF","darkred","TSC2",0.791868521907663
"HF","darkred","ARID1A",0.789224776303757
"HF","darkred","PRRC2A",0.765161131565632
"HF","darkred","UBAP2L",0.759049775532323
"HF","darkred","HCFC1",0.756593911636504
"HF","darkred","GATAD2B",0.742508523550428
"HF","darkred","ATXN2",0.73751747697866
"HF","darkred","RPTOR",0.723728275611391
"HF","darkred","PRR12",0.707359832139331
"HF","darkred","PRCC",0.703807496436204
"HF","darkred","SAP130",0.701365785564488
"HF","darkred","DPF2",0.699992781578352
"HF","darkred","RIPOR1",0.688740268796323
"HF","darkred","ZNF142",0.675262787855016
"HF","darkred","ATN1",0.660336485446477
"HF","darkred","MEF2D",0.650376871420815
"HF","darkred","INTS1",0.646281839980269
"HF","darkred","ANKS1A",0.644804299479289
"HF","darkred","AP2A1",0.641026881018836
"HF","darkred","SP2",0.636349419888143
"HF","darkred","PHC1",0.635252249778686
"HF","darkred","NDST1",0.635048847134725
"HF","darkred","ATG2A",0.631887599305824
"HF","darkred","GBF1",0.630902899181727
"HF","darkred","RBM14",0.626074694228351
"HF","darkred","TMEM94",0.624710295184288
"HF","darkred","FOXJ2",0.618841879137047
"HF","darkred","SCAF4",0.607729209885384
"HF","darkred","IKZF4",0.598688514151242
"HF","darkred","TJAP1",0.595847887990556
"HF","darkred","GTPBP1",0.594211170114625
"HF","darkred","VAMP2",0.577287672260852
"HF","darkred","MAVS",0.570221315765824
"HF","darkred","GGA3",0.567044533675384
"HF","darkred","SMPD4",0.563346793404753
"HF","darkred","DPP9",0.556349293691429
"HF","darkred","UBQLN4",0.553849145057143
"HF","darkred","USP22",0.546981145559651
"HF","darkred","BRPF3",0.532584824527096
"HF","darkred","PHF21A",0.530564151406774
"HF","darkred","LDB1",0.529189917306788
"HF","darkred","GDI1",0.521472455635517
"HF","darkred","TMEM185B",0.47946860067374
"HF","darkturquoise","CYYR1",0.818821129243146
"HF","darkturquoise","EGFLAM",0.798156477854536
"HF","darkturquoise","ARHGEF15",0.7778563955614
"HF","darkturquoise","TMEM88",0.771325486338212
"HF","darkturquoise","CDH5",0.770047371230394
"HF","darkturquoise","TEK",0.764849257167087
"HF","darkturquoise","TIE1",0.756085585874159
"HF","darkturquoise","MYCT1",0.752296941506682
"HF","darkturquoise","ADCY4",0.744566267071588
"HF","darkturquoise","PTPRB",0.706576670522268
"HF","darkturquoise","RGS5",0.703689754962001
"HF","darkturquoise","USHBP1",0.702136945716532
"HF","darkturquoise","ARHGAP29",0.697452205196563
"HF","darkturquoise","RAMP2",0.685132104550103
"HF","darkturquoise","KIAA1217",0.678822067479155
"HF","darkturquoise","COX4I2",0.671603800614742
"HF","darkturquoise","NHERF2",0.664829304897254
"HF","darkturquoise","GJA4",0.651812780761496
"HF","darkturquoise","JAG2",0.650543432081259
"HF","darkturquoise","ADGRF5",0.644390829965082
"HF","darkturquoise","HID1",0.64059870305677
"HF","darkturquoise","HSPA12B",0.637984720566787
"HF","darkturquoise","AGAP2",0.632610068219231
"HF","darkturquoise","GUCY1A2",0.628186986317688
"HF","darkturquoise","BTNL9",0.622360187375438
"HF","darkturquoise","SHROOM4",0.622311869472597
"HF","darkturquoise","PPT2",0.618262797667401
"HF","darkturquoise","SHE",0.609061308655873
"HF","darkturquoise","RIPOR3",0.600211363934072
"HF","darkturquoise","DIPK2B",0.597181961665961
"HF","darkturquoise","BCAM",0.597023092749648
"HF","darkturquoise","MECOM",0.586889335338595
"HF","darkturquoise","EFNB2",0.578078612667528
"HF","darkturquoise","CCM2L",0.565320296983058
"HF","darkturquoise","ADORA2A",0.555123473236663
"HF","darkturquoise","ITGA6",0.539164508952519
"HF","darkturquoise","DGKE",0.527623462695553
"HF","darkturquoise","TM4SF1",0.476160083854068
"HF","darkturquoise","SMAGP",0.435008730743208
"HF","green","CYP20A1",0.846626805758392
"HF","green","STAG2",0.797495316211994
"HF","green","VPS13B",0.795481032059596
"HF","green","WDR11",0.789739922980312
"HF","green","STXBP3",0.778534902508307
"HF","green","TTC14",0.773995907333242
"HF","green","IFNAR1",0.773086172605411
"HF","green","PIGB",0.772905228939701
"HF","green","AIDA",0.771537320855913
"HF","green","TMOD3",0.767997071335722
"HF","green","TNKS2",0.76752034296414
"HF","green","MAP4K5",0.765244763551033
"HF","green","ATXN3",0.760678004223354
"HF","green","ACAP2",0.759423689519224
"HF","green","WASHC4",0.745212103435262
"HF","green","SLC10A7",0.742628618963328
"HF","green","MED23",0.741061573350549
"HF","green","NEMP1",0.739178885513511
"HF","green","SLC38A9",0.737939572983902
"HF","green","ATP7A",0.737397475198374
"HF","green","SNX14",0.737153166228764
"HF","green","SPOPL",0.736296131675577
"HF","green","RIPK1",0.733225517908249
"HF","green","NCK1",0.731998482134916
"HF","green","AQR",0.731709407419207
"HF","green","SLC35A5",0.730832405542249
"HF","green","TCEA1",0.726267176735432
"HF","green","VPS4B",0.725646874245682
"HF","green","PSEN1",0.724134996907601
"HF","green","PPP1R21",0.723713814256872
"HF","green","TASOR",0.722873239664255
"HF","green","BBS7",0.722233642355775
"HF","green","TMEM87B",0.721918611090354
"HF","green","RASA1",0.720948437722566
"HF","green","TM7SF3",0.72064417386855
"HF","green","LPCAT2",0.720279829237672
"HF","green","DENND4C",0.719094799823935
"HF","green","PPP4R3B",0.717670178793687
"HF","green","RASA2",0.715499417896604
"HF","green","PAN3",0.715483727116277
"HF","green","ARFIP1",0.712856574706945
"HF","green","SP1",0.711405833974036
"HF","green","ALG5",0.70999821516567
"HF","green","MYCBP2",0.709758889350742
"HF","green","FAM91A1",0.707873871450283
"HF","green","SEC22B",0.705816206859589
"HF","green","UVRAG",0.70428865954589
"HF","green","DMTF1",0.702251212025054
"HF","green","MTF2",0.701111034836154
"HF","green","USP33",0.700119122999232
"HF","green","TM9SF3",0.699921262940818
"HF","green","CNOT8",0.697709464967179
"HF","green","CREBL2",0.697385350591295
"HF","green","WRN",0.694876825359295
"HF","green","S100PBP",0.694684130557023
"HF","green","PDCL",0.693635480709923
"HF","green","SPATS2",0.692075578406793
"HF","green","AFTPH",0.690440480780525
"HF","green","RHOA",0.69031099369503
"HF","green","VHL",0.690274088866432
"HF","green","PRCP",0.68890759756265
"HF","green","KDM5B",0.688823325731846
"HF","green","CCDC14",0.68877491259929
"HF","green","ATP6V1A",0.687523075855929
"HF","green","FCHO2",0.687481991206317
"HF","green","AKT3",0.687481769409359
"HF","green","SLC39A9",0.684563676999589
"HF","green","RIF1",0.683781318859069
"HF","green","PALB2",0.68196486376137
"HF","green","SPTLC1",0.679614217088205
"HF","green","CERS5",0.677853903772355
"HF","green","RILPL2",0.677090150597942
"HF","green","NUP205",0.6767753240581
"HF","green","ATF2",0.675411340110341
"HF","green","GTF2E2",0.675005276191637
"HF","green","CPLANE1",0.67467163716245
"HF","green","APPBP2",0.673165656975513
"HF","green","FAM111A",0.672678972233963
"HF","green","HOOK3",0.67267848929183
"HF","green","TGS1",0.672067819253673
"HF","green","XRN2",0.671734984780729
"HF","green","FBXO33",0.670504947268881
"HF","green","ITPR2",0.670138362015868
"HF","green","ATM",0.669824844128442
"HF","green","PWP1",0.669214393005824
"HF","green","FAM76B",0.668805412660373
"HF","green","KYAT3",0.66857211708082
"HF","green","C3orf38",0.667528475905247
"HF","green","SRSF7",0.667371877072583
"HF","green","THOC2",0.665996453416522
"HF","green","UMPS",0.665229522719333
"HF","green","SMARCAD1",0.664718046574127
"HF","green","ERLIN1",0.664270251646715
"HF","green","RARS2",0.664084005093188
"HF","green","MRE11",0.662178932575011
"HF","green","ARID4B",0.660972260786364
"HF","green","SEC62",0.659213445600231
"HF","green","SLC37A3",0.658413804561212
"HF","green","ZBTB14",0.657267313478006
"HF","green","INTS10",0.657169720903322
"HF","green","ZMYM1",0.653766845589954
"HF","green","HLCS",0.652092536894334
"HF","green","TBC1D5",0.651966886062814
"HF","green","YIPF5",0.650863829170265
"HF","green","PIK3C3",0.650568301288406
"HF","green","DDX18",0.65030484586902
"HF","green","CRLF3",0.649916351333185
"HF","green","NHLRC3",0.648289257727115
"HF","green","MCM7",0.648022082754477
"HF","green","ANKRD10",0.647667705653478
"HF","green","STAG1",0.647602527477439
"HF","green","PPT1",0.647413947527584
"HF","green","ABHD13",0.646967134748808
"HF","green","MON2",0.645189050718434
"HF","green","DUSP11",0.644865673163558
"HF","green","ZNF616",0.643467005637534
"HF","green","PRRC1",0.643412857672962
"HF","green","UHRF2",0.642472759580002
"HF","green","VAMP3",0.640037446047812
"HF","green","RUFY1",0.639178665082583
"HF","green","ANO10",0.637597224534719
"HF","green","BUB3",0.637231799919014
"HF","green","ZNF558",0.637053490925862
"HF","green","SLC35B3",0.63648168230882
"HF","green","BRWD3",0.636451578099455
"HF","green","RUFY2",0.635625444452692
"HF","green","SBF2",0.635474384592534
"HF","green","VPS54",0.635288740364338
"HF","green","AZI2",0.634555695309826
"HF","green","RUFY3",0.63419998310075
"HF","green","MOSPD2",0.631799892531507
"HF","green","LSM6",0.631167186347176
"HF","green","DSN1",0.630807282703326
"HF","green","GPD2",0.630556890181089
"HF","green","CDK19",0.6301358978101
"HF","green","PRPF39",0.629802425302353
"HF","green","SPICE1",0.629542017093572
"HF","green","DIAPH2",0.628804347624331
"HF","green","TAF2",0.628283667029301
"HF","green","ZNF675",0.628238319514388
"HF","green","OFD1",0.625852169737209
"HF","green","NBPF8",0.625782589286811
"HF","green","CEP135",0.62543943533139
"HF","green","ARGLU1",0.62529917578318
"HF","green","PTPN12",0.623742809426885
"HF","green","NIPBL",0.623641628776949
"HF","green","NPAT",0.62323567328999
"HF","green","ZNF267",0.623229160572711
"HF","green","FAF2",0.622808239796435
"HF","green","ANKRD13C",0.622516647343203
"HF","green","CXorf38",0.622093909970397
"HF","green","TCP11L1",0.621854894224006
"HF","green","SLC35B4",0.62151546361844
"HF","green","UTP6",0.619656391873196
"HF","green","FBXL3",0.619462642425717
"HF","green","CTNS",0.619417384029004
"HF","green","UBA6",0.619304088081417
"HF","green","LRRC37B",0.617653969205984
"HF","green","ZCCHC8",0.616533429981672
"HF","green","ZNF708",0.616242900510174
"HF","green","TOPBP1",0.615952945054806
"HF","green","PIKFYVE",0.615332956787079
"HF","green","UTRN",0.615182043388267
"HF","green","SPG21",0.614785639562723
"HF","green","PHIP",0.614344325618834
"HF","green","EFHC1",0.614030216985051
"HF","green","FIG4",0.613907601025615
"HF","green","COP1",0.61358148322177
"HF","green","CYB5R4",0.612707687050656
"HF","green","RAD18",0.612510492941968
"HF","green","NEMP2",0.61237782600778
"HF","green","LAMP2",0.612286652205966
"HF","green","L3MBTL3",0.611408182616579
"HF","green","FRS2",0.611306683605285
"HF","green","TRIM4",0.610621560675566
"HF","green","TBCK",0.610410068538105
"HF","green","THADA",0.60967217487951
"HF","green","PAXBP1",0.609174476088249
"HF","green","DENND4A",0.607145787040241
"HF","green","SETX",0.605725998748675
"HF","green","SNX5",0.605293423658772
"HF","green","ZCCHC7",0.605237003990397
"HF","green","TTC13",0.605092072779805
"HF","green","PSMD5",0.60372630367063
"HF","green","ZNF43",0.603099365987568
"HF","green","SLC36A4",0.60148203293664
"HF","green","BTAF1",0.601300721106792
"HF","green","CEP95",0.599951995290596
"HF","green","LRIG3",0.599854295167097
"HF","green","TANGO6",0.599737324852564
"HF","green","SEC23IP",0.599306986212281
"HF","green","MIER1",0.597912608694347
"HF","green","FER",0.597873684207003
"HF","green","KDSR",0.597220601629672
"HF","green","VMP1",0.596883402162436
"HF","green","RELCH",0.596235289042143
"HF","green","NEDD4",0.596063494483936
"HF","green","RAP1GDS1",0.595657600128049
"HF","green","SLC39A6",0.593975495739766
"HF","green","SPATA6",0.593172549779867
"HF","green","CLN5",0.592949006369385
"HF","green","TMEM39A",0.592878420914116
"HF","green","RSRP1",0.592017379439332
"HF","green","DENND11",0.591783169264746
"HF","green","ARHGAP19",0.591437758220053
"HF","green","YWHAZ",0.589853111392176
"HF","green","EPS15",0.589141463151005
"HF","green","RBL2",0.588919445180028
"HF","green","DTWD1",0.588845658140286
"HF","green","ANKRD49",0.588337568874175
"HF","green","RIT1",0.587487021528994
"HF","green","CDC50A",0.58720207162349
"HF","green","SLC25A13",0.587042772569013
"HF","green","UBTD2",0.586971625946173
"HF","green","SAR1A",0.586599544328616
"HF","green","NONO",0.58532707263439
"HF","green","GLT8D1",0.584666837867329
"HF","green","TDRD7",0.583675063747442
"HF","green","NGDN",0.582218957665479
"HF","green","STX7",0.580850270453862
"HF","green","THUMPD2",0.580343420505391
"HF","green","ATAD2B",0.5802826649016
"HF","green","LEPR",0.579906225460945
"HF","green","TMEM230",0.578093015182918
"HF","green","PAPOLG",0.577324634843807
"HF","green","DUSP12",0.576933569856891
"HF","green","TASP1",0.576500206733891
"HF","green","INO80",0.576350874063622
"HF","green","VPS26A",0.576085716160407
"HF","green","WSB1",0.575464092813884
"HF","green","SEH1L",0.574331764024075
"HF","green","RBL1",0.573954361438995
"HF","green","RSBN1",0.572323381042684
"HF","green","CHD9",0.572241315276336
"HF","green","ERAP1",0.572107561995209
"HF","green","CTDSPL2",0.572089673759314
"HF","green","COBLL1",0.571502959574605
"HF","green","CNOT2",0.570462771232375
"HF","green","TUBGCP3",0.570292371726103
"HF","green","DCTD",0.569953076138173
"HF","green","CD46",0.569661963881846
"HF","green","STX6",0.569446034211995
"HF","green","FLVCR1",0.569436704676709
"HF","green","RCL1",0.568627768184112
"HF","green","HP1BP3",0.568593928527749
"HF","green","NBPF9",0.568319405198307
"HF","green","LATS1",0.565689414887213
"HF","green","DRC9",0.565062404661793
"HF","green","ADNP",0.565033074420646
"HF","green","RDH11",0.564725500997018
"HF","green","ZNF518A",0.564031571003774
"HF","green","NFXL1",0.563972775625841
"HF","green","MYO6",0.562910320596702
"HF","green","BDH2",0.561744809767824
"HF","green","RNFT1",0.561454245588356
"HF","green","AHCYL2",0.560375191405539
"HF","green","EAPP",0.560194454963125
"HF","green","MDM4",0.55998219772237
"HF","green","CHD2",0.558743338323319
"HF","green","BBS9",0.558273275022849
"HF","green","TMEM138",0.557895397443086
"HF","green","RAC1",0.556599008747825
"HF","green","HPS5",0.556022063094722
"HF","green","TMBIM4",0.555833924065707
"HF","green","MSMO1",0.55510983067707
"HF","green","NFATC3",0.555101883963158
"HF","green","MAN1A2",0.554061737070614
"HF","green","ZNF589",0.553480646214395
"HF","green","FOXP1",0.553167839925341
"HF","green","ACTR2",0.552858814608402
"HF","green","TMEM14A",0.551978169882477
"HF","green","CAPN3",0.551971168496263
"HF","green","TRMT5",0.55193278980753
"HF","green","SLC44A1",0.551769569758972
"HF","green","CYP4X1",0.551235438923062
"HF","green","MAP3K1",0.550942399990918
"HF","green","GTF2B",0.55005500038923
"HF","green","MBIP",0.548966755566941
"HF","green","GMCL1",0.54883882071103
"HF","green","CMPK1",0.546705292969842
"HF","green","ABRAXAS1",0.546369862471623
"HF","green","MANEA",0.545584742778372
"HF","green","SHLD2",0.544991984395336
"HF","green","SLC30A5",0.542939492582765
"HF","green","GOLGA7",0.542207289539617
"HF","green","RFX3",0.542009319938917
"HF","green","ZC3H7A",0.541177759519134
"HF","green","EDEM3",0.540297155829727
"HF","green","TMBIM6",0.539358395729569
"HF","green","KLHL5",0.538182305424833
"HF","green","RFC5",0.535911358390409
"HF","green","SNX16",0.535261519782969
"HF","green","ATG12",0.53483074098993
"HF","green","HYCC2",0.534429554721175
"HF","green","PIGM",0.534250678461322
"HF","green","SNX29",0.534046714073354
"HF","green","SLC17A5",0.533933632979849
"HF","green","RIMKLB",0.533475551990795
"HF","green","PCF11",0.532122288221521
"HF","green","DICER1",0.531538829392136
"HF","green","CAMLG",0.529259960859464
"HF","green","FUT8",0.529203896625395
"HF","green","ARB2A",0.528969611026208
"HF","green","HSPBAP1",0.528816652383589
"HF","green","SLX4IP",0.528327835402834
"HF","green","YWHAB",0.527022156457783
"HF","green","LIMS1",0.526973362722588
"HF","green","CGGBP1",0.526663361240988
"HF","green","FERMT2",0.525143367983637
"HF","green","SASS6",0.525109312896544
"HF","green","TENT2",0.52501151318825
"HF","green","SUMF1",0.524927015014275
"HF","green","KIAA1328",0.524253781202918
"HF","green","TBC1D15",0.523876743704413
"HF","green","BROX",0.523521945256548
"HF","green","HNRNPLL",0.523443927142106
"HF","green","BCL2L11",0.522409347722878
"HF","green","FBXO5",0.521499926794978
"HF","green","BAZ2B",0.520766272244045
"HF","green","ZNF273",0.520448312477015
"HF","green","ATP9B",0.51979623142296
"HF","green","ZNF292",0.519099401284898
"HF","green","SECISBP2",0.516798123862658
"HF","green","ZFAND2A",0.516638639245015
"HF","green","SF3A3",0.516279813288501
"HF","green","FUBP1",0.516275448849812
"HF","green","ABCA6",0.516273895375393
"HF","green","RBM39",0.516200865865477
"HF","green","N4BP2",0.515635176447014
"HF","green","ZFC3H1",0.51559245723331
"HF","green","RBM12",0.515413158968791
"HF","green","STARD5",0.51390503406179
"HF","green","CD2AP",0.511480843331558
"HF","green","POLR2H",0.510835455360392
"HF","green","SLC35D4",0.509280389556682
"HF","green","NPHP3",0.509231357653721
"HF","green","ABI1",0.50903745963766
"HF","green","TSPAN6",0.508231955142631
"HF","green","POC1B",0.507646476045081
"HF","green","ALG9",0.507105764440731
"HF","green","POC5",0.506929539194321
"HF","green","DERL2",0.506894318769951
"HF","green","GCLC",0.506594877727432
"HF","green","UGCG",0.505545064318697
"HF","green","SF3B1",0.505164167282959
"HF","green","ALMS1",0.505016775145509
"HF","green","AP3S1",0.504600269595466
"HF","green","ZNF37A",0.504164882411919
"HF","green","CCNYL1",0.503509910900954
"HF","green","ZFYVE26",0.503446830827086
"HF","green","RBM25",0.503086557573065
"HF","green","ZBTB24",0.502639410593291
"HF","green","SPIN3",0.50252360646027
"HF","green","ZNF140",0.501624047710086
"HF","green","ARPC2",0.501289675900708
"HF","green","LINS1",0.501020917166469
"HF","green","AGA",0.500213062735954
"HF","green","ZNF131",0.499194640728081
"HF","green","GDI2",0.498428234687719
"HF","green","RCBTB2",0.49784644205501
"HF","green","HAUS2",0.497019195405015
"HF","green","CPPED1",0.496121277441958
"HF","green","RNF169",0.495473311813852
"HF","green","ZNF22",0.495084666450147
"HF","green","TMEM62",0.493401271340217
"HF","green","UBE2Q1",0.493353902591464
"HF","green","MCMBP",0.492304051206442
"HF","green","UBL3",0.489670944919601
"HF","green","SMARCC1",0.47531012857192
"HF","green","TMEM123",0.474565884671232
"HF","green","GOLT1B",0.47417878018635
"HF","green","PNN",0.473461466802875
"HF","green","SLC11A2",0.470560070030927
"HF","green","TMEM18",0.46875136589084
"HF","green","TTC9C",0.465772248000325
"HF","green","NIPA2",0.464617109929529
"HF","green","CEP89",0.460103215023664
"HF","green","GMFB",0.459952068522785
"HF","green","GALNT1",0.458800686546419
"HF","green","TXLNG",0.456488353709452
"HF","green","PARD3B",0.455580905849388
"HF","green","PIGV",0.455045663684062
"HF","green","RBBP9",0.454917734122065
"HF","green","ARNT",0.453855008974378
"HF","green","RIOX2",0.452828696364863
"HF","green","MPZL2",0.452069169002642
"HF","green","SRP72",0.447682290976667
"HF","green","PAK1IP1",0.445562543952133
"HF","green","GALNT15",0.444877188326672
"HF","green","TET2",0.444088946939708
"HF","green","ATP10D",0.443925620347021
"HF","green","TPK1",0.440289144010157
"HF","green","PMS1",0.435892229946985
"HF","green","FAT4",0.434602619408887
"HF","green","TARBP1",0.434316152972275
"HF","green","C6orf120",0.433393416807713
"HF","green","ZNF782",0.431032404033166
"HF","green","AADAT",0.430049133366357
"HF","green","TMEM219",0.426506234075426
"HF","green","DNAJB14",0.425785003603218
"HF","green","LAPTM4A",0.424863941262173
"HF","green","SLC71A2",0.421725311552125
"HF","green","SRI",0.420125510390149
"HF","green","RBM6",0.420067278956225
"HF","green","PMP22",0.417942054692419
"HF","green","NEO1",0.416657744995716
"HF","green","APOL4",0.412875290100114
"HF","green","ALG8",0.412351800713612
"HF","green","PSMG2",0.412328138772606
"HF","green","CENPC",0.410007844078125
"HF","green","PPFIA1",0.408430606413275
"HF","green","MIS12",0.407062227580483
"HF","green","TMEM60",0.404878469908245
"HF","green","LUC7L3",0.404065923314029
"HF","green","VAMP1",0.401187277928041
"HF","green","IDI1",0.397327867620812
"HF","green","GPATCH11",0.392873959837286
"HF","green","SON",0.38409296883669
"HF","green","DAGLB",0.374927624475351
"HF","green","POFUT3",0.365311461676983
"HF","green","MCM5",0.363083404966825
"HF","green","ING4",0.357573446490915
"HF","green","CILK1",0.339032457925549
"HF","green","CYP51A1",0.338111139260533
"HF","green","ATF1",0.295243140810986
"HF","greenyellow","HUWE1",0.848266181532004
"HF","greenyellow","MTOR",0.84514370606331
"HF","greenyellow","RNF123",0.840392173966797
"HF","greenyellow","ARHGAP35",0.82247455909077
"HF","greenyellow","DYNC1H1",0.807363296373051
"HF","greenyellow","HERC2",0.805225818101547
"HF","greenyellow","LARP1",0.805198685001195
"HF","greenyellow","MYO18A",0.801450294536516
"HF","greenyellow","UBE3B",0.784009793967874
"HF","greenyellow","GTF3C1",0.765442975795343
"HF","greenyellow","MEGF8",0.764953417402106
"HF","greenyellow","ARHGEF17",0.752932975966782
"HF","greenyellow","UBR4",0.750675096927544
"HF","greenyellow","SMG5",0.750512718478611
"HF","greenyellow","SUPT6H",0.748768680962947
"HF","greenyellow","ATG9A",0.746054981356593
"HF","greenyellow","CHD4",0.736824636386007
"HF","greenyellow","PRPF8",0.73271370290811
"HF","greenyellow","ZER1",0.731908733657921
"HF","greenyellow","OBSL1",0.731382627002794
"HF","greenyellow","DYSF",0.730343788018583
"HF","greenyellow","BAG6",0.729742505623557
"HF","greenyellow","EIF4G1",0.728953334019033
"HF","greenyellow","SMG7",0.717079418704342
"HF","greenyellow","MAU2",0.714669843655538
"HF","greenyellow","ASB1",0.709103551121703
"HF","greenyellow","NCDN",0.706547373498332
"HF","greenyellow","USP5",0.705976703481391
"HF","greenyellow","TSC1",0.705556597181907
"HF","greenyellow","DCTN1",0.703160711143994
"HF","greenyellow","DDX24",0.702846453463107
"HF","greenyellow","ANKRD17",0.701850562983325
"HF","greenyellow","DPH1",0.700033787615629
"HF","greenyellow","CEP104",0.696120583728037
"HF","greenyellow","NSD2",0.694589826466226
"HF","greenyellow","PAF1",0.693741034024365
"HF","greenyellow","AREL1",0.692109611030809
"HF","greenyellow","TRAPPC9",0.691698919347416
"HF","greenyellow","PLEKHM2",0.690280130720313
"HF","greenyellow","DNAAF9",0.690170872718802
"HF","greenyellow","RGP1",0.68797998349706
"HF","greenyellow","R3HDM2",0.679108818970746
"HF","greenyellow","ABR",0.677579867465668
"HF","greenyellow","TSPYL1",0.676951270213536
"HF","greenyellow","DHX30",0.673460765157601
"HF","greenyellow","SEC24C",0.671383311809047
"HF","greenyellow","RANBP10",0.670976106147089
"HF","greenyellow","BABAM2",0.66647917765536
"HF","greenyellow","MMS19",0.666462810805031
"HF","greenyellow","PCIF1",0.665184209129711
"HF","greenyellow","NHSL1",0.659798993075633
"HF","greenyellow","PITRM1",0.656145149686073
"HF","greenyellow","CDC42BPB",0.656001322752929
"HF","greenyellow","GNL3L",0.65551568200237
"HF","greenyellow","PHF1",0.650276160433708
"HF","greenyellow","TNRC6B",0.648057521527682
"HF","greenyellow","POLR1A",0.647540950408407
"HF","greenyellow","TMEM8B",0.641781525552468
"HF","greenyellow","NFKBIB",0.639977910020486
"HF","greenyellow","CAMSAP1",0.638948156855187
"HF","greenyellow","DHX16",0.638943033138886
"HF","greenyellow","OSBPL2",0.638139243404138
"HF","greenyellow","SLC12A4",0.637175960635456
"HF","greenyellow","TMEM63B",0.634707500022423
"HF","greenyellow","VPS52",0.634118167327835
"HF","greenyellow","WNK1",0.631060738730479
"HF","greenyellow","UBE2O",0.630451771403564
"HF","greenyellow","RPS6KA2",0.630153170593657
"HF","greenyellow","VPS39",0.629900193929446
"HF","greenyellow","PRKDC",0.629691774441247
"HF","greenyellow","RNF214",0.623841549299889
"HF","greenyellow","DYRK1A",0.622820762874378
"HF","greenyellow","FOXK1",0.620568086801072
"HF","greenyellow","BCOR",0.618421798174895
"HF","greenyellow","PELP1",0.618013643329758
"HF","greenyellow","DIP2C",0.617872797690588
"HF","greenyellow","TNS1",0.61668199252873
"HF","greenyellow","TECPR2",0.616047218639228
"HF","greenyellow","TRPM4",0.613898679126501
"HF","greenyellow","RTL6",0.610829570984323
"HF","greenyellow","TEX2",0.610524910200414
"HF","greenyellow","LAMB2",0.610390345290564
"HF","greenyellow","LPIN3",0.609232039954889
"HF","greenyellow","CLCN6",0.609208285386822
"HF","greenyellow","LONP1",0.605280854609453
"HF","greenyellow","PGPEP1",0.603835861756105
"HF","greenyellow","DCLK2",0.601391683060397
"HF","greenyellow","ZNF544",0.601284998201391
"HF","greenyellow","MTG1",0.591227107654427
"HF","greenyellow","PLEC",0.590904701787329
"HF","greenyellow","ZNF8",0.590591029566208
"HF","greenyellow","CELSR1",0.587350461525277
"HF","greenyellow","MORC2",0.58715207705594
"HF","greenyellow","ZNF808",0.586751653781373
"HF","greenyellow","ACTMAP",0.584621589729572
"HF","greenyellow","CELF1",0.58403485964992
"HF","greenyellow","DCAF5",0.582432987392417
"HF","greenyellow","HDLBP",0.582066413300805
"HF","greenyellow","USP19",0.581453264346145
"HF","greenyellow","CBX4",0.57583476305251
"HF","greenyellow","SCYL1",0.575721113583598
"HF","greenyellow","DVL3",0.574461179370437
"HF","greenyellow","EPN1",0.573634457489618
"HF","greenyellow","TM9SF4",0.572750695721378
"HF","greenyellow","COG7",0.571369278013067
"HF","greenyellow","TAF3",0.570252449755751
"HF","greenyellow","FAM120A",0.567688263968326
"HF","greenyellow","CAMTA2",0.565671894980071
"HF","greenyellow","MED24",0.564756110588226
"HF","greenyellow","RBM10",0.563806966107693
"HF","greenyellow","SF3B3",0.562843318067942
"HF","greenyellow","KLHL18",0.559021508657526
"HF","greenyellow","AP3D1",0.558058484016823
"HF","greenyellow","NOP9",0.556473554061254
"HF","greenyellow","FAM222B",0.551046630789513
"HF","greenyellow","ZBTB4",0.54864515805768
"HF","greenyellow","LETM1",0.548102143525181
"HF","greenyellow","PKN1",0.547760550006066
"HF","greenyellow","SH2B1",0.546441357849077
"HF","greenyellow","KAT7",0.546098249970123
"HF","greenyellow","PRPF40B",0.537066563811192
"HF","greenyellow","UBA1",0.536001100455551
"HF","greenyellow","FGD1",0.532401580464458
"HF","greenyellow","DCAF7",0.532220657914228
"HF","greenyellow","MARCHF9",0.527926618595286
"HF","greenyellow","ZNF587",0.525761733998972
"HF","greenyellow","ZNF586",0.525671003633681
"HF","greenyellow","ACOX3",0.524584506507556
"HF","greenyellow","KLC1",0.524271610727056
"HF","greenyellow","ANKRD52",0.521066984912239
"HF","greenyellow","PKD1",0.51610909428757
"HF","greenyellow","SEPTIN4",0.515751191179511
"HF","greenyellow","TAF6",0.514583900299891
"HF","greenyellow","POLR3E",0.514200635988862
"HF","greenyellow","ZBTB46",0.513710818214169
"HF","greenyellow","CSNK1E",0.505305848410981
"HF","greenyellow","GPS1",0.502705014036073
"HF","greenyellow","FLOT1",0.502018843475256
"HF","greenyellow","MTA1",0.500184774307529
"HF","greenyellow","INPPL1",0.494364600581046
"HF","greenyellow","HDGFL2",0.493579962758192
"HF","greenyellow","PSMD3",0.49303909616471
"HF","greenyellow","SNX19",0.491843547251477
"HF","greenyellow","KIFC3",0.481419681350177
"HF","greenyellow","MAP2K5",0.471249019736912
"HF","greenyellow","CLEC16A",0.467142533651066
"HF","greenyellow","DENND2B",0.464490507842179
"HF","greenyellow","WBP11",0.458614689999998
"HF","greenyellow","ARHGAP23",0.449501808449084
"HF","greenyellow","TAFAZZIN",0.444850672230501
"HF","grey","PPP1R16A",0.665043363278149
"HF","grey","ZFTA",0.653514954841712
"HF","grey","UFSP1",0.638108006174187
"HF","grey","ACOT7",0.62863517793343
"HF","grey","ADM2",0.627220933138226
"HF","grey","PPP1R37",0.621557309698645
"HF","grey","TEDC2",0.615697943448011
"HF","grey","PTOV1",0.613236888445071
"HF","grey","SAC3D1",0.608073631837192
"HF","grey","FAM3A",0.601168453858661
"HF","grey","ZNF579",0.599933286212816
"HF","grey","LMNTD2",0.594857613231884
"HF","grey","SP5",0.59260021649023
"HF","grey","COL9A3",0.590761509863334
"HF","grey","CAPN15",0.590582910724292
"HF","grey","ZNF296",0.58947270912319
"HF","grey","SAMD1",0.589089979071046
"HF","grey","ATP6AP1-DT",0.584693000805238
"HF","grey","DEGS2",0.584542573611639
"HF","grey","FBRSL1",0.58425531800768
"HF","grey","COMTD1",0.58344174520799
"HF","grey","SNORC",0.582239878918827
"HF","grey","LYL1",0.580260154129114
"HF","grey","TP73",0.579519903133899
"HF","grey","HOMER3",0.57907234457844
"HF","grey","SHROOM1",0.579020428233092
"HF","grey","OSGIN1",0.578067009585096
"HF","grey","GADD45GIP1",0.574966175570699
"HF","grey","FKRP",0.572864663206091
"HF","grey","NPW",0.565601988507633
"HF","grey","PHETA1",0.563174687484733
"HF","grey","MPG",0.562742964928814
"HF","grey","HES4",0.561987358469261
"HF","grey","RFX1",0.559915604189145
"HF","grey","ZNF787",0.55936222930499
"HF","grey","HAGHL",0.558798988441435
"HF","grey","BCAS4",0.558610415676546
"HF","grey","CRB3",0.557070305873911
"HF","grey","ZFPM1",0.55549070642174
"HF","grey","MAMDC4",0.554883817706311
"HF","grey","EXOSC6",0.553714104542357
"HF","grey","LIME1",0.553165290660555
"HF","grey","CYSRT1",0.549085600930173
"HF","grey","ZIC2",0.548790075258331
"HF","grey","ZNF775",0.548534278135213
"HF","grey","ZNF205",0.54755147736086
"HF","grey","UBTD1",0.544418905259299
"HF","grey","IGFALS",0.543691900143361
"HF","grey","TRAF2",0.542111530060743
"HF","grey","INTS11",0.540191162773234
"HF","grey","LIMD2",0.539501736140747
"HF","grey","C8orf82",0.5388982042801
"HF","grey","CHST14",0.538370418279809
"HF","grey","BBLN",0.537837607675621
"HF","grey","ZNF653",0.537079041682768
"HF","grey","MAP3K10",0.536643898686524
"HF","grey","SPIRE2",0.534860914568522
"HF","grey","SPDYC",0.532542199517834
"HF","grey","TNFRSF4",0.532486804311027
"HF","grey","CTDNEP1",0.531669963841629
"HF","grey","PRR7",0.531369560240776
"HF","grey","MLST8",0.528323550100352
"HF","grey","PRPF38A",-0.527657925221824
"HF","grey","SCARF1",0.526829948205801
"HF","grey","MED16",0.526195203483386
"HF","grey","ABHD17A",0.526096374526278
"HF","grey","APOLD1",-0.523940362715709
"HF","grey","RTN4RL2",0.522532375915755
"HF","grey","C1QL1",0.521789825472179
"HF","grey","E4F1",0.52171672602307
"HF","grey","CBFA2T3",0.521444395408792
"HF","grey","STOML1",0.520749060027412
"HF","grey","FAM110D",0.520197331841095
"HF","grey","KDM4B",0.519954349608909
"HF","grey","NUDT22",0.519388074071297
"HF","grey","IGSF8",0.51859809152633
"HF","grey","TMEM200B",0.518568081375429
"HF","grey","RAVER1",0.516067016741182
"HF","grey","NAGS",0.51544804098126
"HF","grey","PRR22",0.515054723220319
"HF","grey","B4GALT2",0.514366368307962
"HF","grey","CDC37",0.513614054398096
"HF","grey","ZNF697",0.511539378429594
"HF","grey","CLDN23",0.509076398636995
"HF","grey","THAP4",0.508305176706627
"HF","grey","PRR14",0.508044098866877
"HF","grey","AJM1",0.506771692244564
"HF","grey","LRFN4",0.506161320973882
"HF","grey","MCRIP2",0.504336129864889
"HF","grey","TRABD",0.504066749249516
"HF","grey","HOXA13",0.502168885765548
"HF","grey","GAMT",0.501845641356794
"HF","grey","TP53I13",0.501388247437984
"HF","grey","NOXA1",0.50054769669906
"HF","grey","PDZK1IP1",0.500016553475171
"HF","grey","STUB1",0.499805565969918
"HF","grey","ZNF524",0.498921123129664
"HF","grey","MZT2B",0.496855143012493
"HF","grey","SSPOP",0.495562155907811
"HF","grey","HIP1R",0.493787776333849
"HF","grey","CTU1",0.491641566375418
"HF","grey","ZNF628",0.49056809032634
"HF","grey","EPPK1",0.490186257711632
"HF","grey","FAM222A",0.489626856727059
"HF","grey","COPRS",0.489207892351221
"HF","grey","TSEN54",0.488193569585273
"HF","grey","ZBTB34",0.487829216328989
"HF","grey","MAP2K2",0.486927331782804
"HF","grey","SCNN1D",0.485428868916454
"HF","grey","LRWD1",0.485284216634917
"HF","grey","SCRIB",0.485130905308599
"HF","grey","CCDC61",0.48496026315519
"HF","grey","RAB11FIP5",0.483819633034696
"HF","grey","PEX11G",0.483295751644898
"HF","grey","SAMD10",0.481614700345822
"HF","grey","TIGD5",0.477507433377972
"HF","grey","CEP170B",0.477418210222034
"HF","grey","PHLDA2",0.477320797624327
"HF","grey","DBNDD1",0.477062550798617
"HF","grey","GALK1",0.477054558303525
"HF","grey","PAK4",0.476847000572666
"HF","grey","INCA1",0.476186239101797
"HF","grey","CCDC22",0.476145546813742
"HF","grey","KANK3",0.476125188744466
"HF","grey","USF2",0.475769687426127
"HF","grey","CDR2L",0.475227438770149
"HF","grey","WDR24",0.473696634110612
"HF","grey","CHTF18",0.473581911015324
"HF","grey","UAP1L1",0.47316231603844
"HF","grey","SCX",0.472817281298625
"HF","grey","MAML1",0.472576714419125
"HF","grey","TCOF1",0.47248699886513
"HF","grey","IER5L",0.471003220928779
"HF","grey","VWA1",0.470303177178289
"HF","grey","NACC2",0.46969656168546
"HF","grey","RAB11FIP3",0.469043194340899
"HF","grey","THAP8",0.468999695600464
"HF","grey","SCAF1",0.468939810576189
"HF","grey","YJEFN3",0.468164898711247
"HF","grey","ZNF444",0.467389518998512
"HF","grey","SPINDOC",0.467162945712538
"HF","grey","ZNF513",0.46472248369098
"HF","grey","COL5A3",0.462943116585697
"HF","grey","ISOC2",0.462811499948929
"HF","grey","EIF3E",-0.461996076965183
"HF","grey","MADCAM1",0.461398696350591
"HF","grey","ABCA8",-0.461117167968994
"HF","grey","MAP1LC3A",0.460418702133721
"HF","grey","RABL6",0.457741550905694
"HF","grey","MYPOP",0.456964121915232
"HF","grey","HRAS",0.456882490747048
"HF","grey","ZNF506",-0.456673145964308
"HF","grey","SLC10A3",0.456253176153797
"HF","grey","RPL19",0.455834763532999
"HF","grey","PROSER3",0.454364904997375
"HF","grey","CLCF1",0.454278492451492
"HF","grey","MESP1",0.453426588613049
"HF","grey","VPS37D",0.452581041772814
"HF","grey","WIZ",0.451332667515013
"HF","grey","SOS1",-0.450063365736983
"HF","grey","VPS9D1",0.449562810666614
"HF","grey","STRN4",0.449289709150107
"HF","grey","RELT",0.448070975552028
"HF","grey","FIZ1",0.447849417700121
"HF","grey","SBF1",0.446561973879376
"HF","grey","CD7",0.446331999455301
"HF","grey","TBKBP1",0.4457579297168
"HF","grey","ZXDA",0.445665974861867
"HF","grey","WDR90",0.445247255259202
"HF","grey","PUF60",0.445132319407329
"HF","grey","NOVA2",0.444065852312793
"HF","grey","PITPNM1",0.442726476576043
"HF","grey","GZMM",0.442481146737749
"HF","grey","ZNF580",0.441756789449699
"HF","grey","NAA80",0.441326503379081
"HF","grey","SDCBP2",0.440597213193622
"HF","grey","ZC3H12D",0.440518197918812
"HF","grey","ZNF746",0.440455846936429
"HF","grey","METTL4",-0.439845443932627
"HF","grey","KMT5C",0.43916809083573
"HF","grey","COL26A1",0.439135776343119
"HF","grey","ASPG",0.438445287982351
"HF","grey","ZNF316",0.437891485107358
"HF","grey","SH2B2",0.437809179348383
"HF","grey","FLII",0.43626891322131
"HF","grey","IER5",0.436267917541995
"HF","grey","ARHGEF10L",0.435272564636126
"HF","grey","CCDC106",0.435255090573548
"HF","grey","ARID3A",0.433395521144861
"HF","grey","PYCR3",0.433224349829895
"HF","grey","RASSF7",0.431698937145201
"HF","grey","BTBD2",0.430956724659217
"HF","grey","FBXO2",0.430676489169817
"HF","grey","TOMM7",0.430613794793566
"HF","grey","NATD1",0.429945947993586
"HF","grey","TMEM52",0.429381597414152
"HF","grey","CLK1",-0.428891123316272
"HF","grey","NRTN",0.428399926312009
"HF","grey","YY1",0.428062548855074
"HF","grey","ZBTB22",0.42705106083101
"HF","grey","TNFRSF25",0.426734343628815
"HF","grey","ZNF414",0.426659445419053
"HF","grey","RHBDD3",0.426587507124566
"HF","grey","TRAF4",0.426267657539055
"HF","grey","ZNF446",0.426228598765615
"HF","grey","DDX5",-0.425786899031158
"HF","grey","MRPL36",0.425768595225831
"HF","grey","PIDD1",0.425586305773107
"HF","grey","ZDHHC6",-0.425220653432353
"HF","grey","LTC4S",0.424914765633358
"HF","grey","MYL9",0.42392364884329
"HF","grey","CHADL",0.423797864323814
"HF","grey","CLCN2",0.422266650918943
"HF","grey","PTAR1",-0.422219642256743
"HF","grey","TRIM65",0.421830928170705
"HF","grey","FBXO17",0.420825441825108
"HF","grey","KHDRBS1",-0.420466729215189
"HF","grey","LAD1",0.419840055462991
"HF","grey","ZNF598",0.419691587749016
"HF","grey","FAU",0.419350890786337
"HF","grey","SWSAP1",0.418483238773964
"HF","grey","DOT1L",0.417964383742289
"HF","grey","SNAPC2",0.417310983591645
"HF","grey","TPGS1",0.417106969784007
"HF","grey","PTGDR2",0.415662908269739
"HF","grey","MRPL23",0.414815546530483
"HF","grey","TRIM28",0.414643363612136
"HF","grey","PIAS1",-0.414607153622139
"HF","grey","ELK1",0.414174195522361
"HF","grey","GAS2L1",0.41373619610847
"HF","grey","ARMC6",0.413659312131826
"HF","grey","MTF1",-0.413184445104265
"HF","grey","CRTC1",0.413161305879721
"HF","grey","SELENOO",0.412689331400337
"HF","grey","BRD3",0.412610231555442
"HF","grey","LTB",0.412222996509551
"HF","grey","ZNF280D",-0.410521517120495
"HF","grey","PCSK4",0.410396922114701
"HF","grey","GIMAP7",-0.410149935868322
"HF","grey","ZGPAT",0.409652748537812
"HF","grey","NTHL1",0.408664424272646
"HF","grey","CPLX1",0.408529570151199
"HF","grey","TIA1",-0.408526347638093
"HF","grey","FKBP1B",0.40800494597101
"HF","grey","MAP1S",0.407589223719509
"HF","grey","FAM133B",-0.407033798142735
"HF","grey","DENND6B",0.406928025522424
"HF","grey","SF3A2",0.406352215460753
"HF","grey","RPS6KA4",0.405960479526301
"HF","grey","ZNF345",-0.404777086062761
"HF","grey","JMJD1C",-0.404467260296666
"HF","grey","KIAA2013",0.404149139169061
"HF","grey","SLC66A1",0.403832190773593
"HF","grey","JMJD4",0.403817840857229
"HF","grey","RGS14",0.40345168983259
"HF","grey","PEX16",0.403256621589313
"HF","grey","RAPSN",0.40305013781127
"HF","grey","CTU2",0.401764709018874
"HF","grey","PPP2R5B",0.401610305943861
"HF","grey","TOPORS",-0.401542912857762
"HF","grey","RTN2",0.401374557284266
"HF","grey","TBC1D10C",0.401283812637053
"HF","grey","GBP4",-0.401162412704439
"HF","grey","CYB561D1",0.401070318487679
"HF","grey","CHLSN",0.40036733999249
"HF","grey","B3GALT6",0.399396276724677
"HF","grey","VPS51",0.398830526609657
"HF","grey","DEF8",0.398312482323342
"HF","grey","MRPL55",0.397613502058818
"HF","grey","TUG1",-0.397563628935207
"HF","grey","TRMT2A",0.397554109028356
"HF","grey","NACC1",0.396344002775114
"HF","grey","PLCH2",0.396250311590727
"HF","grey","IRF7",0.395491299898698
"HF","grey","FUT1",0.394365363200609
"HF","grey","NCALD",-0.393494718952218
"HF","grey","TMEM132A",0.393093688795757
"HF","grey","MIR99AHG",-0.39243888153011
"HF","grey","SLC39A4",0.392388575829563
"HF","grey","FBXL18",0.390904778841545
"HF","grey","EID2",0.390757442611993
"HF","grey","CTDP1",0.390083006160979
"HF","grey","PAQR4",0.389634963150189
"HF","grey","BRICD5",0.388918094666806
"HF","grey","GIT1",0.38879287235829
"HF","grey","FOXP4",0.387730381398342
"HF","grey","DEAF1",0.387512663710897
"HF","grey","HIC1",0.387311779029263
"HF","grey","FRMD8",0.386279399964088
"HF","grey","VASP",0.385913408656976
"HF","grey","FOXO3",0.385895668729045
"HF","grey","NXT1",0.385574403786523
"HF","grey","IRAK1",0.385338576162818
"HF","grey","TBC1D17",0.384705809473045
"HF","grey","PPP6R1",0.384631744644902
"HF","grey","EXOC3L1",0.384598478080636
"HF","grey","RRP1",0.384513162584002
"HF","grey","AHDC1",0.383779312575989
"HF","grey","PHC3",-0.383639998881162
"HF","grey","ECD",-0.383532153739204
"HF","grey","CC2D1A",0.383298864458375
"HF","grey","AMMECR1L",-0.383208784932306
"HF","grey","WDR25",0.382763213769279
"HF","grey","PNISR",-0.382593742301992
"HF","grey","RNF166",0.38234595046255
"HF","grey","MROH6",0.382028511835501
"HF","grey","RBCK1",0.381796414580096
"HF","grey","ARL8A",0.381735883525554
"HF","grey","EME2",0.381648041833952
"HF","grey","MXD3",0.381018580723663
"HF","grey","ZNF207",-0.380966304683365
"HF","grey","CEP85L",-0.380479576651146
"HF","grey","TRAF7",0.37982350044763
"HF","grey","PRICKLE3",0.379567223668882
"HF","grey","EXD3",0.379276402885023
"HF","grey","TINF2",-0.378602002230433
"HF","grey","NUBP2",0.378222563101825
"HF","grey","RNF185",-0.377741710808706
"HF","grey","GIMAP4",-0.377121181345754
"HF","grey","RTN4R",0.376591988590988
"HF","grey","FAM110C",0.376141811512425
"HF","grey","PPWD1",-0.375578353996181
"HF","grey","R3HDM4",0.375332515595294
"HF","grey","MLH3",-0.374834319477565
"HF","grey","GPSM1",0.374791315266336
"HF","grey","PNKP",0.373338629471759
"HF","grey","ZDHHC8",0.373207745218927
"HF","grey","CARNS1",0.372828477921608
"HF","grey","STK11",0.371184188639549
"HF","grey","RAI1",0.370746256874088
"HF","grey","MLLT1",0.370441612664273
"HF","grey","ZBTB7A",0.370329881486285
"HF","grey","RFXANK",0.369743396182287
"HF","grey","CLPP",0.369703079868096
"HF","grey","ZNF836",-0.36907942592615
"HF","grey","NPDC1",0.368747685939276
"HF","grey","SLC2A6",0.368702304828104
"HF","grey","HMGA1",0.368007412655011
"HF","grey","TRIM62",0.3675837652815
"HF","grey","HMCN2",0.367392099815619
"HF","grey","NELFA",0.366669952679586
"HF","grey","INCENP",0.366465988515966
"HF","grey","SMIM29",0.365582632363127
"HF","grey","NCKAP5L",0.365502632401307
"HF","grey","BICRA",0.365457898991514
"HF","grey","SCAND1",0.365455810080114
"HF","grey","DAB2IP",0.365375307178919
"HF","grey","PAFAH1B3",0.365224317495652
"HF","grey","TARBP2",0.365201989435744
"HF","grey","CCDC85B",0.364738724658893
"HF","grey","SH3BP5L",0.362746992769933
"HF","grey","FAM241B",0.362716363649212
"HF","grey","ZBTB45",0.362658538427981
"HF","grey","MBD3",0.362571952926083
"HF","grey","RPS6KB2",0.36181467270749
"HF","grey","ZNF646",0.361464928379731
"HF","grey","TFEB",0.360351742288014
"HF","grey","C8orf58",0.359626151072575
"HF","grey","SWAP70",-0.359094151540011
"HF","grey","CD320",0.359002331303909
"HF","grey","ZNF213",0.35858416619863
"HF","grey","SCARF2",0.358581176152614
"HF","grey","HS6ST1",0.358507325287751
"HF","grey","HELZ2",0.358426008046019
"HF","grey","FLYWCH2",0.357595548656683
"HF","grey","CHERP",0.357018730862719
"HF","grey","METRN",0.35687388416671
"HF","grey","TMEM170A",-0.356524988504823
"HF","grey","NEURL3",0.356494880906419
"HF","grey","NCOA5",-0.356203615244595
"HF","grey","PACS2",0.356183655550109
"HF","grey","SPSB2",0.356088057680718
"HF","grey","PPP1R35",0.355891093110443
"HF","grey","DDTL",0.354937522268225
"HF","grey","ULK2",-0.354920279134193
"HF","grey","JOSD2",0.354423943449302
"HF","grey","BRD10",-0.354124686596121
"HF","grey","FOXK2",0.35402366506614
"HF","grey","TNFRSF18",0.353964872166234
"HF","grey","ATAD3A",0.353276367884592
"HF","grey","CCDC7",-0.353246021798498
"HF","grey","MED8",-0.353013205960321
"HF","grey","FHL3",0.35292020409668
"HF","grey","ZNF710",0.352601161591243
"HF","grey","ZC3H3",0.351545969243784
"HF","grey","KLHL9",-0.351319289845526
"HF","grey","LINC02716",0.350288010875015
"HF","grey","DLGAP4",0.350247782972061
"HF","grey","FBXO46",0.350195513243034
"HF","grey","KLF16",0.350050670019184
"HF","grey","INTS4",-0.349526750602259
"HF","grey","MELTF",0.349301280323619
"HF","grey","FIP1L1",-0.349289821837251
"HF","grey","ZMAT1",-0.34858324802714
"HF","grey","NDOR1",0.348580100530717
"HF","grey","SNX1",-0.348007850332757
"HF","grey","SIX5",0.347835441568401
"HF","grey","TMEM259",0.34775566443105
"HF","grey","PCP2",0.347745339501974
"HF","grey","TSPAN7",-0.347429723450164
"HF","grey","SIAH2",0.34693725645977
"HF","grey","TSEN34",0.346869068274559
"HF","grey","ZNF800",-0.346579436075167
"HF","grey","RNF44",0.346316326378509
"HF","grey","HAMP",0.345991699203598
"HF","grey","OSBPL7",0.345837096720468
"HF","grey","OXR1",-0.345343664190124
"HF","grey","ABHD8",0.345054243275961
"HF","grey","LRRC8B",-0.343848151219066
"HF","grey","TLNRD1",0.343732202006129
"HF","grey","TMEM42",0.343628881263485
"HF","grey","CDC42BPA",-0.343107634889826
"HF","grey","WTAP",-0.342976542538164
"HF","grey","BORCS8",0.342612944291805
"HF","grey","SPATA7",-0.342245988488494
"HF","grey","TMC6",0.342192410757708
"HF","grey","GTF3A",0.342184386820428
"HF","grey","DUSP9",0.341907956988879
"HF","grey","CCDC107",0.341285103482232
"HF","grey","ZNF689",0.341239183336552
"HF","grey","ZNF429",-0.340080899988564
"HF","grey","RTKN",0.340020034751635
"HF","grey","SETD1A",0.339373308994057
"HF","grey","BCL9L",0.339276537581408
"HF","grey","ZNF568",-0.339241250472644
"HF","grey","YPEL5",-0.339226357274974
"HF","grey","DNM2",0.338365538095016
"HF","grey","BATF3",0.338353060571776
"HF","grey","SHC2",0.338281110031545
"HF","grey","LRRC3",0.33802520541367
"HF","grey","COPE",0.336799540002684
"HF","grey","INTS5",0.336441959490314
"HF","grey","RSF1",-0.335707286435926
"HF","grey","FRAT2",0.335391201496605
"HF","grey","PAOX",0.335375099690624
"HF","grey","MAD1L1",0.334539990916277
"HF","grey","EFCC1",0.334359785254829
"HF","grey","LRRC61",0.333849571881573
"HF","grey","TMUB1",0.333392554282826
"HF","grey","SMARCB1",0.332929324239841
"HF","grey","RNF126",0.331422180624625
"HF","grey","BECN1",-0.331040312543261
"HF","grey","NUDT1",0.331002587939842
"HF","grey","RPL13AP5",-0.330981825559955
"HF","grey","SAXO4",0.330953031456524
"HF","grey","DDX27",-0.330418827581158
"HF","grey","TROAP",0.330349683084174
"HF","grey","DISP1",-0.329437474132293
"HF","grey","PPL",0.329106593123518
"HF","grey","TRMT112",-0.328935334611701
"HF","grey","TCF3",0.328803569366435
"HF","grey","TTC36",0.327832176737753
"HF","grey","FAAP20",0.327502944811749
"HF","grey","CACFD1",0.327395271754197
"HF","grey","FHIP2B",0.326716830840569
"HF","grey","WDR13",0.326190183444208
"HF","grey","PIAS4",0.326004483906695
"HF","grey","RTN3",-0.325829242632521
"HF","grey","HCN3",0.325330331982693
"HF","grey","VARS1",0.324912473562677
"HF","grey","USP37",-0.324657562800319
"HF","grey","CDK2AP2",0.32427732614645
"HF","grey","MANBAL",-0.324238146523184
"HF","grey","TRA2B",-0.323997292488479
"HF","grey","GNB4",-0.323961449204938
"HF","grey","CARD10",0.323757395830305
"HF","grey","TEPSIN",0.323560011259459
"HF","grey","AURKC",0.323327483369749
"HF","grey","HGS",0.323146497089028
"HF","grey","TMEM92",0.322660346116964
"HF","grey","METRNL",0.322634032950333
"HF","grey","SH3RF3",0.322458718234827
"HF","grey","MORC4",0.32230613206854
"HF","grey","FAM110A",0.322232993648389
"HF","grey","TRIAP1",0.321126171028742
"HF","grey","CENPB",0.321124691604882
"HF","grey","FBLIM1",0.320936762143664
"HF","grey","MPST",0.320463983823235
"HF","grey","GGACT",0.319683190428457
"HF","grey","PHF13",0.319438817600901
"HF","grey","ENKD1",0.319409259107552
"HF","grey","EDC4",0.319382868321411
"HF","grey","SAPCD1",0.319085354842307
"HF","grey","PTK2",-0.318915872986458
"HF","grey","RGS19",0.31890202296472
"HF","grey","POU5F1",0.318748099937881
"HF","grey","TYSND1",0.318396564610608
"HF","grey","FHIP2A",-0.317930660054214
"HF","grey","RO60",-0.317850064055393
"HF","grey","PPA1",-0.317684260949032
"HF","grey","NELFCD",-0.317452607469386
"HF","grey","RHOBTB3",-0.317296845314993
"HF","grey","RFNG",0.31675908139844
"HF","grey","MIGA2",0.316626809124644
"HF","grey","GPR35",0.316440132261158
"HF","grey","CASP2",-0.316077321318618
"HF","grey","CCDC102A",0.315914251465438
"HF","grey","FBXO6",0.315723591584811
"HF","grey","BAHCC1",0.31546902524736
"HF","grey","ASIC3",0.315340898488908
"HF","grey","MUS81",0.315273647063713
"HF","grey","WDFY2",-0.315095318424637
"HF","grey","CTBP1",0.314739666630207
"HF","grey","TSR3",0.314393594418991
"HF","grey","CENPBD2P",0.31431490414912
"HF","grey","MIIP",0.313819259254667
"HF","grey","NRN1",-0.313691396442033
"HF","grey","ZNF718",-0.313585529686864
"HF","grey","BAX",0.312861458843372
"HF","grey","HAUS5",0.312675552119342
"HF","grey","FBXL4",-0.312064770076503
"HF","grey","SLC2A4RG",0.311895976721735
"HF","grey","HSPB1",0.311535761772521
"HF","grey","POLR2J",0.310938029177576
"HF","grey","TEAD4",0.310180291944764
"HF","grey","KCTD17",0.310140870917397
"HF","grey","FURIN",0.309982494523631
"HF","grey","RRP1B",-0.309830203791654
"HF","grey","ICE2",-0.309201303472553
"HF","grey","IRF2BP1",0.307478091586193
"HF","grey","GOSR1",-0.307392315117596
"HF","grey","GIMAP6",-0.306706516008452
"HF","grey","STEAP2",-0.306156961833136
"HF","grey","PARP16",-0.306079036579276
"HF","grey","SMO",0.305913583785118
"HF","grey","PPP6R2",0.305664035331844
"HF","grey","ARCN1",-0.305600194325632
"HF","grey","KXD1",0.304773510027046
"HF","grey","HDDC3",0.304759075957557
"HF","grey","ZNF512B",0.304560308079708
"HF","grey","TSC22D4",0.304415184739861
"HF","grey","CENATAC",-0.303920588723396
"HF","grey","GPR137",0.303566966325953
"HF","grey","KLF2",0.303542256986815
"HF","grey","PLEKHH3",0.303108839153911
"HF","grey","SNX8",0.303048271109169
"HF","grey","DGKZ",0.302734207964937
"HF","grey","SOX18",0.302526876960579
"HF","grey","ELFN1",0.302334559912849
"HF","grey","TRIM11",0.302332535252251
"HF","grey","METTL26",0.301959910225829
"HF","grey","SOX7",0.301863631411032
"HF","grey","GPCPD1",-0.30109771453921
"HF","grey","ZNF324B",0.301093809444615
"HF","grey","PAWR",-0.300981740837018
"HF","grey","SIRT6",0.300848666179777
"HF","grey","DHX15",-0.300790357763574
"HF","grey","OGT",-0.30072515569174
"HF","grey","SLC25A22",0.300567926626014
"HF","grey","CLDND1",-0.300404157344905
"HF","grey","KCNMB3",-0.300275332086219
"HF","grey","UBXN6",0.300122634786264
"HF","grey","LYPLA2",0.29989994891893
"HF","grey","RNF215",0.299404426292221
"HF","grey","CALHM5",-0.29874160484712
"HF","grey","STMN3",0.298300579057654
"HF","grey","ZBTB17",0.297728876290495
"HF","grey","PDLIM2",0.29694904117755
"HF","grey","THEM6",0.296223888933605
"HF","grey","CDC42EP5",0.296067243651443
"HF","grey","SYMPK",0.296009777213436
"HF","grey","EIF2S3",-0.295983129720802
"HF","grey","MOSPD3",0.295600025370986
"HF","grey","ASB6",0.295495131187647
"HF","grey","PSIP1",-0.294866838424642
"HF","grey","MSX1",0.294217635914222
"HF","grey","TM4SF18",-0.293727947598262
"HF","grey","LRFN3",0.293289955424723
"HF","grey","E2F4",0.293115459582875
"HF","grey","TMEM11",0.292421600593085
"HF","grey","ZNF467",0.292401738637563
"HF","grey","ZNF354B",-0.292037674419298
"HF","grey","MPV17L",-0.291300817002437
"HF","grey","NUTF2",0.291204753788422
"HF","grey","SNX21",0.291002071754616
"HF","grey","FAAP100",0.290939060484052
"HF","grey","SELENON",0.290802498085712
"HF","grey","WASHC3",-0.290733627975363
"HF","grey","ASPSCR1",0.290241967890929
"HF","grey","PPHLN1",-0.289462808561664
"HF","grey","NBN",-0.289429157597693
"HF","grey","RBM42",0.28907933337283
"HF","grey","FBXO44",0.288916116601479
"HF","grey","MARK4",0.288407268672273
"HF","grey","AGER",0.287615865620896
"HF","grey","TNRC18",0.287400182746645
"HF","grey","DOHH",0.286938736945362
"HF","grey","KRABD4",-0.286879750990213
"HF","grey","CCND3",0.286608837347536
"HF","grey","ATAD3C",0.286479273422052
"HF","grey","ARMC10",-0.28631016605156
"HF","grey","PITPNB",-0.285747795761119
"HF","grey","CDKN1B",-0.285574268009969
"HF","grey","YDJC",0.285463545975755
"HF","grey","TPRA1",0.285246720888427
"HF","grey","UTP25",-0.284909466459648
"HF","grey","ZBTB7B",0.284863139723041
"HF","grey","REX1BD",0.284435729777762
"HF","grey","PLXNA1",0.284271849326996
"HF","grey","QTMAN",-0.284194248060222
"HF","grey","UNC119",0.283738198098952
"HF","grey","TBC1D24",0.283618507332439
"HF","grey","CREBRF",-0.283597319335649
"HF","grey","CCDC137",0.283317293031634
"HF","grey","KDM8",0.283239429829818
"HF","grey","MZF1",0.283207881054881
"HF","grey","MGRN1",0.283167406911838
"HF","grey","TRAPPC14",0.282823551104832
"HF","grey","FOXC1",0.282658196720322
"HF","grey","OSBPL1A",-0.282563125079584
"HF","grey","LGALS3BP",0.282554481647838
"HF","grey","ARL6IP4",0.282063810864189
"HF","grey","PDE12",-0.282050299076938
"HF","grey","EBF4",0.28202138473768
"HF","grey","MNT",0.281838573597173
"HF","grey","VEGFB",0.281404273154953
"HF","grey","PKN3",0.281016981630782
"HF","grey","CADPS2",-0.280819518761119
"HF","grey","NECAP1",-0.280683758380712
"HF","grey","DNAL4",0.280506190780461
"HF","grey","ENTREP3",0.280221901059787
"HF","grey","CHTF8",-0.28018632319588
"HF","grey","PIK3IP1",-0.279960657871551
"HF","grey","VASN",0.279594585728213
"HF","grey","ADRA2C",0.279398684891697
"HF","grey","AGAP3",0.279147242567702
"HF","grey","PYM1",0.279002780898997
"HF","grey","CARM1",0.278667864656387
"HF","grey","LZTS2",0.278407414500392
"HF","grey","CAPS",0.278366427859498
"HF","grey","NAPRT",0.278197801754985
"HF","grey","TRIM47",0.278142683673367
"HF","grey","YBX2",0.2780351380109
"HF","grey","ZNF562",-0.277835657980261
"HF","grey","SPHK2",0.277630133282964
"HF","grey","MIPOL1",-0.277480599924529
"HF","grey","MATCAP1",0.277340156415244
"HF","grey","ZKSCAN8",-0.277043497043509
"HF","grey","PGAP6",0.277037813109961
"HF","grey","H1-10",0.277000152448102
"HF","grey","ALKBH7",0.27682333911064
"HF","grey","ORAI1",0.276506719699837
"HF","grey","C2CD2L",0.276462422710417
"HF","grey","NUP35",-0.276091076690926
"HF","grey","SRSF8",-0.275870534209704
"HF","grey","TVP23C",-0.275768382777609
"HF","grey","ENOSF1",-0.275087671651572
"HF","grey","S1PR2",0.275085675985345
"HF","grey","EOLA1",0.274873273588746
"HF","grey","PDAP1",0.274224400335552
"HF","grey","ZNF362",0.274091852361654
"HF","grey","SYNPO",0.274021581446321
"HF","grey","ZNF747",0.273001089782205
"HF","grey","XYLT2",0.272953321701165
"HF","grey","ZNF69",-0.272904899951416
"HF","grey","ZNF282",0.27265082861436
"HF","grey","NRGN",0.272593611035848
"HF","grey","GLYCTK",0.272435168045365
"HF","grey","FLYWCH1",0.272299500974697
"HF","grey","ABCF1",0.27196528375205
"HF","grey","MTURN",-0.271093490882846
"HF","grey","PSMD10",-0.270929956104321
"HF","grey","SPG7",0.270906152958906
"HF","grey","SRSF2",-0.270899880786036
"HF","grey","TRIM33",-0.270579919920547
"HF","grey","SH3GLB2",0.270568113442401
"HF","grey","MVD",0.27024925761787
"HF","grey","SLC27A4",0.270028669619229
"HF","grey","TAF10",0.269727407018265
"HF","grey","PABIR1",-0.269600038177394
"HF","grey","PRELID2",-0.269501875879518
"HF","grey","PPDPF",0.269277038069255
"HF","grey","ALDH16A1",0.269120209235005
"HF","grey","RPL37",-0.268690670925225
"HF","grey","WBP1",0.268523449269571
"HF","grey","L3MBTL2",0.268468982383975
"HF","grey","SLC9A1",0.268462461139865
"HF","grey","RAB14",-0.268168361839467
"HF","grey","TOM1",0.26808801816599
"HF","grey","PNKD",0.267971072582816
"HF","grey","SNRNP70",0.267911987937478
"HF","grey","SSBP4",0.26779743489316
"HF","grey","BRI3",0.267323334216848
"HF","grey","LOC102723566",0.267203658164552
"HF","grey","TCFL5",-0.267171756857103
"HF","grey","ABHD17C",0.267141348683806
"HF","grey","SLC38A10",0.266935439193472
"HF","grey","FADS1",-0.266554671339192
"HF","grey","LRP3",0.266550540037467
"HF","grey","SCUBE1",0.266433943609559
"HF","grey","ZNF473",-0.266343672435345
"HF","grey","UFC1",-0.26616241265387
"HF","grey","PRTFDC1",-0.266009773506794
"HF","grey","DAGLA",0.265893432427468
"HF","grey","ANTKMT",0.265772576532041
"HF","grey","NAP1L1",-0.265316671119219
"HF","grey","POLR2E",0.264815013671468
"HF","grey","ROCK2",-0.264627750206233
"HF","grey","INPP1",-0.264499339309415
"HF","grey","ZBTB44",-0.264439697314205
"HF","grey","CEP350",-0.263878670101322
"HF","grey","YJU2B",0.26371147396889
"HF","grey","NEK3",-0.26342856171441
"HF","grey","PPP1R1A",0.263374872592946
"HF","grey","KAT2A",0.263351711226189
"HF","grey","FGD4",-0.263050752922466
"HF","grey","ZBTB26",-0.262909044735503
"HF","grey","ZNF227",-0.262781577933089
"HF","grey","CIAO1",0.262629428058227
"HF","grey","GPR88",0.262444827409723
"HF","grey","ZNF335",0.262381166516861
"HF","grey","ANAPC11",0.262112496145605
"HF","grey","PCP4L1",0.26147798614044
"HF","grey","EMC4",-0.261318564516348
"HF","grey","R3HCC1",0.26122426514109
"HF","grey","SURF2",0.26120290641746
"HF","grey","GMEB2",0.261148972729684
"HF","grey","MTSS1",-0.260890533228907
"HF","grey","CSRP2",0.260640175902651
"HF","grey","MICALL1",0.260335532684499
"HF","grey","ZNF341",0.260242312105015
"HF","grey","GNG11",-0.260198630157938
"HF","grey","FAM13B",-0.259844290100416
"HF","grey","PIM3",0.259775593703431
"HF","grey","SPOCK2",0.259650978888222
"HF","grey","GRWD1",0.258919995189513
"HF","grey","NAT14",0.258600360882566
"HF","grey","GANAB",-0.258250156716058
"HF","grey","ZSCAN21",-0.258202778993967
"HF","grey","ARFRP1",0.258199324651833
"HF","grey","CDK13",-0.25805480529148
"HF","grey","LIPT1",-0.257464875397265
"HF","grey","DCP1A",-0.257181750650437
"HF","grey","ZNF485",-0.257043713709767
"HF","grey","TLE2",0.256640282270572
"HF","grey","LSM7",0.256612086977993
"HF","grey","NT5DC2",0.256359198732231
"HF","grey","ZNF687",0.256279080711579
"HF","grey","GSK3A",0.255894264871812
"HF","grey","GPKOW",0.255449358981363
"HF","grey","CHST12",0.255206176052051
"HF","grey","CDKN1C",0.254980947572687
"HF","grey","ZNF692",0.254672548066087
"HF","grey","SAYSD1",0.254645704813996
"HF","grey","FKBP7",-0.254563649886965
"HF","grey","ZNF662",-0.254500746565485
"HF","grey","RPS6KA3",-0.254423381057052
"HF","grey","TIMM10B",-0.253930687078834
"HF","grey","SFXN2",-0.253762504646836
"HF","grey","EXOC3L2",0.253460515054266
"HF","grey","EXOC7",0.253073084936543
"HF","grey","SS18L1",0.252874590492966
"HF","grey","PDCD5",0.252362285856457
"HF","grey","UPF3A",0.252179258552568
"HF","grey","CCNK",-0.251601755571708
"HF","grey","ZNF100",-0.25142405381428
"HF","grey","CEP112",-0.251344223722553
"HF","grey","FIGN",-0.251090345168759
"HF","grey","MAGI2",-0.250956040642364
"HF","grey","RECQL",-0.250875656352751
"HF","grey","MRPS34",0.250825330968056
"HF","grey","RNPC3",-0.250816780682244
"HF","grey","ZDHHC12",0.250411303954604
"HF","grey","C9orf40",0.250032241101617
"HF","grey","NAB2",0.249756738776027
"HF","grey","CLDN15",0.249517373725801
"HF","grey","CSNK1D",0.249220592978662
"HF","grey","FAXDC2",-0.248550959189821
"HF","grey","PKD1L2",0.248310694115959
"HF","grey","THG1L",-0.248289877643947
"HF","grey","SNIP1",0.248230773076982
"HF","grey","P3H3",0.248213649944661
"HF","grey","SYNGR2",0.247664419560698
"HF","grey","FAM8A1",-0.247539743928945
"HF","grey","TMEM160",0.247201695698919
"HF","grey","CSK",0.247171021557513
"HF","grey","BACH1",-0.247066864947083
"HF","grey","TRIM27",-0.246869202116001
"HF","grey","PEX14",0.246657063847185
"HF","grey","SDCBP",-0.246231654288933
"HF","grey","KRABD5",-0.246184999660473
"HF","grey","TPT1",-0.245729218354462
"HF","grey","RSRC2",-0.245391395871534
"HF","grey","KITLG",-0.244971597566619
"HF","grey","ZSWIM9",0.244274123026203
"HF","grey","MROH1",0.244068908458977
"HF","grey","AXIN1",0.243778738719298
"HF","grey","C1orf35",0.24362127248461
"HF","grey","EIF2AK4",-0.243392107080281
"HF","grey","NCAPH2",0.243159327811626
"HF","grey","ZDHHC18",0.243143996356123
"HF","grey","TGOLN2",-0.243132190954585
"HF","grey","PIR",-0.24250205200436
"HF","grey","SRA1",0.242365894614959
"HF","grey","GEMIN8",-0.242260722187896
"HF","grey","TTC5",-0.242197427270583
"HF","grey","CDK8",-0.242044538233402
"HF","grey","TMTC1",-0.24200203147097
"HF","grey","DNAJB6",-0.241567264283838
"HF","grey","ANKRD11",0.241463786814091
"HF","grey","TAF9B",-0.240997232094795
"HF","grey","ZNF74",0.240948600255799
"HF","grey","PFDN1",0.240406229050066
"HF","grey","UBE2Z",-0.240264255479427
"HF","grey","BABAM1",0.240074424680455
"HF","grey","TMEM129",0.240051029399266
"HF","grey","RANGAP1",0.240011999322838
"HF","grey","ITGB3BP",-0.239983708660229
"HF","grey","ANAPC10",-0.239387065568129
"HF","grey","CEACAM19",0.239384946220886
"HF","grey","ZNF286A",-0.239379142209168
"HF","grey","HPS1",0.238939821884103
"HF","grey","MYO7A",0.238352956961369
"HF","grey","VSIG2",0.238285258834599
"HF","grey","WDR48",-0.23826558511116
"HF","grey","LAMTOR2",0.238155077977424
"HF","grey","POLR3H",0.237892108769667
"HF","grey","ABCC1",0.237687277817119
"HF","grey","PARS2",0.237679759755129
"HF","grey","HEXD",0.237534288281725
"HF","grey","AGFG2",0.237344513981046
"HF","grey","NFIL3",-0.237047755342964
"HF","grey","ZCCHC3",0.236862134957563
"HF","grey","PQBP1",0.236450011189366
"HF","grey","SART1",0.235880833093991
"HF","grey","DHDDS",-0.235724932658994
"HF","grey","OXLD1",0.235118966079861
"HF","grey","IQCN",0.234238995867137
"HF","grey","PTPN23",0.233779267244222
"HF","grey","FADS3",0.233318097438565
"HF","grey","TBCCD1",-0.233061929676915
"HF","grey","TBC1D20",-0.232851786882465
"HF","grey","C11orf58",0.232678708192639
"HF","grey","EDF1",0.232228290800843
"HF","grey","THUMPD3-AS1",-0.231685728161
"HF","grey","ZNF394",-0.231369649551761
"HF","grey","CACUL1",-0.231336799838745
"HF","grey","ADPRS",0.231289998874939
"HF","grey","D2HGDH",0.231215931280375
"HF","grey","SRM",0.231144342356234
"HF","grey","FBXO36",-0.231143165743428
"HF","grey","DCAF15",0.230842696706991
"HF","grey","PHYHD1",0.230801053783694
"HF","grey","PRDM15",0.230685299513925
"HF","grey","TIPIN",-0.230630111381961
"HF","grey","PNO1",-0.230515738534957
"HF","grey","MUC1",0.230199766715209
"HF","grey","NMT2",-0.230129442298678
"HF","grey","IMP4",0.230106024026643
"HF","grey","COL11A2",0.230073087734885
"HF","grey","CHCHD6",0.230003994345085
"HF","grey","CHMP6",0.229982096712204
"HF","grey","TNIP1",0.229962865124712
"HF","grey","RRP9",0.22982081127851
"HF","grey","H19",0.229681414395894
"HF","grey","FMO3",-0.228987909156212
"HF","grey","TEX264",0.228729693882405
"HF","grey","YWHAG",0.228626540214879
"HF","grey","ATG10",-0.228562658461328
"HF","grey","RALY",0.22855084157849
"HF","grey","GNE",-0.228172885710872
"HF","grey","GCHFR",0.227884776209006
"HF","grey","EPB41",-0.227802735418739
"HF","grey","KATNBL1",-0.227402818668451
"HF","grey","PHF20",-0.227224156826801
"HF","grey","ALDH3B1",0.227148706460868
"HF","grey","ADPRH",-0.22695091368381
"HF","grey","KBTBD6",0.226737950419451
"HF","grey","SLC25A29",0.226364798341096
"HF","grey","UNC13D",0.226361900072103
"HF","grey","SLC38A12",-0.225973331488499
"HF","grey","NFKBIL1",0.225141624882228
"HF","grey","TXNRD2",0.223919733160828
"HF","grey","NEURL4",0.223839873399994
"HF","grey","HMGB1",-0.223800155431121
"HF","grey","PARP10",0.223765792825846
"HF","grey","PLD6",0.22355579007511
"HF","grey","ABCC4",-0.223424150649966
"HF","grey","HMGB2",-0.223269028323827
"HF","grey","B4GALT7",0.223268366884583
"HF","grey","DRG2",0.223225855161647
"HF","grey","LMO2",0.223176263837295
"HF","grey","NOL12",0.222824064002027
"HF","grey","SDF4",0.222610090454685
"HF","grey","GDF15",0.221906081074371
"HF","grey","ADAP1",0.221570876647193
"HF","grey","LRRC51",-0.221551411287077
"HF","grey","ZNF319",0.221014338759457
"HF","grey","DNTTIP1",0.220820664560799
"HF","grey","ZNF865",0.220577177299353
"HF","grey","GAPDH",0.220385905035706
"HF","grey","NELFB",0.220305962965991
"HF","grey","LIFR",-0.220105034070834
"HF","grey","MIEN1",0.21987902089357
"HF","grey","DDX50",-0.219698039500856
"HF","grey","PHC2",0.219626668099025
"HF","grey","CCDC40",0.219502329377338
"HF","grey","LRRC8C",-0.218816883588182
"HF","grey","NHERF1",0.21866629790315
"HF","grey","PNRC1",-0.218381462408457
"HF","grey","YES1",-0.218364452010546
"HF","grey","ETV3",-0.218195399508438
"HF","grey","TIGD1",-0.217732363111763
"HF","grey","TP53I11",0.217465384589578
"HF","grey","RNF144A",-0.217293424900031
"HF","grey","SLC15A4",-0.21700833332027
"HF","grey","ADRA2B",0.216770853909294
"HF","grey","SLC19A1",0.216654996990601
"HF","grey","DUT",-0.216587373452421
"HF","grey","CCNQ",0.216297987958157
"HF","grey","TEC",-0.216241335747657
"HF","grey","PPP1R15A",0.216214948923449
"HF","grey","MFHAS1",0.216202554698826
"HF","grey","RBM4B",-0.215817484268702
"HF","grey","KDM2B",-0.215710131414136
"HF","grey","TRAPPC6A",0.215474104997447
"HF","grey","PAX8-AS1",-0.215109055378675
"HF","grey","FAM168A",0.215053092723589
"HF","grey","IRF2BPL",0.214900977552907
"HF","grey","NAMPT",-0.214800346409507
"HF","grey","PMS2CL",-0.214354619588859
"HF","grey","POU6F1",0.214271069799144
"HF","grey","BTBD3",-0.213774388852046
"HF","grey","CDK14",-0.21330912536995
"HF","grey","WDR18",0.213297944441416
"HF","grey","PNPLA2",0.21292445265243
"HF","grey","TFAP4",0.212622301716548
"HF","grey","GPIHBP1",0.212281971188859
"HF","grey","TMEM25",0.212007606865419
"HF","grey","DDX31",-0.211759121004066
"HF","grey","LZTS1",0.211329723487674
"HF","grey","AJUBA",0.210814800769895
"HF","grey","CYP4V2",-0.210732855954305
"HF","grey","LRRC1",-0.210551975712151
"HF","grey","FAM50A",0.210244180872276
"HF","grey","ANO8",0.210187075264071
"HF","grey","PBX1",-0.210108798918427
"HF","grey","DHX34",0.209914323673748
"HF","grey","FGFRL1",0.209876135959008
"HF","grey","CA11",0.209451330419968
"HF","grey","MAP4K2",0.208815492665131
"HF","grey","LRRC8D",-0.208754538275367
"HF","grey","ITM2C",0.208523860916051
"HF","grey","FZD5",-0.208428556461836
"HF","grey","CAPN1",0.208332639365837
"HF","grey","ACOT13",0.208224201697503
"HF","grey","DENND4B",0.208215114613858
"HF","grey","NPEPL1",0.207914643888578
"HF","grey","TMEM115",0.207885102105447
"HF","grey","MAPKAPK5",-0.207732775977272
"HF","grey","CYP2R1",-0.207488467297919
"HF","grey","C14orf119",-0.207292221983633
"HF","grey","FPGS",0.206942795759605
"HF","grey","CYB5R3",0.206880161612458
"HF","grey","ZNF219",0.206752166990418
"HF","grey","NDUFAF2",0.206675656771322
"HF","grey","ZNF81",-0.206565177405206
"HF","grey","RBM3",-0.206473883954402
"HF","grey","FBRS",0.206220947517805
"HF","grey","TUBB",-0.206184504598267
"HF","grey","RYK",-0.205939102714063
"HF","grey","MVB12A",0.205885424474221
"HF","grey","CNTNAP3B",-0.205769602376803
"HF","grey","TRIM35",0.205555795791553
"HF","grey","MMP11",0.205507707706654
"HF","grey","ENTPD2",0.205122726135872
"HF","grey","AVPI1",-0.204805044088722
"HF","grey","TMEM220",-0.204501086641611
"HF","grey","USB1",0.20443244859661
"HF","grey","KMT5A",0.204312975677206
"HF","grey","BMP2K",-0.204224032549365
"HF","grey","OXER1",0.203995264526718
"HF","grey","PITPNM2",0.203741825580013
"HF","grey","TICAM1",0.203735198076728
"HF","grey","MBNL2",0.202952371743718
"HF","grey","ODC1",0.202945765918424
"HF","grey","ATP6V1F",0.202716861291321
"HF","grey","PPP1R2",0.2025309702604
"HF","grey","NRL",0.202457703439215
"HF","grey","KCTD15",0.202242092724355
"HF","grey","MYL12B",-0.202183965258486
"HF","grey","PLA2G15",0.201583992643242
"HF","grey","UBB",0.201231427916931
"HF","grey","LDLRAP1",0.201188985912851
"HF","grey","TXNIP",-0.201163574691269
"HF","grey","TRIOBP",0.201162027739289
"HF","grey","LINC02983",0.200933456120155
"HF","grey","HMBOX1",-0.200682549209823
"HF","grey","ZDHHC24",0.20067356486149
"HF","grey","SGSM2",0.200604564624076
"HF","grey","TRMT44",-0.200169417843455
"HF","grey","RBM22",-0.200039381066447
"HF","grey","ENPEP",-0.199217861492988
"HF","grey","ELMO2",-0.198788547130225
"HF","grey","ANKRD27",0.198385395871949
"HF","grey","TM7SF2",0.198310697362522
"HF","grey","RCOR1",-0.198048843279307
"HF","grey","RAPGEF4",0.197827888015838
"HF","grey","ZBED3",0.197634529275446
"HF","grey","DAZAP1",0.197631231598075
"HF","grey","ZNF783",0.197449419090573
"HF","grey","SLC52A2",0.197252618306161
"HF","grey","SEM1",-0.197184505210612
"HF","grey","ASAP3",0.197057677764315
"HF","grey","POLD4",0.196637567603128
"HF","grey","WASHC2C",-0.196551687772746
"HF","grey","BLVRB",0.196472457845056
"HF","grey","NUDT14",0.196453066660868
"HF","grey","ANKMY1",0.196321243979275
"HF","grey","SF3B4",0.196073503511145
"HF","grey","SLC7A5",0.195931066507385
"HF","grey","ZNF71",0.195081107134113
"HF","grey","NMT1",-0.194949516979345
"HF","grey","GPR137B",-0.19450739726948
"HF","grey","BID",0.194335918543945
"HF","grey","MPND",0.194196386949051
"HF","grey","ZNF264",-0.194147950783508
"HF","grey","NELFE",-0.194103372348645
"HF","grey","ULK4",-0.193975885860998
"HF","grey","SUGP1",0.193740886027157
"HF","grey","RBBP4",-0.193634213854504
"HF","grey","VPS37C",0.193240501412815
"HF","grey","SAP30",0.192899013519284
"HF","grey","PSMB3",0.192835127343072
"HF","grey","FRS3",0.192629048819556
"HF","grey","CCDC17",0.192321921646718
"HF","grey","SIGIRR",0.191820178667444
"HF","grey","ADAMTSL2",0.191685939825201
"HF","grey","MUC20",0.191635678065441
"HF","grey","TBL1X",-0.19154038106022
"HF","grey","NUDT17",0.19144769130629
"HF","grey","ZNF329",-0.191117480926905
"HF","grey","PLAAT3",-0.190832228361648
"HF","grey","SERINC2",0.190559659251434
"HF","grey","DAZAP2",-0.190522385006002
"HF","grey","GNPTAB",-0.190328321885272
"HF","grey","FAM86DP",0.19032193680307
"HF","grey","ZC3H10",0.190292189178923
"HF","grey","RAB9A",-0.190013149756845
"HF","grey","MFSD6",-0.189954344047245
"HF","grey","EEF2KMT",0.189879481517656
"HF","grey","WARS1",-0.189658299355492
"HF","grey","CYB5D2",-0.189484440130729
"HF","grey","CHMP1A",0.189292804329661
"HF","grey","RNASEH2C",0.1889606479381
"HF","grey","NSMCE3",0.188458875701365
"HF","grey","GATAD1",-0.188168087720171
"HF","grey","NCK2",-0.188021749798489
"HF","grey","S100A13",0.187992912856882
"HF","grey","RSL24D1",-0.187929962041281
"HF","grey","LLGL1",0.187621265197697
"HF","grey","ZNF436",-0.187458237279447
"HF","grey","WNT11",0.187444127846948
"HF","grey","ESD",-0.187048185226221
"HF","grey","LRMDA",-0.186977144824089
"HF","grey","PPP2R5D",0.186951435885127
"HF","grey","LRCH1",-0.186793411807698
"HF","grey","TIMM13",0.186531491412997
"HF","grey","LIX1L",-0.186469894283672
"HF","grey","HDAC10",0.186414060872391
"HF","grey","REXO1",0.186173469408259
"HF","grey","ALAD",0.185896617511925
"HF","grey","PTRHD1",0.18574076362197
"HF","grey","CYP2U1",-0.185229463924956
"HF","grey","ZDHHC11",0.185111418558316
"HF","grey","ZBTB42",0.184743440025752
"HF","grey","SNRPE",-0.184439158567314
"HF","grey","HIRA",0.18435802817046
"HF","grey","ABCC9",-0.184043098255889
"HF","grey","IFI27L2",0.18403582681147
"HF","grey","EEIG1",0.183972198973871
"HF","grey","TAB3",-0.183866324783162
"HF","grey","GPR4",0.18383929358675
"HF","grey","RNF6",-0.183432840590356
"HF","grey","OCLN",-0.183382704658326
"HF","grey","STK25",0.183263051170741
"HF","grey","CCM2",-0.182616147812428
"HF","grey","PDE4A",0.182486683023811
"HF","grey","VEGFD",-0.182485550855682
"HF","grey","HNRNPL",0.182415955925443
"HF","grey","WWOX",-0.182070587209386
"HF","grey","POR",0.181914826201361
"HF","grey","GGA1",0.181407476824554
"HF","grey","VPS18",0.181391039833896
"HF","grey","BAP1",0.181327598096514
"HF","grey","ADIPOR1",-0.180572504219778
"HF","grey","ZNF597",-0.180551798872431
"HF","grey","MRPL43",-0.179801964074235
"HF","grey","HSF4",0.179782019913798
"HF","grey","NOC4L",0.179708931362869
"HF","grey","GAA",0.179496690396219
"HF","grey","CCDC134",0.17945256189126
"HF","grey","USP12",-0.178952013822012
"HF","grey","YJU2",0.178254804570245
"HF","grey","KPNB1",0.178229422827532
"HF","grey","TCTN1",-0.177837807813562
"HF","grey","E2F8",0.177723209646544
"HF","grey","C6",-0.175568281714865
"HF","grey","SESN1",-0.175531950552651
"HF","grey","ADRA1A",-0.175350848330526
"HF","grey","SNN",0.175053860828732
"HF","grey","SLC49A3",0.175052804233605
"HF","grey","CNST",-0.174815642027277
"HF","grey","FAM161B",-0.17463559116879
"HF","grey","TRMT1",-0.174253607040161
"HF","grey","MXD4",0.174183943504909
"HF","grey","SLX4",0.172684794241497
"HF","grey","EFEMP2",0.172585506220327
"HF","grey","SPRTN",-0.172382572826458
"HF","grey","HAUS6",-0.172342870074191
"HF","grey","GNAS",0.172243117584603
"HF","grey","RIN2",-0.171696639089845
"HF","grey","SLC44A3",-0.171679762569313
"HF","grey","COX20",-0.171607285765838
"HF","grey","CDK9",0.171512483952622
"HF","grey","ZFYVE27",0.171493862152825
"HF","grey","CPN2",0.171341508011525
"HF","grey","ACP6",-0.171328186934768
"HF","grey","TBXA2R",0.171245936765655
"HF","grey","KCNN3",0.1711729756349
"HF","grey","LRRC27",0.171035629427977
"HF","grey","PGAP1",-0.17099908715318
"HF","grey","HIC2",0.170876280187925
"HF","grey","RABGEF1",-0.170676028703722
"HF","grey","NFIC",0.170487250695031
"HF","grey","MIER2",0.170438077800516
"HF","grey","CENPT",0.170263894030742
"HF","grey","THSD1",-0.16992270903314
"HF","grey","ZNF317",-0.169625214736031
"HF","grey","RFX2",0.169495128886765
"HF","grey","MKNK2",0.168974325849076
"HF","grey","S100A16",-0.168894841580473
"HF","grey","SHPK",0.168832551004736
"HF","grey","RGS3",0.168662787639507
"HF","grey","TUBB2A",0.168495224055436
"HF","grey","NABP2",-0.168396608088925
"HF","grey","GPAT2",0.168070048423711
"HF","grey","RPS26",0.16807004626167
"HF","grey","GTF2F2",-0.167797627190563
"HF","grey","HEBP2",-0.167591564652817
"HF","grey","ZNRF1",0.167518021229329
"HF","grey","DNPEP",0.167103676162733
"HF","grey","SGSM3",0.166972813019985
"HF","grey","NIPSNAP3A",-0.166872035332434
"HF","grey","KCTD1",0.166808887343088
"HF","grey","ABHD4",-0.166699329575793
"HF","grey","NME6",0.166486276159404
"HF","grey","LSM2",-0.166357427776243
"HF","grey","NAA10",0.165493750244504
"HF","grey","CAV1",-0.165451575826526
"HF","grey","CLK2",-0.165142118895916
"HF","grey","GGTA1",-0.16509485837306
"HF","grey","A4GALT",0.164827924290757
"HF","grey","PELI3",0.164697679314511
"HF","grey","TMEM86A",-0.164688065713125
"HF","grey","PEX6",0.164347129710853
"HF","grey","CACTIN",0.164162688096189
"HF","grey","NSA2",-0.163721051180462
"HF","grey","IQCE",0.163471167610503
"HF","grey","PRDX6",-0.163417634621753
"HF","grey","TUBG2",-0.163339835317669
"HF","grey","RAB13",0.163078713688276
"HF","grey","NRP1",-0.162955442140667
"HF","grey","RAD9A",0.162471292052335
"HF","grey","FKBP2",0.162469471581908
"HF","grey","SH2B3",0.162283201177784
"HF","grey","RFFL",-0.162269279608486
"HF","grey","METTL22",0.162040526370003
"HF","grey","ACY1",0.161963838417505
"HF","grey","FAM241A",-0.161756551150781
"HF","grey","CCDC126",-0.161730655002621
"HF","grey","POLN",-0.16170305636866
"HF","grey","CNDP2",-0.161592924302095
"HF","grey","GSTM3",0.161586951452495
"HF","grey","PURB",-0.161385496103301
"HF","grey","SEMA4B",0.161306384033566
"HF","grey","TSHZ1",-0.16126545762255
"HF","grey","FEZ1",-0.161025978843526
"HF","grey","INO80C",-0.16098898895129
"HF","grey","TLCD2",0.160977451626094
"HF","grey","NCLN",0.16077818056948
"HF","grey","ITPA",-0.160525143529838
"HF","grey","TRIM26",-0.160205146132541
"HF","grey","ATMIN",0.160193757062521
"HF","grey","ARLN",-0.160174028687837
"HF","grey","DOLK",0.160092782140724
"HF","grey","GTPBP3",0.160079215168631
"HF","grey","H6PD",-0.160037403068207
"HF","grey","DIXDC1",-0.159666024015803
"HF","grey","VRK3",0.159636998668377
"HF","grey","PER3",-0.159476994202038
"HF","grey","DNAJA1",-0.159212072197493
"HF","grey","FAM234B",-0.159149195055803
"HF","grey","MTCL1",0.159131348362843
"HF","grey","RPH3AL",0.158988826014154
"HF","grey","IRS1",0.158952392562824
"HF","grey","EIF2B4",0.158706764683165
"HF","grey","ITPK1",0.15848738236117
"HF","grey","COMMD4",0.158387612614274
"HF","grey","AVIL",-0.158222755853381
"HF","grey","TUSC1",0.158121446023909
"HF","grey","BPHL",-0.158082612727306
"HF","grey","JAGN1",0.158009142023611
"HF","grey","DDOST",0.157927955649558
"HF","grey","PABIR3",-0.157656663255148
"HF","grey","PHF10",-0.157632686674994
"HF","grey","DUS3L",0.157604316459424
"HF","grey","RNASEH2A",0.157527555062779
"HF","grey","MRPL3",0.157451018000393
"HF","grey","GYPC",0.157351170944032
"HF","grey","MAPKAPK5-AS1",-0.157181224047452
"HF","grey","MTHFD1L",-0.157054890279424
"HF","grey","ACO1",-0.157021598924717
"HF","grey","SMC1A",-0.156998962244868
"HF","grey","INO80E",0.156734977575357
"HF","grey","PHACTR4",-0.156636456421688
"HF","grey","POLR1G",0.156623738987954
"HF","grey","YY1AP1",-0.156464988745734
"HF","grey","CPSF1",0.156458364102714
"HF","grey","SLC22A5",0.156434863785051
"HF","grey","DAD1",-0.156303801470864
"HF","grey","POLE3",-0.156131527643037
"HF","grey","ETHE1",0.15596641329621
"HF","grey","CTDSPL",-0.155949023367482
"HF","grey","NETO2",-0.155895004400548
"HF","grey","RASSF4",0.155868831972367
"HF","grey","RNF38",-0.155856643582868
"HF","grey","DPM3",0.155846182689163
"HF","grey","PIK3R1",-0.155773467433981
"HF","grey","ZNF318",0.155628020068227
"HF","grey","MPV17",-0.155080045019332
"HF","grey","CEP68",-0.155079145035476
"HF","grey","TMEM178A",0.154986560511313
"HF","grey","SETD6",0.154796726441937
"HF","grey","HDAC4",0.154747715073754
"HF","grey","TFPT",0.1540877270474
"HF","grey","COA4",0.153803288247922
"HF","grey","ARSB",-0.153538048427922
"HF","grey","JADE2",-0.153327044218267
"HF","grey","ZFYVE19",0.153043106893755
"HF","grey","PDE7B",-0.152691652248234
"HF","grey","EHD1",0.152676602311526
"HF","grey","B3GALT4",0.152582673552491
"HF","grey","TIFA",-0.151862308511863
"HF","grey","ARF1",0.151805994093806
"HF","grey","NR1D1",-0.151532933737826
"HF","grey","CCDC88C",0.151377297324269
"HF","grey","RXRB",0.151302791852253
"HF","grey","HLX",0.151140019127772
"HF","grey","AMER1",-0.150940181050036
"HF","grey","AP3M2",-0.150895123102831
"HF","grey","ZSCAN25",0.150843765954865
"HF","grey","SGF29",0.150697139285749
"HF","grey","FOXN3",-0.15061934541391
"HF","grey","SCAMP5",0.150608429600651
"HF","grey","JARID2",-0.150583731765539
"HF","grey","LSR",0.150573986886982
"HF","grey","EFNA1",0.150155227816961
"HF","grey","SLC67A1",0.14998110398685
"HF","grey","ZRSR2",-0.149884757580939
"HF","grey","C2orf68",0.14969734226053
"HF","grey","RRAD",0.149464360183322
"HF","grey","CCDC121",0.149345800111195
"HF","grey","B4GALT3",0.149148545378971
"HF","grey","NAV3",-0.149052908995181
"HF","grey","AAR2",-0.148945865478409
"HF","grey","AIMP1",-0.148933996398455
"HF","grey","PRXL2A",-0.148651127997992
"HF","grey","MSANTD3",0.14856932337702
"HF","grey","SYS1",-0.148512779547717
"HF","grey","NOB1",-0.148487591443917
"HF","grey","PLOD3",0.148449683786015
"HF","grey","IFI27L1",0.148364752399986
"HF","grey","WIPI2",-0.148297005740113
"HF","grey","C14orf93",-0.148239911214742
"HF","grey","QTRT1",0.148151957021087
"HF","grey","ABCD1",0.148106014819412
"HF","grey","SLC26A6",0.147498488557894
"HF","grey","B9D1",0.146786798696004
"HF","grey","ARHGAP27",0.146744564822677
"HF","grey","SORCS2",0.146591067858234
"HF","grey","C1orf216",0.146310786850114
"HF","grey","CDC42EP2",0.145727563351805
"HF","grey","NAA60",0.145595054614135
"HF","grey","DHRS12",-0.145587308617738
"HF","grey","TBX3",-0.145550963630004
"HF","grey","CALR",-0.145374101172731
"HF","grey","H1-0",-0.145292974280883
"HF","grey","PODXL",0.145051905689674
"HF","grey","LINC01011",-0.144982906285695
"HF","grey","FBXO31",0.144898580401794
"HF","grey","AK2",-0.144704451252005
"HF","grey","THTPA",-0.144364509161459
"HF","grey","GNB5",-0.144258308569577
"HF","grey","SIVA1",0.144166078544938
"HF","grey","ARRDC1",0.14412627546553
"HF","grey","SSBP2",-0.143973864488646
"HF","grey","MGMT",-0.143864560968392
"HF","grey","CERT1",-0.143195166815698
"HF","grey","STPG1",-0.143082699687572
"HF","grey","IRF2BP2",0.142550876707841
"HF","grey","SSUH2",0.142417781488215
"HF","grey","TDRD10",-0.142162283772025
"HF","grey","EIF4EBP2",-0.14177130721804
"HF","grey","SLC39A3",0.141611961681594
"HF","grey","LEPROTL1",0.141423410631019
"HF","grey","HSPA7",0.14136633018401
"HF","grey","LOXL4",0.141338952062281
"HF","grey","C1orf74",-0.141262814634504
"HF","grey","ZNF202",-0.141143072901352
"HF","grey","UPF1",0.141014776762214
"HF","grey","GUCY1A1",-0.14097038267811
"HF","grey","PGAP3",0.140688728104581
"HF","grey","GSDME",-0.140194432764877
"HF","grey","CENPA",0.140045073062688
"HF","grey","NME4",0.140039825573151
"HF","grey","SWI5",-0.139811781413827
"HF","grey","KCNAB2",0.13971025857394
"HF","grey","RAB20",0.139657685126131
"HF","grey","OSER1",-0.139360643481926
"HF","grey","TUBB6",0.139257930768113
"HF","grey","CCNJ",-0.139220409472097
"HF","grey","SAMD8",-0.139123112731873
"HF","grey","STX3",-0.13901719904853
"HF","grey","PPP1R11",0.138946127089624
"HF","grey","AGO4",-0.13855865042314
"HF","grey","RPAIN",-0.138314948952927
"HF","grey","REEP6",0.138214476078547
"HF","grey","ABHD16A",0.138116666829744
"HF","grey","MTCH1",0.137953016432159
"HF","grey","CANX",-0.137872695630361
"HF","grey","CTIF",0.137643312176402
"HF","grey","SRSF9",-0.137492755739874
"HF","grey","DHRS4L2",-0.137457058782656
"HF","grey","PLEKHM3",-0.137371541531831
"HF","grey","AP1S1",-0.137207489528842
"HF","grey","PIK3R3",-0.136921792908762
"HF","grey","MAT2A",-0.136751947027883
"HF","grey","JMJD8",0.136691870870669
"HF","grey","MXI1",0.136669430996027
"HF","grey","CDK4",0.136580674620858
"HF","grey","PI4KB",0.136517908056252
"HF","grey","RUNDC1",-0.136514144588903
"HF","grey","RGMB",0.136508296775224
"HF","grey","SPTLC3",-0.136427963995918
"HF","grey","CPSF4",-0.135875858109873
"HF","grey","ZNF487",-0.135791971524857
"HF","grey","MCC",-0.135543419282324
"HF","grey","BAMBI",-0.135138106544509
"HF","grey","AACS",-0.135038632266371
"HF","grey","RRN3",-0.134801288761802
"HF","grey","LIN37",0.134738991660852
"HF","grey","CHMP5",-0.134493338617956
"HF","grey","CIAO3",0.134402195197409
"HF","grey","RNF40",0.134390181325356
"HF","grey","ANKRD54",0.134326748032111
"HF","grey","LAMTOR4",0.134247470815481
"HF","grey","RABEPK",-0.134159763483911
"HF","grey","PRXL2B",0.133441180830119
"HF","grey","NEU1",0.133331463808612
"HF","grey","WDR55",-0.1332887456337
"HF","grey","TMEM97",-0.13273586348872
"HF","grey","ZSWIM5",0.132658381424684
"HF","grey","STXBP1",-0.13228991006519
"HF","grey","FCF1",-0.132028724938722
"HF","grey","SPATA20",0.1320163175038
"HF","grey","CCSAP",-0.131821500502759
"HF","grey","DHRS7B",0.131707603481489
"HF","grey","AP4M1",0.131398639405186
"HF","grey","PBXIP1",0.131377365388894
"HF","grey","CTSD",0.131277211764541
"HF","grey","NOP16",0.13112985987394
"HF","grey","TCF25",0.130537369667298
"HF","grey","WDR7",-0.130461794243632
"HF","grey","ANKRD16",-0.130212151509422
"HF","grey","SHF",0.130208436350488
"HF","grey","STARD4",-0.130118266735434
"HF","grey","FADD",0.130022812381701
"HF","grey","YARS1",-0.129875980462093
"HF","grey","KLHL42",-0.129600135749102
"HF","grey","CBX6",0.129594926897038
"HF","grey","ADRA1B",0.129583798857334
"HF","grey","ALDH9A1",-0.129505144685629
"HF","grey","HDGF",0.129364557639322
"HF","grey","DLG4",0.129331019329886
"HF","grey","UBE2J2",0.129303093063548
"HF","grey","SMARCE1",-0.128590984613691
"HF","grey","EGLN2",0.128409070045262
"HF","grey","TRIM45",-0.128303376699479
"HF","grey","BCORL1",0.128210916461068
"HF","grey","LINC02210",-0.12807437355223
"HF","grey","ITSN2",-0.12806776031172
"HF","grey","GNAZ",0.127660272179323
"HF","grey","NFATC1",0.127537912882931
"HF","grey","COASY",0.127524024699787
"HF","grey","RAMP3",0.12723988566929
"HF","grey","CLEC14A",0.127127155060211
"HF","grey","ADRB2",-0.12704591235344
"HF","grey","PPM1H",0.126839088411197
"HF","grey","AKR7A2",0.126645588114498
"HF","grey","DERL3",0.126631733068553
"HF","grey","REPS2",-0.126454448242883
"HF","grey","RBIS",-0.126048548348238
"HF","grey","PWWP2A",0.125931153198101
"HF","grey","FDPS",0.125868241837698
"HF","grey","PEF1",-0.125845080146815
"HF","grey","GALNT18",0.125844845719513
"HF","grey","MDFIC",-0.125811869498895
"HF","grey","ADAMTSL4",0.125655359646888
"HF","grey","CCDC9",0.125599635227525
"HF","grey","TAPBP",0.125491287454828
"HF","grey","PSME1",-0.125419192921466
"HF","grey","ALDH2",-0.125374485794271
"HF","grey","PCYOX1L",-0.125234956996957
"HF","grey","HLA-DRB5",-0.125205424783184
"HF","grey","ZFAT",-0.125076741012697
"HF","grey","CXXC5",0.125033282431869
"HF","grey","RNH1",0.124840361164871
"HF","grey","ZNF688",0.124806735431656
"HF","grey","KIAA1549",0.124576102864674
"HF","grey","SLC12A9",-0.124304151577574
"HF","grey","TECR",-0.124213826095924
"HF","grey","ARMCX6",0.123699540288652
"HF","grey","RPS15",-0.123693031362694
"HF","grey","ZCCHC2",0.123677809921058
"HF","grey","SPINT2",0.123456367438056
"HF","grey","RNPS1",0.123439718754119
"HF","grey","ADAMTS7",0.123141383070542
"HF","grey","CHORDC1",0.12312845961381
"HF","grey","NRF1",-0.122842114017813
"HF","grey","GPAA1",0.122614882433025
"HF","grey","TNFAIP1",0.122295711754579
"HF","grey","JPT2",0.121896432177059
"HF","grey","SEMA4D",-0.121296795045715
"HF","grey","EIF1AY",0.121067067390955
"HF","grey","CHID1",0.121038462264816
"HF","grey","DMAC2L",-0.120935770232021
"HF","grey","RWDD1",0.120707729265721
"HF","grey","GPX3",-0.120455804442067
"HF","grey","HBA2",0.120187294475956
"HF","grey","ANKRD40",0.120160036766089
"HF","grey","SLC45A4",0.12011133445025
"HF","grey","ZNF516",0.119643745078716
"HF","grey","AMFR",-0.11961544161065
"HF","grey","RBP7",0.119200138964755
"HF","grey","MICA",-0.119168627210686
"HF","grey","C19orf53",0.119114621998214
"HF","grey","PLLP",-0.118971418911502
"HF","grey","SERINC5",-0.118866341455893
"HF","grey","RECQL5",0.118451128340796
"HF","grey","RAB6A",-0.118294823627945
"HF","grey","STRIP1",0.118188578660351
"HF","grey","KAT6B",-0.11813920816506
"HF","grey","CSRNP2",-0.117964309296292
"HF","grey","LINC00174",-0.117764357077518
"HF","grey","TAPBPL",-0.117580172467974
"HF","grey","JAM2",-0.116972434426325
"HF","grey","ZNF778",0.11690386539129
"HF","grey","MBP",0.116801427658077
"HF","grey","EIF1AD",-0.116735158117679
"HF","grey","ARHGAP31",-0.116307160058318
"HF","grey","NAV1",0.116085607677796
"HF","grey","GATA2",0.116022263317312
"HF","grey","CLPB",0.11570773270437
"HF","grey","CD58",-0.115690058228627
"HF","grey","IFT27",0.115679988713702
"HF","grey","RPL37A",-0.115531608145151
"HF","grey","COMMD5",0.115319853836831
"HF","grey","ELOVL2",-0.115304585685677
"HF","grey","IL17RC",0.115267005458755
"HF","grey","BICD2",0.115210944291612
"HF","grey","C1orf174",-0.115185922462766
"HF","grey","PLK2",-0.115021442525132
"HF","grey","FBXO27",0.114950542669281
"HF","grey","ACBD4",0.114916488596489
"HF","grey","PPM1G",-0.114886143128712
"HF","grey","PPCS",0.11477365089413
"HF","grey","DTNB",0.114762328423529
"HF","grey","TTLL11",0.114491525587833
"HF","grey","PDE4B",-0.11436701220086
"HF","grey","CIB1",0.114297894034952
"HF","grey","MARS1",0.113955238475882
"HF","grey","CRELD2",0.113715659793849
"HF","grey","ZNF792",-0.113668376843521
"HF","grey","USP54",0.113382519077559
"HF","grey","ENTPD7",-0.113346350956923
"HF","grey","FAM174B",0.113308517869984
"HF","grey","NPM3",0.113299069626736
"HF","grey","CRYZ",-0.112959385680733
"HF","grey","LRRC57",-0.112958515722373
"HF","grey","TTLL12",0.112771427563569
"HF","grey","NECTIN1",0.112421717713193
"HF","grey","HTRA2",-0.112257441366311
"HF","grey","SFXN5",0.112222441742106
"HF","grey","MRPL10",0.112096403092319
"HF","grey","ADGRD1",-0.112061750859766
"HF","grey","RPL41",-0.111969604187882
"HF","grey","NEK4",-0.111789731797151
"HF","grey","PCGF1",0.111693177384223
"HF","grey","PJA1",-0.111583377841269
"HF","grey","PNMA1",0.111540711576724
"HF","grey","PEMT",-0.111407644475969
"HF","grey","RIC8A",0.111063712441531
"HF","grey","CENPV",0.110743524519771
"HF","grey","BCAR3",-0.11068341189161
"HF","grey","JRK",0.110650788510162
"HF","grey","PRPF19",0.110452062384311
"HF","grey","HECW2",0.110292559233702
"HF","grey","THEM4",-0.110253544078431
"HF","grey","NR3C2",-0.11008560466973
"HF","grey","PFAS",0.110068230368044
"HF","grey","PSMB10",-0.109629325357912
"HF","grey","TBL3",0.109568189666683
"HF","grey","THAP11",0.109142993671438
"HF","grey","IGF2",0.108889442323897
"HF","grey","CD2BP2",0.108657442051446
"HF","grey","LIMD1",0.108585143195165
"HF","grey","LEMD2",0.108532080765094
"HF","grey","SLC25A10",0.108501179092271
"HF","grey","CFAP36",-0.108423251717603
"HF","grey","SLC2A8",0.10830559724695
"HF","grey","GIPC3",0.108254283268181
"HF","grey","KCTD13",-0.108224180219022
"HF","grey","MOB2",0.10795314428851
"HF","grey","GRK5",-0.107734505186314
"HF","grey","PRPF31",0.107634450118533
"HF","grey","MEAF6",-0.107432825683329
"HF","grey","CUTA",0.107370116246038
"HF","grey","EXOC2",-0.107145342134212
"HF","grey","TBCA",-0.106897317800341
"HF","grey","POLR1E",-0.106863675960647
"HF","grey","MED22",0.106756382423899
"HF","grey","GGA2",-0.106418254292772
"HF","grey","PIGQ",0.106004291836176
"HF","grey","IFT122",-0.10589269106172
"HF","grey","GIPC2",-0.105804288906012
"HF","grey","SLC48A1",-0.10572904957623
"HF","grey","BRI3BP",0.105360518787367
"HF","grey","RNF168",-0.105309630273164
"HF","grey","PSMG4",-0.105185795624099
"HF","grey","CAMK2N1",-0.104977403791957
"HF","grey","NAGPA",0.104784849630248
"HF","grey","OTUD6B",0.104757928017121
"HF","grey","TMEM176B",0.104748584982393
"HF","grey","KLHL12",0.104743600325607
"HF","grey","DRAP1",0.104740061152098
"HF","grey","LHPP",0.104723895524874
"HF","grey","ZNF548",-0.10463488609624
"HF","grey","SPATA13",-0.104577858444979
"HF","grey","KCNK6",0.104480660842005
"HF","grey","UBL5",0.104253345530489
"HF","grey","BUD13",-0.103996286244744
"HF","grey","ALPL",-0.10360636051114
"HF","grey","ARHGAP17",-0.103107892138918
"HF","grey","CA13",-0.103041295351867
"HF","grey","C20orf96",-0.102974263676864
"HF","grey","CD24",0.102568849401527
"HF","grey","NOM1",0.102458535514687
"HF","grey","PRKAR1B",0.102338757073153
"HF","grey","URB1",0.101967872529063
"HF","grey","RREB1",0.101749271866057
"HF","grey","POLR3D",0.101683338123755
"HF","grey","NGLY1",-0.101200702803829
"HF","grey","GPT2",-0.101153317290448
"HF","grey","LPP",-0.101027382064631
"HF","grey","ZNF862",0.100922005565372
"HF","grey","LACC1",-0.100793011820329
"HF","grey","ASXL2",-0.100761095617435
"HF","grey","MAN1B1",0.100594104274989
"HF","grey","CES4A",-0.100131805158409
"HF","grey","CA2",0.100114566181258
"HF","grey","CAVIN2",-0.100050274498028
"HF","grey","RASL12",-0.098996100341962
"HF","grey","MTX1",0.098835082452426
"HF","grey","PARVA",0.0988154825113946
"HF","grey","H2BC8",-0.0986613531771144
"HF","grey","AKT2",-0.0983561077366179
"HF","grey","PRMT2",-0.0980889076200903
"HF","grey","GRN",0.0980049448161386
"HF","grey","NOL3",0.0978978740963658
"HF","grey","BRD1",-0.0977330899704019
"HF","grey","NDUFS5",0.0975833611727467
"HF","grey","DDX39B",-0.0975711314537158
"HF","grey","SMOX",0.0975059837704349
"HF","grey","BYSL",0.0973354660072235
"HF","grey","SLC61A1",-0.0970777135956803
"HF","grey","CKS2",0.0970237105486174
"HF","grey","CARHSP1",-0.0968640336412219
"HF","grey","DNAJC15",-0.0964851954788833
"HF","grey","GATM",0.0964311971433555
"HF","grey","DOCK5",0.0964063456345131
"HF","grey","ZSCAN9",-0.096354377385758
"HF","grey","CNOT1",-0.0960485306529519
"HF","grey","BAIAP2",0.0959676379010121
"HF","grey","ZNF275",-0.0958496066918127
"HF","grey","PIGT",0.0956322934526151
"HF","grey","PSAP",-0.0952056712327031
"HF","grey","DENR",-0.095122348615152
"HF","grey","NME3",0.0950832016591323
"HF","grey","RASSF3",-0.0950682225686849
"HF","grey","SRPK1",-0.0949901839092213
"HF","grey","UBALD1",0.0946872813999441
"HF","grey","SPNS2",0.0943316435038181
"HF","grey","TLN2",0.0942805671225187
"HF","grey","LGALS3",-0.0942175063232433
"HF","grey","DBNL",-0.0941569842255149
"HF","grey","OCEL1",0.0939647929458784
"HF","grey","CDK6",-0.0939316318906314
"HF","grey","ABLIM3",-0.0934252236115172
"HF","grey","ZNF608",-0.093386578971215
"HF","grey","SLC68A1",-0.0933588237502169
"HF","grey","H1-2",-0.0933271549451933
"HF","grey","CMSS1",-0.0932583370281877
"HF","grey","MET",-0.0931197339502268
"HF","grey","HIF3A",0.092639566653117
"HF","grey","FOXRED2",0.0925759144931334
"HF","grey","RER1",-0.0923427880713811
"HF","grey","ALG3",0.0922860420689221
"HF","grey","GTF2IRD1",0.0920783293456587
"HF","grey","CBS",0.091858901709214
"HF","grey","CCDC149",-0.0917043565822508
"HF","grey","MRM1",0.0915612681409534
"HF","grey","WDR4",-0.0915525138389229
"HF","grey","ZBTB49",-0.090930246863089
"HF","grey","MTCO1P12",-0.090926526912622
"HF","grey","UGT2B4",-0.0908304237624155
"HF","grey","MRI1",-0.0908049438580611
"HF","grey","AARS2",0.0907786951437953
"HF","grey","CWC25",-0.0905863568313524
"HF","grey","SIRAL2",0.0903768671333271
"HF","grey","STK24",-0.0902589969585059
"HF","grey","PARP3",0.0900889496416335
"HF","grey","USP9Y",0.090080205382903
"HF","grey","POLM",0.0895966229134943
"HF","grey","SPPL2B",0.0895260405384983
"HF","grey","SLC2A13",0.0889641648503539
"HF","grey","GNAO1",-0.0889292271755166
"HF","grey","ADCY1",0.0888925866837976
"HF","grey","GLCCI1",-0.0886468255944145
"HF","grey","P3H2",-0.0884620920599189
"HF","grey","NUCB2",-0.0884604295934768
"HF","grey","SZRD1",0.0883224419907693
"HF","grey","BEX4",-0.0882447746725265
"HF","grey","HDGFL3",-0.0881346024189548
"HF","grey","MAPK12",0.0880477248095868
"HF","grey","ACSS2",0.0880140802848706
"HF","grey","SEC13",0.0879251301207103
"HF","grey","PURA",0.0878716733235296
"HF","grey","POMT2",-0.0877377013967397
"HF","grey","TRAFD1",-0.0874721696087218
"HF","grey","KDM5D",0.0873504233974874
"HF","grey","PSMD9",-0.0869907832273767
"HF","grey","DBF4B",0.0867446397465296
"HF","grey","RNF145",-0.0866713456874859
"HF","grey","SEC61G",0.0866687712693768
"HF","grey","ARL10",0.0865251698576031
"HF","grey","DUS1L",0.0865017293530296
"HF","grey","NAA20",-0.0863920307188059
"HF","grey","COXFA4L2",0.0863797549283738
"HF","grey","SNRPG",0.0862921257336374
"HF","grey","IGFBP3",-0.0862075743325395
"HF","grey","RNF220",0.086112460135833
"HF","grey","GMPPB",0.0859593327825461
"HF","grey","FAM78A",0.0850761340024093
"HF","grey","SNX18",-0.0850607498246324
"HF","grey","ERICH1",-0.0850308644802917
"HF","grey","DLL1",0.0847683662507304
"HF","grey","CENPX",0.084628103526808
"HF","grey","MAP3K14",0.0845122823580858
"HF","grey","CYP2D6",0.0843514035074451
"HF","grey","CCS",0.0840096098662584
"HF","grey","SLC2A1",0.0837872277729214
"HF","grey","GORASP1",0.0835773661391528
"HF","grey","RPS4Y1",0.0834730176303543
"HF","grey","THAP7",0.0832452464405958
"HF","grey","TBC1D14",-0.0831830535691459
"HF","grey","NPR2",-0.0831487963613852
"HF","grey","PEX26",0.0825143384258469
"HF","grey","P4HTM",0.0824014803244246
"HF","grey","C5orf15",-0.0823279855415237
"HF","grey","DOP1B",-0.0822860102178306
"HF","grey","GPX7",-0.0822494592537449
"HF","grey","SPACA6",0.081877818263353
"HF","grey","HMGCS2",0.0815974510627695
"HF","grey","NIPA1",-0.0815790180098958
"HF","grey","TAOK1",-0.0814929648131599
"HF","grey","SLC22A23",0.0814020761331031
"HF","grey","TMEM80",0.0812606512220545
"HF","grey","GTF2F1",-0.0805321623466191
"HF","grey","E2F5",-0.0804755498079785
"HF","grey","RALGDS",-0.0801923281862503
"HF","grey","B4GALT1",-0.0797402059084564
"HF","grey","PTP4A2",-0.0794963414248026
"HF","grey","CCDC32",0.0794043338960776
"HF","grey","DNAJC18",-0.0793409255438922
"HF","grey","GTPBP4",-0.0793193451787792
"HF","grey","SUSD4",0.0788488694750852
"HF","grey","EDNRA",0.0787108901408421
"HF","grey","SOCS6",0.0785714576209818
"HF","grey","TAF12",-0.0784943197824629
"HF","grey","TMT1B",-0.0781269863931315
"HF","grey","CHCHD5",0.0779439985859589
"HF","grey","TOP1MT",-0.0779215325912997
"HF","grey","SUMO3",0.0778914911233463
"HF","grey","BAIAP2L1",-0.0776707867910578
"HF","grey","LRRC41",0.0776420850554674
"HF","grey","LYRM2",-0.0772658668151219
"HF","grey","CLN8",0.0772358697172249
"HF","grey","ZMAT5",0.077040258144758
"HF","grey","SLC25A53",-0.0770295013313949
"HF","grey","FANCE",-0.0768605816353129
"HF","grey","EMP2",-0.0763857220081166
"HF","grey","UBQLN2",0.0761784513045742
"HF","grey","DPP4",-0.0761384147809506
"HF","grey","CPNE5",0.075927807756545
"HF","grey","NQO2",-0.0759188832501139
"HF","grey","PLAGL2",-0.0759060489757838
"HF","grey","CCDC146",-0.0754894242484122
"HF","grey","RRP7A",0.0752659646052007
"HF","grey","COMMD9",0.0751532516164782
"HF","grey","ATP6V0D1",0.0750321864101252
"HF","grey","TSPAN33",-0.0749987313331793
"HF","grey","MAD2L2",0.0747775604531314
"HF","grey","MBNL3",-0.0746062035933688
"HF","grey","MTHFR",0.0742751931741483
"HF","grey","RAB40C",0.0740854431165746
"HF","grey","CCDC97",0.0739980184759177
"HF","grey","C1orf52",-0.0739423138610747
"HF","grey","SDF2L1",0.0738828491329491
"HF","grey","FAM89B",0.0738812985742134
"HF","grey","MYCBP",0.0737462409039545
"HF","grey","TTF2",-0.0736645071290722
"HF","grey","STEAP3",-0.0735872980287292
"HF","grey","EIF3C",0.0734958267055848
"HF","grey","EMILIN2",0.0734158062567978
"HF","grey","SCRN2",0.0726860287414469
"HF","grey","BMAL1",-0.0726760634097676
"HF","grey","MARCHF2",0.0725866268281637
"HF","grey","DDX3Y",0.0724386480530005
"HF","grey","SLC38A11",-0.0721077116066742
"HF","grey","BAHD1",0.071869470423458
"HF","grey","MANF",-0.0718643642780011
"HF","grey","UFD1",-0.0718506843668361
"HF","grey","ZFAND6",-0.0717300310990827
"HF","grey","CCT6A",-0.0715662660307943
"HF","grey","SPIN2B",-0.0713481860772242
"HF","grey","ABHD18",-0.0709661694140837
"HF","grey","AIFM2",-0.070914303887364
"HF","grey","TSPAN5",-0.0708195655267253
"HF","grey","ZSCAN31",-0.0707078684673538
"HF","grey","PDPR",-0.0706469383094865
"HF","grey","NFYA",-0.0706180476832035
"HF","grey","KLHL28",0.0702777487884432
"HF","grey","DPY30",-0.0701457154455465
"HF","grey","ARSG",-0.0699021125732081
"HF","grey","ANKRD23",0.0697959555796655
"HF","grey","C1orf115",-0.0696798468228103
"HF","grey","MED21",-0.0691843582734924
"HF","grey","INPP5K",0.0690294907231969
"HF","grey","GPANK1",0.0690251220800442
"HF","grey","SH3YL1",-0.0689884033012789
"HF","grey","MTMR6",-0.068921548334434
"HF","grey","POMGNT2",0.0688925399764902
"HF","grey","ATP6V0A2",-0.0687673718460843
"HF","grey","HPCAL1",0.068764217881867
"HF","grey","BRF2",0.0686727508278599
"HF","grey","SMAD6",-0.0686274603287487
"HF","grey","PFDN6",0.0685143665110904
"HF","grey","THYN1",-0.0684679344273952
"HF","grey","IL6R",0.0684262504996947
"HF","grey","FAM86C1P",0.0683721568678761
"HF","grey","KHDRBS3",-0.0680177500490848
"HF","grey","AFAP1L1",0.0676615336752738
"HF","grey","HIVEP2",-0.0676166218817305
"HF","grey","CDCA4",0.0673718117816689
"HF","grey","ZNF397",-0.0671339733087407
"HF","grey","UBP1",-0.0670707903487158
"HF","grey","NKAP",-0.0668801050470231
"HF","grey","ID1",0.0668464389946826
"HF","grey","PCBP1",-0.0667507599151515
"HF","grey","GLG1",0.0666032161024572
"HF","grey","KLHL22",0.0663631298322249
"HF","grey","CLN6",-0.0662707859764553
"HF","grey","ZNF101",-0.0660728000122535
"HF","grey","SFPQ",-0.0659808662247322
"HF","grey","TNFAIP8",-0.0653869783096505
"HF","grey","RNASEK",-0.0653705214960005
"HF","grey","NUDT2",-0.065315203175725
"HF","grey","YIF1B",0.0650520785225986
"HF","grey","ARID3B",0.0649693678876304
"HF","grey","SARM1",0.0647959265062385
"HF","grey","C11orf68",0.0647666591516437
"HF","grey","ERVK3-1",0.064246166134638
"HF","grey","GID8",-0.0641374363328862
"HF","grey","RAB11FIP1",-0.0638210705893111
"HF","grey","MAP2K1",-0.0635952720019613
"HF","grey","ZNRF3",0.0635742233974713
"HF","grey","MBD1",0.0635216966444326
"HF","grey","NCSTN",-0.0633624108742293
"HF","grey","EOGT",0.0631424375870589
"HF","grey","LYSET",0.0630162268610264
"HF","grey","TRIM16",-0.0623845408465852
"HF","grey","ZBED4",-0.0622787754338638
"HF","grey","TMEM120B",0.0620634420329935
"HF","grey","B4GALT5",0.0620060264372189
"HF","grey","HCG27",-0.0619840420314041
"HF","grey","RPSAP15",-0.0619448017316901
"HF","grey","ECHDC2",-0.0618307587521946
"HF","grey","CDYL",-0.0616719425063377
"HF","grey","TMCO4",0.0615683999816934
"HF","grey","RMP24",0.061518706149114
"HF","grey","CETN2",0.0614168881157249
"HF","grey","TRADD",0.0612951492642363
"HF","grey","ACP2",-0.0612633877164494
"HF","grey","SRP19",-0.0612459587520963
"HF","grey","TMEM140",-0.0610181344354801
"HF","grey","TENT5C",-0.0608458576921159
"HF","grey","EMC9",0.0608213941281772
"HF","grey","UTY",0.060818199661034
"HF","grey","ZDHHC5",-0.0607350587118108
"HF","grey","MPZL3",-0.0607022008077587
"HF","grey","TBC1D13",-0.0603163028709207
"HF","grey","XAB2",-0.0598844130763222
"HF","grey","EPOR",0.0597713050021665
"HF","grey","SPTSSA",-0.059746153965773
"HF","grey","MVB12B",0.0597186305651682
"HF","grey","NANP",-0.0594022840499601
"HF","grey","PLBD2",0.0593508702141111
"HF","grey","FAM43A",0.0591262359154249
"HF","grey","DDX11",0.0590505103055738
"HF","grey","CLCN7",-0.0588856161002288
"HF","grey","RABGAP1L",0.0587852314606695
"HF","grey","DPM2",0.0587269949796543
"HF","grey","ZNF133",0.0586145641382679
"HF","grey","DHRS4",-0.0584208207136318
"HF","grey","CITED2",-0.0582559264623678
"HF","grey","TAPT1-AS1",0.0581343136045646
"HF","grey","ZNRF2",0.0581053268642593
"HF","grey","ZNF211",-0.0579785196125923
"HF","grey","GLTP",0.0578228965073459
"HF","grey","MAP2K4",-0.0573094104729937
"HF","grey","DNAJC17",0.0571435663860291
"HF","grey","MEX3C",0.057088317375273
"HF","grey","TPP1",-0.0568481875106471
"HF","grey","DNAJC12",-0.0567666013962861
"HF","grey","STX10",0.056541877102164
"HF","grey","WDR5",0.0563876178841546
"HF","grey","DEDD2",0.0563567879423535
"HF","grey","GADD45A",0.0563069866536976
"HF","grey","KHNYN",-0.0563026439896123
"HF","grey","HEY2",0.0561763189798032
"HF","grey","ARMC7",0.0557747591541579
"HF","grey","GNA12",-0.0557476027635657
"HF","grey","ZNF496",0.0556926001634437
"HF","grey","TYW1B",-0.0556925223975673
"HF","grey","SCAMP2",0.0556353746830764
"HF","grey","KCNJ5",-0.0555793561279327
"HF","grey","ZXDB",0.0555706902873045
"HF","grey","UNC119B",-0.0555565558464769
"HF","grey","ACSL1",-0.0554317723201042
"HF","grey","DGAT1",0.0554010916936596
"HF","grey","PCGF2",0.0553510242871075
"HF","grey","GOLGA1",-0.0552550825328491
"HF","grey","KNSTRN",-0.0551892844924231
"HF","grey","OGG1",0.0551506316021862
"HF","grey","DTX4",0.0548579220622922
"HF","grey","RANBP3",-0.0545266473736097
"HF","grey","PDE4D",-0.0545194121692198
"HF","grey","KRI1",-0.0541662190760258
"HF","grey","B3GAT3",-0.0540613100225761
"HF","grey","PTPMT1",-0.0539913286432344
"HF","grey","HMGN2",0.0538918446346333
"HF","grey","SLC9A3-OT1",0.0538340371465873
"HF","grey","SLC35B2",-0.0534325622678335
"HF","grey","PRKRIP1",-0.0533918413004646
"HF","grey","DNAJC9",0.0533520349328087
"HF","grey","MOGS",0.0532941539929563
"HF","grey","CNN2",-0.0532392014482438
"HF","grey","NIT1",0.0529624698058108
"HF","grey","IRF6",0.0529186719644898
"HF","grey","VSIG10",-0.0526390023792989
"HF","grey","ALG12",0.0526172534299409
"HF","grey","HS3ST3B1",-0.0525115762163066
"HF","grey","EMCN",-0.0522964203522967
"HF","grey","SMPD2",0.0522375506873573
"HF","grey","STYXL1",-0.0521977646066775
"HF","grey","HDHD3",-0.0521566804797134
"HF","grey","CHST7",0.0519702561731054
"HF","grey","YIPF6",-0.0517248278766475
"HF","grey","SSRP1",0.0515045096511219
"HF","grey","FABP5",0.0513664722858216
"HF","grey","BAG2",0.0513037043974623
"HF","grey","AP1M1",-0.0512162436705208
"HF","grey","GIT2",0.0511859905081738
"HF","grey","AQP3",0.051161588092827
"HF","grey","CMTR1",-0.0511258785085226
"HF","grey","UBC",0.0509831656129021
"HF","grey","TNFRSF19",0.0509286059411406
"HF","grey","POFUT1",-0.0506618049675012
"HF","grey","TESK1",0.0506126792850845
"HF","grey","ERCC6L2",-0.0503508371524295
"HF","grey","THOC5",0.0501445266041933
"HF","grey","STK40",-0.0499880435959963
"HF","grey","GSTP1",0.0499158202324336
"HF","grey","SH3KBP1",-0.0498427794416181
"HF","grey","VANGL1",-0.0497999277193006
"HF","grey","RBM15B",-0.0496626893619463
"HF","grey","TP53I3",0.0494771247701311
"HF","grey","VEGFC",0.0494545080854027
"HF","grey","WDR45B",0.0493520905208852
"HF","grey","ZNF18",0.0490847748364868
"HF","grey","AMOTL2",0.0489774379926591
"HF","grey","ARHGEF37",0.0483137767669662
"HF","grey","MAN2A2",0.0475508570334599
"HF","grey","FNBP1L",0.0475283567329731
"HF","grey","TPD52L2",0.0474581885664404
"HF","grey","PARD3",0.0470528472393229
"HF","grey","MPDU1",-0.0470488563194443
"HF","grey","KLHL36",0.0469338897896681
"HF","grey","ORAI3",0.0467769043348994
"HF","grey","LGR4",-0.0464273203301481
"HF","grey","DDRGK1",0.0463185462552619
"HF","grey","ANKRD37",0.0460646360999059
"HF","grey","MED29",0.0457214897059997
"HF","grey","SMARCA1",-0.0456129427979938
"HF","grey","KLF11",-0.0455631394959383
"HF","grey","CPAMD8",0.0451128424012904
"HF","grey","BRMS1",-0.04505019646897
"HF","grey","FAM120AOS",-0.0448509055992469
"HF","grey","CEBPG",0.0447906603778723
"HF","grey","SLC35F6",0.0447312558628673
"HF","grey","MRPS21",-0.0446851392611472
"HF","grey","ATP1A1",-0.0446304786020309
"HF","grey","BAK1",0.0445887360011958
"HF","grey","DOLPP1",0.0444149413884618
"HF","grey","LINC00339",-0.044385063654683
"HF","grey","HLA-DQB1",-0.0442084425238895
"HF","grey","SS18L2",-0.0440984949450907
"HF","grey","P4HA2",0.0440908512580643
"HF","grey","FAM98C",0.0440165271141225
"HF","grey","DYRK3",-0.0435099785309761
"HF","grey","RBPMS",-0.0431923672648699
"HF","grey","METTL2A",0.04275378449929
"HF","grey","LNX1",-0.0422044466813961
"HF","grey","SHMT2",0.0419583004755607
"HF","grey","HYOU1",-0.0418133662921368
"HF","grey","SLC7A6OS",0.0417814917922983
"HF","grey","PSMA5",0.0417187880138976
"HF","grey","TMEM263",-0.0415916214476778
"HF","grey","ERCC6L2-AS1",0.041374688490657
"HF","grey","SLC16A10",0.0412252185359008
"HF","grey","ABTB1",-0.0411706625341562
"HF","grey","EIF3B",0.0410184369215609
"HF","grey","GM2A",-0.0409780332985396
"HF","grey","KCTD11",0.0409643754398568
"HF","grey","NXN",0.040896149838734
"HF","grey","EOLA2",0.0401065720452814
"HF","grey","DUSP7",-0.0399975234331097
"HF","grey","FICD",-0.0399562540845348
"HF","grey","ATP23",-0.0399559971395251
"HF","grey","ENSA",0.039857494104495
"HF","grey","MED26",0.0398332325453262
"HF","grey","GARIN1A",0.0397878429606803
"HF","grey","THOC6",0.0396624443276198
"HF","grey","ZNF160",-0.0396322290684659
"HF","grey","HIPK1",0.0396182313091806
"HF","grey","ALDH3A2",-0.0394582429830265
"HF","grey","SLC25A39",0.0391724302702854
"HF","grey","CAMTA1",-0.0389275519873187
"HF","grey","TFDP1",-0.038878234088092
"HF","grey","CISH",0.0386810712847824
"HF","grey","PPP1R16B",-0.0385961211935495
"HF","grey","DDX19B",-0.0385879223633599
"HF","grey","ZNF850",-0.0385834293320608
"HF","grey","DONSON",-0.0384861690830551
"HF","grey","C19orf12",0.0379979270712521
"HF","grey","NMRAL1",0.037992911005472
"HF","grey","DBP",-0.0379672046832785
"HF","grey","MPLKIP",0.0377663042818792
"HF","grey","CD151",0.0377294922998557
"HF","grey","LSS",-0.0374853769776408
"HF","grey","FAM117A",0.037432980562719
"HF","grey","SFMBT2",-0.0374279339072069
"HF","grey","SPNS1",0.0372408283018872
"HF","grey","EMC8",0.0371791520174774
"HF","grey","SLC47A1",-0.0370593357202792
"HF","grey","GALT",-0.0365942232682195
"HF","grey","HEXB",0.0363179476268432
"HF","grey","STARD13",-0.0362959863982496
"HF","grey","TMUB2",-0.0360626631440254
"HF","grey","APTX",-0.0360004112730188
"HF","grey","CHST9",-0.0355461926737706
"HF","grey","LRP11",-0.0354859231731555
"HF","grey","SND1",-0.0352234176932771
"HF","grey","TMEM64",-0.0350251666297173
"HF","grey","LRP5",-0.0347722236947509
"HF","grey","XRCC1",0.0346790150336958
"HF","grey","BTBD6",-0.0345886733183476
"HF","grey","MYG1",-0.0345689907482263
"HF","grey","ATAD2",-0.0345590189222645
"HF","grey","GRAMD1B",0.0343911697312981
"HF","grey","PLEKHB2",-0.0341933315400591
"HF","grey","CLPTM1L",-0.0341693989408096
"HF","grey","ATOH8",-0.0341575760877569
"HF","grey","NSL1",0.0335836184899721
"HF","grey","ADA2",-0.033384876476314
"HF","grey","HPS6",0.033369618713149
"HF","grey","MTND2P28",-0.0330948537159308
"HF","grey","GAB3",-0.0330209691453828
"HF","grey","FBXW10",-0.032904520472602
"HF","grey","ZDHHC16",0.0327219936551931
"HF","grey","RAP2C",-0.0326474235013921
"HF","grey","NRSN2",-0.0324104320029157
"HF","grey","FBXO34",0.0323839482593729
"HF","grey","UBE2D2",-0.0321728564823152
"HF","grey","ATRAID",0.0319671655048363
"HF","grey","ERI3",0.031913677515769
"HF","grey","DDIT3",-0.0318351778587192
"HF","grey","SINHCAF",-0.0316847108277548
"HF","grey","PATL1",0.0315815729140026
"HF","grey","THAP1",0.0315502179975153
"HF","grey","ALKBH6",0.031544898715969
"HF","grey","PTPRU",0.0309567959389329
"HF","grey","SUB1",-0.0308366834234413
"HF","grey","HECA",-0.030734653350371
"HF","grey","USP27X",-0.0306648402770756
"HF","grey","DFFA",-0.030590836119512
"HF","grey","CLUAP1",-0.0302663940754695
"HF","grey","MEN1",0.0301746427673691
"HF","grey","NOP2",-0.0298039827376163
"HF","grey","DNAJB12",-0.0293592762923969
"HF","grey","C17orf58",0.0284376775262908
"HF","grey","FUZ",-0.0283562864096217
"HF","grey","VPS37A",0.0281407878790801
"HF","grey","PPIC",-0.02800951947443
"HF","grey","SPOUT1",-0.0279141427396088
"HF","grey","EIF5A",0.027623615446436
"HF","grey","EEPD1",0.0274717557730281
"HF","grey","ZNF789",-0.0273687709763077
"HF","grey","ZNF57",-0.0273113172287505
"HF","grey","F5",-0.0272862437382159
"HF","grey","ING1",0.0270447344626859
"HF","grey","AIF1L",0.0270339919944433
"HF","grey","VAC14",-0.0269939443018275
"HF","grey","MRTO4",0.0269616522110001
"HF","grey","SETD9",-0.0269514308829386
"HF","grey","ZNF574",0.0269220103722875
"HF","grey","PIP4K2B",-0.0267412330212922
"HF","grey","SPATS2L",-0.0267105361539609
"HF","grey","GPNMB",-0.0258791360485793
"HF","grey","SRRM1",-0.0254594510558808
"HF","grey","SLC25A45",-0.0253498118313781
"HF","grey","SARAF",-0.0252350554348015
"HF","grey","CFAP44",-0.0250683034650475
"HF","grey","LPIN1",-0.0250571149848609
"HF","grey","STK38",-0.0248562872397531
"HF","grey","FAM53C",0.0246804315002694
"HF","grey","GCC1",-0.0246087367644007
"HF","grey","EPDR1",-0.0241862488803698
"HF","grey","TMEM41A",-0.0241477272904902
"HF","grey","SLC7A2",0.0240481888228899
"HF","grey","ERGIC3",-0.0240145052609659
"HF","grey","PRAF2",-0.0238911897541418
"HF","grey","ZDHHC3",0.0238721738139257
"HF","grey","CRACR2A",-0.0238118614011724
"HF","grey","DYRK2",0.0237854823969309
"HF","grey","SLC35G2",-0.0237260634892664
"HF","grey","CERS4",0.023675376523114
"HF","grey","ELAVL1",-0.0232697280077384
"HF","grey","P4HA1",0.0232248092762028
"HF","grey","ARHGAP44",-0.0231139660529823
"HF","grey","GAREM1",-0.0227216976772803
"HF","grey","YOD1",-0.0226192928688065
"HF","grey","KLHL26",-0.0225783055616169
"HF","grey","GPBP1L1",-0.0225601910469109
"HF","grey","PKP4",-0.0225408851829626
"HF","grey","IRF2",-0.0224193103551156
"HF","grey","PYGO2",0.0218604118124529
"HF","grey","PEX11A",0.0215815194724709
"HF","grey","SLC1A3",-0.0211925635200734
"HF","grey","WDR45",-0.0210674308381481
"HF","grey","ZNF526",0.0205604669386135
"HF","grey","NT5C3B",-0.0204424225020912
"HF","grey","ZNF839",0.0200004108887745
"HF","grey","ALDH1L1",-0.0197085726621216
"HF","grey","YRDC",0.0196055207992685
"HF","grey","ERF",-0.0195963105806162
"HF","grey","STX8",-0.0195152246020408
"HF","grey","SSH3",-0.0193480868932343
"HF","grey","CANT1",0.0192449367888434
"HF","grey","ESS2",0.0191500198470216
"HF","grey","PDE9A",-0.0189129035637952
"HF","grey","POLL",0.0185889029792174
"HF","grey","CDC37L1",0.0185880928094361
"HF","grey","LRRC42",0.0181099658924233
"HF","grey","KIF3B",0.0180708774057935
"HF","grey","GEMIN4",-0.0178425814281593
"HF","grey","CD1D",0.017820518785921
"HF","grey","PBX2",0.0175923587193405
"HF","grey","RPS5",-0.0174919179870583
"HF","grey","CPT1A",0.017482328771565
"HF","grey","RPS23",-0.0172684827321249
"HF","grey","AKR7A3",0.0171833635052593
"HF","grey","SNAP29",0.01716794140437
"HF","grey","VPS37B",0.0171288871763819
"HF","grey","MEGF9",0.0168669494554743
"HF","grey","CHAF1A",0.0166564318694462
"HF","grey","ZNF764",0.0166035602108503
"HF","grey","SCRN1",0.0164449265611682
"HF","grey","UBE2E1",0.0164091225437092
"HF","grey","PCBP2",0.0163762283301617
"HF","grey","PRAG1",-0.0157385836565475
"HF","grey","SLC30A1",-0.0156908627044259
"HF","grey","KCNIP2",0.0155718506802846
"HF","grey","NUFIP1",-0.0154423155208903
"HF","grey","GUCY1B1",-0.0152328184614991
"HF","grey","PCSK6",0.0148078558237914
"HF","grey","RANBP1",-0.0147314466944773
"HF","grey","USP30",-0.014462022518515
"HF","grey","PTP4A1",0.0142088018698349
"HF","grey","TCIM",-0.0141556415254652
"HF","grey","PER2",0.0140283578070774
"HF","grey","PEA15",-0.0139144072094285
"HF","grey","TMED9",0.0139013305777881
"HF","grey","NSDHL",0.0134479966429463
"HF","grey","PDCD7",0.0134413231856354
"HF","grey","GALNT2",0.012925128463651
"HF","grey","ZNF547",0.0126403350208827
"HF","grey","CCDC69",-0.0125830978049958
"HF","grey","ZNF182",0.0125627733261612
"HF","grey","ZFYVE21",0.0125343516601179
"HF","grey","PDPK1",0.0120238371557698
"HF","grey","RAB4B",-0.0118519829853277
"HF","grey","PHKG2",-0.0116700805037377
"HF","grey","UGT2B15",-0.011669363253917
"HF","grey","TTL",0.0112246363450374
"HF","grey","ATP6AP1",0.0112076218409142
"HF","grey","TMEM222",0.0111054978727857
"HF","grey","DTD1",-0.0110155460271822
"HF","grey","CRY1",0.0106676907549602
"HF","grey","HVCN1",0.0104127268698878
"HF","grey","ZBTB25",-0.0103404167820932
"HF","grey","PKDCC",0.010221112818017
"HF","grey","TMEM167B",-0.0101620426465061
"HF","grey","PLIN4",0.0101088094355997
"HF","grey","AP5B1",-0.0099275845321294
"HF","grey","TTC38",-0.00990532727718196
"HF","grey","ZNF511",-0.00987880779030626
"HF","grey","RPL8",-0.00973074441616892
"HF","grey","S1PR3",-0.00971953967488712
"HF","grey","TOMM34",-0.00950829052654424
"HF","grey","TEF",0.00950504568801337
"HF","grey","U2AF2",0.0093794961505158
"HF","grey","ARSD",-0.00930798474996296
"HF","grey","WDR82",0.00913227538523059
"HF","grey","APIP",0.00899707147221228
"HF","grey","CDV3",0.00885923645600577
"HF","grey","MOB1B",0.00861792306615212
"HF","grey","CCDC86",-0.00831820763848256
"HF","grey","C1orf198",-0.00822233638977781
"HF","grey","STAT4",0.00820001335394723
"HF","grey","GABRE",-0.00772962100320143
"HF","grey","HSPH1",0.00750534384231824
"HF","grey","LIN7A",0.00745117481633775
"HF","grey","CHCHD2",0.00730247307871991
"HF","grey","FKBP9",0.00724910919174002
"HF","grey","FBXL14",-0.0072165172660603
"HF","grey","MEIS2",-0.00684225830392364
"HF","grey","NINL",0.00606415036050638
"HF","grey","PSME2",0.00603889585882247
"HF","grey","PPP1R14A",-0.00597849596331742
"HF","grey","KCTD21",0.00590097309366587
"HF","grey","TCF20",0.00583356114293685
"HF","grey","POLR2D",0.00570185796551518
"HF","grey","PRMT7",-0.0055075906039908
"HF","grey","ANKS6",-0.00545255774732415
"HF","grey","SLC37A1",0.00534206394712086
"HF","grey","AXIN2",0.00526583131989708
"HF","grey","PHF23",-0.00504527223181798
"HF","grey","SVBP",-0.00472054526049035
"HF","grey","QPCTL",-0.00458316716876336
"HF","grey","MEPCE",-0.00440279704882162
"HF","grey","RGS12",0.00434709655769783
"HF","grey","ZSWIM6",-0.00395137970896343
"HF","grey","TXNRD1",-0.00381001539512335
"HF","grey","ACOT1",0.00372603825904913
"HF","grey","HEMK1",0.00361061312413346
"HF","grey","ZDHHC2",0.00354203891876069
"HF","grey","ST6GAL1",-0.00333036533089872
"HF","grey","KCTD5",0.00321813354064965
"HF","grey","EMC2",0.00318579055708584
"HF","grey","CCT4",-0.00315080783572589
"HF","grey","DAB1",0.0031310604388375
"HF","grey","KCNK1",-0.00287695434511749
"HF","grey","PAQR8",-0.00266155264063594
"HF","grey","CLIP1",-0.00247264309982643
"HF","grey","GFUS",0.00236841410469904
"HF","grey","NUCB1",0.00231219804209078
"HF","grey","TADA3",-0.00225616565358724
"HF","grey","PDCD2",0.00215628714480369
"HF","grey","CTSA",-0.00213568004687215
"HF","grey","PLEKHM1",-0.00195604930911695
"HF","grey","DNALI1",-0.00141147558396188
"HF","grey","PHF19",0.00123555402358823
"HF","grey","FLCN",-0.00117310830598308
"HF","grey","LYRM4",-0.000991217438261044
"HF","grey","NDE1",-0.000737018276126947
"HF","grey","MAL2",0.000405994702666723
"HF","grey","SERGEF",0.000321264008456466
"HF","grey","TGIF2",-0.000162550632216635
"HF","grey60","SHANK3",0.844299014572724
"HF","grey60","DOCK6",0.835428050838873
"HF","grey60","NOTCH3",0.821591640431481
"HF","grey60","ARAP3",0.7843515534222
"HF","grey60","PEAR1",0.7842451065917
"HF","grey60","PLCG1",0.775758268157561
"HF","grey60","NOTCH4",0.760665328365121
"HF","grey60","ESAM",0.744732504111714
"HF","grey60","LAMA5",0.743639286864302
"HF","grey60","PCDH1",0.741811072455705
"HF","grey60","NOTCH1",0.724932435267892
"HF","grey60","CACNA1H",0.712591506420227
"HF","grey60","EPAS1",0.706662795786379
"HF","grey60","SOX13",0.697724144631463
"HF","grey60","ISYNA1",0.691000373731164
"HF","grey60","AFDN",0.683202439309795
"HF","grey60","SH2D3C",0.677169734718872
"HF","grey60","MYO15B",0.670000990592141
"HF","grey60","NFASC",0.663204976614832
"HF","grey60","ARHGEF25",0.6556708611526
"HF","grey60","ARHGEF7",0.651808041298059
"HF","grey60","ROBO4",0.627625198057027
"HF","grey60","TBX2",0.626521313373938
"HF","grey60","MCF2L",0.625831852152916
"HF","grey60","ZNF251",0.625735172574043
"HF","grey60","ADGRG1",0.614507112803092
"HF","grey60","LCAT",0.608471719046166
"HF","grey60","PCDH12",0.608313624456249
"HF","grey60","TBCD",0.605039279472294
"HF","grey60","DLL4",0.604394025090714
"HF","grey60","FLT4",0.601498903028873
"HF","grey60","TAOK2",0.593882090491489
"HF","grey60","RGL2",0.584052251118817
"HF","grey60","AQP1",0.582082402222047
"HF","grey60","SCN4B",0.581838343337039
"HF","grey60","EGFL7",0.577568915086957
"HF","grey60","TNS2",0.56875671197811
"HF","grey60","TTC28",0.562392501204314
"HF","grey60","DTX3",0.556390998869111
"HF","grey60","PIK3C2B",0.552085166491193
"HF","grey60","SLC6A1",0.550839610088887
"HF","grey60","VWF",0.548735221011735
"HF","grey60","ZHX3",0.548371510391787
"HF","grey60","CASKIN2",0.54737493754466
"HF","grey60","RASGRP2",0.545209547913669
"HF","grey60","LGI4",0.542159945197635
"HF","grey60","RASIP1",0.538167862793498
"HF","grey60","ATP1B2",0.529159089500856
"HF","grey60","ADAM15",0.521528013099873
"HF","grey60","DAAM2",0.518208628724108
"HF","grey60","SNRK",0.512814165011109
"HF","grey60","C15orf39",0.5123025002012
"HF","grey60","EFHD1",0.511885908909694
"HF","grey60","EPHB4",0.505822488595231
"HF","grey60","SEMA3G",0.504936831659433
"HF","grey60","VIPR1",0.499544254063725
"HF","grey60","NRIP2",0.494108788667419
"HF","grey60","PPM1F",0.473561172117516
"HF","grey60","NRARP",0.473014076185378
"HF","grey60","SEMA4C",0.459586707019939
"HF","grey60","COL27A1",0.45633990270329
"HF","grey60","MMRN2",0.455034923052692
"HF","grey60","CLDN5",0.449382181627939
"HF","grey60","PCDH17",0.448626187793357
"HF","grey60","SEMA3F",0.43294599415789
"HF","grey60","RAPGEF3",0.42733441629081
"HF","grey60","ENG",0.423812147002136
"HF","grey60","PTH1R",0.413045467584407
"HF","grey60","BCL6B",0.400652462348215
"HF","grey60","NOS3",0.336665855794589
"HF","lightcyan","MDH2",0.835618389057139
"HF","lightcyan","TMEM143",0.832546236172517
"HF","lightcyan","PDK2",0.825301129685353
"HF","lightcyan","JUP",0.807547744787005
"HF","lightcyan","DGLUCY",0.773842485765628
"HF","lightcyan","NDUFS7",0.763039624850427
"HF","lightcyan","C6orf136",0.7586721694096
"HF","lightcyan","TMEM177",0.747699892018606
"HF","lightcyan","KCND3",0.735107307889226
"HF","lightcyan","UCKL1",0.734578974570012
"HF","lightcyan","GTF3C5",0.719670501867958
"HF","lightcyan","TCEA3",0.716073722702298
"HF","lightcyan","CS",0.714867807385889
"HF","lightcyan","PLCD3",0.703437011771883
"HF","lightcyan","ALDOC",0.70302173171188
"HF","lightcyan","TPPP",0.689731945862552
"HF","lightcyan","SDR39U1",0.686870298878987
"HF","lightcyan","TTYH2",0.683049766849658
"HF","lightcyan","GSTM2",0.678093877295396
"HF","lightcyan","PHKA2",0.677527020361257
"HF","lightcyan","SLC29A2",0.672552526029602
"HF","lightcyan","MZT2A",0.672129947092733
"HF","lightcyan","GALNT16",0.671338131806413
"HF","lightcyan","GSTM4",0.669428045659902
"HF","lightcyan","ME3",0.661858211054891
"HF","lightcyan","FAM219B",0.660849563763743
"HF","lightcyan","CTNNBIP1",0.657678173771601
"HF","lightcyan","LPCAT4",0.650665082496869
"HF","lightcyan","ACAD9",0.6503060798391
"HF","lightcyan","UBAP2",0.646029771987527
"HF","lightcyan","EPS15L1",0.641961771206623
"HF","lightcyan","LRSAM1",0.640954903522672
"HF","lightcyan","CRAT",0.640696582081239
"HF","lightcyan","TESC",0.63801820888961
"HF","lightcyan","GREB1",0.637693233055108
"HF","lightcyan","QARS1",0.63170826761653
"HF","lightcyan","SH3RF2",0.624130760925681
"HF","lightcyan","CA14",0.623849340505413
"HF","lightcyan","DNAAF5",0.616116817703498
"HF","lightcyan","MPI",0.613860500529181
"HF","lightcyan","MED25",0.613042081477285
"HF","lightcyan","RSAD1",0.612226668166273
"HF","lightcyan","SIRT2",0.607909436207303
"HF","lightcyan","PPARGC1B",0.602904594688216
"HF","lightcyan","AAAS",0.602594684815642
"HF","lightcyan","ALS2CL",0.590305702596826
"HF","lightcyan","RPAP1",0.587335358042252
"HF","lightcyan","ATP6V0E2",0.585596409385588
"HF","lightcyan","COQ8B",0.58367763823869
"HF","lightcyan","SMTN",0.581865844212744
"HF","lightcyan","CDCA7L",0.579531748615771
"HF","lightcyan","TMEM161A",0.577125449862006
"HF","lightcyan","APOBEC3C",0.571031455332454
"HF","lightcyan","SLC25A34",0.570817980793779
"HF","lightcyan","RABGGTA",0.564893425090249
"HF","lightcyan","CDH13",0.560117553571806
"HF","lightcyan","EXOSC5",0.557418804638724
"HF","lightcyan","TRMT9B",0.549908792311756
"HF","lightcyan","SLC29A1",0.548411016391093
"HF","lightcyan","COQ4",0.548283778408434
"HF","lightcyan","TRAK1",0.548058804023458
"HF","lightcyan","RTL8A",0.53988142341332
"HF","lightcyan","AQP7",0.528901399103339
"HF","lightcyan","TSC22D1",0.527281331525776
"HF","lightcyan","AFMID",0.517928761557432
"HF","lightcyan","HLF",0.515591403062446
"HF","lightcyan","SEC16B",0.513998645323729
"HF","lightcyan","ADCK1",0.508682485438258
"HF","lightcyan","CSGALNACT1",0.503619220198164
"HF","lightcyan","CELSR2",0.49755050666409
"HF","lightcyan","ABCB8",0.49643624984461
"HF","lightcyan","ATP5MC2",0.492996788095039
"HF","lightcyan","PLXNB1",0.487322939496129
"HF","lightgreen","SLC2A3",0.912270036343322
"HF","lightgreen","JUNB",0.881337086029146
"HF","lightgreen","ADAMTS4",0.880234871200237
"HF","lightgreen","ADAMTS1",0.858263341917379
"HF","lightgreen","SOCS3",0.854006956625549
"HF","lightgreen","TNFRSF10D",0.849785295913276
"HF","lightgreen","NR4A2",0.834285379553957
"HF","lightgreen","CCNL1",0.829817642568418
"HF","lightgreen","PLK3",0.809440477077854
"HF","lightgreen","NR4A1",0.808253817086818
"HF","lightgreen","PLAUR",0.774035743953623
"HF","lightgreen","BHLHE40",0.766938118225195
"HF","lightgreen","B3GNT5",0.765949395876127
"HF","lightgreen","CEMIP2",0.765165488427938
"HF","lightgreen","NFKBIZ",0.764604935225035
"HF","lightgreen","BCL3",0.759420791700425
"HF","lightgreen","ZBTB21",0.754396207768211
"HF","lightgreen","SIK1",0.749812655854265
"HF","lightgreen","CDC42SE1",0.74166827659875
"HF","lightgreen","NR4A3",0.728794423939038
"HF","lightgreen","PELI1",0.7286440284974
"HF","lightgreen","EGR1",0.727379962643477
"HF","lightgreen","NFKBID",0.725467512356714
"HF","lightgreen","THBD",0.722732525720075
"HF","lightgreen","DUSP5",0.708828191577905
"HF","lightgreen","CXCL2",0.707442379540947
"HF","lightgreen","ICAM1",0.700981836146857
"HF","lightgreen","C11orf96",0.688038991034361
"HF","lightgreen","FOS",0.682937887866815
"HF","lightgreen","JOSD1",0.682759977295246
"HF","lightgreen","DUSP1",0.682701581234463
"HF","lightgreen","USP36",0.676213520629954
"HF","lightgreen","ETS2",0.673460359915252
"HF","lightgreen","PPP1R15B",0.672028383032356
"HF","lightgreen","ZC3H12A",0.667606263446098
"HF","lightgreen","RNF122",0.65488898771577
"HF","lightgreen","RGS16",0.650691965952643
"HF","lightgreen","ADAMTS9",0.644263300991924
"HF","lightgreen","ATP1B3",0.630423271184691
"HF","lightgreen","CHD1",0.62986777822331
"HF","lightgreen","CCL2",0.627332291058352
"HF","lightgreen","MCL1",0.620946217473795
"HF","lightgreen","BTG3",0.619220429189055
"HF","lightgreen","CCN1",0.613226352305174
"HF","lightgreen","PPM1D",0.609178827725485
"HF","lightgreen","LDLR",0.607325546409777
"HF","lightgreen","JUND",0.595236685615352
"HF","lightgreen","STX5",0.593688318461959
"HF","lightgreen","KLF10",0.58519703830543
"HF","lightgreen","IER2",0.57105197768061
"HF","lightgreen","INHBB",0.563977975928641
"HF","lightgreen","DNAJB1",0.56065383212004
"HF","lightgreen","ATF3",0.558215567135103
"HF","lightgreen","ZNF331",0.556306982995406
"HF","lightgreen","RASSF1",0.554297364862197
"HF","lightgreen","ARL5B",0.535775856483042
"HF","lightgreen","MIDN",0.52187047255958
"HF","lightgreen","TNFRSF10A",0.516992775463247
"HF","lightgreen","KDM6B",0.513766428362658
"HF","lightgreen","CHST2",0.511546049599992
"HF","lightgreen","IFRD1",0.510641670714125
"HF","lightgreen","HES1",0.50514397590303
"HF","lightgreen","EPHA2",0.503522028619112
"HF","lightgreen","LRRC32",0.495986218012499
"HF","lightgreen","SERTAD1",0.491476502948441
"HF","lightgreen","SERTAD3",0.484048942331205
"HF","lightgreen","CREM",0.459759321888768
"HF","lightgreen","MIR22HG",0.45823549600766
"HF","lightgreen","INTS6",0.456654065058141
"HF","lightgreen","OTUD1",0.301279384919015
"HF","lightyellow","ATP5F1D",0.838107377706512
"HF","lightyellow","BCKDK",0.823962077115245
"HF","lightyellow","BANF1",0.817595908396582
"HF","lightyellow","SLC35A4",0.813797993153825
"HF","lightyellow","COX8A",0.778802332753139
"HF","lightyellow","UBL7",0.766844611036714
"HF","lightyellow","PIGS",0.755776641337108
"HF","lightyellow","YIPF3",0.739477717475594
"HF","lightyellow","ECH1",0.733644498653135
"HF","lightyellow","IDH3G",0.733499869765598
"HF","lightyellow","WBP2",0.716874949388895
"HF","lightyellow","PSMF1",0.710865002724701
"HF","lightyellow","PSMC4",0.706572515075127
"HF","lightyellow","MARK2",0.70437735944326
"HF","lightyellow","GPI",0.699812021177891
"HF","lightyellow","MRPL2",0.695354696006305
"HF","lightyellow","CLPTM1",0.691082384903775
"HF","lightyellow","MECR",0.683386312857404
"HF","lightyellow","PANK4",0.683261357994901
"HF","lightyellow","GRHPR",0.670728679019646
"HF","lightyellow","NFYC",0.662574896917342
"HF","lightyellow","RHBDD2",0.643750977352156
"HF","lightyellow","AGPAT1",0.637633240094994
"HF","lightyellow","MAGED1",0.636919618997866
"HF","lightyellow","DCXR",0.63538304199594
"HF","lightyellow","TMEM109",0.63393778299721
"HF","lightyellow","COG1",0.630514091578182
"HF","lightyellow","DNAJC4",0.626221014501631
"HF","lightyellow","SCAMP3",0.622764998888393
"HF","lightyellow","VPS28",0.621751895029936
"HF","lightyellow","DYNLRB1",0.60654343157436
"HF","lightyellow","OAZ1",0.605603908361479
"HF","lightyellow","ARL2",0.605109806966365
"HF","lightyellow","RAB1B",0.603881214976711
"HF","lightyellow","CAPZB",0.602574880115826
"HF","lightyellow","RNF167",0.600810679905354
"HF","lightyellow","MRPL4",0.597869237653321
"HF","lightyellow","PPP1CA",0.593783930795886
"HF","lightyellow","ZFPL1",0.590380882751237
"HF","lightyellow","TCEA2",0.588874834149075
"HF","lightyellow","ZNRD2",0.587861287360411
"HF","lightyellow","FIBP",0.586141842034442
"HF","lightyellow","CSNK2B",0.585000538055352
"HF","lightyellow","TBC1D25",0.580741500707149
"HF","lightyellow","TTC7B",0.580686450980021
"HF","lightyellow","UBIAD1",0.579940827220266
"HF","lightyellow","SHARPIN",0.575773337054636
"HF","lightyellow","CDIPT",0.573632819450276
"HF","lightyellow","DDA1",0.567297440720499
"HF","lightyellow","FLOT2",0.563275467150201
"HF","lightyellow","TWF2",0.549689355201071
"HF","lightyellow","U2AF1L4",0.548659101404456
"HF","lightyellow","ARF5",0.533317389484081
"HF","lightyellow","DXO",0.518070506588451
"HF","lightyellow","PIGZ",0.514151872171958
"HF","lightyellow","TRIR",0.492463265195769
"HF","lightyellow","TRAPPC1",0.44905610523932
"HF","lightyellow","WDR83OS",0.433749040734352
"HF","magenta","PPARG",0.890866355408191
"HF","magenta","AOC3",0.884654389811454
"HF","magenta","PFKFB3",0.883878758100394
"HF","magenta","PYGL",0.878341116257237
"HF","magenta","C2CD2",0.872154883947612
"HF","magenta","ESYT1",0.872008232642668
"HF","magenta","HACD2",0.866546631453716
"HF","magenta","EPHX1",0.864572595134208
"HF","magenta","TKT",0.848530452406799
"HF","magenta","GPD1",0.847155465318025
"HF","magenta","SLC25A1",0.845055343123615
"HF","magenta","FASN",0.844866004486151
"HF","magenta","PPP2R1B",0.84352266265929
"HF","magenta","TMEM37",0.838181539463988
"HF","magenta","DOCK11",0.837892762087862
"HF","magenta","SLC29A4",0.830941090040631
"HF","magenta","SLC1A5",0.829794515521813
"HF","magenta","MGST1",0.828402327094056
"HF","magenta","FNDC4",0.828274868895149
"HF","magenta","STAT5A",0.828226450684184
"HF","magenta","PLIN1",0.827135296133864
"HF","magenta","EHBP1",0.820205054646344
"HF","magenta","GPAM",0.819981161603479
"HF","magenta","BOK",0.817103684083934
"HF","magenta","MEST",0.812162381220569
"HF","magenta","SYNE3",0.811869910526532
"HF","magenta","ANG",0.811011961774862
"HF","magenta","APOL6",0.8103111861562
"HF","magenta","PHGDH",0.80748032451993
"HF","magenta","GDPD5",0.804285384308174
"HF","magenta","CABLES1",0.80258031731761
"HF","magenta","PC",0.800119733866341
"HF","magenta","PRKCD",0.798212155763477
"HF","magenta","RDH5",0.792324270493974
"HF","magenta","MMD",0.789767059519208
"HF","magenta","DGAT2",0.78697157114074
"HF","magenta","AOX1",0.7852631136376
"HF","magenta","EBF1",0.785081897243749
"HF","magenta","PDE1B",0.783897963727756
"HF","magenta","TSKU",0.781399314487955
"HF","magenta","RETSAT",0.781206072565161
"HF","magenta","SOX5",0.778838918764801
"HF","magenta","FAM13A",0.777888803213423
"HF","magenta","PGRMC1",0.776043407380404
"HF","magenta","ADH1A",0.776002128987022
"HF","magenta","HILPDA",0.775901990979198
"HF","magenta","ARHGAP32",0.773361331355926
"HF","magenta","DTX1",0.772038449785106
"HF","magenta","APMAP",0.771601268375339
"HF","magenta","TYRO3",0.770665918217826
"HF","magenta","LIPE",0.769125845634276
"HF","magenta","G6PD",0.767984616800937
"HF","magenta","TFE3",0.765178665083507
"HF","magenta","ELOVL5",0.764158687803621
"HF","magenta","GHR",0.763655762605094
"HF","magenta","ITSN1",0.763373728543467
"HF","magenta","ADH1B",0.76007231929782
"HF","magenta","CDO1",0.759763796285069
"HF","magenta","RARRES2",0.755438047070155
"HF","magenta","AKR1C2",0.754937468652056
"HF","magenta","ADH1C",0.754273320130845
"HF","magenta","NPR1",0.752037839880488
"HF","magenta","PCK2",0.747675908222845
"HF","magenta","VKORC1L1",0.744401134300338
"HF","magenta","NRIP1",0.737076736617869
"HF","magenta","CFD",0.735760073652681
"HF","magenta","TNFRSF21",0.734197039949182
"HF","magenta","ADAMTS12",0.729680196780965
"HF","magenta","CACHD1",0.727279977198735
"HF","magenta","PDE3B",0.724059087551045
"HF","magenta","AGPAT2",0.720370428224993
"HF","magenta","CD248",0.719926260294727
"HF","magenta","FAM89A",0.719034401324903
"HF","magenta","SCD",0.71682821929435
"HF","magenta","FZD4",0.716783994016756
"HF","magenta","FABP4",0.714696410425213
"HF","magenta","PALS2",0.712485356571657
"HF","magenta","NQO1",0.709437845285625
"HF","magenta","CSAD",0.703311746737238
"HF","magenta","AGTR1",0.702341168325595
"HF","magenta","TMEM135",0.69926683224569
"HF","magenta","ATP9A",0.697658262247406
"HF","magenta","ERV3-1",0.695749172283232
"HF","magenta","CAMK1",0.693721525304505
"HF","magenta","ACLY",0.692238623067668
"HF","magenta","MTARC1",0.683566954958478
"HF","magenta","ASPH",0.683066196724828
"HF","magenta","ZFHX4",0.678376757613227
"HF","magenta","ACACA",0.678108132442008
"HF","magenta","SIK2",0.672499598080336
"HF","magenta","TMOD2",0.671721429875416
"HF","magenta","TGFBR3",0.669461598049839
"HF","magenta","SREBF1",0.666024349273714
"HF","magenta","TMT1A",0.665029132653098
"HF","magenta","PGD",0.66384143534784
"HF","magenta","IDH1",0.662507752438438
"HF","magenta","ANO6",0.66187156447209
"HF","magenta","ABHD15",0.661574775842721
"HF","magenta","ALDH1A1",0.661319298063075
"HF","magenta","TMEM218",0.659451946722793
"HF","magenta","PEG10",0.655714951014096
"HF","magenta","GNAL",0.655105921589037
"HF","magenta","RNF157",0.651517080608553
"HF","magenta","CDON",0.643439119620736
"HF","magenta","ACACB",0.641912884056811
"HF","magenta","MBD2",0.638931550619735
"HF","magenta","PTEN",0.634783976688476
"HF","magenta","TBC1D16",0.632585862221607
"HF","magenta","GGCX",0.630859402419048
"HF","magenta","GNG2",0.630671074417712
"HF","magenta","GPX4",0.627718927013351
"HF","magenta","ACSF2",0.626185414599856
"HF","magenta","WASF3",0.624132865576214
"HF","magenta","DHCR24",0.618484102609129
"HF","magenta","SMIM3",0.613269166813642
"HF","magenta","TLE1",0.61158728105555
"HF","magenta","STS",0.610739866445151
"HF","magenta","RALGAPA2",0.609799680901886
"HF","magenta","NECTIN3",0.607049640649964
"HF","magenta","BCAP31",0.606325532433264
"HF","magenta","EGFR",0.604795295463441
"HF","magenta","SKP2",0.603787272743033
"HF","magenta","ENPP1",0.601926501906941
"HF","magenta","ABHD5",0.594527423746808
"HF","magenta","BIN1",0.594315707604513
"HF","magenta","CD81",0.589431820782536
"HF","magenta","ASS1",0.586776251848252
"HF","magenta","TMEM254",0.585475675782934
"HF","magenta","ZHX1",0.582386673195129
"HF","magenta","TSPAN3",0.580078102918105
"HF","magenta","HSPA12A",0.578771966953796
"HF","magenta","FAH",0.576874926231692
"HF","magenta","RXRA",0.575669486931334
"HF","magenta","SNCG",0.574692728773629
"HF","magenta","BTD",0.56709627273446
"HF","magenta","MME",0.562732383576743
"HF","magenta","RDH10",0.556878585879205
"HF","magenta","TSPAN15",0.554861616022323
"HF","magenta","TMBIM1",0.552504421864716
"HF","magenta","PDE2A",0.546580854865094
"HF","magenta","GPR180",0.543704048369432
"HF","magenta","F10",0.540196778840449
"HF","magenta","CCL21",0.536548341848065
"HF","magenta","GRK3",0.53312308777158
"HF","magenta","ME1",0.521011629599711
"HF","magenta","CAT",0.518444708521676
"HF","magenta","TFF3",0.515615199451753
"HF","magenta","PALM",0.514713078373697
"HF","magenta","CRISPLD2",0.50976707814598
"HF","magenta","PDXK",0.507139857817011
"HF","magenta","CXCL12",0.505194297759133
"HF","magenta","ELMOD3",0.504554099583101
"HF","magenta","ABCA9",0.504069986432313
"HF","magenta","ITGB1BP1",0.498287295164562
"HF","magenta","STX11",0.495290001763045
"HF","magenta","CES1",0.493501895416215
"HF","magenta","G0S2",0.489705091748182
"HF","magenta","FAM171A1",0.486741023918526
"HF","magenta","SELENBP1",0.486726524225698
"HF","magenta","NFIX",0.486329561356675
"HF","magenta","RASGRF2",0.468503820090942
"HF","magenta","CSNK2A2",0.455530406929871
"HF","magenta","ADGRL1",0.436858758349159
"HF","magenta","GSE1",0.434090801211575
"HF","magenta","MYORG",0.3810582644952
"HF","magenta","EFNB1",0.377750662065128
"HF","magenta","PLPP3",0.377155294032581
"HF","midnightblue","ERLEC1",0.785840604693135
"HF","midnightblue","DNAJC3",0.765367873829442
"HF","midnightblue","PDIA3",0.757254674987809
"HF","midnightblue","POLK",0.754649432596809
"HF","midnightblue","SHOC2",0.75151078460787
"HF","midnightblue","RARS1",0.738178958161257
"HF","midnightblue","COPB2",0.736827483183806
"HF","midnightblue","AGPS",0.732786672393328
"HF","midnightblue","SMAD2",0.728563054575396
"HF","midnightblue","SDAD1",0.722573781399009
"HF","midnightblue","CPSF2",0.710019501530611
"HF","midnightblue","SUCO",0.707080012182492
"HF","midnightblue","ASCC3",0.705711224731828
"HF","midnightblue","GOLGA5",0.700899873373536
"HF","midnightblue","PDCD10",0.695337676525987
"HF","midnightblue","THAP12",0.689715424666734
"HF","midnightblue","HSPA13",0.689195002193266
"HF","midnightblue","DCUN1D4",0.687939263699975
"HF","midnightblue","XPO1",0.687863583910371
"HF","midnightblue","STAM2",0.6873346157713
"HF","midnightblue","TMEM167A",0.687230660728601
"HF","midnightblue","PRPF40A",0.686380060072379
"HF","midnightblue","FERRY3",0.681049977333461
"HF","midnightblue","COMMD8",0.678965917605247
"HF","midnightblue","ACSL4",0.674296854176335
"HF","midnightblue","IFT57",0.673801736782517
"HF","midnightblue","TMTC3",0.672150102306391
"HF","midnightblue","HYCC1",0.67019371197275
"HF","midnightblue","TXNDC9",0.668592262844334
"HF","midnightblue","SPCS3",0.667232401164569
"HF","midnightblue","HSP90B1",0.65943639326078
"HF","midnightblue","RPS6KC1",0.655389408749702
"HF","midnightblue","HS2ST1",0.654192057058939
"HF","midnightblue","SMIM15",0.65376219822067
"HF","midnightblue","SH3GLB1",0.650208647785281
"HF","midnightblue","ZFYVE16",0.645125340321695
"HF","midnightblue","GDAP2",0.639425275924876
"HF","midnightblue","CLTC",0.637516230250348
"HF","midnightblue","CSNK1G3",0.636500315200635
"HF","midnightblue","MAK16",0.63642713109141
"HF","midnightblue","PUS7L",0.635768482797621
"HF","midnightblue","STARD3NL",0.634197418918642
"HF","midnightblue","TRAPPC11",0.628637606129433
"HF","midnightblue","SENP6",0.627085021587314
"HF","midnightblue","MNAT1",0.621827136409196
"HF","midnightblue","ZNHIT6",0.62179848793179
"HF","midnightblue","PHAX",0.6209484154247
"HF","midnightblue","RBBP8",0.620245721262231
"HF","midnightblue","SCLT1",0.615896334598269
"HF","midnightblue","OSTM1",0.614361790909
"HF","midnightblue","SRPRB",0.61275559355563
"HF","midnightblue","GNL3",0.61250523570582
"HF","midnightblue","CCDC66",0.609600248536029
"HF","midnightblue","NUP58",0.609412217939924
"HF","midnightblue","PHF6",0.606998032101726
"HF","midnightblue","CCDC82",0.606875797148948
"HF","midnightblue","TBC1D23",0.60518173851499
"HF","midnightblue","FAR1",0.603690129327864
"HF","midnightblue","DNAJB11",0.602280503379863
"HF","midnightblue","AGPAT5",0.602099387185038
"HF","midnightblue","TAF1D",0.595806625339539
"HF","midnightblue","KLHL8",0.591867007587426
"HF","midnightblue","RRAGB",0.591350682784732
"HF","midnightblue","PTS",0.585062734729782
"HF","midnightblue","VTI1B",0.584280830205498
"HF","midnightblue","C1GALT1C1",0.583438952433438
"HF","midnightblue","UGGT1",0.582009467316871
"HF","midnightblue","TIMM9",0.581630063584586
"HF","midnightblue","ZNF654",0.574370904052721
"HF","midnightblue","USP15",0.570362480400857
"HF","midnightblue","ETAA1",0.570161320257706
"HF","midnightblue","LNPK",0.568418565068314
"HF","midnightblue","ORMDL1",0.566165632713107
"HF","midnightblue","FBXO8",0.563890058175225
"HF","midnightblue","PRIMPOL",0.559115588762585
"HF","midnightblue","SUZ12",0.556333705879888
"HF","midnightblue","CCDC90B",0.551871587374658
"HF","midnightblue","GARS1",0.548380980627089
"HF","midnightblue","NPM1",0.546889773977258
"HF","midnightblue","HDAC2",0.544363916343975
"HF","midnightblue","ESF1",0.543844631532802
"HF","midnightblue","KLHL2",0.542143530337526
"HF","midnightblue","ATP6V1G1",0.531787626570287
"HF","midnightblue","KRR1",0.531424293243752
"HF","midnightblue","BLOC1S2",0.531318916135077
"HF","midnightblue","FRRS1",0.530056771266121
"HF","midnightblue","PIBF1",0.529286616949486
"HF","midnightblue","KPNA5",0.528567226501222
"HF","midnightblue","USP1",0.524727829650039
"HF","midnightblue","FAM114A2",0.498980319784023
"HF","midnightblue","CSPP1",0.49206580181483
"HF","midnightblue","GLS",0.482075385252133
"HF","midnightblue","PPP1R12A",0.481747710876083
"HF","pink","PSMA3",0.869176437058558
"HF","pink","MOB4",0.839793735606989
"HF","pink","ARV1",0.829511595002798
"HF","pink","IMPA1",0.829126776641289
"HF","pink","COPS2",0.826626467853538
"HF","pink","AASDHPPT",0.819549202804438
"HF","pink","BTF3L4",0.816967854115236
"HF","pink","ORC4",0.804690615563773
"HF","pink","GTF2A2",0.802876263214675
"HF","pink","PCMTD1",0.798451510472413
"HF","pink","PNPLA8",0.795617024008695
"HF","pink","RPF2",0.78876549264505
"HF","pink","HAT1",0.785190810409627
"HF","pink","USP14",0.783700900168697
"HF","pink","VTA1",0.783552777647063
"HF","pink","SLC30A6",0.783364102114188
"HF","pink","CSE1L",0.782799679925365
"HF","pink","LYSMD3",0.779502065718359
"HF","pink","YTHDF3",0.774751167593716
"HF","pink","TSNAX",0.773986872858097
"HF","pink","PSME3",0.773153251659167
"HF","pink","CRIPT",0.772216778252532
"HF","pink","ERGIC2",0.772169934951377
"HF","pink","ETFRF1",0.769625460711704
"HF","pink","SRP9",0.769332750518243
"HF","pink","RAB18",0.766053105993457
"HF","pink","GIN1",0.765299024104772
"HF","pink","PEX13",0.765082376324308
"HF","pink","DPM1",0.764856768521839
"HF","pink","PIGK",0.764276814133003
"HF","pink","FARSB",0.763927056553457
"HF","pink","COPS4",0.755709402802967
"HF","pink","PSMA4",0.754006125367019
"HF","pink","TMEM106B",0.753025489746901
"HF","pink","ACTR10",0.750088055413435
"HF","pink","EIF1AX",0.746865531313286
"HF","pink","TMEM14C",0.743747252905901
"HF","pink","LACTB2",0.735983386396161
"HF","pink","YAE1",0.735893759004441
"HF","pink","TRMT1L",0.734266078258454
"HF","pink","TRMT10C",0.734032538261575
"HF","pink","RPAP3",0.733614402830936
"HF","pink","NUP43",0.733456587706626
"HF","pink","PSMA2",0.733039831943534
"HF","pink","DNAAF2",0.731555570208959
"HF","pink","STYX",0.731512902671917
"HF","pink","ARL1",0.727790208143437
"HF","pink","RCN2",0.72710543248344
"HF","pink","ASAH1",0.725645957035644
"HF","pink","CPNE3",0.724752133064791
"HF","pink","MTREX",0.722565594682012
"HF","pink","EIF2S1",0.722366258462456
"HF","pink","ZNF277",0.716741232980084
"HF","pink","ELP4",0.716493862564033
"HF","pink","CEP20",0.714786457203693
"HF","pink","PPP2R2A",0.713887087025079
"HF","pink","GSPT1",0.711161418217306
"HF","pink","PSMD14",0.710996406667849
"HF","pink","NT5DC1",0.710040673589654
"HF","pink","MORN2",0.710040284341678
"HF","pink","TPMT",0.709211863110524
"HF","pink","DPH6",0.707881036028405
"HF","pink","ATG3",0.706321202047124
"HF","pink","PNPT1",0.706289311137733
"HF","pink","TOR1AIP2",0.706195430039153
"HF","pink","SNRNP27",0.705628000720717
"HF","pink","RANBP6",0.705525423025315
"HF","pink","RABGGTB",0.702755796710237
"HF","pink","UFL1",0.700543882841289
"HF","pink","EIF3M",0.698436695244225
"HF","pink","TSG101",0.698142916785895
"HF","pink","POMP",0.697521170986339
"HF","pink","TCEAL8",0.695606913628879
"HF","pink","SRP54",0.691815504392949
"HF","pink","UTP11",0.690702860037256
"HF","pink","THOC7",0.689993898363183
"HF","pink","ZMPSTE24",0.689048282831984
"HF","pink","TFB2M",0.68368048491381
"HF","pink","DUS4L",0.678213374599728
"HF","pink","REEP5",0.677586134994762
"HF","pink","MICU2",0.675027890930663
"HF","pink","SKP1",0.672135330949921
"HF","pink","SC5D",0.671621664257811
"HF","pink","ORC3",0.665299330380125
"HF","pink","TM9SF2",0.663768550652312
"HF","pink","GINM1",0.661360894395227
"HF","pink","SLC9A6",0.660314585939702
"HF","pink","ENPP4",0.659182484393233
"HF","pink","LMBRD1",0.658378316471124
"HF","pink","CACYBP",0.658272612863543
"HF","pink","GLO1",0.657101805550649
"HF","pink","RFK",0.653522759410425
"HF","pink","NAPG",0.652152525835204
"HF","pink","PIGU",0.649587094767318
"HF","pink","LSM5",0.649562326241301
"HF","pink","DNAJB4",0.649037319013799
"HF","pink","DIMT1",0.647550095964795
"HF","pink","PSMC6",0.645989006029092
"HF","pink","INTS12",0.645590811804995
"HF","pink","POLR2K",0.643967142065617
"HF","pink","MMGT1",0.643778044444949
"HF","pink","SCOC",0.643742990871419
"HF","pink","PPP6C",0.642263600491615
"HF","pink","ARPP19",0.64211086293998
"HF","pink","LZIC",0.641818567309849
"HF","pink","CNOT7",0.640713386144785
"HF","pink","USO1",0.640404870979641
"HF","pink","GET1",0.639883061377027
"HF","pink","LAMTOR3",0.639114524351931
"HF","pink","NIT2",0.63890068496717
"HF","pink","PPP2R3C",0.637645885904849
"HF","pink","TMEM19",0.636513327823666
"HF","pink","CCDC47",0.635455637167176
"HF","pink","RINT1",0.634508870630359
"HF","pink","ENY2",0.63183041846485
"HF","pink","PFDN4",0.626751785325972
"HF","pink","LARP7",0.626461355764909
"HF","pink","EIF3H",0.626104388979822
"HF","pink","LTV1",0.623851103765944
"HF","pink","HIKESHI",0.623659575952741
"HF","pink","BLZF1",0.623119547217773
"HF","pink","ATE1",0.62108593564001
"HF","pink","UBE2A",0.620488504374776
"HF","pink","C2orf49",0.620343367444136
"HF","pink","RABL3",0.620087956504834
"HF","pink","RB1",0.619569696856177
"HF","pink","EXOSC9",0.61752254187542
"HF","pink","EIF4A2",0.61670096694543
"HF","pink","SLU7",0.614492824211357
"HF","pink","ABITRAM",0.614059094793039
"HF","pink","SLC35F5",0.613347644365769
"HF","pink","TRAPPC13",0.611823473442585
"HF","pink","PYROXD1",0.611328063146638
"HF","pink","SPPL2A",0.608479289009247
"HF","pink","EBAG9",0.607821107980356
"HF","pink","TIGAR",0.607360645224815
"HF","pink","RSL1D1",0.606197849914492
"HF","pink","GTPBP10",0.604132162473296
"HF","pink","CAB39",0.602998631089762
"HF","pink","SELENOT",0.602063061313705
"HF","pink","MCM8",0.59867147290519
"HF","pink","THAP6",0.594977905615767
"HF","pink","SGCB",0.593801046359879
"HF","pink","UBE2W",0.591358552780872
"HF","pink","PAICS",0.591208106605847
"HF","pink","NOL11",0.588109369450469
"HF","pink","TMEM59",0.582829215014364
"HF","pink","PUS3",0.580405349354361
"HF","pink","EIF2A",0.578321358769268
"HF","pink","RAB7A",0.572931656746638
"HF","pink","TTC33",0.572600972612615
"HF","pink","PRDX1",0.572505248663673
"HF","pink","IRAK1BP1",0.567180941721079
"HF","pink","RPP30",0.561065699211086
"HF","pink","RNASEH2B",0.558862002106035
"HF","pink","SNX3",0.557840076764931
"HF","pink","MRPS18C",0.550544529658652
"HF","pink","EI24",0.547286273244632
"HF","pink","PPIL4",0.543022190655297
"HF","pink","TMEM14B",0.539757965226466
"HF","pink","ZNF260",0.538617614211579
"HF","pink","ARSK",0.53633692674583
"HF","pink","DDX6",0.532964537350353
"HF","pink","TMED10",0.526843458509711
"HF","pink","TERF1",0.519381226952627
"HF","pink","UBE2L3",0.516405363681012
"HF","pink","DRG1",0.515680096744867
"HF","pink","DCTN4",0.515298753543312
"HF","pink","METTL15",0.510980986871762
"HF","pink","DERL1",0.503164352247035
"HF","pink","RLIG1",0.501548891889372
"HF","pink","USP8",0.498223463113644
"HF","pink","DEGS1",0.418717811681481
"HF","purple","RPS27",0.901114441630014
"HF","purple","RPL29",0.893670785431193
"HF","purple","RPS10",0.893136563110214
"HF","purple","RPS19",0.85441992648901
"HF","purple","RPS11",0.851421488795465
"HF","purple","RPL31",0.841403546404142
"HF","purple","RPL39",0.837737957879295
"HF","purple","RPL11",0.827062247467542
"HF","purple","RPS7",0.824190514890652
"HF","purple","RPSA",0.824010675542476
"HF","purple","RPS15A",0.822947916184428
"HF","purple","RPS27A",0.812313151962512
"HF","purple","RPS21",0.803449970933233
"HF","purple","RPL17",0.78849778796046
"HF","purple","RPL12",0.781793219626611
"HF","purple","RPL23A",0.780655663488665
"HF","purple","RPS17",0.773824265882994
"HF","purple","RPL36A",0.758175612376637
"HF","purple","RPL35",0.752433777546582
"HF","purple","RPL24",0.749218593928338
"HF","purple","NBEAL1",0.745946773491054
"HF","purple","RPL36",0.741858170391383
"HF","purple","RPLP0",0.735883660541425
"HF","purple","RNF181",0.725235383680484
"HF","purple","RPS12",0.724848129045454
"HF","purple","GUK1",0.711053661922436
"HF","purple","RPS9",0.705607008159313
"HF","purple","ELOB",0.704091440162703
"HF","purple","SNRPD2",0.702809019743853
"HF","purple","RPS8",0.702620525461916
"HF","purple","RPS20",0.700964651104105
"HF","purple","JTB",0.700082285735526
"HF","purple","RPS3",0.700041810567734
"HF","purple","RPL13A",0.698290593526142
"HF","purple","EEF1B2",0.694735019939065
"HF","purple","UBA52",0.694577780070999
"HF","purple","RPS25",0.689566413887846
"HF","purple","RPS14",0.689086624744643
"HF","purple","RPL9",0.686774850527682
"HF","purple","RPS18",0.686406489872137
"HF","purple","RPL38",0.682650588686814
"HF","purple","RPL13",0.680261813222179
"HF","purple","SF3B5",0.680261304335112
"HF","purple","RPL18A",0.679194585337925
"HF","purple","RPS2",0.678869071523749
"HF","purple","RPS6",0.674377466679186
"HF","purple","RPL27A",0.673810271454854
"HF","purple","NENF",0.665979528543145
"HF","purple","TMEM256",0.661780383008506
"HF","purple","NME2",0.661084177582002
"HF","purple","RPL21",0.650678748175977
"HF","purple","RPL26",0.648228947221443
"HF","purple","NOSIP",0.640960079982544
"HF","purple","EIF3I",0.638529408494645
"HF","purple","NME1",0.638182416558942
"HF","purple","RPL4",0.635359064196761
"HF","purple","MAGEH1",0.634022184701641
"HF","purple","RACK1",0.6301617525735
"HF","purple","RPL6",0.628761804444079
"HF","purple","SNHG29",0.628527349635046
"HF","purple","RPL23",0.61927837785048
"HF","purple","SSR4",0.611528852973667
"HF","purple","WDR74",0.598974543272499
"HF","purple","RPLP1",0.596660879559234
"HF","purple","LGALS1",0.596231686712044
"HF","purple","RPLP2",0.596136937973836
"HF","purple","S100A6",0.591307855453071
"HF","purple","VAMP5",0.590812322215082
"HF","purple","POLE4",0.590583278438182
"HF","purple","RPS3A",0.587011033092757
"HF","purple","SF3B6",0.583538745676126
"HF","purple","RPL7A",0.583198439083551
"HF","purple","HINT1",0.581269434415904
"HF","purple","MCRIP1",0.579393998257574
"HF","purple","PFDN5",0.578789122999585
"HF","purple","PLCG2",0.575693560480591
"HF","purple","ATOX1",0.572746171655317
"HF","purple","PSMG3",0.572125846749211
"HF","purple","CWC15",0.56886549917806
"HF","purple","EIF3D",0.567450120068503
"HF","purple","PSMA7",0.565223060991716
"HF","purple","RPL27",0.555742771221582
"HF","purple","RPL32",0.554082078425286
"HF","purple","RPS24",0.551312963195488
"HF","purple","RPL18",0.547964883298919
"HF","purple","TCEAL1",0.543645844592255
"HF","purple","RPS19BP1",0.542187216460472
"HF","purple","TRAPPC2L",0.541120179193546
"HF","purple","C12orf57",0.541010204534959
"HF","purple","TMEM126A",0.539271053252768
"HF","purple","RPL10A",0.537493537457131
"HF","purple","RPL35A",0.535414193053154
"HF","purple","FAM216A",0.531868396805936
"HF","purple","SERF2",0.527982516746805
"HF","purple","FKBP8",0.51938804868054
"HF","purple","GPBP1",0.518915010469796
"HF","purple","SELENOS",0.517593851979761
"HF","purple","COMMD6",0.514160525852145
"HF","purple","EEF1D",0.510355178965631
"HF","purple","POLR2G",0.508759899198821
"HF","purple","IMPDH2",0.507745237151343
"HF","purple","NHP2",0.503676979736259
"HF","purple","RPL15",0.501120174634473
"HF","purple","RPL30",0.500387851187096
"HF","purple","COPS9",0.498832046701612
"HF","purple","GET3",0.497607500351391
"HF","purple","TMEM141",0.493109120015538
"HF","purple","PHF5A",0.489333556878172
"HF","purple","LSM10",0.484186680381683
"HF","purple","DPP7",0.481245736675923
"HF","purple","RPL36AL",0.479922026202927
"HF","purple","AIP",0.479903678611444
"HF","purple","SEC11A",0.478845499156765
"HF","purple","CCT2",0.478735053080274
"HF","purple","SNORD104",0.477896319581188
"HF","purple","NAT9",0.47768321384391
"HF","purple","BLOC1S3",0.47512431638505
"HF","purple","BLOC1S1",0.471033427022865
"HF","purple","NSMCE1",0.470076148955977
"HF","purple","DYNLT1",0.46625158245284
"HF","purple","BLVRA",0.460714588675557
"HF","purple","CNIH1",0.456867874460828
"HF","purple","RPS16",0.455125818660213
"HF","purple","NOP10",0.454059659728145
"HF","purple","MAZ",0.453224265866124
"HF","purple","COA3",0.448735857038513
"HF","purple","ZMYND19",0.446209122022139
"HF","purple","RPS28",0.446192959861055
"HF","purple","PMM1",0.446075934854154
"HF","purple","EIF4EBP1",0.443916938001596
"HF","purple","GRAMD1A",0.440199864794745
"HF","purple","ASL",0.439405347301726
"HF","purple","AHCY",0.438447580183846
"HF","purple","PPP1R14B",0.435334598550486
"HF","purple","NT5C",0.43456642552168
"HF","purple","CCT3",0.432694542795272
"HF","purple","LAMTOR1",0.431777064275952
"HF","purple","MYL6B",0.428408740349966
"HF","purple","PIH1D1",0.428106530625899
"HF","purple","DDX49",0.424185415973384
"HF","purple","ZBTB2",0.423482519797112
"HF","purple","BTF3",0.418833232859879
"HF","purple","STK32C",0.417713770731188
"HF","purple","HCFC1R1",0.415805693312471
"HF","purple","TNFAIP8L3",0.402143859174622
"HF","purple","BAD",0.400328171187998
"HF","purple","EVA1B",0.398660091035281
"HF","purple","HBB",0.397009052496752
"HF","purple","RPS13",0.38882649449431
"HF","purple","DUSP23",0.38476063432641
"HF","purple","TMA7",0.379335474413099
"HF","purple","HSBP1",0.365575875659919
"HF","purple","RPL5",0.317740307790188
"HF","red","HSPA4",0.853163706515894
"HF","red","SAMD4A",0.833238637889415
"HF","red","ADAMTSL5",0.819743354832765
"HF","red","SH3BGR",0.81944302634295
"HF","red","XPR1",0.813758507427039
"HF","red","MAFK",0.812278243355046
"HF","red","DCBLD2",0.81076732014265
"HF","red","EXOC6B",0.808520323667802
"HF","red","INPP4B",0.794818132077842
"HF","red","ALPK3",0.791974519691093
"HF","red","RICTOR",0.789892082839401
"HF","red","ST3GAL6",0.786889103499515
"HF","red","ST6GALNAC4",0.781061053297852
"HF","red","ARHGEF12",0.772772276540662
"HF","red","USP46",0.769454553839029
"HF","red","MAPRE2",0.764357402079779
"HF","red","WIPI1",0.763188848221869
"HF","red","YAF2",0.762184891425259
"HF","red","RAB15",0.760997317091309
"HF","red","ETV1",0.758142126417595
"HF","red","FBXW11",0.75344949210131
"HF","red","MAP4",0.753212705372929
"HF","red","ACE2",0.752557067289702
"HF","red","UBE2H",0.752289458839235
"HF","red","FAM177A1",0.751108606126573
"HF","red","PACS1",0.751079691503986
"HF","red","INSR",0.743879995181606
"HF","red","CFL2",0.74139455240506
"HF","red","NES",0.741020143048935
"HF","red","JAK2",0.737703399673087
"HF","red","COBL",0.735364405551202
"HF","red","EGLN3",0.733698663340608
"HF","red","ARHGEF9",0.72777680171041
"HF","red","MFGE8",0.727701072976431
"HF","red","ZBTB47",0.726889640559161
"HF","red","SLK",0.722376571943267
"HF","red","ILDR2",0.720995099252672
"HF","red","PTGFRN",0.720872769056385
"HF","red","RNF115",0.720092026252119
"HF","red","PLCE1",0.71659530435593
"HF","red","ACOT9",0.716367911977649
"HF","red","SLAIN2",0.716151131308981
"HF","red","WEE1",0.715750994424791
"HF","red","LNX2",0.713950662783202
"HF","red","SORT1",0.713900203570559
"HF","red","FHL1",0.713030274513658
"HF","red","SACS",0.710534537211823
"HF","red","CUX1",0.707344999866086
"HF","red","MPRIP",0.706712516567262
"HF","red","PXYLP1",0.705419140635136
"HF","red","SAMTOR",0.704853736685298
"HF","red","GOLIM4",0.704769220476937
"HF","red","SRF",0.704206070684956
"HF","red","DIAPH1",0.702744012334725
"HF","red","TUBA4A",0.701712195012747
"HF","red","DAPK3",0.701524941466504
"HF","red","DNAJB5",0.700430848748491
"HF","red","DHX32",0.698014014930702
"HF","red","SH3D19",0.696707833924008
"HF","red","MLLT11",0.69530833897877
"HF","red","TNFRSF12A",0.695033558766268
"HF","red","KATNIP",0.693817761109071
"HF","red","STRN",0.691294244882373
"HF","red","B3GALNT2",0.690943654321479
"HF","red","CKAP5",0.686658602013603
"HF","red","MAGI1",0.685986597942276
"HF","red","CYB5R1",0.683295072787975
"HF","red","SHB",0.682495829190124
"HF","red","ICMT",0.678626121420555
"HF","red","LAMA2",0.678560206596257
"HF","red","IGF1R",0.678541552872137
"HF","red","DNAJA4",0.676032840567905
"HF","red","CALU",0.675297557944636
"HF","red","DGKG",0.672869353501109
"HF","red","KCNJ4",0.671061423699253
"HF","red","KIAA1191",0.669982636699948
"HF","red","ENAH",0.667792841126452
"HF","red","TTC39A",0.66563956450795
"HF","red","NEK7",0.662125696184236
"HF","red","AKT1",0.660348882741695
"HF","red","KLC2",0.659529850030619
"HF","red","CYLD",0.656023889543653
"HF","red","MARCHF3",0.655931477642926
"HF","red","PTPN14",0.654502992420241
"HF","red","STK38L",0.652749816059482
"HF","red","PCBP4",0.650685132736885
"HF","red","ADAM19",0.650646203824705
"HF","red","ITGA7",0.650063525361131
"HF","red","CENPN",0.648540927045878
"HF","red","NPR3",0.648171730106718
"HF","red","JAZF1",0.645802895712841
"HF","red","HIPK2",0.644737651682407
"HF","red","IFT43",0.635877373775701
"HF","red","STK39",0.634734207886712
"HF","red","PKIG",0.632598740016561
"HF","red","KIF5B",0.631851644495351
"HF","red","NT5C2",0.627925513237568
"HF","red","SOCS7",0.627572742578856
"HF","red","NFX1",0.621833682869788
"HF","red","DGKD",0.62105242549317
"HF","red","KATNAL1",0.619777437231356
"HF","red","HBEGF",0.618056160250854
"HF","red","SOX9",0.617513234197529
"HF","red","GDF11",0.617006156583156
"HF","red","TPD52L1",0.616557840096045
"HF","red","ZFR",0.615660607538728
"HF","red","RUBCN",0.614387403687024
"HF","red","ZFAND3",0.614073938075321
"HF","red","VCL",0.612676670486716
"HF","red","HK1",0.612101349676491
"HF","red","NUAK1",0.61138544316227
"HF","red","HSPA2",0.610550793008107
"HF","red","TEAD3",0.607979297310371
"HF","red","YBX3",0.607936255730109
"HF","red","SYNJ2",0.605595144542064
"HF","red","MYBL1",0.59841612804889
"HF","red","VTN",0.593294006595473
"HF","red","SOBP",0.592677668370564
"HF","red","TRAK2",0.589939173396643
"HF","red","ABHD2",0.589864652491977
"HF","red","DMWD",0.589447094090653
"HF","red","HOOK2",0.578650601761049
"HF","red","CLTB",0.578362358822462
"HF","red","PEAK1",0.576105816389788
"HF","red","RAB11B",0.575816803376489
"HF","red","TSPAN17",0.575399122747517
"HF","red","TSC22D2",0.575339177424149
"HF","red","MEMO1",0.57499634135334
"HF","red","SAP18",0.570379151394563
"HF","red","LTBP1",0.568389136580812
"HF","red","CDC42EP3",0.566346627945876
"HF","red","GOLGA2",0.564854520679244
"HF","red","TBC1D8",0.562544285424474
"HF","red","ADCY6",0.561967042650927
"HF","red","ARHGAP1",0.561384204205955
"HF","red","MRAS",0.56014581280714
"HF","red","TPM3",0.559864965472681
"HF","red","SPECC1L",0.558325464224921
"HF","red","SHROOM3",0.557947967805429
"HF","red","SRGAP3",0.55664068584774
"HF","red","BCL9",0.555996818646217
"HF","red","RASAL2",0.551484651075384
"HF","red","IGF2BP2",0.547403860091804
"HF","red","HEPH",0.540545935968313
"HF","red","FAM219A",0.540314519382276
"HF","red","CNKSR3",0.540269194422055
"HF","red","C21orf91",0.538134986725956
"HF","red","SLC16A5",0.537932711663387
"HF","red","OTULIN",0.53725374715494
"HF","red","ATOSB",0.534320018539123
"HF","red","ATP2B4",0.532257520481139
"HF","red","FEM1B",0.530508411682308
"HF","red","RRAS2",0.52616120447947
"HF","red","CCND1",0.524841487389415
"HF","red","TRNP1",0.524025240860372
"HF","red","SCMH1",0.522426789130382
"HF","red","DDR1",0.521302988585264
"HF","red","MAP2K3",0.517602758995182
"HF","red","ZBTB38",0.516698171681536
"HF","red","OLFML2A",0.516584945814006
"HF","red","TMEM131L",0.514659361953533
"HF","red","PROS1",0.511351619676698
"HF","red","PTPN1",0.509376124572013
"HF","red","ABCG2",0.507411117093054
"HF","red","PTPDC1",0.504661554035033
"HF","red","PGAM1",0.503425438231299
"HF","red","LPL",0.500953534512646
"HF","red","CRIP3",0.493825418378724
"HF","red","RBFOX2",0.49301786906601
"HF","red","MSS51",0.4895794421566
"HF","red","LGALSL",0.488710570875712
"HF","red","CKAP4",0.478659405749527
"HF","red","RAMP1",0.475382851929891
"HF","red","MGAT4B",0.474093165103234
"HF","red","RCAN1",0.472268884183919
"HF","red","ZEB1",0.469799249035827
"HF","red","UBE2S",0.464456717177771
"HF","red","UBAC2",0.462724688122311
"HF","red","SIK3",0.460930338902918
"HF","red","TUBG1",0.455407662917172
"HF","red","FBXW5",0.435287724757903
"HF","red","KCNC4",0.423208727517027
"HF","red","CHAC1",0.420736228911009
"HF","red","ZNF774",0.416818704802385
"HF","red","KANK2",0.406675037299098
"HF","red","LATS2",0.396935667184279
"HF","red","CHPF",0.391813464637563
"HF","red","PLEKHA6",0.348884480953666
"HF","red","CREB5",0.32070179299666
"HF","royalblue","OAS2",0.8849684910935
"HF","royalblue","MX2",0.881097907733839
"HF","royalblue","PARP9",0.876631177078153
"HF","royalblue","OAS1",0.874647455371588
"HF","royalblue","RIGI",0.873850417094468
"HF","royalblue","PARP14",0.872690390023239
"HF","royalblue","IFI44",0.862795957762316
"HF","royalblue","SAMD9",0.84812180110385
"HF","royalblue","IFIT3",0.84784364397258
"HF","royalblue","DDX60",0.837155116425413
"HF","royalblue","DTX3L",0.829983692641041
"HF","royalblue","SAMD9L",0.822612574878171
"HF","royalblue","OAS3",0.816598075489207
"HF","royalblue","IFI6",0.815837060707188
"HF","royalblue","IRF9",0.798508257670868
"HF","royalblue","IFI44L",0.798417632926552
"HF","royalblue","MX1",0.792491477602145
"HF","royalblue","IFIT2",0.782941671427138
"HF","royalblue","STAT1",0.781039367543428
"HF","royalblue","STAT2",0.78033665579674
"HF","royalblue","PARP12",0.778983886976727
"HF","royalblue","IFI35",0.773776232350453
"HF","royalblue","XAF1",0.763546417941362
"HF","royalblue","DDX60L",0.762106607195502
"HF","royalblue","ADAR",0.753210247567774
"HF","royalblue","RNF213",0.752783539310826
"HF","royalblue","PSMB9",0.740821528906174
"HF","royalblue","RSAD2",0.740572383588223
"HF","royalblue","EIF2AK2",0.727337775828163
"HF","royalblue","SLC15A3",0.725730945905873
"HF","royalblue","B2M",0.721371060804541
"HF","royalblue","LY6E",0.714698776401307
"HF","royalblue","IFI27",0.700014762829256
"HF","royalblue","PHF11",0.697886352065657
"HF","royalblue","BST2",0.696545792199401
"HF","royalblue","TRIM25",0.689713967860396
"HF","royalblue","IFITM1",0.682850953069611
"HF","royalblue","CMPK2",0.674761582862933
"HF","royalblue","SP100",0.670055923201788
"HF","royalblue","NLRC5",0.665867197464026
"HF","royalblue","BTN3A1",0.655691947310537
"HF","royalblue","LAP3",0.64829954260713
"HF","royalblue","BTN3A3",0.626922567643617
"HF","royalblue","MBOAT1",0.617514021649763
"HF","royalblue","A2M",0.595765494843567
"HF","royalblue","BTN2A2",0.593845055868645
"HF","royalblue","BTN3A2",0.583129090598194
"HF","royalblue","HCP5",0.58252456631116
"HF","royalblue","IFIT5",0.557148381034874
"HF","royalblue","APOL3",0.553090494442395
"HF","royalblue","TNFSF10",0.551304155552701
"HF","royalblue","IFIT1",0.525352880492622
"HF","salmon","NUP188",0.795253972704145
"HF","salmon","INPP5F",0.787316822346537
"HF","salmon","DLG1",0.77861167838703
"HF","salmon","DDAH1",0.758235842677514
"HF","salmon","TMEM43",0.739614985394598
"HF","salmon","MAP3K7CL",0.736709127810606
"HF","salmon","TNFRSF11B",0.73226827036818
"HF","salmon","FARP1",0.720490149793923
"HF","salmon","SLC39A10",0.714119591196806
"HF","salmon","MAP3K3",0.710106761078103
"HF","salmon","DYNLT3",0.702587117158884
"HF","salmon","CNN1",0.700601153805197
"HF","salmon","FSTL3",0.693682020467018
"HF","salmon","UCK2",0.691476534042311
"HF","salmon","PICALM",0.689380743359864
"HF","salmon","ZPR1",0.686990399318687
"HF","salmon","WDR1",0.682680678300637
"HF","salmon","FNDC3B",0.67588976008084
"HF","salmon","RNF217",0.670314924490202
"HF","salmon","ASAP1",0.668455441092473
"HF","salmon","ARID5A",0.657336461519987
"HF","salmon","SLC7A1",0.650880586830158
"HF","salmon","SEC31A",0.647355336651476
"HF","salmon","AZIN1",0.645575658835393
"HF","salmon","TRIB1",0.641207021910084
"HF","salmon","SMC5",0.637684171324247
"HF","salmon","PDE8A",0.632926152543803
"HF","salmon","EIF4G3",0.629682759776524
"HF","salmon","UBE2Q2",0.625774782764652
"HF","salmon","USP6NL",0.624281548216378
"HF","salmon","CBFB",0.622355016128624
"HF","salmon","EEA1",0.619065481962105
"HF","salmon","PXDC1",0.618067538493324
"HF","salmon","RAP2A",0.616755540111904
"HF","salmon","AFF4",0.614630663789015
"HF","salmon","SLC26A2",0.611719470975143
"HF","salmon","PI4K2A",0.611499717335501
"HF","salmon","SQLE",0.609155528044487
"HF","salmon","ANKIB1",0.608171064922713
"HF","salmon","EIF2AK3",0.603722621820029
"HF","salmon","PLEKHO1",0.600773926539276
"HF","salmon","C14orf132",0.597470111970123
"HF","salmon","PAG1",0.59526642183541
"HF","salmon","YWHAQ",0.595227647242799
"HF","salmon","CACNB1",0.588405950793288
"HF","salmon","WWTR1",0.588277802656476
"HF","salmon","CCDC6",0.586983595749709
"HF","salmon","C11orf24",0.586794752816735
"HF","salmon","BCL2",0.585209402604181
"HF","salmon","CSGALNACT2",0.583677791660694
"HF","salmon","MAP1B",0.582282908900599
"HF","salmon","PABIR2",0.580309580885307
"HF","salmon","PUM3",0.578179995771126
"HF","salmon","SLC1A4",0.572802173448396
"HF","salmon","EXT1",0.568078341586731
"HF","salmon","PDE8B",0.567327610230601
"HF","salmon","CHPF2",0.564591264856387
"HF","salmon","TBC1D22B",0.56268236935898
"HF","salmon","CALD1",0.562609513682675
"HF","salmon","CASP3",0.561935599089613
"HF","salmon","RASSF8",0.561199446366209
"HF","salmon","DDX21",0.557199393776379
"HF","salmon","ROCK1",0.554944804803116
"HF","salmon","FNDC3A",0.554904411506294
"HF","salmon","EVI5",0.552972373509764
"HF","salmon","BLTP3B",0.552195049340166
"HF","salmon","GOSR2",0.551035733951565
"HF","salmon","PKNOX1",0.543972129177534
"HF","salmon","CYTOR",0.543897199763462
"HF","salmon","ATP11B",0.539407658157909
"HF","salmon","MAP7D3",0.539304746508336
"HF","salmon","RFX7",0.538507791421764
"HF","salmon","SUPT3H",0.537349387089059
"HF","salmon","PANX1",0.536405312803993
"HF","salmon","SH3RF1",0.535907031660665
"HF","salmon","PLPP1",0.532150850938458
"HF","salmon","ADAT1",0.53086368772256
"HF","salmon","STX2",0.53078211143269
"HF","salmon","ABHD12",0.529477271746575
"HF","salmon","CYSTM1",0.524124294814151
"HF","salmon","NOL8",0.524078915675296
"HF","salmon","POLH",0.520872823687391
"HF","salmon","TP53BP2",0.519937115777354
"HF","salmon","GORAB",0.517955945970437
"HF","salmon","AGO2",0.512009656797017
"HF","salmon","TMED3",0.511195976090286
"HF","salmon","TUBA1A",0.510666886774719
"HF","salmon","ASCC2",0.506459984003876
"HF","salmon","PPRC1",0.495316822694554
"HF","salmon","PTPRE",0.494233645958691
"HF","salmon","IDS",0.493892807840742
"HF","salmon","YIF1A",0.491257357724979
"HF","salmon","IER3",0.483131410453867
"HF","salmon","CPED1",0.475013921142899
"HF","salmon","TTC9",0.473385809683603
"HF","salmon","SLC25A5",0.468226997474972
"HF","salmon","TRIM44",0.468031296150485
"HF","salmon","PTPRD",0.465426766097139
"HF","salmon","MBNL1",0.45841320221705
"HF","salmon","SLCO2A1",0.451869447065501
"HF","salmon","ORMDL3",0.434893523275469
"HF","salmon","RRAS",0.410695466562164
"HF","salmon","SOCS2",0.393438287809828
"HF","salmon","AMOTL1",0.391576022291434
"HF","salmon","SLC39A13",0.369561192298901
"HF","tan","MT1M",0.878144583900753
"HF","tan","FKBP5",0.866774673550294
"HF","tan","TSC22D3",0.856411615007594
"HF","tan","IRAK3",0.854924031587308
"HF","tan","ERRFI1",0.847426569953095
"HF","tan","CPM",0.845345685962485
"HF","tan","ARRDC2",0.84396789383138
"HF","tan","ZBTB16",0.839047409604336
"HF","tan","ITPKC",0.836723651708452
"HF","tan","CEBPB",0.830156790743232
"HF","tan","TIPARP",0.823325543121087
"HF","tan","BTG2",0.810946853525289
"HF","tan","ELL2",0.808574491231514
"HF","tan","KLF9",0.806747831565464
"HF","tan","MT1A",0.806084375603962
"HF","tan","PER1",0.804488484341539
"HF","tan","NFKBIA",0.798368838604857
"HF","tan","CEBPD",0.792211345776744
"HF","tan","TACC1",0.790912663418053
"HF","tan","DDIT4",0.782852389970882
"HF","tan","CSRNP1",0.782643012380291
"HF","tan","SLC7A8",0.781353694223709
"HF","tan","MT2A",0.776450401184177
"HF","tan","FOSL2",0.773718656578848
"HF","tan","RPGR",0.771722020106838
"HF","tan","EVA1C",0.766301875741335
"HF","tan","ZNF189",0.759493717160846
"HF","tan","MT1X",0.756849872428744
"HF","tan","GADD45B",0.753347846939228
"HF","tan","DENND3",0.752357255657347
"HF","tan","PRKX",0.749899061770896
"HF","tan","STK17B",0.747292624014733
"HF","tan","SLC19A2",0.745288450943139
"HF","tan","LRRC8A",0.741750176459927
"HF","tan","CDC42EP4",0.740499123840149
"HF","tan","MERTK",0.732896981209619
"HF","tan","TBC1D10A",0.725768458562731
"HF","tan","ZFP36",0.720995549497616
"HF","tan","TAMALIN",0.720941213047702
"HF","tan","MT1E",0.720078710109629
"HF","tan","AFF1",0.719787155933152
"HF","tan","GLUL",0.717824020816153
"HF","tan","KLF15",0.714602387682953
"HF","tan","OGFRL1",0.711576668348875
"HF","tan","ZFAND5",0.708916958019958
"HF","tan","MYC",0.706422739097727
"HF","tan","TAF5L",0.704600767379465
"HF","tan","RHOU",0.704596835021314
"HF","tan","MT1G",0.702715928548372
"HF","tan","TMEM204",0.701588137272355
"HF","tan","IP6K2",0.700658217830837
"HF","tan","LAMB1",0.697887178889567
"HF","tan","RASD1",0.696807640264749
"HF","tan","JADE1",0.696100011623075
"HF","tan","ELF1",0.693947634698539
"HF","tan","NEDD9",0.69081405380376
"HF","tan","RGCC",0.688644546061098
"HF","tan","DOCK9",0.685852844160391
"HF","tan","HYAL2",0.682277694816798
"HF","tan","FNIP2",0.676407350774196
"HF","tan","KLF7",0.674408817222664
"HF","tan","IL1R2",0.673317919176985
"HF","tan","SERPINE1",0.67195389053467
"HF","tan","IRS2",0.671826251395721
"HF","tan","CDKN1A",0.668577783348316
"HF","tan","TAL1",0.66648446894987
"HF","tan","TSPYL2",0.663464855119561
"HF","tan","SEC14L1",0.661850074946726
"HF","tan","APPL2",0.661641004901069
"HF","tan","SLC25A18",0.656671641190716
"HF","tan","MAP3K6",0.653435057065696
"HF","tan","POLR3C",0.652263331284584
"HF","tan","ARID5B",0.641653292819559
"HF","tan","PTPN9",0.630276182242699
"HF","tan","SH3BGRL2",0.627043402162329
"HF","tan","LONRF1",0.620028835718099
"HF","tan","TOB2",0.618746855539318
"HF","tan","PLEKHF1",0.617087643719168
"HF","tan","BIRC3",0.614451258926938
"HF","tan","USP53",0.613814791093171
"HF","tan","CHST3",0.613387776179709
"HF","tan","GADD45G",0.608959242083308
"HF","tan","PDK4",0.608025117546342
"HF","tan","RND3",0.604973037526681
"HF","tan","STARD8",0.597914982896253
"HF","tan","SLC38A2",0.577940973970217
"HF","tan","IFNGR1",0.577078108725726
"HF","tan","DCUN1D3",0.576105012660792
"HF","tan","NCOA3",0.575641141210466
"HF","tan","TNFAIP3",0.565061919840003
"HF","tan","RGS2",0.56176742630921
"HF","tan","KCNB1",0.556084688757518
"HF","tan","STC1",0.552542213687383
"HF","tan","ZDHHC9",0.550339441596695
"HF","tan","KLF13",0.547798372656426
"HF","tan","TBPL1",0.546310363776566
"HF","tan","RHOB",0.54603799913295
"HF","tan","AHCTF1",0.545691690227184
"HF","tan","KLF4",0.544893515089347
"HF","tan","CHKA",0.542447387968284
"HF","tan","KCTD3",0.539881334398955
"HF","tan","ITPRIP",0.534868277991309
"HF","tan","WBP1L",0.531241344220555
"HF","tan","TMCC3",0.530235874797381
"HF","tan","CLEC1A",0.52599472025252
"HF","tan","ZNF703",0.518949774911396
"HF","tan","RORA",0.515107789052302
"HF","tan","TXNL4B",0.514413885026219
"HF","tan","SOX17",0.514238772741773
"HF","tan","ERN1",0.509093697855783
"HF","tan","CLMN",0.50873587555481
"HF","tan","ITGA5",0.508251473025353
"HF","tan","CRK",0.506312187772743
"HF","tan","ZBTB8A",0.500080302798583
"HF","tan","MT1H",0.495811825688138
"HF","tan","EDNRB",0.478101674023326
"HF","tan","PIM1",0.468508290139271
"HF","tan","GOLPH3",0.467634303936309
"HF","tan","PITPNC1",0.467228113752591
"HF","tan","PLIN2",0.462289466835495
"HF","tan","NCKIPSD",0.452499187403147
"HF","tan","BCL2L1",0.448029278146193
"HF","tan","CDA",0.444949797309095
"HF","tan","RNF125",0.444603564276639
"HF","tan","NID1",0.443485431296709
"HF","tan","POGK",0.434270428502672
"HF","tan","JUN",0.433888767591131
"HF","tan","ICAM2",0.432920318351865
"HF","tan","RBBP6",0.432067493359916
"HF","tan","DOC2B",0.431827931072273
"HF","tan","DHRS3",0.424433217017809
"HF","tan","SOCS1",0.42381310782111
"HF","tan","WDCP",0.422236899290701
"HF","tan","POGLUT1",0.421950572654471
"HF","tan","MAP1LC3B",0.418158478655359
"HF","tan","MOCS1",0.417286343407826
"HF","tan","JAK1",0.407756135985397
"HF","tan","UBALD2",0.407470068648847
"HF","tan","CX3CL1",0.400605544889824
"HF","tan","RIMOC1",0.399796683063808
"HF","tan","S1PR1",0.385432597860293
"HF","tan","SUN2",0.384956815085049
"HF","tan","DEPTOR",0.371082464397261
"HF","tan","RFTN1",0.360917776255679
"HF","tan","SLC66A2",0.360709769663728
"HF","tan","PARD6B",0.329970347529172
"HF","turquoise","CUL2",0.867239592835005
"HF","turquoise","GPN3",0.836607327830112
"HF","turquoise","SKIC3",0.832029711553977
"HF","turquoise","MRPL30",0.831430243928217
"HF","turquoise","HARS1",0.822531842889569
"HF","turquoise","ALG11",0.822212205337876
"HF","turquoise","RALB",0.820145433805079
"HF","turquoise","RAD17",0.819356054279623
"HF","turquoise","RAB3GAP2",0.817387878392561
"HF","turquoise","DNAJC24",0.817375207110566
"HF","turquoise","TRAPPC6B",0.81563299046922
"HF","turquoise","THUMPD3",0.814001794006865
"HF","turquoise","CUL5",0.810277116594337
"HF","turquoise","RNGTT",0.808663134808554
"HF","turquoise","SCRN3",0.807444534296384
"HF","turquoise","NKIRAS1",0.803441843089521
"HF","turquoise","WDR33",0.803295093233216
"HF","turquoise","SAR1B",0.802461303862225
"HF","turquoise","MTFMT",0.800255746723289
"HF","turquoise","UBA5",0.799209957600109
"HF","turquoise","DYNC1I2",0.798464478961163
"HF","turquoise","UBR2",0.79796857559042
"HF","turquoise","RAB2A",0.797848615027319
"HF","turquoise","TRAPPC8",0.79562480131794
"HF","turquoise","DBT",0.795370227095384
"HF","turquoise","SRP68",0.793539059104018
"HF","turquoise","C17orf75",0.792146704584153
"HF","turquoise","ATG4A",0.790230758031869
"HF","turquoise","CEP70",0.789635259256436
"HF","turquoise","SCFD1",0.789583636213961
"HF","turquoise","ZNF776",0.789385800133665
"HF","turquoise","XRCC5",0.789325876270797
"HF","turquoise","CLNS1A",0.788521746187738
"HF","turquoise","METTL16",0.787175835652561
"HF","turquoise","NUP133",0.786035703917638
"HF","turquoise","MED6",0.784164013249436
"HF","turquoise","MTNAP1",0.782845944122143
"HF","turquoise","ORC2",0.782800328685184
"HF","turquoise","FAM135A",0.78244190013584
"HF","turquoise","RPF1",0.781948402655414
"HF","turquoise","BNIP2",0.780646453409382
"HF","turquoise","WDR12",0.78035101416663
"HF","turquoise","CNBP",0.778072155829306
"HF","turquoise","POLR3B",0.777963563232533
"HF","turquoise","ASF1A",0.776578862845674
"HF","turquoise","ELP3",0.775152174744033
"HF","turquoise","KLHDC2",0.773963263750232
"HF","turquoise","TSR2",0.773888922177223
"HF","turquoise","MTIF2",0.773661252747085
"HF","turquoise","PLRG1",0.773382563834809
"HF","turquoise","TAF15",0.772464437548412
"HF","turquoise","TCAIM",0.769894737460676
"HF","turquoise","ZNF134",0.769312170348755
"HF","turquoise","CCDC91",0.769286882543621
"HF","turquoise","GNPDA2",0.764696215399087
"HF","turquoise","HNRNPK",0.764293278691631
"HF","turquoise","COG2",0.76422017072466
"HF","turquoise","CCDC43",0.763227404458051
"HF","turquoise","SRRD",0.762249788268443
"HF","turquoise","MGME1",0.761896991824573
"HF","turquoise","PPIG",0.761840486167253
"HF","turquoise","ABRAXAS2",0.760696631579399
"HF","turquoise","NUDT21",0.759708487897897
"HF","turquoise","LARS1",0.75953689497166
"HF","turquoise","IKZF5",0.758379137626082
"HF","turquoise","GSK3B",0.757957229715874
"HF","turquoise","AP4E1",0.757878136511092
"HF","turquoise","RTF2",0.75702226009838
"HF","turquoise","MTO1",0.756852955802149
"HF","turquoise","ABCB7",0.756823924078668
"HF","turquoise","TMEM192",0.756768729012875
"HF","turquoise","RRM1",0.75582579346014
"HF","turquoise","NUCKS1",0.755604991221442
"HF","turquoise","MAGT1",0.755383780522877
"HF","turquoise","SENP2",0.755235095677501
"HF","turquoise","TOMM20",0.754810023374884
"HF","turquoise","MFN1",0.754546491487179
"HF","turquoise","GNPAT",0.754351084722107
"HF","turquoise","YME1L1",0.753534490393288
"HF","turquoise","PDIA6",0.751984940340639
"HF","turquoise","RPRD1A",0.751309138083193
"HF","turquoise","HDAC1",0.751258952156982
"HF","turquoise","GTF2E1",0.75089500982074
"HF","turquoise","CDC23",0.750498368210082
"HF","turquoise","AP5M1",0.75030554457399
"HF","turquoise","PEX2",0.750039616852416
"HF","turquoise","MIGA1",0.749510647311568
"HF","turquoise","CASP8AP2",0.749194687313759
"HF","turquoise","ATXN10",0.748949972803228
"HF","turquoise","GTF3C3",0.748580311131106
"HF","turquoise","UTP3",0.748279976285644
"HF","turquoise","SLC25A40",0.747978875476949
"HF","turquoise","TPP2",0.747386049439521
"HF","turquoise","MRPL18",0.747038917671693
"HF","turquoise","LANCL1",0.746525359999723
"HF","turquoise","DHPS",0.746103181518137
"HF","turquoise","PSMD12",0.745090487226884
"HF","turquoise","EPM2A",0.745062511267803
"HF","turquoise","ARIH1",0.7450423123723
"HF","turquoise","CLINT1",0.744460418998344
"HF","turquoise","PMPCB",0.744428318471856
"HF","turquoise","METAP1",0.744324202696221
"HF","turquoise","TOP2B",0.743510392885833
"HF","turquoise","UCHL5",0.743458319561723
"HF","turquoise","DPY19L4",0.743252814080547
"HF","turquoise","LMBRD2",0.743034373435425
"HF","turquoise","APC",0.741604605440936
"HF","turquoise","LNPEP",0.741396976177046
"HF","turquoise","DCUN1D5",0.73980394679109
"HF","turquoise","CCT5",0.739479308956241
"HF","turquoise","TSR1",0.739383396752395
"HF","turquoise","RNF170",0.739375754654807
"HF","turquoise","BIVM",0.739077314089114
"HF","turquoise","PIK3CB",0.738661079757517
"HF","turquoise","SUPV3L1",0.738301505438507
"HF","turquoise","MTX3",0.738259172154996
"HF","turquoise","NUBP1",0.737904775967018
"HF","turquoise","COPZ1",0.737486276161149
"HF","turquoise","SCCPDH",0.737101295196066
"HF","turquoise","FAM204A",0.736608441946281
"HF","turquoise","ZNF148",0.736135061232881
"HF","turquoise","PALS1",0.736104581738883
"HF","turquoise","TMX3",0.735848366682921
"HF","turquoise","LRIF1",0.734972562940994
"HF","turquoise","TMEM186",0.734189994751133
"HF","turquoise","UBE2K",0.733968028444007
"HF","turquoise","PSMA6",0.733602445753873
"HF","turquoise","NEK9",0.733064334843287
"HF","turquoise","PSMA1",0.732945177246916
"HF","turquoise","CBR4",0.73288180624361
"HF","turquoise","TMEM41B",0.732329795022488
"HF","turquoise","ECPAS",0.732172393138968
"HF","turquoise","TPRG1L",0.732113006463034
"HF","turquoise","PRORP",0.732040240575044
"HF","turquoise","IREB2",0.731877713105664
"HF","turquoise","AGK",0.731757050422631
"HF","turquoise","ARL8B",0.731398759140622
"HF","turquoise","VPS45",0.73032472994045
"HF","turquoise","HECTD1",0.73008382992095
"HF","turquoise","HERC3",0.729634201714163
"HF","turquoise","CAPRIN2",0.727907738470555
"HF","turquoise","MRPS5",0.727707171478048
"HF","turquoise","UPRT",0.727399884836057
"HF","turquoise","PIGN",0.72731412616961
"HF","turquoise","ENTPD5",0.726488328796317
"HF","turquoise","FBH1",0.725855425632089
"HF","turquoise","MAT2B",0.72561064724947
"HF","turquoise","HERC1",0.725030237054937
"HF","turquoise","COX15",0.724800127906493
"HF","turquoise","ALS2",0.724644486927831
"HF","turquoise","APEX1",0.724342691576079
"HF","turquoise","ILRUN",0.7239251053795
"HF","turquoise","COPS6",0.723525203035039
"HF","turquoise","LTN1",0.722604904915173
"HF","turquoise","RBBP7",0.72259376033289
"HF","turquoise","PRPS1",0.722287398943724
"HF","turquoise","PAFAH1B2",0.721776034959406
"HF","turquoise","SCAMP1",0.721580097952103
"HF","turquoise","ATRX",0.721184213495069
"HF","turquoise","RBMX2",0.7211473181857
"HF","turquoise","IPP",0.720839020870956
"HF","turquoise","HNRNPA1",0.720310275007121
"HF","turquoise","ANKMY2",0.719951880155998
"HF","turquoise","TRIM23",0.719870873446397
"HF","turquoise","UTP23",0.719867860778952
"HF","turquoise","UTP15",0.719504858658551
"HF","turquoise","NOL10",0.71916998472799
"HF","turquoise","SSBP1",0.71891553966652
"HF","turquoise","FBXO28",0.718722699534158
"HF","turquoise","CRYZL1",0.718350117026826
"HF","turquoise","UGP2",0.717385627035773
"HF","turquoise","MED4",0.717043865964775
"HF","turquoise","ERG28",0.71694326065808
"HF","turquoise","ZMYM2",0.716786068298953
"HF","turquoise","HARS2",0.716750314412391
"HF","turquoise","TTC19",0.716143440604133
"HF","turquoise","NRDC",0.716040053252004
"HF","turquoise","HNRNPA2B1",0.715548049192135
"HF","turquoise","RNMT",0.715506293572318
"HF","turquoise","GPRASP2",0.714909595744493
"HF","turquoise","PPP2R2D",0.714731286295385
"HF","turquoise","MPC2",0.71447293939997
"HF","turquoise","CSDE1",0.714362012108534
"HF","turquoise","MRPS14",0.714094628275689
"HF","turquoise","SEC61A2",0.713831493660226
"HF","turquoise","PTGR2",0.713590496884752
"HF","turquoise","MORF4L2",0.713497736172092
"HF","turquoise","DPP8",0.712819551910735
"HF","turquoise","ZSCAN26",0.712601998297695
"HF","turquoise","GPRASP3",0.71246845311367
"HF","turquoise","ST13",0.711369366888163
"HF","turquoise","ATP6V1D",0.711116289449491
"HF","turquoise","TFB1M",0.710660624383234
"HF","turquoise","BPGM",0.710472163918507
"HF","turquoise","CAPS2",0.710221404853042
"HF","turquoise","PRMT3",0.710146353200522
"HF","turquoise","SLC25A36",0.709786200537206
"HF","turquoise","SLC30A9",0.70965154950807
"HF","turquoise","DHX9",0.709645570548196
"HF","turquoise","ZC3H12C",0.709588723550511
"HF","turquoise","FBXO22",0.709239557113089
"HF","turquoise","STAMBP",0.708831924049678
"HF","turquoise","TM2D2",0.708546083772299
"HF","turquoise","ELMOD2",0.708388343899173
"HF","turquoise","TTC21B",0.708296916164633
"HF","turquoise","UPF2",0.708136924218835
"HF","turquoise","ZCCHC17",0.707954083568373
"HF","turquoise","SMAD4",0.707567330162228
"HF","turquoise","HNRNPD",0.707431740114127
"HF","turquoise","PSMD1",0.707066337773486
"HF","turquoise","CYB5B",0.707049326973671
"HF","turquoise","HNRNPAB",0.706950696660204
"HF","turquoise","APPL1",0.706337374744935
"HF","turquoise","CLOCK",0.706316107285996
"HF","turquoise","TOGARAM1",0.706290944199872
"HF","turquoise","ACVR2A",0.706225756155337
"HF","turquoise","ATXN7L3B",0.706084222738083
"HF","turquoise","KDM1A",0.705526086231581
"HF","turquoise","CIRBP",0.705118156891021
"HF","turquoise","QKI",0.704983965280982
"HF","turquoise","TIMM8A",0.704813587607506
"HF","turquoise","RNF141",0.70405397952291
"HF","turquoise","THAP5",0.704026611045476
"HF","turquoise","IPO8",0.703974350980634
"HF","turquoise","RANBP2",0.703665075862004
"HF","turquoise","RAN",0.702880412456689
"HF","turquoise","HSP90AA1",0.7025547463634
"HF","turquoise","GOPC",0.702409965907927
"HF","turquoise","ARMCX1",0.702404476486872
"HF","turquoise","MPHOSPH9",0.701535815522599
"HF","turquoise","ZNF248",0.700761592862306
"HF","turquoise","SELENOI",0.700556792270278
"HF","turquoise","ZNF527",0.700132983509297
"HF","turquoise","USP34",0.699752940016765
"HF","turquoise","NDUFAF5",0.698809975431845
"HF","turquoise","ANXA7",0.698610112501838
"HF","turquoise","ANAPC5",0.698512168418347
"HF","turquoise","CCNT2",0.698159249171497
"HF","turquoise","PPP1R8",0.698135657929976
"HF","turquoise","PPP2CA",0.697406603391179
"HF","turquoise","PGGT1B",0.697009320718764
"HF","turquoise","VPS35",0.696894478591895
"HF","turquoise","MRPL42",0.696135814077009
"HF","turquoise","NDUFAF7",0.696127886020206
"HF","turquoise","TFCP2",0.695778984141544
"HF","turquoise","LYPLA1",0.695737138905773
"HF","turquoise","WDR35",0.695635206537177
"HF","turquoise","HSPD1",0.695454125204972
"HF","turquoise","STX17",0.695155699795173
"HF","turquoise","NBR1",0.695062898460357
"HF","turquoise","CEP44",0.694613966603346
"HF","turquoise","CDC123",0.694284816172587
"HF","turquoise","DNAJC7",0.694255704694277
"HF","turquoise","COPS3",0.694042628993942
"HF","turquoise","ZNF772",0.693747065685033
"HF","turquoise","ODR4",0.692992843690417
"HF","turquoise","SNW1",0.692910459231173
"HF","turquoise","FGGY",0.692868224323935
"HF","turquoise","ZNF322",0.691905560295031
"HF","turquoise","ACTR8",0.691877216899824
"HF","turquoise","NAA35",0.69176731841298
"HF","turquoise","SHQ1",0.691334048857139
"HF","turquoise","WDR47",0.691253890163575
"HF","turquoise","CUL3",0.69095304351483
"HF","turquoise","XPO7",0.690767906713374
"HF","turquoise","CIAO2A",0.68909051418616
"HF","turquoise","LRRC40",0.689071939207179
"HF","turquoise","RCHY1",0.688878328925691
"HF","turquoise","H4C8",0.688814836873201
"HF","turquoise","SNX27",0.688026805703534
"HF","turquoise","MAPKAP1",0.68771166917002
"HF","turquoise","DPH5",0.687366152069277
"HF","turquoise","ZNF283",0.687318300778289
"HF","turquoise","RPS6KB1",0.687007186197635
"HF","turquoise","TMED4",0.68695403289706
"HF","turquoise","HIF1AN",0.686830070870422
"HF","turquoise","HSD17B12",0.686366748545551
"HF","turquoise","ZNF480",0.685484084926904
"HF","turquoise","GTF3C6",0.685385570049964
"HF","turquoise","EIF4H",0.685285907498229
"HF","turquoise","TMEM242",0.684958572844683
"HF","turquoise","LMBR1",0.68484563102939
"HF","turquoise","FBXL5",0.684670171226322
"HF","turquoise","ANAPC1",0.684642328184528
"HF","turquoise","NPEPPS",0.684598395972401
"HF","turquoise","CAPZA2",0.684248376802084
"HF","turquoise","UBA3",0.684232223725463
"HF","turquoise","RBM12B",0.684134013946601
"HF","turquoise","TIPRL",0.683720145578225
"HF","turquoise","XPNPEP3",0.683473417388785
"HF","turquoise","RTCA",0.683205290043254
"HF","turquoise","PSMB1",0.683134513281015
"HF","turquoise","KANSL2",0.68247864697817
"HF","turquoise","TRIP4",0.682253053338423
"HF","turquoise","MMADHC",0.682067306174164
"HF","turquoise","TBC1D31",0.681685736448687
"HF","turquoise","ZNF302",0.681531502662763
"HF","turquoise","RNF103",0.681504622811659
"HF","turquoise","DHX35",0.681416218904461
"HF","turquoise","CWC22",0.681346270083449
"HF","turquoise","PEX11B",0.680122528257349
"HF","turquoise","ZNF25",0.680045162427687
"HF","turquoise","DHX57",0.679889989603551
"HF","turquoise","ZNF426",0.679190257877501
"HF","turquoise","ERI2",0.679049027955619
"HF","turquoise","CHM",0.679020476431094
"HF","turquoise","TFAM",0.678596808626011
"HF","turquoise","CLASP2",0.677639357185264
"HF","turquoise","PSMC2",0.677414878172032
"HF","turquoise","ZNF780A",0.677252222414834
"HF","turquoise","CFAP418",0.677136615761839
"HF","turquoise","MKRN1",0.676813975669177
"HF","turquoise","DKC1",0.676604789613108
"HF","turquoise","ZNF770",0.676374443106157
"HF","turquoise","MARCHF7",0.676346919718325
"HF","turquoise","STT3B",0.676306086628446
"HF","turquoise","OCIAD1",0.675726497282654
"HF","turquoise","SAAL1",0.675425478801034
"HF","turquoise","CPSF3",0.675335453077898
"HF","turquoise","RAB3GAP1",0.675049527870104
"HF","turquoise","WBP4",0.674732960593906
"HF","turquoise","PLEKHA3",0.674588450240179
"HF","turquoise","ARFGEF2",0.674588388754579
"HF","turquoise","OARD1",0.674449875878922
"HF","turquoise","GUF1",0.67428497892921
"HF","turquoise","ATG14",0.674087126319243
"HF","turquoise","CCP110",0.673466395704851
"HF","turquoise","LSM14B",0.673176102462368
"HF","turquoise","FAHD1",0.672978602008133
"HF","turquoise","CLPX",0.672345752564944
"HF","turquoise","DHX36",0.672189642173138
"HF","turquoise","METTL6",0.672109836310675
"HF","turquoise","TSTD2",0.671935596970364
"HF","turquoise","POP4",0.671758957891834
"HF","turquoise","TCP1",0.671552733582979
"HF","turquoise","UBR7",0.671446395761466
"HF","turquoise","KARS1",0.670642115818317
"HF","turquoise","AK9",0.670568148451957
"HF","turquoise","ZNF638",0.670428762707822
"HF","turquoise","IER3IP1",0.670415664367249
"HF","turquoise","TADA2B",0.669867074161429
"HF","turquoise","USP9X",0.669713649132216
"HF","turquoise","ZNF146",0.669537652616998
"HF","turquoise","SART3",0.669485527671608
"HF","turquoise","CCDC25",0.669331547264027
"HF","turquoise","GSKIP",0.668700970892549
"HF","turquoise","CDKAL1",0.668477340686999
"HF","turquoise","DNAJC27",0.66814656648298
"HF","turquoise","DHX29",0.667514333645478
"HF","turquoise","TMEM185A",0.666676354315601
"HF","turquoise","IARS2",0.666671652838642
"HF","turquoise","PEX3",0.666374918367882
"HF","turquoise","ZNF24",0.66579602536975
"HF","turquoise","WDPCP",0.665656312600313
"HF","turquoise","ZNF181",0.665608830127642
"HF","turquoise","ANKRD26",0.665042173001546
"HF","turquoise","CHMP2B",0.66487059918012
"HF","turquoise","WWC2",0.664705429924099
"HF","turquoise","SEL1L",0.664225966871661
"HF","turquoise","EPRS1",0.664047336129919
"HF","turquoise","DDX42",0.663723211071355
"HF","turquoise","ZNF174",0.663598912848165
"HF","turquoise","C5orf22",0.663221055206686
"HF","turquoise","COA5",0.662886696048387
"HF","turquoise","SEC11C",0.662591111209103
"HF","turquoise","AP3B1",0.662284892286081
"HF","turquoise","GPHRB",0.662031690281292
"HF","turquoise","EXOSC8",0.661994004737972
"HF","turquoise","C1D",0.661878935903265
"HF","turquoise","TAPT1",0.661583344896622
"HF","turquoise","FUS",0.661108349167072
"HF","turquoise","PUM2",0.660781309826638
"HF","turquoise","DCTN6",0.660475257281682
"HF","turquoise","TYW2",0.66022451908771
"HF","turquoise","SIRT1",0.659967582391495
"HF","turquoise","LRRC28",0.65922257345483
"HF","turquoise","ZBTB37",0.659122283322629
"HF","turquoise","FEZ2",0.658927823603404
"HF","turquoise","USP16",0.658852297322829
"HF","turquoise","SMU1",0.657923827959095
"HF","turquoise","ZNF17",0.657699471872329
"HF","turquoise","ZNF326",0.657355080739283
"HF","turquoise","RAB28",0.656918879394335
"HF","turquoise","TSN",0.656877857437424
"HF","turquoise","HERC6",0.65676894735406
"HF","turquoise","INSIG2",0.656543051756217
"HF","turquoise","KMT5B",0.655965605785987
"HF","turquoise","TDP2",0.655861599820734
"HF","turquoise","GTF2H5",0.655788806624477
"HF","turquoise","UIMC1",0.655414597338022
"HF","turquoise","PLAA",0.655171541508409
"HF","turquoise","EXOSC7",0.654689522438217
"HF","turquoise","UBXN4",0.654635028840691
"HF","turquoise","SBNO1",0.654145042701913
"HF","turquoise","NCKAP1",0.654137035161237
"HF","turquoise","ADK",0.653449801975257
"HF","turquoise","LRP12",0.653081267899666
"HF","turquoise","IPO11",0.653046155439583
"HF","turquoise","PAIP2",0.652723844898848
"HF","turquoise","NSMCE2",0.652635918028057
"HF","turquoise","ARMCX3",0.652529471540122
"HF","turquoise","NARS2",0.651826272881947
"HF","turquoise","PEX12",0.651585169990685
"HF","turquoise","SETD3",0.651487446356191
"HF","turquoise","CSTF3",0.651398062797602
"HF","turquoise","EIF3J",0.651270056605487
"HF","turquoise","YWHAE",0.651210760097223
"HF","turquoise","ZRANB2",0.651190737415773
"HF","turquoise","DCPH1",0.650786845997085
"HF","turquoise","ZNF304",0.650611934986429
"HF","turquoise","POLR3F",0.650481446770371
"HF","turquoise","EPHX2",0.650279688230835
"HF","turquoise","NUB1",0.650227570835101
"HF","turquoise","PRPSAP2",0.650053443917663
"HF","turquoise","CCDC112",0.649962431621484
"HF","turquoise","TIMCC",0.649948110111171
"HF","turquoise","COG4",0.649320143342741
"HF","turquoise","PARP2",0.649133998876896
"HF","turquoise","NUP155",0.648988556913146
"HF","turquoise","LRBA",0.648980957715411
"HF","turquoise","MIOS",0.648728300418001
"HF","turquoise","UBE2D3",0.64832728740941
"HF","turquoise","MED1",0.647834218261038
"HF","turquoise","ZMYND11",0.64782833842307
"HF","turquoise","PCMTD2",0.647663687721582
"HF","turquoise","TMEM117",0.647252135836421
"HF","turquoise","LTAP1",0.646677144267952
"HF","turquoise","DDB1",0.646241503988196
"HF","turquoise","SUMO2",0.646147616954867
"HF","turquoise","SEPSECS",0.645895929324581
"HF","turquoise","B3GLCT",0.645663526065444
"HF","turquoise","ZNF383",0.645570747769749
"HF","turquoise","DIS3L",0.645454851582497
"HF","turquoise","GAPVD1",0.64544889258081
"HF","turquoise","KRIT1",0.645022041435999
"HF","turquoise","VPS36",0.6450188279526
"HF","turquoise","TNPO3",0.644673285555379
"HF","turquoise","ANAPC7",0.644613130482898
"HF","turquoise","PTPN4",0.644516762542375
"HF","turquoise","INTS8",0.644478838963997
"HF","turquoise","RFC4",0.644123923292262
"HF","turquoise","ADAM10",0.644106708409006
"HF","turquoise","GOLPH3L",0.643939238117838
"HF","turquoise","KDM5A",0.643531510999337
"HF","turquoise","ZNF461",0.643414247529721
"HF","turquoise","SPDL1",0.643029589596316
"HF","turquoise","OTUD7B",0.642740206410089
"HF","turquoise","TBL1XR1",0.642593625332291
"HF","turquoise","SNX12",0.642503813397367
"HF","turquoise","GFPT1",0.642146959167678
"HF","turquoise","PRP4K",0.641955582057963
"HF","turquoise","MRPL22",0.641710505982604
"HF","turquoise","ZNF234",0.641707302284376
"HF","turquoise","OSGEPL1",0.641461957365674
"HF","turquoise","BIRC6",0.641073711638406
"HF","turquoise","RBSN",0.640788368855677
"HF","turquoise","ZNF507",0.640780191173509
"HF","turquoise","SLC4A1AP",0.640733536265541
"HF","turquoise","MFSD11",0.640658943546782
"HF","turquoise","PCM1",0.640382844705384
"HF","turquoise","TMEM67",0.640005831220377
"HF","turquoise","DDHD2",0.63992792121578
"HF","turquoise","ZNF585B",0.639710551610188
"HF","turquoise","FBXO45",0.639708204273651
"HF","turquoise","PSMB6",0.639702422446694
"HF","turquoise","QRSL1",0.639574968498561
"HF","turquoise","RXYLT1",0.639539346909411
"HF","turquoise","TMED2",0.639003321457501
"HF","turquoise","FAM98B",0.638871372866398
"HF","turquoise","PLEKHF2",0.638240094496621
"HF","turquoise","UBR5",0.637855042077366
"HF","turquoise","FAM185A",0.637835142163933
"HF","turquoise","MRPL49",0.637443016791176
"HF","turquoise","TRIP11",0.637243455748042
"HF","turquoise","GPRASP1",0.637022834804716
"HF","turquoise","TIAL1",0.636956496519681
"HF","turquoise","CALM2",0.636933724414664
"HF","turquoise","MRPL47",0.636795952795211
"HF","turquoise","CEP57",0.636538295611719
"HF","turquoise","AUH",0.636511940763612
"HF","turquoise","PAAF1",0.636349644351031
"HF","turquoise","SLC46A3",0.636206104237408
"HF","turquoise","FBXO30",0.636098162482058
"HF","turquoise","SNRNP35",0.636022458895257
"HF","turquoise","DDX20",0.635855937983392
"HF","turquoise","STRADB",0.635814808323924
"HF","turquoise","TNKS",0.635587726886026
"HF","turquoise","ERLIN2",0.635531823794977
"HF","turquoise","JADE3",0.635508199456566
"HF","turquoise","SNRNP48",0.635396349900717
"HF","turquoise","BLTP1",0.635358619322363
"HF","turquoise","ZFAND1",0.635302830196809
"HF","turquoise","SUCLG2",0.635013277305203
"HF","turquoise","HMGXB4",0.634897709097687
"HF","turquoise","TFIP11",0.634331824342446
"HF","turquoise","OAZ2",0.634189390611322
"HF","turquoise","H2AZ2",0.633457477531799
"HF","turquoise","COG6",0.633370434100304
"HF","turquoise","DMXL1",0.633142784656329
"HF","turquoise","HSF2",0.633087857457688
"HF","turquoise","CMAS",0.632820547815216
"HF","turquoise","ASAH2B",0.632782753453248
"HF","turquoise","IFT74",0.632763353029798
"HF","turquoise","ZNG1B",0.632671887482105
"HF","turquoise","LYPLAL1",0.632451521146859
"HF","turquoise","MLX",0.632335659967856
"HF","turquoise","PPA2",0.632084301095026
"HF","turquoise","MAPK8",0.632049562349871
"HF","turquoise","FAM98A",0.632045275571583
"HF","turquoise","PAIP1",0.63203680767708
"HF","turquoise","TMCO1",0.631128108025013
"HF","turquoise","ZNF445",0.631103511384887
"HF","turquoise","ZZZ3",0.630016252834866
"HF","turquoise","ILF3-DT",0.629994166245408
"HF","turquoise","COPS8",0.629680618663559
"HF","turquoise","USP48",0.629386911850626
"HF","turquoise","PPP3CB",0.629333383836056
"HF","turquoise","NR2C1",0.629245041294268
"HF","turquoise","GSPT2",0.629175458305609
"HF","turquoise","GIGYF2",0.628858264049973
"HF","turquoise","ZFYVE9",0.628622917577937
"HF","turquoise","RBBP5",0.628234344553047
"HF","turquoise","GOLGA4",0.627869826544584
"HF","turquoise","SWT1",0.627822473795519
"HF","turquoise","DNAJC13",0.627596957286421
"HF","turquoise","ATP2C1",0.627496539981372
"HF","turquoise","HNRNPA3",0.627377097226296
"HF","turquoise","ZNF418",0.627325884491143
"HF","turquoise","CNEP1R1",0.6272129707604
"HF","turquoise","AAMP",0.626940532918345
"HF","turquoise","CDC16",0.62687000279786
"HF","turquoise","PDIK1L",0.626559937262351
"HF","turquoise","TMEM209",0.626480598735543
"HF","turquoise","IBTK",0.626465851253524
"HF","turquoise","GLMN",0.626421542921034
"HF","turquoise","DNAJB9",0.626078566211362
"HF","turquoise","LMAN1",0.625696072773156
"HF","turquoise","CDC40",0.625659177505095
"HF","turquoise","USP47",0.625471882744558
"HF","turquoise","MACO1",0.625441024375909
"HF","turquoise","GTF2A1",0.625407133555928
"HF","turquoise","CROT",0.625286558566406
"HF","turquoise","EMC7",0.625160679386136
"HF","turquoise","KIF3A",0.625009949410937
"HF","turquoise","SPIN1",0.624641348776506
"HF","turquoise","SETDB2",0.624414578182058
"HF","turquoise","SLTM",0.624288552598105
"HF","turquoise","SDF2",0.624227321437862
"HF","turquoise","ZCRB1",0.624095434982423
"HF","turquoise","CCDC174",0.623740218433275
"HF","turquoise","CEP63",0.623184950861419
"HF","turquoise","EXOSC2",0.623143910441894
"HF","turquoise","AK6",0.622873553272573
"HF","turquoise","WASHC5",0.622846134642046
"HF","turquoise","NUDT9",0.622842453860124
"HF","turquoise","XRCC6",0.622786622249702
"HF","turquoise","BLTP3A",0.622633006079161
"HF","turquoise","RPL7",0.622595934887217
"HF","turquoise","RBMX",0.622191882724363
"HF","turquoise","VPS29",0.622183701880424
"HF","turquoise","MRPL9",0.622181363937794
"HF","turquoise","STXBP4",0.62209138387569
"HF","turquoise","VEZT",0.621818135234391
"HF","turquoise","PMS2",0.621700291823423
"HF","turquoise","HNRNPA1L2",0.62141647023504
"HF","turquoise","THRAP3",0.620787849671788
"HF","turquoise","ARL3",0.620606681101504
"HF","turquoise","C9orf78",0.620482206862865
"HF","turquoise","SRSF1",0.6196813341754
"HF","turquoise","AEBP2",0.619665625193046
"HF","turquoise","FMR1",0.619485684568566
"HF","turquoise","HPRT1",0.618932978152694
"HF","turquoise","TRMU",0.618855356298931
"HF","turquoise","HMG20A",0.618851032710064
"HF","turquoise","MAPK14",0.618844132634392
"HF","turquoise","TADA1",0.618671247856584
"HF","turquoise","GTF2H3",0.618323185320953
"HF","turquoise","ASCC1",0.618209068603061
"HF","turquoise","RRP8",0.618002048044106
"HF","turquoise","RFC3",0.617820978717881
"HF","turquoise","ATP6V1H",0.61772039433044
"HF","turquoise","EXOC5",0.617634904061651
"HF","turquoise","PPIH",0.617413325216018
"HF","turquoise","BLMH",0.617238794878495
"HF","turquoise","ZNF780B",0.61707938259526
"HF","turquoise","TUBD1",0.616913404571157
"HF","turquoise","PUM1",0.616855314766567
"HF","turquoise","DDX46",0.616743239727449
"HF","turquoise","PPP1CC",0.61670055451751
"HF","turquoise","RRM2B",0.616320605401411
"HF","turquoise","LIN52",0.616283834185749
"HF","turquoise","HDAC3",0.616229209606424
"HF","turquoise","TMEM184C",0.616170269642799
"HF","turquoise","TFDP2",0.616159916110075
"HF","turquoise","MAP4K3",0.616097633185243
"HF","turquoise","ERMARD",0.615504044231279
"HF","turquoise","ASH2L",0.615417703396638
"HF","turquoise","PHKB",0.615399107870979
"HF","turquoise","RAB4A",0.6151815130397
"HF","turquoise","MORF4L1",0.615120322978973
"HF","turquoise","POT1",0.615116746433921
"HF","turquoise","MLEC",0.614996066914815
"HF","turquoise","ALDH7A1",0.614698237218624
"HF","turquoise","INTS13",0.614625268934322
"HF","turquoise","ZNF529",0.614583366955714
"HF","turquoise","SPCS2",0.614509807719987
"HF","turquoise","SMAD5",0.614264680409861
"HF","turquoise","RMND1",0.613570451666123
"HF","turquoise","ARL6IP5",0.613178877803136
"HF","turquoise","DNAJC8",0.612787734191203
"HF","turquoise","IMPACT",0.612639385263027
"HF","turquoise","ABHD17B",0.612610023256636
"HF","turquoise","UTP14A",0.612553142686089
"HF","turquoise","CLCC1",0.612245788370216
"HF","turquoise","UBE3C",0.612082540484855
"HF","turquoise","ZNF626",0.611963594883278
"HF","turquoise","INTS7",0.611821328326534
"HF","turquoise","NSUN2",0.611779773557139
"HF","turquoise","METAP2",0.611564031221704
"HF","turquoise","ATPSCKMT",0.611441078459578
"HF","turquoise","PRMT9",0.611368171910038
"HF","turquoise","DLEU1",0.610479861422416
"HF","turquoise","VPS26C",0.610424716200684
"HF","turquoise","DIABLO",0.610400361580958
"HF","turquoise","RCOR3",0.610323847429075
"HF","turquoise","RLIM",0.610049885061337
"HF","turquoise","CFLAR",0.610036318189121
"HF","turquoise","NUP88",0.609955555601752
"HF","turquoise","NGRN",0.609930217660633
"HF","turquoise","ILKAP",0.609867183649667
"HF","turquoise","SFT2D1",0.609843221247242
"HF","turquoise","RALBP1",0.609833013033954
"HF","turquoise","SVIP",0.609730406370957
"HF","turquoise","RFC1",0.609726028666908
"HF","turquoise","PSMD11",0.609412704140937
"HF","turquoise","SUPT16H",0.609395024475681
"HF","turquoise","CDC14B",0.609274934625774
"HF","turquoise","ZDHHC13",0.608967320525907
"HF","turquoise","ZNF44",0.608966478944464
"HF","turquoise","LARS2",0.608838481380392
"HF","turquoise","DET1",0.608559419973889
"HF","turquoise","HCFC2",0.608425436214173
"HF","turquoise","PARN",0.608405896735688
"HF","turquoise","RIC8B",0.608004828634637
"HF","turquoise","ZNF512",0.607101447420224
"HF","turquoise","EXOC8",0.606782865695881
"HF","turquoise","PSMD13",0.606607106071059
"HF","turquoise","NUP107",0.606110779053541
"HF","turquoise","AFG2A",0.606009882210923
"HF","turquoise","HSPA5",0.605872670733632
"HF","turquoise","TMEM50A",0.605775501304527
"HF","turquoise","INTS14",0.605762971747763
"HF","turquoise","TOX4",0.605300351117546
"HF","turquoise","COMMD2",0.605287648605411
"HF","turquoise","ZNG1A",0.605048441913868
"HF","turquoise","INTS2",0.604890522308243
"HF","turquoise","MDN1",0.604883912431314
"HF","turquoise","CUL1",0.604802173468847
"HF","turquoise","VRK1",0.604755044483461
"HF","turquoise","KBTBD4",0.604743441985431
"HF","turquoise","MCUR1",0.604707425145701
"HF","turquoise","CCNB1IP1",0.604661404843539
"HF","turquoise","C11orf71",0.60446224026285
"HF","turquoise","CHD7",0.604276600167796
"HF","turquoise","CHMP3",0.604221784075598
"HF","turquoise","PPP6R3",0.604009405741913
"HF","turquoise","FBXO21",0.603968531110635
"HF","turquoise","DEPDC5",0.603929630415398
"HF","turquoise","PARL",0.603741349886167
"HF","turquoise","ITGAV",0.603490916948362
"HF","turquoise","DZIP3",0.603150954534783
"HF","turquoise","EEF1AKMT2",0.602968448313548
"HF","turquoise","ZNG1E",0.602932722435121
"HF","turquoise","TMEM128",0.60287878581434
"HF","turquoise","UFSP2",0.602794716690299
"HF","turquoise","NANS",0.602022718322651
"HF","turquoise","ATG2B",0.601275765929423
"HF","turquoise","ENOPH1",0.60102379029662
"HF","turquoise","ZFP30",0.600820323731494
"HF","turquoise","CTNNA1",0.600189828240081
"HF","turquoise","GMPR2",0.600146936621247
"HF","turquoise","NUP93",0.600106910741713
"HF","turquoise","ATP6V1C1",0.59990495571842
"HF","turquoise","DCTN5",0.599812114566241
"HF","turquoise","FTSJ3",0.599732325206046
"HF","turquoise","R3HCC1L",0.599556858528962
"HF","turquoise","ZNF585A",0.599345564359462
"HF","turquoise","ANGEL2",0.599260039710907
"HF","turquoise","ERCC6",0.599193441426793
"HF","turquoise","DUS2",0.599072884811772
"HF","turquoise","CD59",0.59871085544262
"HF","turquoise","ARHGAP5",0.598141208557366
"HF","turquoise","ZNF550",0.597912166354355
"HF","turquoise","TOM1L1",0.597314817208705
"HF","turquoise","RBM26",0.596982741680086
"HF","turquoise","ZNF320",0.596923397229199
"HF","turquoise","API5",0.595992540656151
"HF","turquoise","GLUD1",0.595847418011572
"HF","turquoise","STN1",0.595722319214112
"HF","turquoise","BRWD1",0.595594096633925
"HF","turquoise","EXOG",0.595573452917303
"HF","turquoise","RPIA",0.59500789881238
"HF","turquoise","NAPB",0.594912319542921
"HF","turquoise","USPL1",0.594859672571445
"HF","turquoise","ZNF419",0.594760014729071
"HF","turquoise","CLYBL",0.594356075932055
"HF","turquoise","MRRF",0.593820269848229
"HF","turquoise","TRMT6",0.59367314345252
"HF","turquoise","METTL2B",0.592872602942632
"HF","turquoise","ZFP1",0.592597428884967
"HF","turquoise","ERMP1",0.592080842492764
"HF","turquoise","POLR1C",0.592068950081757
"HF","turquoise","TMEM126B",0.592050223150825
"HF","turquoise","RDX",0.591602781781685
"HF","turquoise","METTL13",0.591163737342712
"HF","turquoise","RAB11A",0.591096953761462
"HF","turquoise","KIDINS220",0.590877801900849
"HF","turquoise","CSTF2",0.590720381071239
"HF","turquoise","CDC73",0.590710543228744
"HF","turquoise","THAP9",0.59065006590286
"HF","turquoise","SMC3",0.590605207639886
"HF","turquoise","RAD1",0.590573185952721
"HF","turquoise","NEDD1",0.59021769230452
"HF","turquoise","VIPAS39",0.590184838812554
"HF","turquoise","ZNF639",0.589809152384825
"HF","turquoise","MINDY2",0.589436265645213
"HF","turquoise","ZNF641",0.589313537271667
"HF","turquoise","MBTPS2",0.589166892224066
"HF","turquoise","SPG11",0.588696897300257
"HF","turquoise","GPATCH2",0.588564691112221
"HF","turquoise","ATF7IP2",0.588480604219915
"HF","turquoise","RNASEH1",0.588468296546205
"HF","turquoise","TMEM9B",0.588434618659848
"HF","turquoise","KANSL1L",0.588221439968427
"HF","turquoise","KBTBD2",0.587772164564311
"HF","turquoise","HNRNPUL2",0.587133944743426
"HF","turquoise","ZFP62",0.586867664504708
"HF","turquoise","POLR1F",0.586781315455987
"HF","turquoise","AP2M1",0.586736816534786
"HF","turquoise","RPAP2",0.586551849320666
"HF","turquoise","PIP4K2C",0.58593949598751
"HF","turquoise","SNX24",0.585921705045883
"HF","turquoise","XRN1",0.58583660961908
"HF","turquoise","CHMP2A",0.585454099129491
"HF","turquoise","N4BP2L2",0.585315500550603
"HF","turquoise","RIOK2",0.585239952708623
"HF","turquoise","PJA2",0.585164788712433
"HF","turquoise","ZNF432",0.58516428469496
"HF","turquoise","RAP1A",0.585149711472397
"HF","turquoise","ZNF717",0.585130547694561
"HF","turquoise","EIF5B",0.585018164695185
"HF","turquoise","PPP3CC",0.584812292440674
"HF","turquoise","SNRPD1",0.58477230999891
"HF","turquoise","NOL9",0.584770192697426
"HF","turquoise","STX18",0.584729890430182
"HF","turquoise","MSANTD4",0.584693249059386
"HF","turquoise","KDM3B",0.584459362563241
"HF","turquoise","CCPG1",0.584138248808908
"HF","turquoise","UCK1",0.583998044833126
"HF","turquoise","LCOR",0.583997409271249
"HF","turquoise","DDX52",0.583472023990372
"HF","turquoise","FMO4",0.583399521313325
"HF","turquoise","MIX23",0.583383879719146
"HF","turquoise","ITCH",0.583257165099204
"HF","turquoise","ZNF250",0.582971829146693
"HF","turquoise","ROMO1",0.582855172796499
"HF","turquoise","MTHFD2L",0.582699315481064
"HF","turquoise","ATRN",0.582382236413679
"HF","turquoise","MAGEF1",0.582062745819338
"HF","turquoise","PDCL3",0.581929337795056
"HF","turquoise","METTL14",0.581836827453705
"HF","turquoise","CZIB",0.581755146175065
"HF","turquoise","RTTN",0.581516950586198
"HF","turquoise","USP7",0.581451914749317
"HF","turquoise","ZNF844",0.581427296702639
"HF","turquoise","METTL25",0.581029121008417
"HF","turquoise","HMGCR",0.580992499183735
"HF","turquoise","CSTF2T",0.580771453482884
"HF","turquoise","NEK1",0.579944603561135
"HF","turquoise","PAPOLA",0.579538896061524
"HF","turquoise","CDS2",0.579443731909111
"HF","turquoise","ARL5A",0.579332732665628
"HF","turquoise","MOSPD1",0.579249275443984
"HF","turquoise","UBXN7",0.579022642613864
"HF","turquoise","IARS1",0.578997233969395
"HF","turquoise","TRMT61B",0.578881895681241
"HF","turquoise","COMMD7",0.578831872704829
"HF","turquoise","TSEN2",0.578444491945633
"HF","turquoise","CCDC59",0.578411973907237
"HF","turquoise","KLF12",0.578180199296185
"HF","turquoise","SLC27A1",0.578126884681425
"HF","turquoise","SAFB",0.577821454762364
"HF","turquoise","KIF16B",0.577772425647069
"HF","turquoise","SARS1",0.577758918055294
"HF","turquoise","GPATCH1",0.577560679212571
"HF","turquoise","NUDT16",0.577367421692084
"HF","turquoise","RMDN3",0.577302024593014
"HF","turquoise","RIOK3",0.57719890515049
"HF","turquoise","GORASP2",0.576864887979475
"HF","turquoise","HNRNPH2",0.576390288644208
"HF","turquoise","FTO",0.576208239302978
"HF","turquoise","CRCP",0.57607231849983
"HF","turquoise","TAB2",0.576066052042333
"HF","turquoise","VPS33A",0.575597824745649
"HF","turquoise","FKTN",0.57516787706815
"HF","turquoise","MAEA",0.575132380435535
"HF","turquoise","FAM3C",0.574692853860641
"HF","turquoise","SMCHD1",0.574409992085701
"HF","turquoise","DDX10",0.574152361238131
"HF","turquoise","MYNN",0.573911016061213
"HF","turquoise","METTL5",0.573819631015046
"HF","turquoise","RTF1",0.573800649891839
"HF","turquoise","CWC27",0.573326556668438
"HF","turquoise","BRCC3",0.573082948852152
"HF","turquoise","KIAA1143",0.57155623752053
"HF","turquoise","USP38",0.571548336271848
"HF","turquoise","DNAAF10",0.571417749958246
"HF","turquoise","MTHFD1",0.571153309460194
"HF","turquoise","IGBP1",0.570825545099472
"HF","turquoise","ZW10",0.57070218894563
"HF","turquoise","CHD6",0.570390751494593
"HF","turquoise","AP4B1",0.570362976708537
"HF","turquoise","SNAP23",0.570233397259361
"HF","turquoise","DARS2",0.570122064004218
"HF","turquoise","GGNBP2",0.57007655498569
"HF","turquoise","SERINC3",0.569901089474289
"HF","turquoise","EIF3A",0.569661083252204
"HF","turquoise","ZNF350",0.569344814752126
"HF","turquoise","CTNNB1",0.569071743560528
"HF","turquoise","PANK2",0.568684340479974
"HF","turquoise","FNIP1",0.568444095555698
"HF","turquoise","TRAF6",0.568256215252229
"HF","turquoise","ALYREF",0.568249236781649
"HF","turquoise","ARID4A",0.568209815884721
"HF","turquoise","NAE1",0.568194445007354
"HF","turquoise","TRMT11",0.568030875842984
"HF","turquoise","SERINC1",0.567749230302319
"HF","turquoise","ESCO1",0.567109058403099
"HF","turquoise","WDR77",0.567008046726033
"HF","turquoise","CHN2",0.566605394283147
"HF","turquoise","COX7A2L",0.566286387010915
"HF","turquoise","IGIP",0.566189591568191
"HF","turquoise","VPS25",0.566082643285628
"HF","turquoise","ZNF484",0.565872765805229
"HF","turquoise","VPS13A",0.565741302438054
"HF","turquoise","BFAR",0.565341321701019
"HF","turquoise","ZMYM4",0.565148577550551
"HF","turquoise","SUPT20H",0.565019571895318
"HF","turquoise","ZNF644",0.564731461059589
"HF","turquoise","TERF2IP",0.564622602913552
"HF","turquoise","KATNA1",0.564584946922633
"HF","turquoise","WDR53",0.56456988705479
"HF","turquoise","GPR155",0.564354293873856
"HF","turquoise","HNRNPM",0.564342301055653
"HF","turquoise","REST",0.56406316832234
"HF","turquoise","MSH2",0.563990534171327
"HF","turquoise","SLC33A1",0.563774751264937
"HF","turquoise","AKAP11",0.563468243915329
"HF","turquoise","ZBTB11",0.563180716940768
"HF","turquoise","MED31",0.563153543222657
"HF","turquoise","ELP2",0.56308864242857
"HF","turquoise","OLA1",0.562728099129272
"HF","turquoise","ARFGEF1",0.562008327111815
"HF","turquoise","PRMT5",0.561640394256936
"HF","turquoise","ZNF431",0.561544980283196
"HF","turquoise","TRIM37",0.56126068096698
"HF","turquoise","CMTM4",0.561045523269423
"HF","turquoise","CCDC117",0.560590359013384
"HF","turquoise","EMG1",0.560528223080764
"HF","turquoise","CDC27",0.56049441459304
"HF","turquoise","ZNF845",0.559984491314445
"HF","turquoise","PDCD2L",0.559800565939445
"HF","turquoise","BCLAF3",0.559733411834698
"HF","turquoise","BBS4",0.55968323682672
"HF","turquoise","ZNF577",0.55943643194691
"HF","turquoise","NAA50",0.559006260657263
"HF","turquoise","G3BP2",0.558984920233515
"HF","turquoise","MTM1",0.558980846910335
"HF","turquoise","CHMP1B",0.558887657510234
"HF","turquoise","DENND6A",0.55870446799062
"HF","turquoise","PRPF18",0.558614810517593
"HF","turquoise","PPP4R1",0.558384612630412
"HF","turquoise","TDRD3",0.558066468750649
"HF","turquoise","KAT5",0.557634936258708
"HF","turquoise","BMS1",0.557467067816914
"HF","turquoise","SMNDC1",0.557453529647598
"HF","turquoise","DHX40",0.557394509699535
"HF","turquoise","ZC3H13",0.557129715631404
"HF","turquoise","HEBP1",0.557096799182483
"HF","turquoise","SYF2",0.556734903564979
"HF","turquoise","ZNF442",0.556599801090665
"HF","turquoise","RBM7",0.556458172554231
"HF","turquoise","CNOT10",0.556400507247886
"HF","turquoise","SNRNP40",0.556084193138306
"HF","turquoise","COX18",0.555988928093111
"HF","turquoise","NFYB",0.555796466523757
"HF","turquoise","ABCE1",0.555502913684835
"HF","turquoise","CAAP1",0.55495255017615
"HF","turquoise","PNRC2",0.554379546084945
"HF","turquoise","NCOA4",0.55386303465975
"HF","turquoise","DNAJC6",0.553859370158619
"HF","turquoise","HTATSF1",0.553642635850654
"HF","turquoise","RBM48",0.553493887369616
"HF","turquoise","AKIP1",0.553332032094431
"HF","turquoise","ERH",0.553294051006381
"HF","turquoise","TJP2",0.553253456043421
"HF","turquoise","BCKDHB",0.553240054121989
"HF","turquoise","TMEM168",0.553033642052026
"HF","turquoise","MTRF1",0.552686806160747
"HF","turquoise","COA7",0.552676780606191
"HF","turquoise","ACBD3",0.552655971009066
"HF","turquoise","TARDBP",0.552381529700099
"HF","turquoise","KRCC1",0.55236721063089
"HF","turquoise","OGA",0.551949430091515
"HF","turquoise","RNF25",0.551569751253473
"HF","turquoise","PTPN11",0.551468582436648
"HF","turquoise","NAA25",0.551301632418315
"HF","turquoise","GLRX2",0.551236509305793
"HF","turquoise","ZNF3",0.551099293190911
"HF","turquoise","FYTTD1",0.550536817575042
"HF","turquoise","TADA2A",0.550480128597019
"HF","turquoise","RMI1",0.550204134438908
"HF","turquoise","ZCCHC4",0.550120075777609
"HF","turquoise","SLC35E3",0.549928502969
"HF","turquoise","SUGT1",0.549851929916662
"HF","turquoise","MICU3",0.549845573404994
"HF","turquoise","NMD3",0.54974707130079
"HF","turquoise","GSR",0.549681555991257
"HF","turquoise","DYM",0.549450705111102
"HF","turquoise","MFAP3",0.549247253819339
"HF","turquoise","CEP97",0.549030719676372
"HF","turquoise","XPNPEP1",0.548988417694701
"HF","turquoise","PPM1B",0.548924801587391
"HF","turquoise","UEVLD",0.548881517171034
"HF","turquoise","DCLRE1A",0.548541860967333
"HF","turquoise","CEP43",0.548505564412099
"HF","turquoise","HDAC8",0.548498395786675
"HF","turquoise","MCTS1",0.548235665726658
"HF","turquoise","EIF2B1",0.548096163915694
"HF","turquoise","SCYL3",0.548071106223569
"HF","turquoise","GART",0.54793085026056
"HF","turquoise","HACL1",0.547465430535976
"HF","turquoise","DUSP14",0.547359613252931
"HF","turquoise","NME7",0.547355645573193
"HF","turquoise","TMEM68",0.547333141027427
"HF","turquoise","MIA2",0.54732445270724
"HF","turquoise","SLC25A46",0.547252368151262
"HF","turquoise","PDRG1",0.546725721374957
"HF","turquoise","RAB30",0.546425014950479
"HF","turquoise","FBXO38",0.546385991285591
"HF","turquoise","ADAM9",0.545977509694161
"HF","turquoise","ME2",0.545781696055304
"HF","turquoise","PRELID3B",0.545756844866913
"HF","turquoise","EIF2AK1",0.545725710970247
"HF","turquoise","MTMR14",0.545665899603711
"HF","turquoise","SUPT7L",0.545483019289453
"HF","turquoise","BRD7",0.545070900482889
"HF","turquoise","TRMT2B",0.545030527184906
"HF","turquoise","SOCS4",0.544846575605604
"HF","turquoise","CASP9",0.544656208576205
"HF","turquoise","EPB41L5",0.544635310355998
"HF","turquoise","DOP1A",0.544426004519998
"HF","turquoise","POLR3K",0.544142713715306
"HF","turquoise","TUT4",0.544028740553111
"HF","turquoise","DSC2",0.543615499493077
"HF","turquoise","ZNF224",0.543335665757759
"HF","turquoise","MARCHF5",0.543123582570636
"HF","turquoise","GTF3C4",0.543057389033523
"HF","turquoise","VPS50",0.542929586899615
"HF","turquoise","CARF",0.542093975544053
"HF","turquoise","SEC63",0.541960567786191
"HF","turquoise","NUDCD3",0.541893865489525
"HF","turquoise","WDR41",0.541694884349062
"HF","turquoise","SNAPC1",0.541573365736108
"HF","turquoise","WDR3",0.541301951333645
"HF","turquoise","AKAP9",0.540879159300022
"HF","turquoise","CSNK1A1",0.540780736262585
"HF","turquoise","GMPS",0.54075436077275
"HF","turquoise","PSMB4",0.540713894988636
"HF","turquoise","OGFOD1",0.540661182490196
"HF","turquoise","METTL23",0.539696695306578
"HF","turquoise","ZNF649",0.539585592594438
"HF","turquoise","ATG5",0.539323108528629
"HF","turquoise","TMEM144",0.538931918853398
"HF","turquoise","UNG",0.538805138179678
"HF","turquoise","HSD17B4",0.538653350499232
"HF","turquoise","GTF2I",0.537879553811797
"HF","turquoise","UBE2G2",0.537728820317951
"HF","turquoise","CNOT6",0.537359317278622
"HF","turquoise","COG3",0.53728856429395
"HF","turquoise","RAB24",0.537251325794071
"HF","turquoise","EIF4B",0.537188059406014
"HF","turquoise","ZNF470",0.536955291012092
"HF","turquoise","HPF1",0.536484182229466
"HF","turquoise","AATF",0.536463461699676
"HF","turquoise","TMEM131",0.536265348295342
"HF","turquoise","NR1H2",0.535662497113363
"HF","turquoise","POLA1",0.535624884996262
"HF","turquoise","MTERF1",0.535612835887245
"HF","turquoise","USE1",0.535417329808912
"HF","turquoise","U2SURP",0.535195447644751
"HF","turquoise","FGD6",0.534634580172839
"HF","turquoise","ARHGAP12",0.534588843036545
"HF","turquoise","CPEB2",0.534484199294685
"HF","turquoise","TRIM32",0.534451817932673
"HF","turquoise","SYNJ1",0.534341030138552
"HF","turquoise","ZNF132",0.534221551158634
"HF","turquoise","MCCC1",0.534014029392285
"HF","turquoise","G3BP1",0.533509969830935
"HF","turquoise","STXBP5",0.53310102942277
"HF","turquoise","FOXO4",0.533087053106313
"HF","turquoise","ERO1B",0.532997789033666
"HF","turquoise","HABP4",0.532601185592985
"HF","turquoise","MRGBP",0.53256486254929
"HF","turquoise","IFT80",0.53231958626019
"HF","turquoise","LARP4B",0.532172977881636
"HF","turquoise","MGA",0.53216286518644
"HF","turquoise","ZNF417",0.532042932430184
"HF","turquoise","ZNF680",0.531957528760064
"HF","turquoise","LARP4",0.531920317498474
"HF","turquoise","SLC35D1",0.531910406562861
"HF","turquoise","PDS5B",0.531803801332821
"HF","turquoise","RAB5A",0.53174386344344
"HF","turquoise","SNX7",0.531643766351442
"HF","turquoise","TBC1D19",0.53125071671874
"HF","turquoise","ZNF407",0.530895900678859
"HF","turquoise","ANAPC13",0.530502958680696
"HF","turquoise","QNG1",0.530186210138855
"HF","turquoise","PPP1CB",0.530175011310156
"HF","turquoise","MGST3",0.529927115257569
"HF","turquoise","OPTN",0.529883051072121
"HF","turquoise","PSME3IP1",0.529801757063549
"HF","turquoise","UBAP1",0.529583291804919
"HF","turquoise","UTP4",0.529337180023391
"HF","turquoise","HIRIP3",0.529187764629369
"HF","turquoise","SLC12A2",0.529119165622167
"HF","turquoise","RLF",0.529111037143843
"HF","turquoise","GSTA4",0.52903666704644
"HF","turquoise","C2CD5",0.529022522112495
"HF","turquoise","CRNKL1",0.528957924440322
"HF","turquoise","NAXD",0.528942073151536
"HF","turquoise","PHF20L1",0.528866214580672
"HF","turquoise","GALNT11",0.528759122582605
"HF","turquoise","BMPR2",0.528607460009057
"HF","turquoise","MALAT1",0.52842680125504
"HF","turquoise","NSUN6",0.52797676076285
"HF","turquoise","NAF1",0.527857130318538
"HF","turquoise","RAD21",0.527587529188684
"HF","turquoise","TRAPPC4",0.52732844180946
"HF","turquoise","MEIS1",0.527120494619799
"HF","turquoise","UBR1",0.527090742225937
"HF","turquoise","TAF8",0.526922600492417
"HF","turquoise","MED7",0.526872391991851
"HF","turquoise","YPEL2",0.526465765885604
"HF","turquoise","HDDC2",0.526464890207388
"HF","turquoise","M6PR",0.525996662256086
"HF","turquoise","TOMM5",0.525928019836584
"HF","turquoise","FAM174A",0.525925999918911
"HF","turquoise","CPAP",0.525701588343501
"HF","turquoise","FAM221A",0.52564322127222
"HF","turquoise","MTR",0.52536778168333
"HF","turquoise","TRIM41",0.525344862086404
"HF","turquoise","NIPAL3",0.525182102507612
"HF","turquoise","ZNF7",0.525144071734257
"HF","turquoise","FUCA2",0.524776156248519
"HF","turquoise","SELENOK",0.524207203785935
"HF","turquoise","GPN1",0.523705752529823
"HF","turquoise","RBM17",0.523273267549412
"HF","turquoise","ANP32E",0.523014021997571
"HF","turquoise","MKLN1",0.523002282259743
"HF","turquoise","TRPM7",0.522799756410414
"HF","turquoise","LCMT2",0.52261806906315
"HF","turquoise","ZNF671",0.522474355092177
"HF","turquoise","NUP153",0.522275635242042
"HF","turquoise","TRAF3IP1",0.522085499677747
"HF","turquoise","NCBP2",0.521813700646262
"HF","turquoise","EIF4G2",0.521554088048176
"HF","turquoise","LRIG2",0.521539608656694
"HF","turquoise","MINDY3",0.521105385679514
"HF","turquoise","SANBR",0.520887961320812
"HF","turquoise","FBXO4",0.5208406107806
"HF","turquoise","WDR59",0.520824580588712
"HF","turquoise","WDR26",0.52025477251205
"HF","turquoise","EIF3J-DT",0.520229659657995
"HF","turquoise","TM2D3",0.519994848566242
"HF","turquoise","PAFAH1B1",0.519792218304959
"HF","turquoise","HBP1",0.519766116455298
"HF","turquoise","PCNX4",0.519647082641849
"HF","turquoise","USP39",0.519416276405775
"HF","turquoise","MTMR2",0.519129826235643
"HF","turquoise","PPID",0.518706050705649
"HF","turquoise","ZNF449",0.518512733118567
"HF","turquoise","PITHD1",0.518499616682236
"HF","turquoise","EXOC6",0.518083161336277
"HF","turquoise","EXD2",0.518040632631217
"HF","turquoise","ELP6",0.518021527491569
"HF","turquoise","SMS",0.517887454198121
"HF","turquoise","COA8",0.517786017144523
"HF","turquoise","DMAP1",0.517743807510227
"HF","turquoise","ZNF622",0.517576202163417
"HF","turquoise","MPHOSPH10",0.517364827685882
"HF","turquoise","ZNF253",0.517070185972062
"HF","turquoise","EDRF1",0.516893425034662
"HF","turquoise","SEC23A",0.516447065949453
"HF","turquoise","ZNF91",0.51628201031454
"HF","turquoise","SCP2",0.51580766185788
"HF","turquoise","BRD8",0.51570099054381
"HF","turquoise","TATDN1",0.515568135271492
"HF","turquoise","VPS13C",0.515288539992057
"HF","turquoise","SMC6",0.515213644508822
"HF","turquoise","KLHDC1",0.51486403557837
"HF","turquoise","ACTR1B",0.514712382442436
"HF","turquoise","STK16",0.514697109555774
"HF","turquoise","MARCHF8",0.514354801065424
"HF","turquoise","CDK7",0.514157701664703
"HF","turquoise","HNRNPR",0.513883909091487
"HF","turquoise","PCTP",0.513877355564746
"HF","turquoise","RHEB",0.513837383933697
"HF","turquoise","DDX23",0.513702070937311
"HF","turquoise","TRIP12",0.513535954931111
"HF","turquoise","CCT8",0.513468344135403
"HF","turquoise","CCNDBP1",0.513329477064855
"HF","turquoise","RAB33B",0.513230447341353
"HF","turquoise","DYNC1LI2",0.5128458929985
"HF","turquoise","USP45",0.512832109114981
"HF","turquoise","SECISBP2L",0.512771854525479
"HF","turquoise","IMMP1L",0.512206976413374
"HF","turquoise","SLC4A4",0.511483352224209
"HF","turquoise","GK5",0.511432193570832
"HF","turquoise","STX4",0.511176723279663
"HF","turquoise","TTI2",0.510684471161607
"HF","turquoise","BCAP29",0.510454842575104
"HF","turquoise","SERBP1",0.510246040142203
"HF","turquoise","GZF1",0.509603033633844
"HF","turquoise","TCEANC",0.509131510214154
"HF","turquoise","JAM3",0.508761035321267
"HF","turquoise","ZNF623",0.508717258351343
"HF","turquoise","ASH1L",0.50867355114366
"HF","turquoise","HUS1",0.508436687462805
"HF","turquoise","SCLY",0.50837964601704
"HF","turquoise","SLC25A51",0.508328714805176
"HF","turquoise","EIF5",0.508178309394948
"HF","turquoise","NASP",0.507962728417252
"HF","turquoise","GGPS1",0.507742629269266
"HF","turquoise","XRCC4",0.507218360101117
"HF","turquoise","KLHDC10",0.50697407159448
"HF","turquoise","MORN4",0.506665356899151
"HF","turquoise","PDCD6IP",0.506334483498385
"HF","turquoise","PDK3",0.506305479353874
"HF","turquoise","LTA4H",0.506301642337011
"HF","turquoise","RMDN2",0.506252439691272
"HF","turquoise","ATG4C",0.505992725120172
"HF","turquoise","TYW5",0.505779760536195
"HF","turquoise","CDK5RAP1",0.505499005887945
"HF","turquoise","UBE2E3",0.505332474342878
"HF","turquoise","MICU1",0.505273018326466
"HF","turquoise","BKGD",0.505084716370484
"HF","turquoise","RSBN1L",0.505081526956174
"HF","turquoise","DTNBP1",0.505062599685798
"HF","turquoise","ZNF84",0.505015275946658
"HF","turquoise","FBXW2",0.504964397512493
"HF","turquoise","MBTD1",0.504826414522564
"HF","turquoise","INIP",0.504790585059752
"HF","turquoise","FNTA",0.504552286575865
"HF","turquoise","DESI2",0.504406451765334
"HF","turquoise","IVNS1ABP",0.504271618222148
"HF","turquoise","USP24",0.503602043238523
"HF","turquoise","ZNF212",0.503462258420555
"HF","turquoise","DCAF16",0.503422874004994
"HF","turquoise","TIRAP",0.503351337033494
"HF","turquoise","KIF27",0.503326027649908
"HF","turquoise","PSMB2",0.502774821370464
"HF","turquoise","GNL2",0.502528571012316
"HF","turquoise","SHPRH",0.502497578075401
"HF","turquoise","TTBK2",0.502262915823092
"HF","turquoise","C1GALT1",0.502157710629748
"HF","turquoise","RBM28",0.502129919324716
"HF","turquoise","KLHL20",0.501901966687138
"HF","turquoise","BET1",0.501605547398567
"HF","turquoise","SKIC8",0.501577326577388
"HF","turquoise","ZBTB1",0.501572303944894
"HF","turquoise","ANAPC4",0.501412415226331
"HF","turquoise","MSRB3",0.501391207823078
"HF","turquoise","ARFGAP2",0.5004530631323
"HF","turquoise","PCNX1",0.500375965768772
"HF","turquoise","UBE2F",0.500365677210184
"HF","turquoise","BPNT2",0.500250245956069
"HF","turquoise","NAA16",0.500234544471821
"HF","turquoise","BCAS2",0.499938577288546
"HF","turquoise","CERK",0.499247695825125
"HF","turquoise","ZC3H6",0.49916242027698
"HF","turquoise","KDM3A",0.499010038385285
"HF","turquoise","PRPSAP1",0.498802226355585
"HF","turquoise","PKN2",0.498730971752605
"HF","turquoise","YTHDF2",0.498634040278502
"HF","turquoise","TNPO1",0.498578481120441
"HF","turquoise","WDR20",0.498248104791316
"HF","turquoise","YIPF4",0.498051510430575
"HF","turquoise","BTBD10",0.497718466024453
"HF","turquoise","MOSMO",0.497565600470682
"HF","turquoise","METTL9",0.497256615067622
"HF","turquoise","EED",0.496847921085165
"HF","turquoise","RNF19A",0.496295333025653
"HF","turquoise","BPNT1",0.496230317085361
"HF","turquoise","AP3M1",0.496070231760095
"HF","turquoise","CMTR2",0.49598948123672
"HF","turquoise","MFAP1",0.495579104174787
"HF","turquoise","DCTN2",0.495554906219832
"HF","turquoise","GEN1",0.495480076500847
"HF","turquoise","G6PC3",0.495364588532259
"HF","turquoise","RRAGC",0.495340629246945
"HF","turquoise","SRBD1",0.495322101400899
"HF","turquoise","YTHDC2",0.495261363046379
"HF","turquoise","FBXO9",0.495183278890817
"HF","turquoise","RSPH3",0.4949389702621
"HF","turquoise","SLC25A26",0.494881138548462
"HF","turquoise","SLC60A2",0.494488838037417
"HF","turquoise","SRSF3",0.493845900925875
"HF","turquoise","RNF146",0.493688946765075
"HF","turquoise","NAPEPLD",0.493672078366105
"HF","turquoise","SNUPN",0.493250884530871
"HF","turquoise","ANKRA2",0.49285828978426
"HF","turquoise","JKAMP",0.492840305712172
"HF","turquoise","SUPT5H",0.49257587931613
"HF","turquoise","EXOSC3",0.492550355311509
"HF","turquoise","SMCO4",0.491537602677043
"HF","turquoise","TKFC",0.491529130391065
"HF","turquoise","KTN1",0.491463668385912
"HF","turquoise","ZNF615",0.491363773117075
"HF","turquoise","RBM27",0.49109802324703
"HF","turquoise","BDP1",0.490991890717617
"HF","turquoise","DCAF17",0.490966813572394
"HF","turquoise","LIN7C",0.490807740586307
"HF","turquoise","POLR2M",0.490495356307844
"HF","turquoise","ZBTB10",0.49016738112526
"HF","turquoise","ZNF33B",0.490001593881406
"HF","turquoise","OTUD4",0.48999128468254
"HF","turquoise","RPP38",0.48972253421729
"HF","turquoise","UNC50",0.489412258244917
"HF","turquoise","RBMS1",0.489329119180399
"HF","turquoise","WDSUB1",0.489040314884177
"HF","turquoise","BBS5",0.488867493167937
"HF","turquoise","CFAP298",0.488662188945732
"HF","turquoise","RMP64",0.488651487398072
"HF","turquoise","GPAT4",0.488593899198468
"HF","turquoise","NEMF",0.488592889025707
"HF","turquoise","CWF19L2",0.488497083094476
"HF","turquoise","MBD4",0.488267315890497
"HF","turquoise","EIF4E3",0.48816398991087
"HF","turquoise","SREK1",0.487882675643024
"HF","turquoise","RCC1L",0.487680065567008
"HF","turquoise","OSGEP",0.487425430643915
"HF","turquoise","SLC25A38",0.487140516250268
"HF","turquoise","CAMSAP2",0.487091727642563
"HF","turquoise","PTGR1",0.486948529749814
"HF","turquoise","SENP7",0.486820903524599
"HF","turquoise","PON2",0.486780464121985
"HF","turquoise","ATP8A1",0.486562341645216
"HF","turquoise","RCCD1",0.48653829361659
"HF","turquoise","ZDHHC17",0.486281335645269
"HF","turquoise","PSENEN",0.485968481897652
"HF","turquoise","ZNF627",0.485472989074229
"HF","turquoise","CDPF1",0.485379627506362
"HF","turquoise","ZNF814",0.48523633505752
"HF","turquoise","GON7",0.485076794901489
"HF","turquoise","SLC67A2",0.484901902041872
"HF","turquoise","USP4",0.484780269898295
"HF","turquoise","C2orf42",0.48463748652608
"HF","turquoise","KLHL13",0.48431440462466
"HF","turquoise","LARP1B",0.484152705675102
"HF","turquoise","ZNF136",0.483640731997329
"HF","turquoise","TTC27",0.483630579070022
"HF","turquoise","RBM15",0.483437442297984
"HF","turquoise","ZNF33A",0.48336837611301
"HF","turquoise","ERCC3",0.483277333092055
"HF","turquoise","RBAK",0.483258108162095
"HF","turquoise","CWF19L1",0.483086167479314
"HF","turquoise","ZNF765",0.483006632186424
"HF","turquoise","EYA3",0.482972343473022
"HF","turquoise","CDNF",0.482944819868719
"HF","turquoise","TCEANC2",0.482775803044909
"HF","turquoise","NOL7",0.482692850705125
"HF","turquoise","BCL2L2",0.482499388549325
"HF","turquoise","ANKLE2",0.482373994639748
"HF","turquoise","ZNHIT3",0.481878157676693
"HF","turquoise","SMARCA5",0.481826968859165
"HF","turquoise","KIF13A",0.481819597567994
"HF","turquoise","PCNP",0.481720262129887
"HF","turquoise","PIGW",0.481505849619127
"HF","turquoise","PPP4R2",0.481403373626116
"HF","turquoise","SLC25A17",0.480834439177488
"HF","turquoise","HSD17B3",0.480674316192679
"HF","turquoise","MPPE1",0.480409163458163
"HF","turquoise","MED17",0.480321285331457
"HF","turquoise","VRK2",0.48008336852062
"HF","turquoise","STRBP",0.480060550437694
"HF","turquoise","VMA22",0.479774109513661
"HF","turquoise","PPP4R3A",0.479480154222277
"HF","turquoise","MAP3K13",0.479427026924397
"HF","turquoise","LYAR",0.47927914317888
"HF","turquoise","DNAJC14",0.478880400430097
"HF","turquoise","BTBD7",0.478301370181706
"HF","turquoise","PCYOX1",0.478229833884188
"HF","turquoise","ZNF138",0.478087004204962
"HF","turquoise","PIK3R4",0.47800862996576
"HF","turquoise","PGRMC2",0.477830999261321
"HF","turquoise","CARNMT1",0.477631223746432
"HF","turquoise","MMAA",0.477530623460233
"HF","turquoise","SLC39A7",0.4774942863562
"HF","turquoise","ETF1",0.477281695004361
"HF","turquoise","TYW1",0.477125855152234
"HF","turquoise","RPL10",0.477057423400323
"HF","turquoise","VCPIP1",0.477047446263773
"HF","turquoise","KLHL3",0.476972667560037
"HF","turquoise","RHBDD1",0.476808234861491
"HF","turquoise","MRM2",0.476791986397658
"HF","turquoise","ZC3H14",0.476753265032603
"HF","turquoise","ZNF175",0.476647068662772
"HF","turquoise","IFT81",0.476646280745704
"HF","turquoise","SBDS",0.47636177436037
"HF","turquoise","RANBP9",0.476357430223423
"HF","turquoise","RNF43",0.476209720726924
"HF","turquoise","CLIP4",0.475845312059683
"HF","turquoise","XPO5",0.475781926508157
"HF","turquoise","OSBP",0.475684064202327
"HF","turquoise","YEATS4",0.475648050924536
"HF","turquoise","SLF2",0.475412813673949
"HF","turquoise","ZRANB1",0.475412748551978
"HF","turquoise","CCDC51",0.475391385516099
"HF","turquoise","AAGAB",0.474772009477524
"HF","turquoise","ZNF555",0.474615823970587
"HF","turquoise","MCM3",0.474577279727614
"HF","turquoise","ZNF571",0.474435135521426
"HF","turquoise","HEXIM1",0.474333112403268
"HF","turquoise","NVL",0.474257785994181
"HF","turquoise","SENP5",0.474245072160116
"HF","turquoise","TDRKH",0.474176482639623
"HF","turquoise","BMPR1A",0.47412429178311
"HF","turquoise","MTARC2",0.474015647761093
"HF","turquoise","MRFAP1L1",0.474001635154724
"HF","turquoise","EBNA1BP2",0.473647023093212
"HF","turquoise","SFXN1",0.473599704850827
"HF","turquoise","ABCB10",0.473075216792176
"HF","turquoise","ARMC2",0.472970011093286
"HF","turquoise","REPS1",0.472896269276407
"HF","turquoise","PIGP",0.472144245531648
"HF","turquoise","CEP76",0.471942346638514
"HF","turquoise","MIA3",0.471798326536391
"HF","turquoise","VPS8",0.471757955860267
"HF","turquoise","HNRNPC",0.471623244583718
"HF","turquoise","SSR3",0.471298421209946
"HF","turquoise","PIAS2",0.471284584146854
"HF","turquoise","URI1",0.470925386001836
"HF","turquoise","GPR107",0.470456944262703
"HF","turquoise","EFL1",0.470276435111446
"HF","turquoise","KIAA0586",0.470271116011471
"HF","turquoise","EIF2S2",0.470016220586885
"HF","turquoise","SLC12A6",0.469919308855902
"HF","turquoise","PRKAA1",0.469889786948703
"HF","turquoise","HEATR5B",0.469854180045904
"HF","turquoise","SEPTIN7",0.469537784850265
"HF","turquoise","VIRMA",0.46951985147974
"HF","turquoise","ZNF583",0.468978464602016
"HF","turquoise","TMTC4",0.46887555782818
"HF","turquoise","VMA12",0.468868820854179
"HF","turquoise","RNF20",0.46867662755505
"HF","turquoise","SAV1",0.468432705815739
"HF","turquoise","NCL",0.468388194047692
"HF","turquoise","EFTUD2",0.468345381331207
"HF","turquoise","SPOP",0.467951694820975
"HF","turquoise","DNAJC16",0.467395741855241
"HF","turquoise","C10orf88",0.467313143331882
"HF","turquoise","ERP29",0.467195462455163
"HF","turquoise","TRIM68",0.466727955893039
"HF","turquoise","PSPC1",0.466701699646386
"HF","turquoise","OTUD3",0.466492559158892
"HF","turquoise","MED14",0.466469357677064
"HF","turquoise","CTTN",0.466108072732569
"HF","turquoise","PIGX",0.466035257644488
"HF","turquoise","WDR83",0.46594744348063
"HF","turquoise","TMEM237",0.465933262684175
"HF","turquoise","SUV39H2",0.465744823653395
"HF","turquoise","RMND5B",0.465608894761353
"HF","turquoise","TAF13",0.465585180829532
"HF","turquoise","RNF41",0.46509580114656
"HF","turquoise","DARS1",0.464196546955541
"HF","turquoise","NTAQ1",0.463841824415448
"HF","turquoise","FDFT1",0.463671050676295
"HF","turquoise","RAPGEF2",0.463646048751897
"HF","turquoise","DSTYK",0.463427699555131
"HF","turquoise","EPG5",0.463410107326274
"HF","turquoise","RNF121",0.463405057086243
"HF","turquoise","TPD52",0.46308618628151
"HF","turquoise","GCC2",0.462962738809565
"HF","turquoise","TOB1",0.462670718312374
"HF","turquoise","AASS",0.462605877982937
"HF","turquoise","TMCC1",0.462457952443223
"HF","turquoise","HYKK",0.462295603165668
"HF","turquoise","SERAC1",0.462079639459931
"HF","turquoise","SAFB2",0.461988361497987
"HF","turquoise","MACF1",0.461522638761564
"HF","turquoise","JMY",0.461192392444799
"HF","turquoise","TUT1",0.461170722464572
"HF","turquoise","FAM120B",0.460763373022195
"HF","turquoise","GABPA",0.460299080611353
"HF","turquoise","RAPGEF6",0.460276859496283
"HF","turquoise","THRB",0.460145872004579
"HF","turquoise","ZNF254",0.46014054902459
"HF","turquoise","PA2G4",0.459637909374963
"HF","turquoise","DIS3",0.459479961357532
"HF","turquoise","WDR5B",0.45942509304786
"HF","turquoise","NOLC1",0.459247146224155
"HF","turquoise","ELOF1",0.459221785387553
"HF","turquoise","SLC49A4",0.458964573528757
"HF","turquoise","ATG16L1",0.458826384342384
"HF","turquoise","DCUN1D1",0.458667597791652
"HF","turquoise","METTL3",0.458488083353349
"HF","turquoise","NUP160",0.457815800661777
"HF","turquoise","FZD3",0.457156456322076
"HF","turquoise","RBM41",0.456963823674406
"HF","turquoise","MTFR1",0.456428627733465
"HF","turquoise","CTBP1-DT",0.456063433768022
"HF","turquoise","LSM12",0.45600680370477
"HF","turquoise","TMEM50B",0.455664182563583
"HF","turquoise","RC3H1",0.455354296624944
"HF","turquoise","CCNY",0.454362410953258
"HF","turquoise","HEATR5A",0.454359396919873
"HF","turquoise","BAG5",0.454220973697198
"HF","turquoise","CDC26",0.454109520539184
"HF","turquoise","ALKBH8",0.454008624173773
"HF","turquoise","SLC35D2",0.453916821498259
"HF","turquoise","TMEM164",0.453902363548659
"HF","turquoise","MRPL14",0.453856222358246
"HF","turquoise","RALGAPA1",0.45374547605484
"HF","turquoise","CRELD1",0.453536368798182
"HF","turquoise","MED11",0.453517000068745
"HF","turquoise","ZMAT2",0.453476039095081
"HF","turquoise","YARS2",0.453343458897285
"HF","turquoise","NDFIP1",0.453240297778584
"HF","turquoise","ATR",0.453183050141796
"HF","turquoise","NACA",0.452836268998153
"HF","turquoise","ADH5",0.452796570187574
"HF","turquoise","ST7L",0.452672162997671
"HF","turquoise","CDKN2AIP",0.452091728265057
"HF","turquoise","AARS1",0.451948225824907
"HF","turquoise","EXOC1",0.451590911276068
"HF","turquoise","IMP3",0.451396650602072
"HF","turquoise","ARMCX2",0.45130733152201
"HF","turquoise","FAM220A",0.451207288489071
"HF","turquoise","UXT",0.450890463476506
"HF","turquoise","LIG3",0.450701467617243
"HF","turquoise","MPP1",0.450593350967072
"HF","turquoise","METTL18",0.450577280241212
"HF","turquoise","RRAGA",0.450426704049023
"HF","turquoise","PSMG1",0.450171051443963
"HF","turquoise","MTAP",0.450068846305884
"HF","turquoise","MEF2C",0.44973056070834
"HF","turquoise","EFCAB7",0.449650822189497
"HF","turquoise","SAE1",0.449326267196464
"HF","turquoise","NUP37",0.449173524096542
"HF","turquoise","SNX17",0.449045329656277
"HF","turquoise","FUBP3",0.448957523627241
"HF","turquoise","BBX",0.448494498251483
"HF","turquoise","ICE1",0.448446226692921
"HF","turquoise","PDCD11",0.44805150480165
"HF","turquoise","XPOT",0.447916572962764
"HF","turquoise","ZNF343",0.447894932174307
"HF","turquoise","SAP30BP",0.447765034853935
"HF","turquoise","ALKBH3",0.447465342918495
"HF","turquoise","STAU1",0.447254650986956
"HF","turquoise","MAGOHB",0.447020559498364
"HF","turquoise","PEX19",0.446969148037048
"HF","turquoise","FN3KRP",0.446940805949983
"HF","turquoise","ERBIN",0.446918306220483
"HF","turquoise","ZDHHC21",0.446870254832339
"HF","turquoise","TRIT1",0.446851025786508
"HF","turquoise","TPR",0.446716517887503
"HF","turquoise","SNF8",0.446565129556905
"HF","turquoise","BAZ1B",0.446457144103042
"HF","turquoise","GGCT",0.44612562387653
"HF","turquoise","TBCEL",0.445965785094092
"HF","turquoise","TMED8",0.445810510926488
"HF","turquoise","UBXN2B",0.445438598698497
"HF","turquoise","ENTPD4",0.445074675178172
"HF","turquoise","B3GNT2",0.444813478371487
"HF","turquoise","PSME4",0.444551167092166
"HF","turquoise","PACSIN2",0.444476215352825
"HF","turquoise","ZFTRAF1",0.444049908277024
"HF","turquoise","CEP295",0.443762550545641
"HF","turquoise","TCHP",0.443540103657477
"HF","turquoise","SP4",0.443416223078978
"HF","turquoise","INTU",0.443295864253385
"HF","turquoise","ZNF226",0.443079001182402
"HF","turquoise","NOC2L",0.443009539389146
"HF","turquoise","TUBGCP5",0.442743581368277
"HF","turquoise","NINJ2-AS1",0.441918909220135
"HF","turquoise","SIKE1",0.441834289073947
"HF","turquoise","ZNF184",0.441220241953079
"HF","turquoise","YKT6",0.441175736730044
"HF","turquoise","EIF4A3",0.441081378559297
"HF","turquoise","COPA",0.440524795886409
"HF","turquoise","TRIM52",0.44050885197937
"HF","turquoise","STT3A",0.440125105456938
"HF","turquoise","EIF2B2",0.439655418333674
"HF","turquoise","ANKRD28",0.439612129308876
"HF","turquoise","UBQLN1",0.439167889774582
"HF","turquoise","CCDC28A",0.439078944433789
"HF","turquoise","NDC1",0.439069015412654
"HF","turquoise","TRA2A",0.4388306369956
"HF","turquoise","TVP23B",0.438781721915995
"HF","turquoise","CEP192",0.438718841515413
"HF","turquoise","SUMO1",0.438330117433467
"HF","turquoise","E2F6",0.438184646836836
"HF","turquoise","RNF114",0.437969827243619
"HF","turquoise","TRIM2",0.43795384021159
"HF","turquoise","GIMAP8",0.437856473469639
"HF","turquoise","ATIC",0.43784055291498
"HF","turquoise","GALK2",0.437581224536526
"HF","turquoise","ATP6V0E1",0.43756276911613
"HF","turquoise","PITPNA",0.436970666689512
"HF","turquoise","AOPEP",0.436804306465695
"HF","turquoise","EFR3A",0.43672046802782
"HF","turquoise","ARMC1",0.436583984747757
"HF","turquoise","RRS1",0.43639774826591
"HF","turquoise","PPP1R3E",0.435743568895239
"HF","turquoise","CNOT9",0.435230341263681
"HF","turquoise","DNAJC10",0.435215614460651
"HF","turquoise","ALG2",0.435078928844076
"HF","turquoise","TCEAL4",0.435035915503588
"HF","turquoise","EMC3",0.434959424586151
"HF","turquoise","TFG",0.43487519357905
"HF","turquoise","USF3",0.434817253484212
"HF","turquoise","MCPH1",0.434374333152813
"HF","turquoise","TOLLIP",0.434320061889017
"HF","turquoise","SLC25A27",0.434228444124372
"HF","turquoise","MPHOSPH8",0.434154976328378
"HF","turquoise","DHFR",0.433829467159325
"HF","turquoise","UBFD1",0.433475392610377
"HF","turquoise","RNF34",0.433474174233359
"HF","turquoise","DDX19A",0.433301153210062
"HF","turquoise","LEO1",0.43328909432462
"HF","turquoise","CDADC1",0.433193000561644
"HF","turquoise","SMAP1",0.432718152686986
"HF","turquoise","AKIRIN2",0.432245517250353
"HF","turquoise","WDR44",0.43199372673472
"HF","turquoise","ARHGEF6",0.431991281404235
"HF","turquoise","NPLOC4",0.431669422410357
"HF","turquoise","FBXL20",0.431592762541116
"HF","turquoise","STIP1",0.431364038732228
"HF","turquoise","GLOD4",0.431182718324907
"HF","turquoise","CHP1",0.431047354469958
"HF","turquoise","NCAPD3",0.430563142983228
"HF","turquoise","TTC12",0.430548085959783
"HF","turquoise","USP40",0.430523302206137
"HF","turquoise","GJC1",0.430378182707764
"HF","turquoise","COQ10B",0.430033263489583
"HF","turquoise","GPALPP1",0.429715796719464
"HF","turquoise","CCNI",0.429705516311239
"HF","turquoise","RWDD2B",0.429675887441163
"HF","turquoise","ENOX2",0.429636482501551
"HF","turquoise","SEPHS1",0.428726459285159
"HF","turquoise","PLEKHA8",0.428647034680181
"HF","turquoise","GAR1",0.428542771474388
"HF","turquoise","GNPDA1",0.428449855205355
"HF","turquoise","SPATA2",0.428341135409844
"HF","turquoise","KCTD18",0.428097987311514
"HF","turquoise","C1orf21",0.428023160835979
"HF","turquoise","PTER",0.428011193922227
"HF","turquoise","RNF4",0.427849162246413
"HF","turquoise","OSBPL11",0.427804924970387
"HF","turquoise","SRSF4",0.42766051773199
"HF","turquoise","EIF2B5",0.427659572979641
"HF","turquoise","ZMAT3",0.427541845140452
"HF","turquoise","SETD7",0.427410895727487
"HF","turquoise","ELAC1",0.427246793807173
"HF","turquoise","CREBZF",0.427111579859354
"HF","turquoise","DORIP1",0.426533352273742
"HF","turquoise","TEFM",0.426507594766118
"HF","turquoise","RRP15",0.426388479013496
"HF","turquoise","ITGB1",0.426302168316557
"HF","turquoise","MIEF1",0.426216733087366
"HF","turquoise","MTERF4",0.426141784066959
"HF","turquoise","IK",0.426073849213424
"HF","turquoise","SOCS5",0.42582680661682
"HF","turquoise","KLHL15",0.425822890420252
"HF","turquoise","TAF11",0.425734344199464
"HF","turquoise","TCTA",0.425497585664517
"HF","turquoise","PPP2CB",0.425344478445629
"HF","turquoise","AP2B1",0.42529156339705
"HF","turquoise","PRKCI",0.425134102783399
"HF","turquoise","ARMC8",0.42499096077141
"HF","turquoise","PRPF4",0.424874032225138
"HF","turquoise","HNRNPH3",0.424584927872546
"HF","turquoise","TMEM47",0.42449561721212
"HF","turquoise","LPGAT1",0.4232207625808
"HF","turquoise","UBE4A",0.423199216817192
"HF","turquoise","LSM8",0.422982980894028
"HF","turquoise","LIG4",0.422859564629526
"HF","turquoise","IWS1",0.422595367495296
"HF","turquoise","CDK5",0.422593068725395
"HF","turquoise","MCFD2",0.422253909964292
"HF","turquoise","KDM6A",0.422220985884658
"HF","turquoise","FBXW4",0.422000164844875
"HF","turquoise","GSS",0.421641351130234
"HF","turquoise","UTP20",0.421464798281955
"HF","turquoise","RCAN3",0.42138916214806
"HF","turquoise","LSM14A",0.420864941899506
"HF","turquoise","ZKSCAN2",0.420800532465753
"HF","turquoise","FRYL",0.420580693520838
"HF","turquoise","RTCB",0.42023626229072
"HF","turquoise","ZNF613",0.420020866712043
"HF","turquoise","CAPRIN1",0.419606830787673
"HF","turquoise","TERF2",0.419474065954228
"HF","turquoise","RAD23B",0.418861509580701
"HF","turquoise","BOD1L1",0.418767445482589
"HF","turquoise","ZNF493",0.418750726017632
"HF","turquoise","PPP2R5A",0.418700657013838
"HF","turquoise","ZNF740",0.417656725810121
"HF","turquoise","CEP290",0.417470449287679
"HF","turquoise","CTNNBL1",0.417220784863067
"HF","turquoise","OGFOD3",0.417165375562997
"HF","turquoise","PSMD4",0.416981625619846
"HF","turquoise","WDR89",0.4169632109621
"HF","turquoise","CHML",0.416401623546917
"HF","turquoise","SRSF5",0.416297218376535
"HF","turquoise","GBE1",0.415500377777722
"HF","turquoise","CHMP4B",0.415480532969328
"HF","turquoise","MLLT10",0.414992153837151
"HF","turquoise","GXYLT1",0.414766428674156
"HF","turquoise","FAM199X",0.414598788208397
"HF","turquoise","RB1CC1",0.414457098321475
"HF","turquoise","PARG",0.414168111035015
"HF","turquoise","PTTG1IP",0.414098996774392
"HF","turquoise","IFT88",0.413626256656957
"HF","turquoise","ACP1",0.41345758941247
"HF","turquoise","UBE3A",0.413415624647321
"HF","turquoise","AP1AR",0.41339115650065
"HF","turquoise","FRA10AC1",0.413324196748528
"HF","turquoise","SPRYD3",0.413298300839564
"HF","turquoise","FAM149B1",0.413120310348802
"HF","turquoise","ACYP1",0.412811149333317
"HF","turquoise","ZNF510",0.4127910555907
"HF","turquoise","C9orf85",0.412711448455544
"HF","turquoise","PCGF5",0.411934726479651
"HF","turquoise","NIF3L1",0.411362478742188
"HF","turquoise","ZBTB41",0.411177757435269
"HF","turquoise","TMEM161B",0.41056456119654
"HF","turquoise","CYP39A1",0.410439152039686
"HF","turquoise","PEX5",0.409944644246263
"HF","turquoise","HNRNPU",0.409594228564624
"HF","turquoise","SNRPB",0.408502991662439
"HF","turquoise","DPH2",0.408357749533873
"HF","turquoise","AMD1",0.408312597893411
"HF","turquoise","SLC15A2",0.40821137648146
"HF","turquoise","FZD6",0.408154265521594
"HF","turquoise","SYAP1",0.40805518302303
"HF","turquoise","GLRX3",0.40750343605168
"HF","turquoise","SRSF10",0.40744983136507
"HF","turquoise","BCCIP",0.4071168661058
"HF","turquoise","ABCC5",0.406965720684924
"HF","turquoise","ZBTB11-AS1",0.406376719320537
"HF","turquoise","OSGIN2",0.406263647334069
"HF","turquoise","ASNSD1",0.405749341704929
"HF","turquoise","APP",0.405735129016928
"HF","turquoise","VAPA",0.405700978270825
"HF","turquoise","CARS2",0.405431097170174
"HF","turquoise","NUP42",0.405108179490953
"HF","turquoise","MALT1",0.404941455001324
"HF","turquoise","ZSCAN29",0.404488330665351
"HF","turquoise","SPAG16",0.404233900211826
"HF","turquoise","FBXO11",0.403977013137593
"HF","turquoise","ACVR1",0.403215633377019
"HF","turquoise","ZNF620",0.402984658061425
"HF","turquoise","ZC3HC1",0.402904814363011
"HF","turquoise","CEBPZ",0.402877010919056
"HF","turquoise","GDAP1",0.402528081917172
"HF","turquoise","IQCK",0.402449881214333
"HF","turquoise","PHAF1",0.401888207178449
"HF","turquoise","NAA15",0.401484230087406
"HF","turquoise","TTC23",0.401408539871938
"HF","turquoise","STK17A",0.400367014944378
"HF","turquoise","RCBTB1",0.400304474277448
"HF","turquoise","ZNF561",0.400183451259076
"HF","turquoise","TEX261",0.400171326997887
"HF","turquoise","SMARCA2",0.400131842485859
"HF","turquoise","SDE2",0.39993110945954
"HF","turquoise","ALG10B",0.399810773015541
"HF","turquoise","SSU72",0.399315316588755
"HF","turquoise","SEC24B",0.399122462216245
"HF","turquoise","NFATC2IP",0.398997691020743
"HF","turquoise","NSF",0.398907074753362
"HF","turquoise","MAX",0.398898748873765
"HF","turquoise","KIZ",0.398165991064821
"HF","turquoise","KICS2",0.398086325164127
"HF","turquoise","PARP11",0.396776055910981
"HF","turquoise","VCF2",0.396703424886062
"HF","turquoise","UBXN2A",0.39651886113001
"HF","turquoise","PCID2",0.39644726129886
"HF","turquoise","SYNPO2",0.396121420534814
"HF","turquoise","LIPT2-AS1",0.396084030790326
"HF","turquoise","TAOK3",0.394516461609085
"HF","turquoise","SREK1IP1",0.39439739102057
"HF","turquoise","NEURL2",0.394112309120293
"HF","turquoise","LRP6",0.394011246106198
"HF","turquoise","PHF3",0.39376477870417
"HF","turquoise","ZMYM5",0.393636291690707
"HF","turquoise","H2AC6",0.393499519511466
"HF","turquoise","ZNF35",0.393311151349274
"HF","turquoise","MIB1",0.393253345863127
"HF","turquoise","ZNF691",0.393185769724189
"HF","turquoise","VPS72",0.392871295754664
"HF","turquoise","EIF5AL1",0.392687667846278
"HF","turquoise","KLHL21",0.391895480650169
"HF","turquoise","AGGF1",0.391715631785331
"HF","turquoise","ING3",0.391593067327679
"HF","turquoise","SACM1L",0.391247918078275
"HF","turquoise","EIPR1",0.390697777418761
"HF","turquoise","GRPEL2",0.390655871713623
"HF","turquoise","DCAF1",0.390552184717398
"HF","turquoise","KDM1B",0.38980994337258
"HF","turquoise","YTHDF1",0.389780446410428
"HF","turquoise","ANXA6",0.389678397668439
"HF","turquoise","SAXO6",0.389658038547947
"HF","turquoise","ADNP2",0.389396005648847
"HF","turquoise","CHUK",0.389349649505946
"HF","turquoise","TRIM13",0.389060961394516
"HF","turquoise","ZNF416",0.388761743489489
"HF","turquoise","RWDD4",0.387577169131599
"HF","turquoise","PSPH",0.38739137856075
"HF","turquoise","RALGPS2",0.387154125878096
"HF","turquoise","CAMKMT",0.387061305732766
"HF","turquoise","RPL14",0.387012431781992
"HF","turquoise","CRYL1",0.386638534257824
"HF","turquoise","PREP",0.386593289013318
"HF","turquoise","RPS4X",0.386169457144239
"HF","turquoise","ZNF451",0.385937145322546
"HF","turquoise","EMC10",0.38581187648774
"HF","turquoise","ACSS3",0.385608251251536
"HF","turquoise","EIF3F",0.385253798842411
"HF","turquoise","ATL2",0.385207013535475
"HF","turquoise","CSTF1",0.385112289605642
"HF","turquoise","SRPK2",0.38495369114464
"HF","turquoise","RFX5",0.38475444086226
"HF","turquoise","H2BC4",0.384743628874599
"HF","turquoise","SGMS2",0.384471732906654
"HF","turquoise","NKRF",0.384254577304104
"HF","turquoise","RC3H2",0.383828939801555
"HF","turquoise","SMIM19",0.383646216572029
"HF","turquoise","GFER",0.383214614670459
"HF","turquoise","KIN",0.383144036750932
"HF","turquoise","CASD1",0.382988079150996
"HF","turquoise","CCNT1",0.382797363788592
"HF","turquoise","RABGAP1",0.382640174825936
"HF","turquoise","KBTBD7",0.382538295907797
"HF","turquoise","TXNDC15",0.382467148143812
"HF","turquoise","ZNF570",0.382167439268503
"HF","turquoise","CAV2",0.381273357059779
"HF","turquoise","ZNF664",0.381221314404055
"HF","turquoise","ECHDC1",0.379996242725128
"HF","turquoise","PCGF6",0.379283110106551
"HF","turquoise","KDM7A",0.379162147809294
"HF","turquoise","SMIM7",0.378267822898686
"HF","turquoise","ISY1",0.377160844929927
"HF","turquoise","IFT46",0.377093796897207
"HF","turquoise","RSPRY1",0.376262241815437
"HF","turquoise","AHCYL1",0.376220540734826
"HF","turquoise","HELZ",0.376086286469241
"HF","turquoise","EPC2",0.376051928464254
"HF","turquoise","NSUN5",0.375747832207148
"HF","turquoise","H2BC5",0.37573885961673
"HF","turquoise","ZNF141",0.375723998768241
"HF","turquoise","ZNF721",0.375428179548249
"HF","turquoise","SNX13",0.374911340901183
"HF","turquoise","ABCA5",0.374767489636127
"HF","turquoise","PIP4P1",0.374733400641799
"HF","turquoise","ZKSCAN5",0.374324566882925
"HF","turquoise","GARNL3",0.374321038311438
"HF","turquoise","IKZF2",0.374228446681997
"HF","turquoise","TTC8",0.373304364422114
"HF","turquoise","BRAP",0.37306089918734
"HF","turquoise","CNOT4",0.372987895299967
"HF","turquoise","C19orf73",0.372767524651889
"HF","turquoise","ILF2",0.372348661196515
"HF","turquoise","SMCR8",0.372299305898858
"HF","turquoise","DPY19L1",0.371894001706436
"HF","turquoise","WDR70",0.371315175938419
"HF","turquoise","DAAM1",0.371108347053085
"HF","turquoise","PFN2",0.370775358847837
"HF","turquoise","RNF7",0.370631181237342
"HF","turquoise","ZNF614",0.370317120269192
"HF","turquoise","SIAH1",0.369621855815582
"HF","turquoise","WDR73",0.369148926059913
"HF","turquoise","APH1A",0.368799602848514
"HF","turquoise","LGALS8",0.368751259996892
"HF","turquoise","CLK4",0.367636592811139
"HF","turquoise","ZNF791",0.36739737704061
"HF","turquoise","SMYD3",0.367085035644755
"HF","turquoise","MYO9A",0.366904022131054
"HF","turquoise","TCEAL3",0.366891563469802
"HF","turquoise","ZNF528",0.366885630278849
"HF","turquoise","BOP1",0.366856616454649
"HF","turquoise","TUFT1",0.366370223827922
"HF","turquoise","EIF5A2",0.366342336390545
"HF","turquoise","WHAMM",0.366169911922404
"HF","turquoise","RBM45",0.366139223546001
"HF","turquoise","LACTB",0.365867036449919
"HF","turquoise","FAM120C",0.365770947419764
"HF","turquoise","ZFX",0.365585579615211
"HF","turquoise","GALC",0.365484081718083
"HF","turquoise","PPIE",0.365120872124451
"HF","turquoise","SLC25A28",0.365077113304751
"HF","turquoise","SMUG1",0.364298266320269
"HF","turquoise","MAPK1",0.363813548569273
"HF","turquoise","FAM76A",0.363168467218327
"HF","turquoise","OXSR1",0.362937162469726
"HF","turquoise","SEPTIN2",0.362897406194023
"HF","turquoise","RABEP1",0.362691031269499
"HF","turquoise","TM2D1",0.362367559572265
"HF","turquoise","SMARCAL1",0.362324321222852
"HF","turquoise","KCTD2",0.362291921528682
"HF","turquoise","RAD52",0.362225643420257
"HF","turquoise","SOS2",0.362072198448526
"HF","turquoise","ST20",0.361652519295306
"HF","turquoise","USP32",0.361187578853335
"HF","turquoise","TOP1",0.36108122626343
"HF","turquoise","RALA",0.360544050608912
"HF","turquoise","CIART",0.360374519517833
"HF","turquoise","PPP4C",0.359936092707238
"HF","turquoise","PTPRG",0.359915761426281
"HF","turquoise","C8orf33",0.3598383862866
"HF","turquoise","RNF139",0.359669367114782
"HF","turquoise","C18orf32",0.359437588508132
"HF","turquoise","SRR",0.359385433282711
"HF","turquoise","MSH3",0.358838822684209
"HF","turquoise","DNTTIP2",0.358605750586413
"HF","turquoise","PHTF1",0.358020569364474
"HF","turquoise","COPG1",0.358004919490311
"HF","turquoise","ARID2",0.357595614162386
"HF","turquoise","CREB1",0.357378644124938
"HF","turquoise","LLPH",0.357283272532175
"HF","turquoise","BCLAF1",0.357144393579024
"HF","turquoise","OCRL",0.357042706769692
"HF","turquoise","NSUN4",0.35701244467303
"HF","turquoise","THNSL2",0.356990798747488
"HF","turquoise","VCPKMT",0.356979485466075
"HF","turquoise","XPA",0.356642357733782
"HF","turquoise","SCYL2",0.35643198970137
"HF","turquoise","MAPRE1",0.355958402737907
"HF","turquoise","ARMCX5",0.355816743294968
"HF","turquoise","PEX10",0.355804106454324
"HF","turquoise","FBL",0.355775703397807
"HF","turquoise","VTI1A",0.355647011563993
"HF","turquoise","TAMM41",0.354956561637234
"HF","turquoise","CEP83",0.35467225180668
"HF","turquoise","NAP1L5",0.354469870850464
"HF","turquoise","PIK3CA",0.354310965823077
"HF","turquoise","ASB7",0.354234278249346
"HF","turquoise","LYSMD1",0.353997665332698
"HF","turquoise","MAGOH",0.353942790784862
"HF","turquoise","MYSM1",0.353883663642008
"HF","turquoise","CDC5L",0.353333121208759
"HF","turquoise","ZNF197",0.353121730749613
"HF","turquoise","ADIPOR2",0.352633697871222
"HF","turquoise","SLC25A16",0.352436919555143
"HF","turquoise","AASDH",0.352298601819041
"HF","turquoise","MTMR1",0.352120046092906
"HF","turquoise","DDX54",0.352042512380979
"HF","turquoise","SLC9D1",0.352022876110401
"HF","turquoise","HSPA14",0.351541369811317
"HF","turquoise","ZNF92",0.351248398892622
"HF","turquoise","CTBP2",0.350846368266673
"HF","turquoise","ZNF32",0.350471673598071
"HF","turquoise","MTMR10",0.350436222483989
"HF","turquoise","PCNA",0.350329284863522
"HF","turquoise","TBCB",0.350229744715249
"HF","turquoise","MAP3K7",0.349102621064725
"HF","turquoise","THUMPD1",0.348951092010658
"HF","turquoise","ITPRID2",0.34838340495468
"HF","turquoise","KIAA1586",0.348320067742185
"HF","turquoise","CADM4",0.348213626024715
"HF","turquoise","SMAD7",0.348121423281215
"HF","turquoise","YIPF1",0.348038742029812
"HF","turquoise","NEU3",0.347705277823228
"HF","turquoise","BRAF",0.347590583568833
"HF","turquoise","C9orf72",0.347302242511462
"HF","turquoise","CALM1",0.347175755903652
"HF","turquoise","GINS3",0.34710831347254
"HF","turquoise","SCFD2",0.346327215119777
"HF","turquoise","UBE2E2",0.345769115032128
"HF","turquoise","PUS10",0.344582772766349
"HF","turquoise","CD47",0.34407877688541
"HF","turquoise","DENND5A",0.343979117875986
"HF","turquoise","RAB29",0.343591311680893
"HF","turquoise","BARD1",0.343414123079139
"HF","turquoise","ELOA",0.343230088227786
"HF","turquoise","HEATR6",0.342988021000416
"HF","turquoise","CBX3",0.342853301393652
"HF","turquoise","CINP",0.342794861269763
"HF","turquoise","DR1",0.342696275023519
"HF","turquoise","PDXDC1",0.342576885731538
"HF","turquoise","BBS10",0.342153199777675
"HF","turquoise","NOP14",0.342121501125839
"HF","turquoise","MFSD8",0.34204417575058
"HF","turquoise","TOMM22",0.341985148220907
"HF","turquoise","C12orf43",0.341960772819332
"HF","turquoise","REV1",0.341686348528411
"HF","turquoise","ATP7B",0.341669806712846
"HF","turquoise","H2AJ",0.341624073098936
"HF","turquoise","ZFAND4",0.341583811529587
"HF","turquoise","MTHFS",0.341477227871277
"HF","turquoise","ZNF773",0.341430613686327
"HF","turquoise","ZNF274",0.341216878657515
"HF","turquoise","ERCC4",0.34069637950477
"HF","turquoise","HERC4",0.340370665549502
"HF","turquoise","RFT1",0.340015959807939
"HF","turquoise","RNF11",0.339737119157718
"HF","turquoise","NOP56",0.339520643440777
"HF","turquoise","CBX1",0.339095842320676
"HF","turquoise","CPSF6",0.339012233760375
"HF","turquoise","GCFC2",0.338782078265518
"HF","turquoise","SLC25A33",0.338736432491514
"HF","turquoise","PLEKHA2",0.337692581126136
"HF","turquoise","NIN",0.337065466898401
"HF","turquoise","ZNF284",0.336823361510655
"HF","turquoise","HERPUD1",0.336633401059112
"HF","turquoise","YTHDC1",0.336455313465759
"HF","turquoise","SPATA25",0.336389040471497
"HF","turquoise","HNRNPH1",0.335474679467859
"HF","turquoise","USP11",0.335333959258154
"HF","turquoise","TXNDC11",0.335285466356802
"HF","turquoise","SEC22A",0.335217635275336
"HF","turquoise","MSH6",0.334795387964312
"HF","turquoise","ZDHHC4",0.334571903646022
"HF","turquoise","HTATIP2",0.334419536143377
"HF","turquoise","ATG101",0.333606901444381
"HF","turquoise","CAB39L",0.333316861305272
"HF","turquoise","C15orf40",0.333018669317958
"HF","turquoise","CKAP2",0.33275723352087
"HF","turquoise","YLPM1",0.332638609590146
"HF","turquoise","ZNF12",0.332034192842966
"HF","turquoise","GK",0.331314159755255
"HF","turquoise","DDX55",0.330941849159152
"HF","turquoise","ZNF438",0.330600301499708
"HF","turquoise","CAPN7",0.330570529987475
"HF","turquoise","LANCL2",0.330527090884107
"HF","turquoise","XRRA1",0.330176035435112
"HF","turquoise","NSFL1C",0.329766293999668
"HF","turquoise","PBRM1",0.329469221746258
"HF","turquoise","B4GALT6",0.329346281489617
"HF","turquoise","IPO5",0.328799715606424
"HF","turquoise","ZNF706",0.327569970855389
"HF","turquoise","STEEP1",0.327284974977709
"HF","turquoise","TFRC",0.327120631423335
"HF","turquoise","TCAF1",0.327115900355764
"HF","turquoise","HLA-F-AS1",0.326706764790232
"HF","turquoise","PPP2R5E",0.326601678692215
"HF","turquoise","PTPRK",0.32649540306649
"HF","turquoise","BRIX1",0.326279098503348
"HF","turquoise","DERA",0.326129554936884
"HF","turquoise","RAE1",0.325271645214077
"HF","turquoise","ARHGAP10",0.325189160995766
"HF","turquoise","NAB1",0.325029650367048
"HF","turquoise","MBD5",0.32487337837751
"HF","turquoise","LIN54",0.324850672570307
"HF","turquoise","CYREN",0.3242621523781
"HF","turquoise","ZNF619",0.32416183182257
"HF","turquoise","MIER3",0.323856258294404
"HF","turquoise","PAMR1",0.323759745998602
"HF","turquoise","SMAD1",0.323267316019913
"HF","turquoise","G2E3",0.323103985062865
"HF","turquoise","CHRAC1",0.32166111284367
"HF","turquoise","ELF2",0.321630546927418
"HF","turquoise","SETD2",0.320788774201409
"HF","turquoise","HIBCH",0.320747244299896
"HF","turquoise","HELQ",0.320698083103196
"HF","turquoise","ZNF830",0.320357393214185
"HF","turquoise","NR1D2",0.319868290461834
"HF","turquoise","CBLL1",0.319724604865163
"HF","turquoise","NUFIP2",0.319597816336539
"HF","turquoise","VPS41",0.319574249233315
"HF","turquoise","DCBLD1",0.319570236035419
"HF","turquoise","SNX25",0.318950294109021
"HF","turquoise","SEMA5A",0.31868992931164
"HF","turquoise","HIVEP1",0.318588821775692
"HF","turquoise","HAUS4",0.318221338650113
"HF","turquoise","ZBTB33",0.31817240294095
"HF","turquoise","ZNF655",0.31815903780673
"HF","turquoise","MAGI3",0.316605506953803
"HF","turquoise","CCDC124",0.316500000608408
"HF","turquoise","EIF2D",0.316216668223873
"HF","turquoise","OSBPL9",0.315335287973887
"HF","turquoise","FOXJ3",0.315289483378534
"HF","turquoise","NSUN3",0.31522263356581
"HF","turquoise","DDX3X",0.31520520409188
"HF","turquoise","ZBED5",0.315202025810243
"HF","turquoise","CCZ1",0.315121158270381
"HF","turquoise","PDSS1",0.31403459156748
"HF","turquoise","WAC",0.313637051674029
"HF","turquoise","NSMCE4A",0.313374509459252
"HF","turquoise","RBM8A",0.312047572452391
"HF","turquoise","PPIL3",0.311848237346029
"HF","turquoise","MTND1P23",0.31133690564228
"HF","turquoise","GLRX",0.310993911491331
"HF","turquoise","RBM23",0.310288423341506
"HF","turquoise","CHN1",0.309803660793976
"HF","turquoise","RHOBTB1",0.309528636933727
"HF","turquoise","LSG1",0.308877562335092
"HF","turquoise","ZBTB8OS",0.308839141830154
"HF","turquoise","ANKRD50",0.308632848909641
"HF","turquoise","ALG14",0.308583135192187
"HF","turquoise","GNAI1",0.308554387843621
"HF","turquoise","SCARNA17",0.308405554607573
"HF","turquoise","SCAF11",0.308273572012036
"HF","turquoise","PPIP5K2",0.307312539297547
"HF","turquoise","OBI1",0.307095329496367
"HF","turquoise","DRC8",0.306965979321674
"HF","turquoise","FRG1",0.306516584188737
"HF","turquoise","ALG1",0.30605370209974
"HF","turquoise","ALDH1B1",0.304815327292878
"HF","turquoise","DUSP16",0.303762758639041
"HF","turquoise","DHCR7",0.303635503187667
"HF","turquoise","ACSM3",0.303001428469187
"HF","turquoise","DHFR2",0.302141245552318
"HF","turquoise","TXNL4A",0.301580416032156
"HF","turquoise","TBCC",0.301441002015904
"HF","turquoise","ACSL3",0.301354925183469
"HF","turquoise","HNRNPA0",0.300996642688256
"HF","turquoise","WARS2",0.300855822615347
"HF","turquoise","PDZD8",0.300449771336408
"HF","turquoise","TMEM106C",0.300403515671285
"HF","turquoise","COIL",0.300140740542058
"HF","turquoise","LPCAT3",0.300022785942803
"HF","turquoise","COL21A1",0.299572291863858
"HF","turquoise","SRP14",0.299422170017067
"HF","turquoise","SRPRA",0.299268882434265
"HF","turquoise","ZNF766",0.299053215940816
"HF","turquoise","CD82",0.298974717908293
"HF","turquoise","TASOR2",0.298474563437685
"HF","turquoise","THOC3",0.298197079776525
"HF","turquoise","MSL3",0.298140769057845
"HF","turquoise","RFC2",0.297731190068512
"HF","turquoise","SPTAN1",0.29769311898893
"HF","turquoise","USP25",0.29760562396732
"HF","turquoise","KDR",0.2973960172241
"HF","turquoise","TP53INP1",0.296980714636612
"HF","turquoise","RNF2",0.296538291217278
"HF","turquoise","TSPAN13",0.296105098627344
"HF","turquoise","TMEM147",0.295276806277974
"HF","turquoise","RAB5IF",0.29504971805833
"HF","turquoise","MTA3",0.294826436657987
"HF","turquoise","ZNF566",0.294201385111047
"HF","turquoise","AMACR",0.293694368637229
"HF","turquoise","SHLD1",0.293124858342511
"HF","turquoise","H3-3A",0.292639132825925
"HF","turquoise","H3-3B",0.292478276005806
"HF","turquoise","MANBA",0.291470525526281
"HF","turquoise","NCBP1",0.290108219419824
"HF","turquoise","MAOA",0.289474176512062
"HF","turquoise","MIF4GD",0.289207832373983
"HF","turquoise","CLP1",0.288972034268901
"HF","turquoise","DPH3",0.288798580034886
"HF","turquoise","IST1",0.288045974025346
"HF","turquoise","ADD3",0.286826104984303
"HF","turquoise","POLR1B",0.286752864481006
"HF","turquoise","ZNF704",0.286539415104503
"HF","turquoise","BORCS7",0.286409894305137
"HF","turquoise","KCTD6",0.285914499269521
"HF","turquoise","QSER1",0.285772608757486
"HF","turquoise","LDLRAD4",0.284631345308436
"HF","turquoise","SMIM12",0.284034785535216
"HF","turquoise","SSX2IP",0.283354739165856
"HF","turquoise","CFDP1",0.28302011514476
"HF","turquoise","AZGP1",0.281650489405787
"HF","turquoise","SET",0.28112599971002
"HF","turquoise","POLR1D",0.280705082119038
"HF","turquoise","SIL1",0.280224274959799
"HF","turquoise","INTS15",0.279979564678877
"HF","turquoise","MAPK1IP1L",0.279409024234169
"HF","turquoise","HMGCS1",0.27926397814062
"HF","turquoise","ABCB1",0.279233180030747
"HF","turquoise","ARL15",0.279125817296903
"HF","turquoise","VMA21",0.278660037465646
"HF","turquoise","ARHGAP24",0.278357236203549
"HF","turquoise","UBE2T",0.277715903357906
"HF","turquoise","BIRC2",0.275793437255872
"HF","turquoise","ANKRD42",0.274303362089568
"HF","turquoise","GLCE",0.273833450840673
"HF","turquoise","ZNF195",0.273044801613011
"HF","turquoise","TRAPPC3",0.272391442252393
"HF","turquoise","ATP6V0B",0.272093975562871
"HF","turquoise","LEMD3",0.268379656642343
"HF","turquoise","POLR1H",0.266802916105155
"HF","turquoise","DNAJC21",0.265449580733129
"HF","turquoise","EHD4",0.263966692791747
"HF","turquoise","BRK1",0.262562074112391
"HF","turquoise","IDNK",0.262549507743661
"HF","turquoise","CYB5A",0.262390699078951
"HF","turquoise","NSRP1",0.261467105264149
"HF","turquoise","ZCCHC9",0.260354062303287
"HF","turquoise","CCDC186",0.260342885301634
"HF","turquoise","EPC1",0.258927229755715
"HF","turquoise","FAT1",0.253856974060175
"HF","turquoise","ABAT",0.253630989371117
"HF","turquoise","EDC3",0.253164149496495
"HF","turquoise","PDP2",0.249879767438305
"HF","turquoise","YPEL1",0.249041598164187
"HF","turquoise","ZNF678",0.245334706555454
"HF","turquoise","HNRNPDL",0.244107041468609
"HF","turquoise","KLHDC8B",0.243983453954869
"HF","turquoise","LMNB2",0.243605461602864
"HF","turquoise","ITM2A",0.243543820290325
"HF","turquoise","ERC1",0.242465563299114
"HF","turquoise","MICAL2",0.233658803650088
"HF","turquoise","APLP2",0.232363775477271
"HF","turquoise","TP53RK",0.231218061968762
"HF","turquoise","NLN",0.230446437801909
"HF","turquoise","CDC42",0.229692470986831
"HF","turquoise","NOP53",0.228074675022014
"HF","turquoise","MCM9",0.227467868760037
"HF","turquoise","TENT4B",0.227058780465817
"HF","turquoise","ANKAR",0.226648652898448
"HF","turquoise","PHTF2",0.226516165214305
"HF","turquoise","NUDCD1",0.225206481146584
"HF","turquoise","SNRPB2",0.2219250497507
"HF","turquoise","GATC",0.212219969332143
"HF","turquoise","MED28",0.209261857287125
"HF","turquoise","UBE2V2",0.206504793972615
"HF","turquoise","GOLGB1",0.203108342191112
"HF","turquoise","AHI1",0.199681535743655
"HF","turquoise","BACH2",0.187237893259198
"HF","turquoise","CCNG1",0.184082209250634
"HF","turquoise","SIRAL1",0.132544185366331
"HF","yellow","BAZ2A",0.874049109789229
"HF","yellow","SZT2",0.855908502694167
"HF","yellow","SETD5",0.828273785767117
"HF","yellow","HECTD4",0.825571676867099
"HF","yellow","NUP214",0.823126885013292
"HF","yellow","TRRAP",0.822261317703689
"HF","yellow","CUL9",0.817771169501953
"HF","yellow","GPATCH8",0.792341337430724
"HF","yellow","EP300",0.79171686664152
"HF","yellow","EP400",0.789598004774903
"HF","yellow","CTC1",0.782400961792987
"HF","yellow","ILF3",0.776045079752037
"HF","yellow","SPEN",0.773469886238156
"HF","yellow","NCOA6",0.767841605073481
"HF","yellow","NUMA1",0.759299762752853
"HF","yellow","MDC1",0.754711133057375
"HF","yellow","KMT2D",0.750880812425124
"HF","yellow","STK36",0.749024891394699
"HF","yellow","GCN1",0.744533839450051
"HF","yellow","QRICH1",0.741248728733779
"HF","yellow","TMEM234",0.738479401714178
"HF","yellow","PHF8",0.738304486320846
"HF","yellow","BRD2",0.73027932502846
"HF","yellow","MCM3AP",0.728756470278349
"HF","yellow","SRRM2",0.727934553727211
"HF","yellow","SMG6",0.725715497941347
"HF","yellow","PIAS3",0.724350645867079
"HF","yellow","ARHGEF11",0.720061694711091
"HF","yellow","CCNL2",0.719496817269927
"HF","yellow","SEC16A",0.717577261219777
"HF","yellow","CHD8",0.7132283939174
"HF","yellow","TCERG1",0.711588416604857
"HF","yellow","SMARCA4",0.707935516742275
"HF","yellow","GTF3C2",0.707895637639871
"HF","yellow","PGS1",0.706621503411513
"HF","yellow","ACIN1",0.70400340880734
"HF","yellow","SF3B2",0.69943773733181
"HF","yellow","SETDB1",0.695997112711781
"HF","yellow","KANSL1",0.695286978418409
"HF","yellow","NCOR1",0.694111786470841
"HF","yellow","BSDC1",0.693226939669612
"HF","yellow","ZNF609",0.692140847366467
"HF","yellow","KDM2A",0.690746175832258
"HF","yellow","GON4L",0.690637402955049
"HF","yellow","ACSF3",0.689260875653066
"HF","yellow","MED13L",0.686461484309131
"HF","yellow","KMT2A",0.684966399125437
"HF","yellow","POLR2A",0.681718754878948
"HF","yellow","ZZEF1",0.68084316898025
"HF","yellow","SEC31B",0.679020654603646
"HF","yellow","EZH1",0.676977764029503
"HF","yellow","SUGP2",0.674489554910598
"HF","yellow","IPO9",0.674058514735144
"HF","yellow","LAS1L",0.673811499434897
"HF","yellow","CPSF7",0.672504780861334
"HF","yellow","CDK12",0.669727821101499
"HF","yellow","GABBR1",0.668179252180457
"HF","yellow","MED12",0.667638986680102
"HF","yellow","PCNX3",0.667110033082813
"HF","yellow","NSD1",0.666258650294605
"HF","yellow","NISCH",0.664009072944637
"HF","yellow","BICRAL",0.663297960636901
"HF","yellow","ZNF592",0.662630816609196
"HF","yellow","KDM4A",0.661419087542437
"HF","yellow","PAN2",0.660732475947429
"HF","yellow","VPS53",0.659083924893155
"HF","yellow","NUP85",0.65764186179761
"HF","yellow","PI4KA",0.657508703804553
"HF","yellow","TNRC6A",0.657144709769973
"HF","yellow","SIN3A",0.656054519815664
"HF","yellow","ZMYM3",0.655672183840336
"HF","yellow","HTT",0.654392821232107
"HF","yellow","CCAR2",0.651386806764359
"HF","yellow","ATG13",0.649002300048209
"HF","yellow","POGZ",0.648546660696542
"HF","yellow","HECTD3",0.646554745420143
"HF","yellow","ANKZF1",0.646400143858231
"HF","yellow","HDAC6",0.646292580440686
"HF","yellow","PHF12",0.646285663000558
"HF","yellow","HPS4",0.646133860773711
"HF","yellow","WDFY3",0.643141281467799
"HF","yellow","TNPO2",0.641187534374737
"HF","yellow","RBM19",0.640957777198589
"HF","yellow","PIGO",0.640751140725327
"HF","yellow","PIGG",0.638825714347431
"HF","yellow","ZBTB39",0.637472347859453
"HF","yellow","PHF2",0.635844571035887
"HF","yellow","DIP2A",0.634325879387404
"HF","yellow","NXF1",0.63422722526907
"HF","yellow","CASC3",0.632446385116042
"HF","yellow","POLE",0.63182178132512
"HF","yellow","ZMIZ1",0.631253797173588
"HF","yellow","CREBBP",0.631198426525908
"HF","yellow","DHX8",0.628531834074579
"HF","yellow","CAMK2G",0.626923972112573
"HF","yellow","SFSWAP",0.626758681342351
"HF","yellow","STX16",0.624004789477455
"HF","yellow","TNRC6C",0.62354721303941
"HF","yellow","LY6G5B",0.623182470322018
"HF","yellow","GRIPAP1",0.622974054960262
"HF","yellow","MSL2",0.621601344415034
"HF","yellow","TRAPPC10",0.621370284624891
"HF","yellow","KANSL3",0.621219788362901
"HF","yellow","PIGL",0.620810876674772
"HF","yellow","ATP6V0A1",0.619109519848784
"HF","yellow","MTCL2",0.619008556026823
"HF","yellow","MINK1",0.617889582815171
"HF","yellow","ATF7",0.615579092987505
"HF","yellow","TPCN2",0.614559979645298
"HF","yellow","ING5",0.613762418939631
"HF","yellow","SMARCC2",0.613328129995092
"HF","yellow","IFT172",0.610975525775312
"HF","yellow","ZXDC",0.610937807149644
"HF","yellow","AKAP8",0.609558709451966
"HF","yellow","POLR1HASP",0.608267725247342
"HF","yellow","MKS1",0.60744402416307
"HF","yellow","MAPKBP1",0.606787299869796
"HF","yellow","CRTC3",0.606075620112227
"HF","yellow","ZSWIM8",0.603831920415776
"HF","yellow","CNNM3",0.603709229083777
"HF","yellow","PWWP3A",0.603104050151428
"HF","yellow","CUL7",0.602311620709654
"HF","yellow","SLC6A16",0.60192824099246
"HF","yellow","STING1",0.601668774125553
"HF","yellow","EHMT1",0.601376024599531
"HF","yellow","PRRC2C",0.600896035020265
"HF","yellow","ADD1",0.599330716536441
"HF","yellow","KMT2C",0.598743226199165
"HF","yellow","PATZ1",0.598305137447681
"HF","yellow","ATXN7",0.598205656058621
"HF","yellow","WWP2",0.597098243493532
"HF","yellow","KALRN",0.596836468730144
"HF","yellow","SLC44A2",0.596013186332737
"HF","yellow","ZKSCAN1",0.595321544581907
"HF","yellow","ZNF621",0.594408954334708
"HF","yellow","ZCCHC14",0.59385564516527
"HF","yellow","SAMD4B",0.592681128306773
"HF","yellow","TBP",0.592088991311411
"HF","yellow","FHIP1B",0.590444362876861
"HF","yellow","ZFYVE1",0.590159883470016
"HF","yellow","DIDO1",0.588449426586883
"HF","yellow","RGL3",0.588155360208115
"HF","yellow","CCDC180",0.58772736005424
"HF","yellow","NCAPD2",0.584233427749281
"HF","yellow","LENG8",0.584083147856795
"HF","yellow","PTCH1",0.582782835117433
"HF","yellow","VPS35L",0.580446878243843
"HF","yellow","ACVR1B",0.57979160015615
"HF","yellow","MTMR3",0.578314670485461
"HF","yellow","ZMYND8",0.576833734042355
"HF","yellow","EOLA1-DT",0.576005886077433
"HF","yellow","CHAMP1",0.574615615964426
"HF","yellow","PRPF3",0.574310983983232
"HF","yellow","BRPF1",0.573913497803007
"HF","yellow","APBB3",0.573631592839974
"HF","yellow","DEDD",0.573227385991847
"HF","yellow","TENT4A",0.572708684716403
"HF","yellow","CNTROB",0.572364919607375
"HF","yellow","CACNB3",0.570997395174085
"HF","yellow","ZNF543",0.570482486158484
"HF","yellow","TMEM39B",0.570105385960363
"HF","yellow","GARRE1",0.570100519032277
"HF","yellow","DVL2",0.569983487124627
"HF","yellow","HINFP",0.569347181979147
"HF","yellow","GPR162",0.56905754233073
"HF","yellow","NSUN5P1",0.568624559085056
"HF","yellow","RBM5",0.568593743938472
"HF","yellow","CCDC142",0.568289596598006
"HF","yellow","LUC7L",0.566450130914101
"HF","yellow","TAF1C",0.565615847955961
"HF","yellow","DROSHA",0.56520867141136
"HF","yellow","IP6K1",0.563757262626623
"HF","yellow","INPP4A",0.562250208129904
"HF","yellow","LINC00921",0.561037170562762
"HF","yellow","ZNF841",0.560850457561203
"HF","yellow","BRD9",0.558097774930557
"HF","yellow","INTS9",0.556892029257697
"HF","yellow","SPPL3",0.555545440174102
"HF","yellow","PCSK7",0.555466716765725
"HF","yellow","EWSR1",0.555114595529491
"HF","yellow","SYDE1",0.554724682154445
"HF","yellow","RUSF1",0.554101132297363
"HF","yellow","BLTP2",0.553579849655555
"HF","yellow","AGO3",0.553286419917936
"HF","yellow","TUBGCP6",0.553094315639625
"HF","yellow","ANGEL1",0.550634784070739
"HF","yellow","ZNF398",0.550533590176442
"HF","yellow","HIP1",0.550085897872439
"HF","yellow","ATXN2L",0.549435554083536
"HF","yellow","SNRNP200",0.548274786633699
"HF","yellow","KMT2B",0.547993999526982
"HF","yellow","LRRC14",0.547810972048174
"HF","yellow","NSD3",0.547764872385861
"HF","yellow","MADD",0.547117231626489
"HF","yellow","MYBBP1A",0.546773104957719
"HF","yellow","DGCR8",0.544601245646091
"HF","yellow","RBM4",0.54438833683503
"HF","yellow","GDPD3",0.544229804860086
"HF","yellow","NFRKB",0.543718805059535
"HF","yellow","ANKFY1",0.543329459294773
"HF","yellow","FAM193A",0.5430522313199
"HF","yellow","ANKHD1",0.543000616279579
"HF","yellow","COPS7B",0.5428570672485
"HF","yellow","POLA2",0.541656231679514
"HF","yellow","GATD1",0.541218858476041
"HF","yellow","CNNM2",0.541056110995684
"HF","yellow","PAXIP1",0.539946947827749
"HF","yellow","INTS3",0.537521431806014
"HF","yellow","ITPR1",0.537449675487692
"HF","yellow","BRF1",0.536877518549227
"HF","yellow","MRNIP",0.536119904307531
"HF","yellow","PRDM2",0.534919696140236
"HF","yellow","AGAP6",0.534765642117002
"HF","yellow","SKIC2",0.533987140813277
"HF","yellow","RNF26",0.533509657651502
"HF","yellow","UNC13B",0.533498749563761
"HF","yellow","METTL17",0.533423311999113
"HF","yellow","TTLL5",0.532486952506985
"HF","yellow","LTO1",0.531103102721268
"HF","yellow","SLC35E2B",0.528824115573629
"HF","yellow","RBMS2",0.528116497430858
"HF","yellow","ATG4B",0.525996348596302
"HF","yellow","APEX2",0.525946963930262
"HF","yellow","ZNF551",0.525330346231993
"HF","yellow","XPC",0.525001212215242
"HF","yellow","DNHD1",0.52489453187618
"HF","yellow","PHRF1",0.521795789549099
"HF","yellow","CRTC2",0.519325409521744
"HF","yellow","N4BP1",0.519225157091995
"HF","yellow","LMF2",0.519206351513982
"HF","yellow","RSKR",0.518623717473628
"HF","yellow","ACCS",0.518057549431412
"HF","yellow","ZNF785",0.517527262487392
"HF","yellow","DDX56",0.516940172847332
"HF","yellow","SELENOH",0.516838647875727
"HF","yellow","GOLGA8A",0.516751407305562
"HF","yellow","IGF2R",0.516604536562829
"HF","yellow","DHX38",0.516381053564433
"HF","yellow","CLK3",0.514791962059171
"HF","yellow","NRBP2",0.512977818505106
"HF","yellow","CEP164",0.512826734547085
"HF","yellow","INPP5B",0.512472061111974
"HF","yellow","ABCC10",0.512015572089632
"HF","yellow","R3HDM1",0.511029782823503
"HF","yellow","INO80D",0.510838687537311
"HF","yellow","SF3A1",0.510739649825138
"HF","yellow","FGFR1",0.510142906517092
"HF","yellow","RNF216",0.510027858928528
"HF","yellow","PDXDC2P-NPIPB14P",0.508918221970853
"HF","yellow","POLDIP3",0.507466873836339
"HF","yellow","ABCB6",0.506885851754166
"HF","yellow","SLC35E1",0.506503206929388
"HF","yellow","SPRY4",0.506494697903397
"HF","yellow","TTI1",0.504726639079755
"HF","yellow","KIAA0753",0.504456740162713
"HF","yellow","FAM193B",0.504228766613228
"HF","yellow","HNRNPUL1",0.500731530660215
"HF","yellow","TLK2",0.498942016202452
"HF","yellow","AGAP9",0.498691601730819
"HF","yellow","RING1",0.497905676668243
"HF","yellow","NOL6",0.496997947492497
"HF","yellow","ZFP64",0.493946715651378
"HF","yellow","MYO1C",0.492427272152363
"HF","yellow","EMSY",0.491477584988163
"HF","yellow","CLSTN1",0.491172898913941
"HF","yellow","ZNF236",0.490867110152616
"HF","yellow","MED13",0.490806671684753
"HF","yellow","ZNFX1",0.490750858813997
"HF","yellow","IFT140",0.489507510787276
"HF","yellow","THRA",0.489413074519772
"HF","yellow","ATF6B",0.489374389263251
"HF","yellow","DHX33",0.489098661490207
"HF","yellow","SRRT",0.488685166630345
"HF","yellow","PRR3",0.488386540723664
"HF","yellow","MYADM",0.488111313978925
"HF","yellow","TRIB2",0.487013306126902
"HF","yellow","POMT1",0.486577659036426
"HF","yellow","ZNF384",0.485151998317635
"HF","yellow","KCTD7",0.485144466062233
"HF","yellow","INF2",0.485116642643984
"HF","yellow","PLA2G6",0.485037677518598
"HF","yellow","TRIM66",0.484642475648259
"HF","yellow","VPS11",0.484470405433349
"HF","yellow","ARID1B",0.483869345063727
"HF","yellow","ENGASE",0.483503845987459
"HF","yellow","NCOR2",0.483445179745234
"HF","yellow","CBFA2T2",0.483407072923891
"HF","yellow","GATD1-DT",0.483354073723337
"HF","yellow","DUSP22",0.482427143913625
"HF","yellow","GOLGA6L9",0.48168695305187
"HF","yellow","ZBTB40",0.48137270661027
"HF","yellow","WTIP",0.480895921918351
"HF","yellow","TOE1",0.480081692934125
"HF","yellow","PRPF6",0.47926613387324
"HF","yellow","ANAPC2",0.479079303988128
"HF","yellow","NBR2",0.478145434899035
"HF","yellow","USP42",0.477523813873221
"HF","yellow","TYK2",0.477326069915889
"HF","yellow","NOD1",0.476608244867761
"HF","yellow","USP20",0.475588477928987
"HF","yellow","TAF1",0.475330638567615
"HF","yellow","GOLGA3",0.475296187113255
"HF","yellow","NAT10",0.474628264568822
"HF","yellow","TAF6L",0.47411164746915
"HF","yellow","RUSC2",0.473255039674743
"HF","yellow","ATP13A1",0.47306361251132
"HF","yellow","LMBR1L",0.472633885210511
"HF","yellow","DGKH",0.47130020167458
"HF","yellow","POM121C",0.471206171926817
"HF","yellow","DDX17",0.4710882962385
"HF","yellow","RALGAPB",0.471052212399065
"HF","yellow","CNTNAP1",0.47032513972001
"HF","yellow","TRIM3",0.470242819553619
"HF","yellow","CTCF",0.470019068108322
"HF","yellow","SCAP",0.469288120803106
"HF","yellow","POU2F1",0.46927504736768
"HF","yellow","DIS3L2",0.468772624094458
"HF","yellow","EXOC3",0.46876618476629
"HF","yellow","ZC3H4",0.468748730010007
"HF","yellow","SETD1B",0.468314889516462
"HF","yellow","PROSER1",0.468162022102993
"HF","yellow","WDR6",0.467645826410245
"HF","yellow","U2AF1",0.467333459584357
"HF","yellow","LINC01089",0.466933213092695
"HF","yellow","BTN2A1",0.466144785009673
"HF","yellow","TMEM208",0.466021414042776
"HF","yellow","FBXO42",0.465536647217808
"HF","yellow","SH3PXD2A",0.464914927418878
"HF","yellow","GAS6",0.464402412425564
"HF","yellow","VARS2",0.463647788490437
"HF","yellow","SSH1",0.463370511250827
"HF","yellow","MED15",0.462294044950181
"HF","yellow","PNPLA7",0.461567302881807
"HF","yellow","ZNF79",0.46110267456154
"HF","yellow","VSTM4",0.460632226147766
"HF","yellow","ZNF532",0.45959913509951
"HF","yellow","NCBP3",0.459564348001868
"HF","yellow","BCAS3",0.458336868382795
"HF","yellow","SYVN1",0.458111631496744
"HF","yellow","PRDM10",0.456936607365508
"HF","yellow","MAN2C1",0.456410049513791
"HF","yellow","RNF31",0.456300808928565
"HF","yellow","MTHFSD",0.455290725223308
"HF","yellow","UBXN1",0.455185762165172
"HF","yellow","SH3BP4",0.454539590560113
"HF","yellow","ABCA3",0.45400129899569
"HF","yellow","ABCA2",0.453882401120542
"HF","yellow","CXXC1",0.452924024371704
"HF","yellow","WASHC1",0.452286051284239
"HF","yellow","PAGR1",0.451611999995218
"HF","yellow","RBM33",0.450021240162111
"HF","yellow","ODF2",0.44936596014492
"HF","yellow","RAD51D",0.449074310590111
"HF","yellow","NPRL3",0.449072845710163
"HF","yellow","NKTR",0.449049466979992
"HF","yellow","NFIA",0.448548524470262
"HF","yellow","DNMT3A",0.447430700353241
"HF","yellow","ZNF514",0.447055933460072
"HF","yellow","MBD6",0.446075765836087
"HF","yellow","FARP2",0.445665422169408
"HF","yellow","SENP3",0.445637248276409
"HF","yellow","PDGFB",0.444698706324246
"HF","yellow","TTC31",0.44466792565317
"HF","yellow","CDK11B",0.444631914341866
"HF","yellow","ZNF263",0.444175126527227
"HF","yellow","METTL25B",0.444159373843546
"HF","yellow","EMC1",0.443902855522895
"HF","yellow","PRKCE",0.44384162340168
"HF","yellow","ZNF606-AS1",0.443702664384035
"HF","yellow","TMEM175",0.443659898715871
"HF","yellow","GPRIN3",0.442902770945741
"HF","yellow","DIP2B",0.442856745520121
"HF","yellow","GMEB1",0.442852251253425
"HF","yellow","IGHMBP2",0.440602080378288
"HF","yellow","FAM53B",0.440387355072942
"HF","yellow","RNF111",0.439817347593359
"HF","yellow","SUFU",0.439755437225838
"HF","yellow","CDK11A",0.43955882705045
"HF","yellow","PILRB",0.439410630977554
"HF","yellow","NR2C2",0.43846361522053
"HF","yellow","CCDC71",0.438355699078973
"HF","yellow","MEG3",0.438119771112288
"HF","yellow","TMEM184B",0.437466945829339
"HF","yellow","SETD4",0.434852569197903
"HF","yellow","ATOSA",0.433503936696819
"HF","yellow","KHDC4",0.43339883302497
"HF","yellow","TRPC4AP",0.432512101295539
"HF","yellow","KDM5C",0.432503558781316
"HF","yellow","NCOA1",0.431850116429148
"HF","yellow","ZC3H7B",0.430958607287644
"HF","yellow","SLC9A8",0.430316313945937
"HF","yellow","BET1L",0.429857992464128
"HF","yellow","CNOT3",0.42966111280271
"HF","yellow","SPRED2",0.428697291999456
"HF","yellow","DCPS",0.428206450013305
"HF","yellow","ZNF587B",0.427389292146407
"HF","yellow","PLCB3",0.427134407904006
"HF","yellow","RNF216P1",0.426400080518033
"HF","yellow","ZNF346",0.426243715506887
"HF","yellow","MTMR4",0.425720585381487
"HF","yellow","ARHGEF2",0.425681291703564
"HF","yellow","DHRS1",0.425675773784663
"HF","yellow","USP21",0.425636049948948
"HF","yellow","ZNF777",0.423962202393253
"HF","yellow","STRADA",0.423729447447182
"HF","yellow","ASB16-AS1",0.422728973535352
"HF","yellow","AMBRA1",0.422709340358152
"HF","yellow","INPP5E",0.421898266979755
"HF","yellow","WHR1",0.421136237558896
"HF","yellow","DFFB",0.420560464318154
"HF","yellow","LINC00665",0.419937136413493
"HF","yellow","PPFIBP2",0.419701049026449
"HF","yellow","DALRD3",0.41965356603131
"HF","yellow","UNKL",0.419108877500734
"HF","yellow","SYNRG",0.417917327209853
"HF","yellow","MRTFB",0.416501669606723
"HF","yellow","GIGYF1",0.416241847397713
"HF","yellow","DLC1",0.415914731672418
"HF","yellow","FHOD1",0.415414815363902
"HF","yellow","ATF7IP",0.415310036468868
"HF","yellow","SERTAD2",0.414823840810647
"HF","yellow","ADCK5",0.41382494413293
"HF","yellow","MLLT6",0.413676760019919
"HF","yellow","CABIN1",0.412537473036407
"HF","yellow","YPEL3",0.410681928475844
"HF","yellow","ATXN1",0.409485671751588
"HF","yellow","DPAGT1",0.407743958914661
"HF","yellow","GPN2",0.406348626629615
"HF","yellow","RUSC1",0.405846861681549
"HF","yellow","REC8",0.404906497497642
"HF","yellow","ZDHHC7",0.404840711150995
"HF","yellow","TBC1D10B",0.404278375565892
"HF","yellow","POLR3A",0.403371061155701
"HF","yellow","PPIP5K1",0.402392728890673
"HF","yellow","TATDN2",0.402167263128628
"HF","yellow","AGO1",0.401457738425553
"HF","yellow","RBFA",0.4011410963452
"HF","yellow","RAPGEF1",0.400958378672011
"HF","yellow","LRCH3",0.400138971237455
"HF","yellow","ACTR5",0.399851430927599
"HF","yellow","WDR46",0.398918883330496
"HF","yellow","STK35",0.398739527111961
"HF","yellow","TRIP10",0.398043103207142
"HF","yellow","CIZ1",0.39498434294581
"HF","yellow","USP35",0.394840970143165
"HF","yellow","BRAT1",0.394401865434276
"HF","yellow","C2CD3",0.392498303919821
"HF","yellow","KDELR1",0.389728822196257
"HF","yellow","RPRD2",0.388481470997782
"HF","yellow","TUBGCP2",0.388442862700384
"HF","yellow","TP53BP1",0.38715516167499
"HF","yellow","IL11RA",0.386288043527785
"HF","yellow","SMG1",0.384427192125153
"HF","yellow","KLHDC4",0.384397766967792
"HF","yellow","SLC25A37",0.383939013078899
"HF","yellow","BORCS5",0.383858919789641
"HF","yellow","POLG",0.382235744138114
"HF","yellow","DNAJC5",0.38195631245461
"HF","yellow","ARSA",0.381904063283699
"HF","yellow","BPTF",0.380715449524209
"HF","yellow","MEAK7",0.377761137799022
"HF","yellow","FZR1",0.37209086689479
"HF","yellow","ATXN7L3",0.371454288979127
"HF","yellow","MAFG",0.371446216412617
"HF","yellow","PPIL2",0.368973272422807
"HF","yellow","NPIPB5",0.367278091008734
"HF","yellow","GRK2",0.366624713043074
"HF","yellow","NUP98",0.366501457472123
"HF","yellow","SPTBN1",0.36606798221931
"HF","yellow","ACAP3",0.363719929340122
"HF","yellow","SLC25A44",0.361782556568814
"HF","yellow","DPH7",0.360605497109959
"HF","yellow","LUZP1",0.358138231892892
"HF","yellow","IQSEC1",0.357816179104824
"HF","yellow","AGAP1",0.355008892394672
"HF","yellow","ZC3H18",0.352531294942148
"HF","yellow","OR7E14P",0.349439873067377
"HF","yellow","ZMIZ2",0.348677395035328
"HF","yellow","CDAN1",0.348611767464957
"HF","yellow","PXN",0.347193232253229
"HF","yellow","PIP5K1C",0.345807486924173
"HF","yellow","SSBP3",0.345373729820858
"HF","yellow","PRKCA",0.344965959712175
"HF","yellow","PSEN2",0.344297981886258
"HF","yellow","GRINA",0.344294206563261
"HF","yellow","CELF2",0.344162745578905
"HF","yellow","RAD54L2",0.342926371347814
"HF","yellow","DPP3",0.323431017988285
"HF","yellow","MECP2",0.314083162895373
"HF","yellow","SIN3B",0.312314314337769
"HF","yellow","ZBTB20",0.306269880139017
"HF","yellow","CLASRP",0.286213934195276
"HF","yellow","TAF4",0.274331160960333
"HF","yellow","BRD4",0.272293677048049
"HF","yellow","SF1",0.270382975921808
"HF","yellow","POM121",0.15198177507942
"HCC","black","ABAT",0.859259885392287
"HCC","black","EHHADH",0.859031258966941
"HCC","black","CAT",0.848410140365543
"HCC","black","MYO1B",0.844668243091146
"HCC","black","GADD45A",0.836026197602292
"HCC","black","MTARC2",0.834491710588553
"HCC","black","RIDA",0.830716847163341
"HCC","black","CTSO",0.827637652547879
"HCC","black","ACSL1",0.824425878347528
"HCC","black","ALDH2",0.823604781147899
"HCC","black","ALAD",0.819230878248847
"HCC","black","GNE",0.818135153035052
"HCC","black","BHMT2",0.811179401125829
"HCC","black","PGRMC1",0.808153551920665
"HCC","black","PPID",0.804071063795376
"HCC","black","ACOX2",0.80054819224438
"HCC","black","CYB5A",0.79940540062972
"HCC","black","CFI",0.798867691867079
"HCC","black","MGST1",0.788104728197938
"HCC","black","HIBADH",0.788028555240584
"HCC","black","PARP3",0.780097611244403
"HCC","black","MPDZ",0.778873527081441
"HCC","black","ACAA2",0.77492521156445
"HCC","black","UGP2",0.768052609073241
"HCC","black","ACAA1",0.765478504144834
"HCC","black","SRPRA",0.764338391732278
"HCC","black","CRYL1",0.76342686891426
"HCC","black","STARD5",0.758287996747626
"HCC","black","ABCA6",0.758287981714211
"HCC","black","COQ9",0.755606594653979
"HCC","black","SORD",0.753307896566144
"HCC","black","ETNPPL",0.753066157362094
"HCC","black","TMBIM6",0.751136347886169
"HCC","black","TAPT1",0.750846033007905
"HCC","black","C1S",0.749514235281557
"HCC","black","RGN",0.748538421940092
"HCC","black","DNAJC25",0.744279378125308
"HCC","black","C6",0.742929594359257
"HCC","black","FMO4",0.73971972285313
"HCC","black","OSBP",0.739079296143458
"HCC","black","MTHFD1",0.735361037683674
"HCC","black","CBR4",0.732643781290799
"HCC","black","ENPEP",0.728826294761797
"HCC","black","ABCB4",0.728159578677833
"HCC","black","SETD7",0.727683482947201
"HCC","black","SLC31A1",0.727213300756341
"HCC","black","RMDN3",0.722869370709016
"HCC","black","CDO1",0.72168959363526
"HCC","black","PGM1",0.72142660615977
"HCC","black","SMIM14",0.72026576152864
"HCC","black","FMO3",0.719356919450057
"HCC","black","PTS",0.719183655776366
"HCC","black","ECM2",0.718080971898787
"HCC","black","FAS",0.715160418433503
"HCC","black","ADHFE1",0.713939234659479
"HCC","black","ABHD6",0.712584153404396
"HCC","black","RHOB",0.711415091977499
"HCC","black","ALDH9A1",0.710160676221702
"HCC","black","ALAS1",0.710144609690584
"HCC","black","UQCRC2",0.709850778012863
"HCC","black","SDHB",0.707900017655733
"HCC","black","SUCLG2",0.703919489636726
"HCC","black","SAR1B",0.697369215322049
"HCC","black","MAOB",0.697223287968436
"HCC","black","RETSAT",0.696446412654119
"HCC","black","NFKBIA",0.695367464775595
"HCC","black","ADH1B",0.694622613824435
"HCC","black","ACAT1",0.69363849798054
"HCC","black","PCYOX1",0.690388640516967
"HCC","black","PEPD",0.68926409411687
"HCC","black","GABARAPL1",0.688877389244274
"HCC","black","PLA2G12A",0.686557311766083
"HCC","black","NAXD",0.686437631140481
"HCC","black","PAN2",0.685298919595277
"HCC","black","MACO1",0.684982090599058
"HCC","black","SRD5A1",0.680054671207942
"HCC","black","SLC16A2",0.676670624740373
"HCC","black","COX18",0.676610162342326
"HCC","black","DHTKD1",0.674225213995992
"HCC","black","NR3C1",0.673712195075472
"HCC","black","LONP2",0.671778195223713
"HCC","black","NR3C2",0.671076827452756
"HCC","black","SIAE",0.668950682441372
"HCC","black","CBS",0.667867008699719
"HCC","black","PRKAG2",0.666632183824715
"HCC","black","CES1",0.665345523320727
"HCC","black","MAOA",0.661013821262615
"HCC","black","SUOX",0.657441388593626
"HCC","black","AK3",0.657204142165115
"HCC","black","SLC41A2",0.655241947710472
"HCC","black","KLHDC10",0.652131065638036
"HCC","black","PHYH",0.648999246779543
"HCC","black","ERMAP",0.648936697799358
"HCC","black","HIBCH",0.644696552619751
"HCC","black","ALDH7A1",0.643818719758623
"HCC","black","CPED1",0.6437242521962
"HCC","black","ATP6V0E2",0.642996741887113
"HCC","black","N4BP2L1",0.640534476758137
"HCC","black","PPCS",0.640065300450952
"HCC","black","PALMD",0.639618368297221
"HCC","black","PPL",0.637163834054384
"HCC","black","ALDH6A1",0.635651606365544
"HCC","black","CMBL",0.633996036687943
"HCC","black","LARP4",0.633621741514248
"HCC","black","FGD4",0.632830175931431
"HCC","black","MSMO1",0.632609758579462
"HCC","black","RANBP10",0.632222157368816
"HCC","black","IFIT1",0.63148234191454
"HCC","black","SCARB2",0.629924566429876
"HCC","black","CFAP20",0.629609182284314
"HCC","black","CFH",0.628932368143006
"HCC","black","IGIP",0.625279577084838
"HCC","black","CRADD",0.624487785808127
"HCC","black","ATPAF1",0.624290417761213
"HCC","black","BKGD",0.624271452397491
"HCC","black","PDK4",0.623390669743104
"HCC","black","USP30",0.622014574556219
"HCC","black","CYP2U1",0.621015000976457
"HCC","black","PHF11",0.620748628028123
"HCC","black","BTNL9",0.619756058505207
"HCC","black","SLC46A3",0.61860390893584
"HCC","black","SEPSECS",0.618413421528726
"HCC","black","PLCG2",0.616420127744443
"HCC","black","CDC42BPA",0.614633688885036
"HCC","black","DELE1",0.614266649676163
"HCC","black","N4BP2L2",0.613984200981723
"HCC","black","CTBS",0.613783025748967
"HCC","black","FDX1",0.613381421800598
"HCC","black","SLC4A4",0.61295709603317
"HCC","black","NSUN6",0.611733709893866
"HCC","black","ABCC9",0.611388766593182
"HCC","black","RNF130",0.610646212766417
"HCC","black","FAM13A",0.609350866186165
"HCC","black","FAT4",0.608754352016572
"HCC","black","VPS26C",0.608528359710125
"HCC","black","SLC9B2",0.608331812860457
"HCC","black","AADAT",0.603966250649097
"HCC","black","MIPEP",0.599094201847246
"HCC","black","ADH5",0.598398032167016
"HCC","black","MASP1",0.597420808863674
"HCC","black","NDUFAF1",0.596326174552072
"HCC","black","UGT2B15",0.591069986511287
"HCC","black","ACO1",0.590310838518347
"HCC","black","SEC16B",0.590264059454012
"HCC","black","HERPUD1",0.583362258953559
"HCC","black","CPEB3",0.579281945461673
"HCC","black","REPS2",0.578320597793647
"HCC","black","CREBL2",0.578198009766234
"HCC","black","DGLUCY",0.577883048118251
"HCC","black","PUS3",0.576677167755577
"HCC","black","C4orf33",0.574529611597968
"HCC","black","PHYKPL",0.57401702744776
"HCC","black","GHR",0.573464825047554
"HCC","black","NAP1L5",0.571987864113232
"HCC","black","RNF125",0.570357076022545
"HCC","black","FZD4",0.567165997489876
"HCC","black","CCDC28A",0.562624763641484
"HCC","black","AASS",0.562313875007395
"HCC","black","TMOD1",0.561772717949785
"HCC","black","DIAPH1",0.557421373111238
"HCC","black","HELQ",0.556222792174926
"HCC","black","OGDH",0.552862567567465
"HCC","black","KDSR",0.547907983203563
"HCC","black","NAGS",0.546736086469041
"HCC","black","ADIPOR2",0.544282570213919
"HCC","black","KANK2",0.540325724598297
"HCC","black","AKTIP",0.537473467640353
"HCC","black","USP12",0.53349565861715
"HCC","black","SORL1",0.530876448997976
"HCC","black","ABCA8",0.529323217068155
"HCC","black","INSIG1",0.528654358587664
"HCC","black","HOMER2",0.527473998454688
"HCC","black","NDUFA5",0.527295235385717
"HCC","black","NFIA",0.526622045670142
"HCC","black","SLCO2B1",0.525212191300224
"HCC","black","PIGV",0.523608089031398
"HCC","black","NDFIP1",0.522129083583834
"HCC","black","KCNJ8",0.520507953188043
"HCC","black","PCBD1",0.519560687955761
"HCC","black","TM7SF3",0.51767545314597
"HCC","black","ST3GAL6",0.515925024434083
"HCC","black","ADRA1A",0.506226033471596
"HCC","black","FAM227B",0.505750988263254
"HCC","black","NKIRAS1",0.503040856174656
"HCC","black","MYORG",0.502706240371122
"HCC","black","SERPINF1",0.500822711660992
"HCC","black","SHANK3",0.500137975909767
"HCC","black","KCTD21",0.49996297418821
"HCC","black","FUCA1",0.496887922530954
"HCC","black","DLC1",0.495630171106021
"HCC","black","CHP1",0.494907392760573
"HCC","black","ADH1A",0.493444813190025
"HCC","black","HMGCS2",0.493041313998322
"HCC","black","TMEM140",0.492726328729565
"HCC","black","GLRX",0.490893845241139
"HCC","black","GTF2IRD2B",0.488741408555286
"HCC","black","CNDP2",0.487617877926005
"HCC","black","MGAT4B",0.487032523001794
"HCC","black","AMFR",0.486663539081024
"HCC","black","RCL1",0.479561485541717
"HCC","black","ADAMTSL3",0.47823655679501
"HCC","black","CLMN",0.477975506772645
"HCC","black","ZFP1",0.476506690966229
"HCC","black","MCOLN1",0.476300437211742
"HCC","black","PXDC1",0.475183194953034
"HCC","black","HDAC6",0.473652608462341
"HCC","black","ADH1C",0.473169699973897
"HCC","black","TMEM178A",0.465517202014283
"HCC","black","ABCA10",0.465144034499422
"HCC","black","CYP1B1",0.46450123342079
"HCC","black","PYGL",0.460663824776281
"HCC","black","TMEM131L",0.459257810617354
"HCC","black","ZNF862",0.457417282461525
"HCC","black","ZC3H13",0.452240567484735
"HCC","black","ACOX1",0.45006864059226
"HCC","black","CDNF",0.448337987300729
"HCC","black","C2orf42",0.44712330175394
"HCC","black","KLHL26",0.446084855646436
"HCC","black","SNX19",0.444860929592947
"HCC","black","CTPS1",0.442875305943236
"HCC","black","BDH2",0.441874814502488
"HCC","black","MTRF1",0.440313431610774
"HCC","black","CDADC1",0.440039363512888
"HCC","black","IDNK",0.433089237758247
"HCC","black","DNAJC28",0.432820241739212
"HCC","black","CHTF8",0.430163993303501
"HCC","black","CADM1",0.426403835036448
"HCC","black","C11orf71",0.422722113369999
"HCC","black","ADRA1B",0.422182578034699
"HCC","black","ENPP1",0.421632254349005
"HCC","black","MICU1",0.421402938525832
"HCC","black","NPR3",0.420448408763899
"HCC","black","CAMK1D",0.420359754328701
"HCC","black","TAPBPL",0.418709829825831
"HCC","black","CRYM",0.417759600583889
"HCC","black","HEY2",0.414197602402831
"HCC","black","MLIP",0.413144477549356
"HCC","black","OLFM2",0.411430200238014
"HCC","black","APBB3",0.40906885781003
"HCC","black","FAXDC2",0.399903644578132
"HCC","black","PPARGC1A",0.393989384114495
"HCC","black","THNSL1",0.392223037498027
"HCC","black","PID1",0.391195969065545
"HCC","black","TCTN1",0.390655349410706
"HCC","black","SIK2",0.389477787985102
"HCC","black","PLCL2",0.387065546174946
"HCC","black","SFXN1",0.384340781852297
"HCC","black","THSD4",0.374709114628757
"HCC","black","CUL1",0.370826638635042
"HCC","black","C1RL",0.3698802792729
"HCC","black","INPP1",0.367267030427252
"HCC","black","VPS35L",0.358921375511876
"HCC","black","HSD17B11",0.349757081119709
"HCC","black","GPT2",0.342599797205327
"HCC","black","SLC12A7",0.316678035550151
"HCC","blue","LAMTOR4",0.963952071027719
"HCC","blue","BABAM1",0.962387550513641
"HCC","blue","BLOC1S1",0.959549958145397
"HCC","blue","ELOB",0.958802532814912
"HCC","blue","UQCR11",0.956844539723534
"HCC","blue","EDF1",0.954065792799931
"HCC","blue","GADD45GIP1",0.95308387378381
"HCC","blue","MZT2B",0.95301210244721
"HCC","blue","ATP5ME",0.952918067036367
"HCC","blue","SDHAF2",0.952585484749987
"HCC","blue","AURKAIP1",0.950658817791821
"HCC","blue","SCAND1",0.949959203709052
"HCC","blue","ZNF524",0.949941313886324
"HCC","blue","MRPL12",0.949181351627524
"HCC","blue","POLR2I",0.949057540531801
"HCC","blue","CCDC85B",0.94893660391316
"HCC","blue","FKBP2",0.945250861973198
"HCC","blue","NDUFS6",0.945147870436755
"HCC","blue","NOSIP",0.944727933466482
"HCC","blue","AP2S1",0.944610285918411
"HCC","blue","TIMM13",0.944072650418629
"HCC","blue","FAAP20",0.944028659565034
"HCC","blue","SERF2",0.94347896427039
"HCC","blue","CHMP2A",0.943136777115056
"HCC","blue","GFER",0.942934953293355
"HCC","blue","ATP5F1D",0.940844409160851
"HCC","blue","ZNF205",0.940130197340457
"HCC","blue","BCL7C",0.939244657599341
"HCC","blue","ALKBH7",0.939057463307029
"HCC","blue","NDUFA3",0.938934668146913
"HCC","blue","NDUFB11",0.938480097796924
"HCC","blue","ROMO1",0.938231935643714
"HCC","blue","PSMB3",0.937218447215179
"HCC","blue","NDUFB10",0.937120819005908
"HCC","blue","PRPF31",0.935825057452265
"HCC","blue","NDUFB8",0.935376695980144
"HCC","blue","NME3",0.935195989728117
"HCC","blue","NAA10",0.934876450532269
"HCC","blue","TPGS1",0.934778579395469
"HCC","blue","UBA52",0.934579200423366
"HCC","blue","NDUFA11",0.93435166399732
"HCC","blue","METTL26",0.934304312098363
"HCC","blue","C12orf57",0.93405823438414
"HCC","blue","MRPL27",0.934033114827319
"HCC","blue","POLR2L",0.933297176564569
"HCC","blue","HRAS",0.933224046179134
"HCC","blue","SLX9",0.933084150329596
"HCC","blue","MRPL28",0.932916231631534
"HCC","blue","BAD",0.932275808887547
"HCC","blue","SNF8",0.931190924820545
"HCC","blue","NDUFB7",0.931042965852988
"HCC","blue","RPLP2",0.930455842351129
"HCC","blue","THAP7",0.930171958638583
"HCC","blue","REX1BD",0.92865526771647
"HCC","blue","TMEM256",0.927185924038732
"HCC","blue","COMMD4",0.926728220829211
"HCC","blue","MAP2K2",0.926322358225947
"HCC","blue","COA8",0.925770902927907
"HCC","blue","RPL36",0.925695371229896
"HCC","blue","RNF181",0.92556488500108
"HCC","blue","TMUB1",0.924963582464293
"HCC","blue","CCDC61",0.924803501248175
"HCC","blue","CHCHD5",0.924495459337405
"HCC","blue","EMC9",0.924421188461648
"HCC","blue","EVA1B",0.923788210924146
"HCC","blue","PARL",0.92345813017853
"HCC","blue","XAB2",0.923197273015454
"HCC","blue","STX5",0.923128456555663
"HCC","blue","EXOSC4",0.923117888265209
"HCC","blue","MED16",0.922878022058714
"HCC","blue","UBE2M",0.920761901110358
"HCC","blue","COX4I1",0.920229765342605
"HCC","blue","WDR18",0.920176003295324
"HCC","blue","PSMB7",0.919837469881095
"HCC","blue","ZNF358",0.919725615671856
"HCC","blue","EMG1",0.919163556843918
"HCC","blue","MICOS13",0.919106075403435
"HCC","blue","TMEM160",0.918904766483554
"HCC","blue","RPL27A",0.918344993500526
"HCC","blue","RPS9",0.917712968886655
"HCC","blue","MCRIP2",0.917662715249058
"HCC","blue","POLR2J",0.917335289918189
"HCC","blue","NDUFS8",0.917097092864538
"HCC","blue","DYNLRB1",0.917048553977491
"HCC","blue","SLC25A10",0.916905233371888
"HCC","blue","ATP6AP1-DT",0.916563541216794
"HCC","blue","NCLN",0.916286609922537
"HCC","blue","DNAJC17",0.915526486909772
"HCC","blue","NENF",0.915289464493958
"HCC","blue","NDUFS5",0.914899635513422
"HCC","blue","BRMS1",0.914638857655906
"HCC","blue","ARPC4",0.913910181662969
"HCC","blue","RNASEH2C",0.913242180645808
"HCC","blue","RPL28",0.912997488909029
"HCC","blue","DPM2",0.912123710585097
"HCC","blue","ATP5PO",0.911500991664586
"HCC","blue","SIL1",0.911262203294259
"HCC","blue","HSPBP1",0.911204433074496
"HCC","blue","CCDC124",0.911170450709007
"HCC","blue","RBM10",0.911134321632322
"HCC","blue","NTHL1",0.911044436688761
"HCC","blue","LSM7",0.910833481119468
"HCC","blue","MRPS34",0.910705421467824
"HCC","blue","ETFB",0.910515024903585
"HCC","blue","HCFC1R1",0.909998180676514
"HCC","blue","HDAC10",0.909850929357373
"HCC","blue","SURF2",0.909629607265922
"HCC","blue","MRPS2",0.909336962300274
"HCC","blue","MZT2A",0.90927487262297
"HCC","blue","JOSD2",0.907956560803082
"HCC","blue","FAU",0.9077650269988
"HCC","blue","NDUFA9",0.907067411287998
"HCC","blue","DAPK3",0.906193961182556
"HCC","blue","TRAPPC2L",0.905636102151745
"HCC","blue","MRPL55",0.905509216425842
"HCC","blue","VKORC1",0.905151896402327
"HCC","blue","RPS19BP1",0.90454945792224
"HCC","blue","MBD3",0.904435418082915
"HCC","blue","MPND",0.904388087176747
"HCC","blue","CENPB",0.904296416098217
"HCC","blue","ZFAND2B",0.904102005194623
"HCC","blue","PQBP1",0.903862990403885
"HCC","blue","CCS",0.903581205776127
"HCC","blue","RPL35",0.903309126458159
"HCC","blue","DNAJB2",0.90298100408237
"HCC","blue","MOB2",0.90284999677452
"HCC","blue","EIF3K",0.90234405166251
"HCC","blue","ADRM1",0.902247590207027
"HCC","blue","DMAP1",0.901419600660037
"HCC","blue","CDC34",0.900721307775175
"HCC","blue","PFDN5",0.900456368284999
"HCC","blue","SF3B5",0.899752446700004
"HCC","blue","NSMCE1",0.898982405121784
"HCC","blue","GPX4",0.898895752667034
"HCC","blue","COPS9",0.898758400027822
"HCC","blue","SAC3D1",0.898649525446445
"HCC","blue","RPS28",0.898179162604124
"HCC","blue","FASTK",0.897626588844043
"HCC","blue","HDGFL2",0.897470203534163
"HCC","blue","ZNRD2",0.897394953226466
"HCC","blue","SLC39A3",0.897272212313721
"HCC","blue","TPRA1",0.897156407067538
"HCC","blue","LMAN2",0.897033271701392
"HCC","blue","CD320",0.896954031368961
"HCC","blue","TRIR",0.896827681742362
"HCC","blue","RPS17",0.896759524844388
"HCC","blue","OAZ1",0.896470144895256
"HCC","blue","MSRB2",0.896334429088114
"HCC","blue","RPS15A",0.896033223470561
"HCC","blue","COX6B1",0.89597186409435
"HCC","blue","LAMTOR2",0.895844628834302
"HCC","blue","NAA38",0.895401681994453
"HCC","blue","UBXN1",0.895232723408671
"HCC","blue","TAX1BP3",0.895198229620395
"HCC","blue","CTU1",0.895022697941195
"HCC","blue","RRP1",0.894890602311237
"HCC","blue","ERI3",0.894804609981455
"HCC","blue","ATP5MF",0.894750610373127
"HCC","blue","RETREG3",0.894747606501945
"HCC","blue","SNRNP35",0.894534392394498
"HCC","blue","FAM89B",0.894347160825246
"HCC","blue","MCAT",0.894288716589197
"HCC","blue","PGP",0.893836683035294
"HCC","blue","STK11",0.893791845055083
"HCC","blue","CIAO3",0.892229523695396
"HCC","blue","CSNK2B",0.891785169889285
"HCC","blue","YJU2",0.891151887105142
"HCC","blue","RPL38",0.890496959837445
"HCC","blue","PRDX5",0.890398318977725
"HCC","blue","VPS4A",0.889719671142843
"HCC","blue","MRPS5",0.889672748809107
"HCC","blue","NDUFV1",0.889637801896245
"HCC","blue","SH3GL1",0.888979398170626
"HCC","blue","DDX49",0.887827433630579
"HCC","blue","TMEM219",0.887726521950741
"HCC","blue","RRP7A",0.887066740940581
"HCC","blue","ABHD17A",0.886748490861459
"HCC","blue","ARL2",0.886025026227716
"HCC","blue","WDR24",0.885417491582587
"HCC","blue","MRPL23",0.885020087226698
"HCC","blue","PIGQ",0.885013357257166
"HCC","blue","MYG1",0.884627674767469
"HCC","blue","BBLN",0.884169751541117
"HCC","blue","MIIP",0.883801070699719
"HCC","blue","MRPS15",0.88376830617602
"HCC","blue","VMA12",0.883189128981415
"HCC","blue","MAN1B1",0.882894519680267
"HCC","blue","SLC25A26",0.882820741094463
"HCC","blue","CFL1",0.882174011833615
"HCC","blue","ZNF653",0.882096092943977
"HCC","blue","EGLN2",0.881793183084646
"HCC","blue","ARFRP1",0.881507254206046
"HCC","blue","RPS19",0.881404752488643
"HCC","blue","TXN2",0.881132802280497
"HCC","blue","SIRT6",0.881050102218119
"HCC","blue","UQCC2",0.880947715729229
"HCC","blue","R3HDM4",0.880627470836358
"HCC","blue","ZNF414",0.88023957114829
"HCC","blue","DHRS4L2",0.879853392346012
"HCC","blue","NOC4L",0.879603614276887
"HCC","blue","SCAF1",0.879241224045078
"HCC","blue","GMPPA",0.879210771098617
"HCC","blue","ALG3",0.878933453461553
"HCC","blue","IMP4",0.878805161435449
"HCC","blue","C19orf53",0.878661565533134
"HCC","blue","ATP6V0B",0.878521592296658
"HCC","blue","POLRMT",0.878386517886112
"HCC","blue","HMG20B",0.878109861044302
"HCC","blue","WDR83OS",0.877423475486736
"HCC","blue","SNRPD2",0.877355334954618
"HCC","blue","RBM42",0.877318597901877
"HCC","blue","TMEM205",0.876909519871859
"HCC","blue","MYL6",0.87674676657164
"HCC","blue","COPE",0.876295840240557
"HCC","blue","APRT",0.876043725580991
"HCC","blue","COMTD1",0.876010658594215
"HCC","blue","RNASET2",0.875595400095446
"HCC","blue","PSMG3",0.87549513078546
"HCC","blue","CLPP",0.875345690897848
"HCC","blue","POLD2",0.87501068191624
"HCC","blue","TBL3",0.874953047056377
"HCC","blue","PEX16",0.874915016965505
"HCC","blue","CORO7",0.874552598861475
"HCC","blue","ZNF622",0.874220753367589
"HCC","blue","ATAD3A",0.873971916309998
"HCC","blue","RPS15",0.873964437290089
"HCC","blue","NUDC",0.873716159274009
"HCC","blue","RPS21",0.873502826775397
"HCC","blue","SYMPK",0.873124815177821
"HCC","blue","RPL13",0.872941612079792
"HCC","blue","SARS2",0.872848315625585
"HCC","blue","UQCRQ",0.872517197165284
"HCC","blue","PSENEN",0.872448115417571
"HCC","blue","RPL13A",0.872082326604893
"HCC","blue","LSM4",0.871636279161039
"HCC","blue","ISOC2",0.871426156249445
"HCC","blue","TMEM258",0.871416251813459
"HCC","blue","TFPT",0.871138023050618
"HCC","blue","PRAF2",0.870784891846751
"HCC","blue","EIF6",0.870746081345627
"HCC","blue","COQ4",0.870367062067372
"HCC","blue","POMT1",0.870291389795818
"HCC","blue","RPLP1",0.869954551957723
"HCC","blue","C1orf122",0.869708485860732
"HCC","blue","WASHC1",0.86948302287863
"HCC","blue","PLEKHJ1",0.869384140188347
"HCC","blue","MMAB",0.869328688522552
"HCC","blue","ELOF1",0.869284260030752
"HCC","blue","LCMT1",0.869231191944062
"HCC","blue","NUDT16L1",0.869209641473285
"HCC","blue","ZNF580",0.868731774262509
"HCC","blue","EPN1",0.868412084651759
"HCC","blue","GNL1",0.867820068173367
"HCC","blue","ECSIT",0.867660431375654
"HCC","blue","TXNL4A",0.86759851119324
"HCC","blue","PTDSS2",0.867594794974061
"HCC","blue","DGCR6L",0.867502179276697
"HCC","blue","RNPEPL1",0.867380074357007
"HCC","blue","EIF2B3",0.867369110984657
"HCC","blue","FRG1",0.86688471743157
"HCC","blue","EGFL7",0.866815933686026
"HCC","blue","RNF208",0.866788918493379
"HCC","blue","B3GALT6",0.866561734164545
"HCC","blue","SNRPA",0.866485296447355
"HCC","blue","SMIM7",0.86634655224228
"HCC","blue","MRPL37",0.865927365158335
"HCC","blue","NT5C",0.865844895924044
"HCC","blue","COX4I2",0.865586222436344
"HCC","blue","SWI5",0.86549435724417
"HCC","blue","MPST",0.864802486528907
"HCC","blue","RNF126",0.864602515258543
"HCC","blue","TMEM115",0.864095670365597
"HCC","blue","ATOX1",0.863757164148925
"HCC","blue","MAP2K7",0.863755195897223
"HCC","blue","RPS11",0.862977326340994
"HCC","blue","MRPL41",0.86278650640265
"HCC","blue","MCRIP1",0.862581306541986
"HCC","blue","AUP1",0.862554366424656
"HCC","blue","TMEM91",0.862551497745415
"HCC","blue","GNB2",0.862523305132004
"HCC","blue","TUSC2",0.862109514590825
"HCC","blue","RPL26",0.861721201749307
"HCC","blue","INTS1",0.861623071497972
"HCC","blue","RPL18",0.861074889204544
"HCC","blue","PSMD13",0.860852084115245
"HCC","blue","MAPK3",0.860661969907441
"HCC","blue","CTSD",0.860070616707779
"HCC","blue","FBXW4",0.859810543837561
"HCC","blue","S100A13",0.859473897043108
"HCC","blue","FAM234A",0.859395661455823
"HCC","blue","EXOC3",0.859297126329904
"HCC","blue","HM13",0.857887163155558
"HCC","blue","MRPL46",0.857703011250712
"HCC","blue","RPL24",0.85741218554426
"HCC","blue","B4GALT7",0.857119362838502
"HCC","blue","MGAT1",0.856742639556739
"HCC","blue","ERCC2",0.856736404404446
"HCC","blue","PRKCSH",0.856714417489568
"HCC","blue","VPS18",0.856709157076363
"HCC","blue","CIB1",0.856520502654128
"HCC","blue","RHOC",0.856442501488352
"HCC","blue","RPL18A",0.856052112595692
"HCC","blue","ARFGAP1",0.855614217289484
"HCC","blue","CPSF4",0.855017348329664
"HCC","blue","SRPRB",0.854954081968808
"HCC","blue","PFN1",0.854544647068744
"HCC","blue","MRPL14",0.854436649873366
"HCC","blue","MYO9B",0.85442529389494
"HCC","blue","SLC66A1",0.853915764787092
"HCC","blue","FBXW5",0.853561108002733
"HCC","blue","POP7",0.853519192845023
"HCC","blue","ZNF394",0.85335072955507
"HCC","blue","NDUFA2",0.853215768902329
"HCC","blue","SSU72",0.853190109376702
"HCC","blue","PMVK",0.853151186555992
"HCC","blue","ECI1",0.852984728656637
"HCC","blue","ISY1",0.852668482473884
"HCC","blue","NDUFV3",0.851917042884455
"HCC","blue","PIN1",0.851851378406238
"HCC","blue","SUGP1",0.85182726975802
"HCC","blue","ZNF787",0.851481789497828
"HCC","blue","TRAPPC6A",0.85143578936515
"HCC","blue","GPS1",0.851159753979657
"HCC","blue","UROS",0.850833639000333
"HCC","blue","ZNF579",0.849895982802759
"HCC","blue","NSUN5",0.849810020019617
"HCC","blue","RPL21",0.849717275404903
"HCC","blue","NDUFA13",0.849551428736592
"HCC","blue","ORAI3",0.849226021794957
"HCC","blue","TRMU",0.848621896996908
"HCC","blue","PELP1",0.848389459726863
"HCC","blue","NAGLU",0.848260457892005
"HCC","blue","FAM167B",0.847845215238978
"HCC","blue","TBC1D22A",0.847585240535485
"HCC","blue","NDUFB2",0.847533208780156
"HCC","blue","PTGES2",0.846975304828041
"HCC","blue","CUTA",0.846939066804084
"HCC","blue","TMEM222",0.846934632191476
"HCC","blue","B4GALT2",0.84658137699297
"HCC","blue","ATP6V0D1",0.846484693299492
"HCC","blue","HINT2",0.845689196282428
"HCC","blue","CCM2",0.84546016587851
"HCC","blue","SERGEF",0.84518933385928
"HCC","blue","FAM50A",0.845106589951652
"HCC","blue","COX5B",0.844975060597707
"HCC","blue","UBE2J2",0.844922424118964
"HCC","blue","ZNF628",0.844634128929139
"HCC","blue","TRMT2A",0.844499391148052
"HCC","blue","DOHH",0.84447376731244
"HCC","blue","RABL6",0.844050730771116
"HCC","blue","YIF1A",0.843613488398724
"HCC","blue","ZNF775",0.843456568501815
"HCC","blue","DYNC2I2",0.843370852192198
"HCC","blue","RPS16",0.843221830951687
"HCC","blue","RHOT2",0.843029895673843
"HCC","blue","MIB2",0.842879048928937
"HCC","blue","RABAC1",0.84272156422007
"HCC","blue","ZNF444",0.842425847915754
"HCC","blue","UQCR10",0.842337549347744
"HCC","blue","GNA11",0.841834300821965
"HCC","blue","TIMM10",0.841510382779572
"HCC","blue","IDH3G",0.841490401278203
"HCC","blue","ATP5F1E",0.841425574950186
"HCC","blue","SLC61A1",0.840896930750083
"HCC","blue","RUVBL2",0.840873312436471
"HCC","blue","UBALD1",0.840794846361785
"HCC","blue","CLTB",0.840740922852646
"HCC","blue","RPL8",0.839698113464292
"HCC","blue","MRPS25",0.839523617397604
"HCC","blue","MGMT",0.839469041593946
"HCC","blue","BRAT1",0.839302439730794
"HCC","blue","LMNA",0.838914983975187
"HCC","blue","SCNM1",0.838606101978772
"HCC","blue","ORAI1",0.838195485454672
"HCC","blue","CPSF3",0.838141588031657
"HCC","blue","RPL27",0.837636314708101
"HCC","blue","NOP53",0.837543536433957
"HCC","blue","LLPH",0.837393522048887
"HCC","blue","COX14",0.837291934994344
"HCC","blue","MVB12A",0.837240484521957
"HCC","blue","ANAPC11",0.837201581506896
"HCC","blue","ZNF688",0.837080730818615
"HCC","blue","RPL32",0.836983330608237
"HCC","blue","EIF5A",0.836851261685048
"HCC","blue","CCDC167",0.836659495645577
"HCC","blue","RFXANK",0.836655354440952
"HCC","blue","TUBGCP2",0.836618422137068
"HCC","blue","DDRGK1",0.836569024095923
"HCC","blue","PPP1R7",0.835836413418379
"HCC","blue","SGSM3",0.835668939077805
"HCC","blue","NAT14",0.835473833077038
"HCC","blue","MAP3K11",0.835421722479465
"HCC","blue","MRPS12",0.835371613716503
"HCC","blue","LYL1",0.83529643251269
"HCC","blue","GUK1",0.835206406002654
"HCC","blue","SENP3",0.834954204928332
"HCC","blue","CAPNS1",0.834611581429036
"HCC","blue","CHCHD10",0.834485748977113
"HCC","blue","TIMM50",0.83421301631066
"HCC","blue","PIAS4",0.834173208446324
"HCC","blue","TNFRSF4",0.833980780677835
"HCC","blue","EIF4E2",0.833955431804198
"HCC","blue","FUOM",0.833885076871274
"HCC","blue","UBL7",0.833858183582551
"HCC","blue","B3GAT3",0.833701922561583
"HCC","blue","COMMD1",0.833599706251894
"HCC","blue","FKBP8",0.832956933717979
"HCC","blue","SELENOO",0.832602332234548
"HCC","blue","ANTKMT",0.832405746405767
"HCC","blue","POMGNT1",0.832273335749442
"HCC","blue","DPM3",0.832215592995957
"HCC","blue","IRF3",0.831789055044432
"HCC","blue","NABP2",0.83160871064475
"HCC","blue","YBEY",0.83150366297462
"HCC","blue","RASSF7",0.831022301285323
"HCC","blue","AMDHD2",0.83080302912461
"HCC","blue","STARD10",0.830624449066746
"HCC","blue","TADA3",0.829536577750589
"HCC","blue","GTF2F1",0.828920925048932
"HCC","blue","RPS5",0.828911154795936
"HCC","blue","LTC4S",0.828468595088869
"HCC","blue","AKT1S1",0.828120295485319
"HCC","blue","VPS28",0.827729245002818
"HCC","blue","RHBDD2",0.827466856010889
"HCC","blue","NANS",0.827159675211952
"HCC","blue","HEXA",0.827069999268069
"HCC","blue","CCDC159",0.827016497533985
"HCC","blue","NRTN",0.826848285933563
"HCC","blue","PICK1",0.826398976471741
"HCC","blue","KLHDC4",0.826290580262802
"HCC","blue","SGF29",0.826251955053807
"HCC","blue","RPL35A",0.826245281214039
"HCC","blue","HSPB1",0.826223843220838
"HCC","blue","CINP",0.826209347279888
"HCC","blue","GATD1",0.825416230184532
"HCC","blue","RFNG",0.825320871318706
"HCC","blue","POLR2H",0.823850471649644
"HCC","blue","QARS1",0.823780924786457
"HCC","blue","ZNF784",0.823757090903411
"HCC","blue","CIRBP",0.823740059258097
"HCC","blue","RACK1",0.823594917439349
"HCC","blue","EXOC4",0.823435158917422
"HCC","blue","CIAO2B",0.823228830832347
"HCC","blue","SLC25A1",0.822943122295404
"HCC","blue","MED25",0.822480447745908
"HCC","blue","PTMS",0.82229724071931
"HCC","blue","CD2BP2",0.822191357693317
"HCC","blue","MPDU1",0.822107108133069
"HCC","blue","JMJD4",0.821993164634086
"HCC","blue","TPI1",0.821260890090855
"HCC","blue","SPPL2B",0.820982359628486
"HCC","blue","SNORD104",0.820818655893916
"HCC","blue","UXT",0.820762647811201
"HCC","blue","TIMM17B",0.820418426173424
"HCC","blue","TMEM141",0.820362267074288
"HCC","blue","UBE2F",0.820309511845986
"HCC","blue","PHKG2",0.820241292833208
"HCC","blue","PSMC3",0.819369554911353
"HCC","blue","BRI3",0.819227893979189
"HCC","blue","RPS3A",0.819187534371245
"HCC","blue","PRR22",0.818952580669002
"HCC","blue","ADCK5",0.818666451200247
"HCC","blue","SGTA",0.818447086928156
"HCC","blue","MESP1",0.818190109915
"HCC","blue","CAPS",0.817757366846425
"HCC","blue","TAF10",0.817667710947892
"HCC","blue","EEFSEC",0.817174091250499
"HCC","blue","SDF2L1",0.817112505198923
"HCC","blue","FIBP",0.817048336246518
"HCC","blue","SCX",0.816962236406361
"HCC","blue","H1-10",0.816707458001658
"HCC","blue","C19orf25",0.816524669373117
"HCC","blue","VRK3",0.816168083824211
"HCC","blue","TMEM161A",0.81563770212739
"HCC","blue","NBL1",0.815465505073175
"HCC","blue","CHCHD6",0.815255937145618
"HCC","blue","PSMC5",0.815218001894556
"HCC","blue","LMF1",0.814968517146362
"HCC","blue","SSNA1",0.81481053648173
"HCC","blue","ATRAID",0.814385944213499
"HCC","blue","UBALD2",0.814368587717128
"HCC","blue","ARAF",0.814262264746649
"HCC","blue","NUCB1",0.813911206042482
"HCC","blue","MRTO4",0.8136576636768
"HCC","blue","RPL13AP5",0.813321744448695
"HCC","blue","PES1",0.812212861644213
"HCC","blue","RPS26",0.811695688766345
"HCC","blue","SLC25A11",0.811650915555579
"HCC","blue","NUB1",0.811649344772017
"HCC","blue","DMWD",0.811508388994927
"HCC","blue","SLC27A1",0.810936599639282
"HCC","blue","CCDC12",0.810541688617532
"HCC","blue","BRK1",0.810102513513589
"HCC","blue","TXNRD2",0.809677546839486
"HCC","blue","ZBTB7A",0.809511729283052
"HCC","blue","CHMP1A",0.809160554790364
"HCC","blue","UBE2D4",0.808880733197258
"HCC","blue","NUDT1",0.808865000589904
"HCC","blue","TUFM",0.808849357519865
"HCC","blue","EXOC3L1",0.808661833435742
"HCC","blue","CFD",0.808414411167765
"HCC","blue","INTS5",0.808288557932007
"HCC","blue","HBA2",0.808069004531642
"HCC","blue","C8orf82",0.807964393287795
"HCC","blue","C12orf43",0.807781814537573
"HCC","blue","H2AJ",0.807710426543482
"HCC","blue","POLL",0.807702206519378
"HCC","blue","TRABD",0.80765828115238
"HCC","blue","UNC93B1",0.807561703291536
"HCC","blue","PMPCA",0.807319093906379
"HCC","blue","UQCRC1",0.807294187748165
"HCC","blue","RNF25",0.807063553190647
"HCC","blue","COPS6",0.806871316788231
"HCC","blue","SSR4",0.806414586906336
"HCC","blue","EXD3",0.806294475267987
"HCC","blue","SMUG1",0.80584545764056
"HCC","blue","EIF3B",0.805243474474445
"HCC","blue","RPS10",0.805007845494398
"HCC","blue","GATD1-DT",0.804909817882975
"HCC","blue","NDUFS3",0.80490377105013
"HCC","blue","OXLD1",0.804683651222588
"HCC","blue","NDUFB9",0.803458605216409
"HCC","blue","ATP5MJ",0.803092580662315
"HCC","blue","BTBD2",0.802932908956834
"HCC","blue","FBL",0.802932336734918
"HCC","blue","ABHD14B",0.802931463283522
"HCC","blue","FAM3A",0.802673665542156
"HCC","blue","APEH",0.802293423684992
"HCC","blue","TMEM101",0.80218916858204
"HCC","blue","KIF22",0.802188338374333
"HCC","blue","UQCC5",0.801787910688617
"HCC","blue","FAAP100",0.801769426008101
"HCC","blue","CLDN5",0.801589073965097
"HCC","blue","L3MBTL2",0.801541088443384
"HCC","blue","GPX1",0.801413525017385
"HCC","blue","PIGU",0.801313892850378
"HCC","blue","ANKHD1",0.800236915290535
"HCC","blue","UBXN6",0.799835802554701
"HCC","blue","CCDC134",0.799774061588333
"HCC","blue","ASB6",0.799756363724038
"HCC","blue","RAC1",0.799264923908465
"HCC","blue","CLTA",0.798974631151995
"HCC","blue","GCAT",0.798919861297008
"HCC","blue","DUS2",0.798516764466531
"HCC","blue","PPM1F",0.798461520719408
"HCC","blue","VAMP5",0.798416808714787
"HCC","blue","DAZAP1",0.798370828367487
"HCC","blue","SMDT1",0.797911983007738
"HCC","blue","SERPINB6",0.797248505186945
"HCC","blue","NDUFA10",0.796763737715399
"HCC","blue","PNPLA6",0.796750188825573
"HCC","blue","RPL37A",0.796257680163068
"HCC","blue","CYBC1",0.795962727900655
"HCC","blue","POLR2E",0.795844393125547
"HCC","blue","DBNL",0.795812085310567
"HCC","blue","CCDC106",0.795350109860183
"HCC","blue","MAD1L1",0.79522865745806
"HCC","blue","DTNB",0.795173415565081
"HCC","blue","RPL36AL",0.794810664426802
"HCC","blue","RNF187",0.79416020782975
"HCC","blue","AP2M1",0.793890572660417
"HCC","blue","ERCC1",0.793441832190157
"HCC","blue","ENKD1",0.793305052800038
"HCC","blue","CSNK1G2",0.792359839035891
"HCC","blue","EIF3I",0.792204215213246
"HCC","blue","CYBA",0.792037246059108
"HCC","blue","ECHS1",0.792005933973648
"HCC","blue","ACAP3",0.791551549848129
"HCC","blue","EHBP1L1",0.791462313769705
"HCC","blue","TSPAN17",0.791338510351025
"HCC","blue","STYXL1",0.791253344761657
"HCC","blue","DCTPP1",0.791184379968498
"HCC","blue","GIT1",0.791041109127338
"HCC","blue","ZFAS1",0.790739138690314
"HCC","blue","GAMT",0.790544343340012
"HCC","blue","WDR25",0.790509197603813
"HCC","blue","GDPGP1",0.790508488864589
"HCC","blue","RPS14",0.790354258450599
"HCC","blue","SMIM12",0.790225340424721
"HCC","blue","AIP",0.790102478332409
"HCC","blue","ZFPM1",0.789671743637091
"HCC","blue","MRPL51",0.789655719725473
"HCC","blue","PPP1R16A",0.789514765114387
"HCC","blue","NUDT8",0.789340967798684
"HCC","blue","QPCTL",0.789292866177845
"HCC","blue","TRAPPC1",0.789224169617284
"HCC","blue","SLC2A8",0.788885250895558
"HCC","blue","RP9",0.788498062207265
"HCC","blue","HADHA",0.788046067915696
"HCC","blue","PPP4C",0.787962487103986
"HCC","blue","PCNX3",0.78790334214379
"HCC","blue","PNKP",0.787770718778453
"HCC","blue","GIPC1",0.78776890066773
"HCC","blue","RPL3",0.787448373610745
"HCC","blue","USE1",0.787183364801053
"HCC","blue","JTB",0.787038915544321
"HCC","blue","PEX11G",0.786492204664422
"HCC","blue","PIH1D1",0.785794030639177
"HCC","blue","STX4",0.785214024290378
"HCC","blue","NR2F6",0.78467929694436
"HCC","blue","SLC27A4",0.784667774431832
"HCC","blue","DHRS3",0.784212442451836
"HCC","blue","DUS1L",0.784203916429789
"HCC","blue","EIF4EBP1",0.78418816358714
"HCC","blue","MAPKAPK5-AS1",0.783868745753761
"HCC","blue","SNX21",0.783727272058908
"HCC","blue","CUL9",0.783138350668369
"HCC","blue","CHID1",0.7828979275941
"HCC","blue","MOV10",0.782496879923049
"HCC","blue","ST3GAL3",0.781814983983804
"HCC","blue","ASCC2",0.781404527800118
"HCC","blue","MEPCE",0.781396916757174
"HCC","blue","SAP30BP",0.781158742002187
"HCC","blue","ZNRF1",0.781106283060026
"HCC","blue","GRWD1",0.780814295311353
"HCC","blue","MAD2L2",0.780484727376584
"HCC","blue","TTC1",0.780332977426306
"HCC","blue","PRPF6",0.779969776191101
"HCC","blue","MRPS17",0.779933888305565
"HCC","blue","SART1",0.779909240579735
"HCC","blue","DGAT1",0.77978535547642
"HCC","blue","NELFB",0.779102676214387
"HCC","blue","DENND1A",0.778927190446443
"HCC","blue","APOE",0.778042200161081
"HCC","blue","OGFOD3",0.777765080067701
"HCC","blue","MTMR14",0.777754920125091
"HCC","blue","ARRDC1",0.77759372631326
"HCC","blue","LYPLA2",0.777501811346884
"HCC","blue","METTL2B",0.777449323567591
"HCC","blue","PIGT",0.776865510219816
"HCC","blue","JPT1",0.776693611624135
"HCC","blue","ZDHHC24",0.776636286704704
"HCC","blue","ZFTRAF1",0.776154244528796
"HCC","blue","MRPL24",0.775802870486712
"HCC","blue","TMX2",0.775640438503934
"HCC","blue","PSMB1",0.775590200849185
"HCC","blue","LAMTOR1",0.775140960406096
"HCC","blue","CAVIN1",0.774933995241341
"HCC","blue","PCYT2",0.774675638279182
"HCC","blue","HEXD",0.774574857175121
"HCC","blue","DNAJC30",0.774352710099373
"HCC","blue","UPP1",0.774325639408596
"HCC","blue","MYL9",0.774249112462738
"HCC","blue","TCF25",0.774022378253961
"HCC","blue","TOP1MT",0.773349296500349
"HCC","blue","UFD1",0.773197542653163
"HCC","blue","ZNF511",0.772984571102038
"HCC","blue","CACFD1",0.772852595234476
"HCC","blue","DDX56",0.772340633602977
"HCC","blue","G6PC3",0.771858227978268
"HCC","blue","URM1",0.771371558022297
"HCC","blue","OGFR",0.770517536064444
"HCC","blue","MVD",0.770196367343303
"HCC","blue","DGUOK",0.77012813320645
"HCC","blue","CNPY3",0.770057980894443
"HCC","blue","DAGLB",0.769567449430815
"HCC","blue","ABHD8",0.769449345709606
"HCC","blue","RPL23A",0.769290873770175
"HCC","blue","CCDC137",0.768745597083378
"HCC","blue","CDC42EP2",0.768672825012408
"HCC","blue","OTUB1",0.768636396150804
"HCC","blue","TRNAU1AP",0.768164790714156
"HCC","blue","PDXK",0.768081707893531
"HCC","blue","TBC1D10B",0.767843814203884
"HCC","blue","EMC3",0.767774754252856
"HCC","blue","NDUFB1",0.76741048340264
"HCC","blue","MRPL43",0.767146360890621
"HCC","blue","MRGBP",0.767144187083897
"HCC","blue","ZMYND19",0.76678242476541
"HCC","blue","COX7A1",0.765091650374306
"HCC","blue","ZRSR2",0.764899952685688
"HCC","blue","NAXE",0.764811442208381
"HCC","blue","UCK1",0.764773957879784
"HCC","blue","SUPV3L1",0.764746169665602
"HCC","blue","ERGIC3",0.764520278048583
"HCC","blue","ARPC1B",0.764183388433342
"HCC","blue","AGPAT2",0.764098345329775
"HCC","blue","CHLSN",0.763985755975162
"HCC","blue","BAG1",0.763853166487791
"HCC","blue","DHRS4",0.763051106836866
"HCC","blue","PACS2",0.762978105552117
"HCC","blue","PYCR3",0.762630305035017
"HCC","blue","PPP1R14B",0.762058149442206
"HCC","blue","ATP6AP1",0.761779812183972
"HCC","blue","ATOSB",0.761708661317158
"HCC","blue","VAMP8",0.761404236400761
"HCC","blue","TMSB10",0.761153690271445
"HCC","blue","HACL2",0.761082091294079
"HCC","blue","MBOAT7",0.760529827714066
"HCC","blue","BORCS8",0.760371343471273
"HCC","blue","RHOD",0.760275804714544
"HCC","blue","DRG1",0.759917699718165
"HCC","blue","RFC2",0.759704891130749
"HCC","blue","PGPEP1",0.759618029906414
"HCC","blue","TEX264",0.759559845483916
"HCC","blue","IER2",0.759214837537912
"HCC","blue","AKR7A2",0.759105222154899
"HCC","blue","KCTD2",0.75875674965805
"HCC","blue","KIAA2013",0.758469705692934
"HCC","blue","MRM1",0.758227567037713
"HCC","blue","MTG2",0.758165921711556
"HCC","blue","PXMP2",0.757989138608867
"HCC","blue","ACADS",0.757968678961988
"HCC","blue","NFKBIB",0.757854027137371
"HCC","blue","RHOG",0.757085546009626
"HCC","blue","FXYD6",0.756905648041404
"HCC","blue","CERS4",0.756873503845715
"HCC","blue","ATP6V0A1",0.756575899316108
"HCC","blue","CARHSP1",0.756256089232685
"HCC","blue","GPAA1",0.756176183288752
"HCC","blue","GTF3C5",0.756102846598164
"HCC","blue","CSK",0.755117249358419
"HCC","blue","CDPF1",0.754999584532376
"HCC","blue","PMF1",0.754853401425522
"HCC","blue","BRAP",0.754625442345448
"HCC","blue","PLA2G15",0.754511840078692
"HCC","blue","THAP4",0.754480940500961
"HCC","blue","EHD1",0.754213082916659
"HCC","blue","ERP29",0.753791343014641
"HCC","blue","CXXC5",0.753756648003106
"HCC","blue","CISD2",0.753649988468041
"HCC","blue","MACROD1",0.753564944385375
"HCC","blue","CITED4",0.75311429173548
"HCC","blue","HAGHL",0.753103447956983
"HCC","blue","TP53I13",0.753024753283186
"HCC","blue","STARD3",0.75288941861882
"HCC","blue","LIN7B",0.752825305487605
"HCC","blue","NUDT2",0.752799213319893
"HCC","blue","EHD2",0.752669782440227
"HCC","blue","GSTO1",0.75230460385385
"HCC","blue","JUND",0.752072207355177
"HCC","blue","SHKBP1",0.752061468904427
"HCC","blue","MOB3A",0.752045610689812
"HCC","blue","CREB3",0.751922296590276
"HCC","blue","C11orf68",0.751907585723859
"HCC","blue","FAM20C",0.751534503052526
"HCC","blue","RECQL5",0.751516791012358
"HCC","blue","FKBP1A",0.751466621619363
"HCC","blue","ZNF263",0.751371057458593
"HCC","blue","SUPT6H",0.751325044125353
"HCC","blue","EML3",0.751178260372831
"HCC","blue","METRN",0.751066743137747
"HCC","blue","PTOV1",0.751025945532098
"HCC","blue","MTHFR",0.750929786794351
"HCC","blue","TRAPPC9",0.750726179686275
"HCC","blue","PPP2R1A",0.75060666890168
"HCC","blue","RPL29",0.750541580368199
"HCC","blue","EIF2B5",0.750441661800799
"HCC","blue","MROH1",0.750293587112569
"HCC","blue","CDK2AP2",0.750037939082078
"HCC","blue","MYDGF",0.749897723560249
"HCC","blue","TOM1",0.749878986171456
"HCC","blue","IGFBP4",0.749534169676239
"HCC","blue","SMG9",0.749012886350447
"HCC","blue","CDC42EP5",0.74898316007774
"HCC","blue","TRAPPC3",0.748716718665111
"HCC","blue","C14orf93",0.748640342577542
"HCC","blue","PFKL",0.748510350478857
"HCC","blue","SLC43A1",0.748469967450476
"HCC","blue","NCAPH2",0.748368574897321
"HCC","blue","PSMB6",0.748343418328919
"HCC","blue","TCOF1",0.748237446014715
"HCC","blue","TIMM10B",0.74771870060167
"HCC","blue","FLAD1",0.747666223056517
"HCC","blue","PKD1",0.747607503667335
"HCC","blue","NPEPL1",0.747533377358055
"HCC","blue","CTU2",0.747372650058046
"HCC","blue","STAT5A",0.747364469871445
"HCC","blue","TMEM120A",0.746305654077483
"HCC","blue","CD151",0.746222444306932
"HCC","blue","UBE2L3",0.745570558375557
"HCC","blue","AP2A2",0.745180656040412
"HCC","blue","MECR",0.744870364849044
"HCC","blue","ABCB8",0.743927368730823
"HCC","blue","RPUSD3",0.743876512562259
"HCC","blue","MED29",0.743652759220913
"HCC","blue","RRP8",0.743644701671327
"HCC","blue","RANGAP1",0.743467319556606
"HCC","blue","EIF2B4",0.743369351285245
"HCC","blue","LRFN3",0.743337038006092
"HCC","blue","SURF1",0.742854019015109
"HCC","blue","ZBTB17",0.742842147864725
"HCC","blue","TCEA3",0.742840142097856
"HCC","blue","RPS24",0.742663570851486
"HCC","blue","NEURL2",0.742590883580401
"HCC","blue","ARRDC1-AS1",0.742327291323608
"HCC","blue","RCN3",0.742000495738582
"HCC","blue","RPSA",0.741942634393026
"HCC","blue","UFSP1",0.741712736110056
"HCC","blue","STX8",0.741273476875781
"HCC","blue","SPR",0.741140870849122
"HCC","blue","MRTFA",0.741140686701691
"HCC","blue","KIAA0930",0.741034935635013
"HCC","blue","SHARPIN",0.740878059878133
"HCC","blue","NARF",0.740415085574612
"HCC","blue","YPEL3",0.740258853079838
"HCC","blue","WIPI2",0.739902979054377
"HCC","blue","SAMM50",0.739381755904401
"HCC","blue","MARCHF2",0.739226896934626
"HCC","blue","UBOX5",0.738755931960074
"HCC","blue","DEAF1",0.73873783559159
"HCC","blue","NME6",0.738382073439181
"HCC","blue","THOP1",0.737647803668639
"HCC","blue","DOCK6",0.737328913049063
"HCC","blue","MANF",0.737307346753397
"HCC","blue","HDAC5",0.736387580926155
"HCC","blue","NUDT14",0.735688212559645
"HCC","blue","PKN1",0.735420907386519
"HCC","blue","FPGS",0.735103589774983
"HCC","blue","ZNF526",0.735093452507187
"HCC","blue","AP1M1",0.735006430587471
"HCC","blue","HES4",0.734884347512669
"HCC","blue","CTBP1",0.734717492782674
"HCC","blue","LRSAM1",0.734491584495683
"HCC","blue","TRMT1",0.734143920292638
"HCC","blue","NUBP2",0.734118503219088
"HCC","blue","TOMM7",0.733780371272454
"HCC","blue","MRPL47",0.73363813590997
"HCC","blue","TOMM22",0.733372484364207
"HCC","blue","WFS1",0.733010530476069
"HCC","blue","NME1",0.732235764554378
"HCC","blue","ZER1",0.732220802601574
"HCC","blue","TSPAN33",0.73212621437476
"HCC","blue","PARP10",0.731996182663569
"HCC","blue","HDHD3",0.731878326884419
"HCC","blue","BOP1",0.731619893968089
"HCC","blue","SMPD2",0.7312595418756
"HCC","blue","SIRT2",0.730834109291651
"HCC","blue","SFXN4",0.730487060728573
"HCC","blue","LRRC27",0.730358025436504
"HCC","blue","LRRC23",0.730330452619333
"HCC","blue","SYNGR2",0.730224162182526
"HCC","blue","DYNLL2",0.729374738972356
"HCC","blue","ZFYVE19",0.729178929593547
"HCC","blue","DNPEP",0.729024439376881
"HCC","blue","TGFB1I1",0.728783199672288
"HCC","blue","TMEM53",0.728609628060445
"HCC","blue","ANKRD54",0.728520845628669
"HCC","blue","CST3",0.7284477241429
"HCC","blue","ABHD12",0.728184726079506
"HCC","blue","ATG9A",0.728109002416797
"HCC","blue","LINC01089",0.72806478539161
"HCC","blue","SCYL1",0.72789576707397
"HCC","blue","NT5C3B",0.727434411033058
"HCC","blue","ALDH16A1",0.72726991680091
"HCC","blue","RARRES2",0.727002769168275
"HCC","blue","PYCARD",0.726436995927036
"HCC","blue","YDJC",0.726265535805626
"HCC","blue","RPP30",0.726030468925432
"HCC","blue","UBE2I",0.725355044135583
"HCC","blue","STOML2",0.725340064458742
"HCC","blue","SNRNP25",0.725180180272041
"HCC","blue","FZR1",0.724983545654928
"HCC","blue","PTBP1",0.72496197020348
"HCC","blue","CXXC1",0.724904562443322
"HCC","blue","BUD23",0.724435464604033
"HCC","blue","CACTIN",0.723240148870381
"HCC","blue","TBC1D17",0.723110554976873
"HCC","blue","RPL14",0.72269934196122
"HCC","blue","AP5S1",0.722549670357854
"HCC","blue","DIS3L2",0.721840615795346
"HCC","blue","CTDNEP1",0.721334845860579
"HCC","blue","GPR137",0.721307927462237
"HCC","blue","DENND6B",0.720856415896784
"HCC","blue","SHPK",0.720788447644208
"HCC","blue","COMMD9",0.720624985307186
"HCC","blue","ABTB1",0.720074187062936
"HCC","blue","OCEL1",0.719671128747269
"HCC","blue","RPL11",0.719431326525427
"HCC","blue","CDK10",0.719360757489086
"HCC","blue","SF3A2",0.719252286874486
"HCC","blue","SNX8",0.718915782276374
"HCC","blue","RPL19",0.718747520922729
"HCC","blue","SERTAD1",0.718535710841332
"HCC","blue","SLC33A2",0.717890261767512
"HCC","blue","PRKD2",0.717643604027938
"HCC","blue","RAPGEF3",0.717639367554514
"HCC","blue","BSG",0.717241022451368
"HCC","blue","GRK2",0.717086089863891
"HCC","blue","LRRC47",0.717066806663891
"HCC","blue","DEDD2",0.71627920993503
"HCC","blue","SIGIRR",0.715384719286307
"HCC","blue","SRM",0.715285263153951
"HCC","blue","TNIP1",0.714335461633358
"HCC","blue","CDC37",0.713835016246293
"HCC","blue","INF2",0.713643469338777
"HCC","blue","STK32C",0.713060278906701
"HCC","blue","CRIP2",0.713010588216724
"HCC","blue","NOXA1",0.7128233281592
"HCC","blue","LGALS1",0.712736121967122
"HCC","blue","CLUH",0.712671854198041
"HCC","blue","RPL12",0.712566979557041
"HCC","blue","USP5",0.712455410068551
"HCC","blue","PLEKHM2",0.712408261277505
"HCC","blue","CYTOR",0.711816542004496
"HCC","blue","CC2D1A",0.711760252888274
"HCC","blue","MAF1",0.711391683037913
"HCC","blue","RPS27",0.711336769017569
"HCC","blue","ROGDI",0.711314868283325
"HCC","blue","XYLT2",0.711132517147807
"HCC","blue","MRPS21",0.711045963888457
"HCC","blue","NSUN5P1",0.7108467542019
"HCC","blue","GALK1",0.710776084656234
"HCC","blue","PLPPR2",0.710752398916202
"HCC","blue","SQOR",0.710487717821206
"HCC","blue","TRAPPC12",0.710327102781938
"HCC","blue","ANKRD39",0.710221078013118
"HCC","blue","AATF",0.709854778437378
"HCC","blue","HSD3B7",0.709833419321197
"HCC","blue","DCTN5",0.709707106838554
"HCC","blue","BCKDK",0.70962174701686
"HCC","blue","TARBP2",0.708901167361428
"HCC","blue","COA3",0.708072393303032
"HCC","blue","SCAMP3",0.707671816115274
"HCC","blue","ARID5A",0.706860845144101
"HCC","blue","LHPP",0.706766466982278
"HCC","blue","NHERF1",0.706321752971477
"HCC","blue","NCKIPSD",0.706154009402688
"HCC","blue","GYPC",0.706042062785189
"HCC","blue","PRCC",0.705893489818903
"HCC","blue","PCSK4",0.70460220682812
"HCC","blue","EBP",0.70449161499043
"HCC","blue","UBC",0.704313074522034
"HCC","blue","LDLRAP1",0.704220687072751
"HCC","blue","TMUB2",0.704145691035821
"HCC","blue","HSBP1",0.703917351161011
"HCC","blue","TACO1",0.703324381154533
"HCC","blue","ASPSCR1",0.702922440873866
"HCC","blue","ETHE1",0.702893267395686
"HCC","blue","CRTC1",0.702716425890841
"HCC","blue","QTRT1",0.702610114528754
"HCC","blue","ACTR1A",0.701636465302016
"HCC","blue","ZNF747",0.701281415424352
"HCC","blue","TWF2",0.701270571147567
"HCC","blue","ATP5MC1",0.700944604085833
"HCC","blue","HLX",0.700388969345834
"HCC","blue","SLC35F6",0.699908570801943
"HCC","blue","TBC1D7",0.699810297399893
"HCC","blue","DNASE2",0.699669566487455
"HCC","blue","CTDSP1",0.699514916816092
"HCC","blue","TRAF2",0.699474499531214
"HCC","blue","RNF121",0.698358825380157
"HCC","blue","MTFR1L",0.698076006664412
"HCC","blue","SDSL",0.697316698593494
"HCC","blue","DUSP23",0.697047384024894
"HCC","blue","ITIH4",0.696251716181044
"HCC","blue","FLOT2",0.696209370313207
"HCC","blue","FAH",0.695805822749753
"HCC","blue","TPM2",0.695567740769529
"HCC","blue","DPP7",0.695549916555982
"HCC","blue","CHPF",0.695021504457757
"HCC","blue","IDUA",0.694968114362968
"HCC","blue","ZBTB8OS",0.694748406663373
"HCC","blue","CEP89",0.694596034197434
"HCC","blue","ATG7",0.69419268100127
"HCC","blue","RPS3",0.693688874584406
"HCC","blue","SLC66A2",0.693088652050066
"HCC","blue","EFHD2",0.692446969178272
"HCC","blue","CARS2",0.692193421424296
"HCC","blue","VARS2",0.692076225050674
"HCC","blue","ACVRL1",0.69189218293552
"HCC","blue","ARPC5L",0.691416663685596
"HCC","blue","HOMER3",0.691337550984381
"HCC","blue","PRMT7",0.691317321357221
"HCC","blue","VOPP1",0.691174345624453
"HCC","blue","BCR",0.690541350565073
"HCC","blue","DRAP1",0.690452844498425
"HCC","blue","PIDD1",0.690121512781054
"HCC","blue","ZFAND2A",0.689737996183742
"HCC","blue","SEMA6B",0.689033458236654
"HCC","blue","S1PR2",0.688860817361505
"HCC","blue","CTIF",0.6887060535428
"HCC","blue","TFEB",0.68859755619163
"HCC","blue","TMEM234",0.688445083692813
"HCC","blue","APOA1",0.687983837425098
"HCC","blue","TMEM208",0.687728917097484
"HCC","blue","SMARCD2",0.687582787447509
"HCC","blue","IPO13",0.687247391800131
"HCC","blue","UROD",0.687076740539732
"HCC","blue","ATP13A1",0.686662606744506
"HCC","blue","PHPT1",0.686500628464406
"HCC","blue","BAP1",0.686382996989855
"HCC","blue","LAS1L",0.686316687150623
"HCC","blue","MSX1",0.686277404978282
"HCC","blue","CD248",0.686216700179044
"HCC","blue","CPTP",0.686128006054349
"HCC","blue","NADSYN1",0.686070900723862
"HCC","blue","NBAS",0.686035655666693
"HCC","blue","SHC2",0.685748032435874
"HCC","blue","TAF6L",0.685626374327083
"HCC","blue","THOC5",0.685626031810716
"HCC","blue","USF2",0.685579909995892
"HCC","blue","NRGN",0.68538378716179
"HCC","blue","RSL1D1",0.68512711048265
"HCC","blue","ZKSCAN2",0.684958145953874
"HCC","blue","PA2G4",0.684945152261661
"HCC","blue","PML",0.68480316366076
"HCC","blue","ARSA",0.684663496326352
"HCC","blue","GSK3A",0.684199422676865
"HCC","blue","AP4B1",0.684023735913549
"HCC","blue","SLC25A44",0.683944460759735
"HCC","blue","RPL23",0.683746005326955
"HCC","blue","NDUFAB1",0.682633802673534
"HCC","blue","CASKIN2",0.682580012073203
"HCC","blue","IFI27L2",0.682301438387281
"HCC","blue","WDR13",0.681967101331818
"HCC","blue","SCRN2",0.681750825611412
"HCC","blue","EIF5AL1",0.681491583314343
"HCC","blue","RDH13",0.681379450066996
"HCC","blue","PELI3",0.681311888854153
"HCC","blue","IGFBP6",0.681047066360898
"HCC","blue","PGAP6",0.680104749516259
"HCC","blue","WTIP",0.679392129880869
"HCC","blue","GFUS",0.678975838020797
"HCC","blue","ACP2",0.678855415937438
"HCC","blue","PUSL1",0.678643042302684
"HCC","blue","GTF3A",0.678317828618264
"HCC","blue","SNTA1",0.678292472753822
"HCC","blue","RPS20",0.67737326887068
"HCC","blue","TMEM134",0.677198209737241
"HCC","blue","KLHDC8B",0.676140648071853
"HCC","blue","MAP7D1",0.675963517571198
"HCC","blue","RPL9",0.675675265871067
"HCC","blue","PHC2",0.67556782610748
"HCC","blue","TSEN54",0.6755162924313
"HCC","blue","ZNF317",0.675262301318669
"HCC","blue","RPS6KA4",0.675246539243282
"HCC","blue","MRPL21",0.674901488035749
"HCC","blue","BAIAP2",0.674416535702163
"HCC","blue","TCN2",0.67355794048141
"HCC","blue","ENSA",0.673481030746892
"HCC","blue","RPL4",0.673396230532223
"HCC","blue","ADAP1",0.673266081827132
"HCC","blue","UBXN11",0.673137580949639
"HCC","blue","DCXR",0.672415915818545
"HCC","blue","KLC1",0.67235125752953
"HCC","blue","TM7SF2",0.672246062820959
"HCC","blue","SELENOM",0.672160304952785
"HCC","blue","POLR1E",0.671571603445266
"HCC","blue","SWSAP1",0.671416771034346
"HCC","blue","LMBR1L",0.671264659827993
"HCC","blue","UBAC2",0.671024985734775
"HCC","blue","XPA",0.670926651720483
"HCC","blue","RHBDD3",0.670395377676862
"HCC","blue","RPL5",0.670201456334643
"HCC","blue","TAPBP",0.66871297019832
"HCC","blue","TMEM11",0.668375900143237
"HCC","blue","AKR1A1",0.668372523847671
"HCC","blue","PPIE",0.667849434011501
"HCC","blue","ADCK1",0.66732928065979
"HCC","blue","TBX2",0.667210700172425
"HCC","blue","TUT1",0.667105731575298
"HCC","blue","PLXND1",0.666822407939221
"HCC","blue","UFC1",0.666468298327527
"HCC","blue","SAXO4",0.666376653016587
"HCC","blue","SMPD1",0.666310220855873
"HCC","blue","PAOX",0.666073286251848
"HCC","blue","DHDDS",0.665972869855951
"HCC","blue","STOML1",0.665873728284385
"HCC","blue","NSDHL",0.665643005632226
"HCC","blue","LMF2",0.665574705307034
"HCC","blue","USF1",0.665220983123646
"HCC","blue","RPS12",0.664838338740552
"HCC","blue","PPP1R14A",0.664232855301668
"HCC","blue","GALNT10",0.663767872437667
"HCC","blue","BABAM2",0.663748439458865
"HCC","blue","THAP8",0.663705630030321
"HCC","blue","TARDBP",0.663324912290131
"HCC","blue","PLEC",0.66326030955261
"HCC","blue","RASIP1",0.66321934298881
"HCC","blue","YIPF1",0.662718588304305
"HCC","blue","SSR2",0.662417176881255
"HCC","blue","ABCD1",0.662052778522371
"HCC","blue","AGTRAP",0.661844902778444
"HCC","blue","RGS12",0.661842875592889
"HCC","blue","RNF215",0.661476926718617
"HCC","blue","IDH3B",0.661204970848464
"HCC","blue","LONP1",0.660957351629532
"HCC","blue","STX10",0.66030599637522
"HCC","blue","PGAP3",0.660187125380933
"HCC","blue","SNRNP70",0.65953379341127
"HCC","blue","EEF1B2",0.659485406307108
"HCC","blue","GLYCTK",0.659467836008155
"HCC","blue","MED22",0.658749709607357
"HCC","blue","FAM174B",0.657191246210002
"HCC","blue","ITPA",0.656983096118775
"HCC","blue","TM9SF1",0.656849911941368
"HCC","blue","GCN1",0.65661560241421
"HCC","blue","POLR3C",0.656335943714815
"HCC","blue","SNORC",0.656329941963762
"HCC","blue","TAMALIN",0.655615947009495
"HCC","blue","R3HCC1",0.655355373020885
"HCC","blue","RAB13",0.655276288878157
"HCC","blue","LAMP1",0.654988461847903
"HCC","blue","SARS1",0.654639138952821
"HCC","blue","POP4",0.654566670185841
"HCC","blue","RPS27A",0.654041827810611
"HCC","blue","MMP15",0.653896156362174
"HCC","blue","THBS3",0.653467152892451
"HCC","blue","VPS9D1",0.653455419863804
"HCC","blue","SORBS3",0.653321772846003
"HCC","blue","DDX41",0.653122940328322
"HCC","blue","TPRG1L",0.65292277471583
"HCC","blue","NR1H2",0.652351886006691
"HCC","blue","GUF1",0.651778613609191
"HCC","blue","OTUD5",0.651508875850555
"HCC","blue","NES",0.651251472237544
"HCC","blue","CHD4",0.651226081470081
"HCC","blue","RPL37",0.650240419212745
"HCC","blue","RANBP3",0.650221065490253
"HCC","blue","CYSRT1",0.649769809904974
"HCC","blue","DENND2A",0.649725160838033
"HCC","blue","HMOX2",0.649229426296125
"HCC","blue","PLOD1",0.649149614099704
"HCC","blue","KCNK6",0.648528883444338
"HCC","blue","FITM1",0.648260595942941
"HCC","blue","TMEM9",0.648128435721627
"HCC","blue","TRADD",0.64759595795142
"HCC","blue","BCAR1",0.647446232214837
"HCC","blue","HGH1",0.647363161314585
"HCC","blue","FAM110A",0.647341260642168
"HCC","blue","NAPRT",0.646402213628159
"HCC","blue","HDAC11",0.645943222842311
"HCC","blue","PMM1",0.645498222928485
"HCC","blue","DDA1",0.645496096877702
"HCC","blue","SAMD1",0.645258876859864
"HCC","blue","TALDO1",0.644775522572336
"HCC","blue","MRPL20",0.644254240048958
"HCC","blue","ZNF3",0.643542810248959
"HCC","blue","TBXA2R",0.64231137827296
"HCC","blue","PRPF19",0.642100284221301
"HCC","blue","ACSF3",0.641954645069066
"HCC","blue","HCN3",0.641535953989436
"HCC","blue","ZNF672",0.641246618788773
"HCC","blue","KRT8",0.641216522220477
"HCC","blue","PRKAR1B",0.640887679374483
"HCC","blue","COASY",0.640819901930992
"HCC","blue","BIN1",0.640106712677922
"HCC","blue","ZBTB42",0.639811355231342
"HCC","blue","UBL4A",0.639632471878693
"HCC","blue","SNRPD1",0.639598796308557
"HCC","blue","DDX54",0.639537582908948
"HCC","blue","IFT122",0.639330612120763
"HCC","blue","D2HGDH",0.639169832003514
"HCC","blue","MYPOP",0.638587376185823
"HCC","blue","PAF1",0.638359722328883
"HCC","blue","RPS8",0.637730727992108
"HCC","blue","GDI1",0.637342923884532
"HCC","blue","PBXIP1",0.636251786602054
"HCC","blue","ESS2",0.636237795363477
"HCC","blue","TCEA2",0.636205977696902
"HCC","blue","VWA1",0.635224802958575
"HCC","blue","RILP",0.635018939378498
"HCC","blue","FAM193B",0.634803242686413
"HCC","blue","SPOUT1",0.634686278126461
"HCC","blue","ZNF589",0.634163478204716
"HCC","blue","CRAT",0.634162398231339
"HCC","blue","PTPN18",0.633790869662747
"HCC","blue","RPLP0",0.633784503225694
"HCC","blue","ANKMY1",0.633507884940573
"HCC","blue","DCTN2",0.633188298185352
"HCC","blue","PRDX4",0.632987593296854
"HCC","blue","SHFL",0.631733777875151
"HCC","blue","SSR3",0.631413117207797
"HCC","blue","ATG4B",0.630984268747149
"HCC","blue","POLE4",0.630721093341807
"HCC","blue","EIF1AD",0.630585866379136
"HCC","blue","LETM1",0.630262337421259
"HCC","blue","CLN5",0.630175881493156
"HCC","blue","SCNN1D",0.630075599889903
"HCC","blue","ORAI2",0.629531644356094
"HCC","blue","NUDCD3",0.629228223730511
"HCC","blue","ILKAP",0.62914270378195
"HCC","blue","THYN1",0.628811879001862
"HCC","blue","NFATC4",0.628078252510003
"HCC","blue","HRC",0.628056665761512
"HCC","blue","WDR4",0.627624842597209
"HCC","blue","SEC61A1",0.627566373765745
"HCC","blue","SNU13",0.626743124015619
"HCC","blue","RPF2",0.62664868786911
"HCC","blue","ATG13",0.626439573708255
"HCC","blue","C22orf39",0.626227719309993
"HCC","blue","TSPO",0.625458371131116
"HCC","blue","YJEFN3",0.624987852615228
"HCC","blue","LSM10",0.624785696573691
"HCC","blue","TMEM8B",0.624204513970023
"HCC","blue","PIP5K1C",0.624091126938776
"HCC","blue","ABHD11",0.623880137206712
"HCC","blue","DLGAP4",0.623635233610301
"HCC","blue","FBXO44",0.62361419770469
"HCC","blue","PALM",0.62336443746824
"HCC","blue","TECR",0.62314901766037
"HCC","blue","LCN12",0.622610169030556
"HCC","blue","SLC43A3",0.622503922714936
"HCC","blue","TSC2",0.622303839910322
"HCC","blue","MRPL40",0.622291796888624
"HCC","blue","ZNF316",0.621553201653888
"HCC","blue","ZNF692",0.621500393305925
"HCC","blue","RIN3",0.621295274847734
"HCC","blue","UNC45A",0.62114302582343
"HCC","blue","RPS4X",0.621033309267729
"HCC","blue","POLA2",0.62041387858887
"HCC","blue","ACSF2",0.620103298312531
"HCC","blue","CDAN1",0.619892616150802
"HCC","blue","ZSWIM9",0.618957664331788
"HCC","blue","PPP2R2D",0.618793376207062
"HCC","blue","PLLP",0.618635373274797
"HCC","blue","LINC02716",0.617691566218412
"HCC","blue","GRN",0.617372568880953
"HCC","blue","FTSJ3",0.617325210105837
"HCC","blue","COMMD7",0.617168755106575
"HCC","blue","SDHAP2",0.616645773922346
"HCC","blue","SLC29A3",0.616602410079345
"HCC","blue","NRL",0.615659196280566
"HCC","blue","ZC3H10",0.615162560250978
"HCC","blue","BCAP31",0.614822171681376
"HCC","blue","PACS1",0.614636549230261
"HCC","blue","RRAS",0.614351665633175
"HCC","blue","ARHGAP4",0.614285224914015
"HCC","blue","ADPRHL1",0.613909243155014
"HCC","blue","VAC14",0.613205659619208
"HCC","blue","SMG5",0.613025979245748
"HCC","blue","SPG7",0.612947226091698
"HCC","blue","IFI27L1",0.612680423108478
"HCC","blue","GADD45G",0.611991319040049
"HCC","blue","SAMD10",0.611539359701757
"HCC","blue","TSTD1",0.611067281409455
"HCC","blue","NEIL2",0.610591377026889
"HCC","blue","IMPDH2",0.610378018164451
"HCC","blue","SYS1",0.610203770262073
"HCC","blue","VPS33A",0.609909366369251
"HCC","blue","BLOC1S3",0.609654436940624
"HCC","blue","MXD4",0.60913338442791
"HCC","blue","KEAP1",0.608332590506275
"HCC","blue","CLEC16A",0.607725759164709
"HCC","blue","NECTIN2",0.607383666023575
"HCC","blue","PNPO",0.606889257832392
"HCC","blue","HDLBP",0.606834693290204
"HCC","blue","B4GAT1",0.606797974846739
"HCC","blue","KLHL22",0.606599849455277
"HCC","blue","UBTF",0.605462437220606
"HCC","blue","PUF60",0.605432553215324
"HCC","blue","ZBTB11-AS1",0.605151410654512
"HCC","blue","BOK",0.604172571526061
"HCC","blue","SLC12A9",0.604021686600377
"HCC","blue","NF2",0.603325941366985
"HCC","blue","BLVRB",0.60296155630265
"HCC","blue","CWF19L1",0.602833233795732
"HCC","blue","RPH3AL",0.602526730583087
"HCC","blue","MICALL2",0.601436538855063
"HCC","blue","OPA3",0.60127342276842
"HCC","blue","NUPR1",0.601166531195349
"HCC","blue","TNNC1",0.60108943683495
"HCC","blue","DNAJB1",0.600931029355206
"HCC","blue","CRB3",0.600757145616999
"HCC","blue","TEPSIN",0.600628477747746
"HCC","blue","THADA",0.600273469690361
"HCC","blue","SRA1",0.599948050706083
"HCC","blue","RWDD1",0.599831841271324
"HCC","blue","SH2B2",0.599449092295145
"HCC","blue","DHX34",0.599281123886855
"HCC","blue","PSMC4",0.599265539614724
"HCC","blue","ZFP62",0.598887738906083
"HCC","blue","LPCAT1",0.598628971488128
"HCC","blue","ACOX3",0.598340167385447
"HCC","blue","ATAD3C",0.598186681006863
"HCC","blue","SLC11A1",0.59791329943366
"HCC","blue","AGFG2",0.597647311440826
"HCC","blue","XPO6",0.597547872428529
"HCC","blue","PCYT1A",0.597293972004918
"HCC","blue","PSAP",0.597136698151315
"HCC","blue","NSFL1C",0.596239703090763
"HCC","blue","GPRC5C",0.595963748335303
"HCC","blue","ZNF629",0.595752527962142
"HCC","blue","SLC2A4RG",0.595170110737339
"HCC","blue","NRF1",0.595112406847385
"HCC","blue","FAM86C1P",0.594737033121355
"HCC","blue","PTPA",0.59344344144593
"HCC","blue","RCN1",0.593393254037021
"HCC","blue","FAM86DP",0.592792771812242
"HCC","blue","PKIG",0.592669891584318
"HCC","blue","SFXN5",0.592362903335028
"HCC","blue","ACTB",0.592307973369707
"HCC","blue","CAVIN3",0.591848620469452
"HCC","blue","GOSR2",0.59156611356723
"HCC","blue","TIGD5",0.591086213062463
"HCC","blue","GDPD3",0.590672477180341
"HCC","blue","DGAT2",0.590094159710186
"HCC","blue","SUPT5H",0.589980798734288
"HCC","blue","RPL10A",0.58956644081057
"HCC","blue","UBE2R2",0.588849197371006
"HCC","blue","MPI",0.58844754625171
"HCC","blue","RFT1",0.588310669364117
"HCC","blue","RPS13",0.5874992100244
"HCC","blue","SELENOW",0.586829900162058
"HCC","blue","MRM3",0.586395660567568
"HCC","blue","SDF4",0.586227676494494
"HCC","blue","IFT27",0.585591157652554
"HCC","blue","GAA",0.585371970549065
"HCC","blue","SMTN",0.585125610803873
"HCC","blue","WDR70",0.585104522482144
"HCC","blue","IFI35",0.584707788590604
"HCC","blue","LMNTD2",0.584402681073488
"HCC","blue","MIDN",0.584376961308521
"HCC","blue","SAR1A",0.584234872400172
"HCC","blue","SLC35A4",0.584208295288026
"HCC","blue","UTP14A",0.584087307209274
"HCC","blue","SNCG",0.583771089227932
"HCC","blue","LINC00467",0.583071299756325
"HCC","blue","IP6K1",0.581950002573019
"HCC","blue","ACOT7",0.581818096524603
"HCC","blue","CRTC2",0.581142570059513
"HCC","blue","SAT2",0.58085392664057
"HCC","blue","DYRK1B",0.580665199977363
"HCC","blue","RPS2",0.580627800245691
"HCC","blue","ZNF768",0.579863682347294
"HCC","blue","COG2",0.579553489016745
"HCC","blue","APOBEC3F",0.579250261803369
"HCC","blue","QPRT",0.579246879531768
"HCC","blue","CCDC69",0.578802098716595
"HCC","blue","TNPO2",0.57877350814602
"HCC","blue","BLTP2",0.578019164764227
"HCC","blue","SLC75A1",0.577946563476992
"HCC","blue","GPIHBP1",0.57786251623033
"HCC","blue","TMEM39B",0.57755994996524
"HCC","blue","TMEM120B",0.57750734915021
"HCC","blue","PEF1",0.577466386475043
"HCC","blue","HDDC2",0.577048418667863
"HCC","blue","EMC8",0.576954873298642
"HCC","blue","TIMM8A",0.576128485387336
"HCC","blue","KDELR1",0.575937681690557
"HCC","blue","TARS2",0.575926340915323
"HCC","blue","GM2A",0.575297874487455
"HCC","blue","DHX8",0.575126453432476
"HCC","blue","SLC9A3-OT1",0.574980279295243
"HCC","blue","TCAP",0.57488635473119
"HCC","blue","TSC22D4",0.574707448842518
"HCC","blue","PIEZO1",0.574623320659424
"HCC","blue","TMEM38A",0.574432866329505
"HCC","blue","PRXL2B",0.574315668533767
"HCC","blue","SF3A3",0.57246816932113
"HCC","blue","GDPD5",0.572460436514226
"HCC","blue","MLEC",0.572125187375271
"HCC","blue","MXD3",0.571825781528729
"HCC","blue","P2RX4",0.571673871865209
"HCC","blue","GPR35",0.571184202293477
"HCC","blue","CD81",0.570211853180918
"HCC","blue","WBP1L",0.570034183146175
"HCC","blue","ZKSCAN5",0.569627959057106
"HCC","blue","PDLIM7",0.568851699032419
"HCC","blue","RNF220",0.568409084909152
"HCC","blue","SLC68A1",0.567958254022988
"HCC","blue","PLCB3",0.567544512846904
"HCC","blue","RBP7",0.56736809893357
"HCC","blue","ADORA2A",0.566054233591976
"HCC","blue","PCGF1",0.565924259135566
"HCC","blue","USP20",0.565913399839021
"HCC","blue","PRKAB1",0.565756551072848
"HCC","blue","LRMDA",0.564118037493905
"HCC","blue","HMBS",0.56344987306089
"HCC","blue","TMEM52",0.563180664054007
"HCC","blue","ARRB1",0.563070127450712
"HCC","blue","ECH1",0.562347901709784
"HCC","blue","FHL3",0.56218974991471
"HCC","blue","EDC3",0.562182011741113
"HCC","blue","TSPAN4",0.562170333418915
"HCC","blue","FARSA",0.561988372062166
"HCC","blue","IQSEC1",0.561525563160447
"HCC","blue","ZNF777",0.56081553416994
"HCC","blue","SLC8B1",0.560702171755798
"HCC","blue","TTLL12",0.559797071836311
"HCC","blue","INPP5K",0.55974491304608
"HCC","blue","TBC1D13",0.559439071571088
"HCC","blue","SCARNA17",0.558951635315008
"HCC","blue","DHRS12",0.558662684798913
"HCC","blue","CLPB",0.55837155469841
"HCC","blue","MAP2K5",0.557352434275425
"HCC","blue","KDM4B",0.55682136183147
"HCC","blue","CDK5",0.556689536174916
"HCC","blue","NPLOC4",0.556391590348905
"HCC","blue","PSMD4",0.556250365569542
"HCC","blue","CTDSPL",0.555994936375778
"HCC","blue","HSDL1",0.555946194499416
"HCC","blue","SPSB2",0.555916313777684
"HCC","blue","BRF1",0.555899615185922
"HCC","blue","ANKRD13B",0.555810411852566
"HCC","blue","ZDHHC14",0.555720363830619
"HCC","blue","ATPAF2",0.554532184437942
"HCC","blue","LRRC61",0.55448160894135
"HCC","blue","NDUFS7",0.554104735421672
"HCC","blue","NAGPA",0.553621183396324
"HCC","blue","RABGGTA",0.552976070106881
"HCC","blue","PLEKHG2",0.552852863989507
"HCC","blue","CD276",0.552672051448335
"HCC","blue","WDR45",0.552502609548935
"HCC","blue","KLF16",0.55229691775262
"HCC","blue","APTX",0.551959991334096
"HCC","blue","MYO1C",0.551831197453656
"HCC","blue","RELA",0.551618011612219
"HCC","blue","MRPL17",0.551449101552485
"HCC","blue","UCKL1",0.551162942530383
"HCC","blue","RARA",0.550590328909779
"HCC","blue","CENPX",0.550563700749948
"HCC","blue","COQ8B",0.549716799882886
"HCC","blue","PWWP3A",0.549688162881226
"HCC","blue","FBRS",0.549602980064992
"HCC","blue","EFEMP2",0.549562643059977
"HCC","blue","IGFLR1",0.549299594716288
"HCC","blue","MPV17L2",0.549050991062806
"HCC","blue","SPPL3",0.548445352834449
"HCC","blue","MAN2B2",0.548010539901152
"HCC","blue","GPI",0.547765440940825
"HCC","blue","AGAP2",0.54768931153795
"HCC","blue","SMARCA4",0.547672856236379
"HCC","blue","PRR7",0.547644169014534
"HCC","blue","TTC23",0.547033598446702
"HCC","blue","AGAP3",0.546253728919269
"HCC","blue","C2CD2L",0.546154394508368
"HCC","blue","GRINA",0.54603276607564
"HCC","blue","GIGYF1",0.545941583045718
"HCC","blue","LTBP3",0.545901231804972
"HCC","blue","ALDOA",0.545350953763504
"HCC","blue","RPS6",0.544348889034454
"HCC","blue","TMEM54",0.543378314344625
"HCC","blue","ASB16-AS1",0.542894609048127
"HCC","blue","RTN2",0.542633531509879
"HCC","blue","PDPR",0.542570150283225
"HCC","blue","SNX17",0.542118067267714
"HCC","blue","SLC48A1",0.541685661104889
"HCC","blue","ANKRD23",0.541535688309907
"HCC","blue","IPO11",0.541446458539532
"HCC","blue","NEDD4L",0.541274974788192
"HCC","blue","SHB",0.541264978911299
"HCC","blue","MROH6",0.541019335073694
"HCC","blue","INKA2",0.540993880334589
"HCC","blue","CRNKL1",0.540166115387331
"HCC","blue","VWF",0.539897320599337
"HCC","blue","GET3",0.539615893414263
"HCC","blue","CPLX1",0.535376433894241
"HCC","blue","YIF1B",0.53529914052871
"HCC","blue","SHF",0.535089691323468
"HCC","blue","NMRAL1",0.534963285015668
"HCC","blue","BCAT2",0.534125440351047
"HCC","blue","RAB11B",0.534012795607525
"HCC","blue","TRIM65",0.533493840124295
"HCC","blue","RAPSN",0.53267917293137
"HCC","blue","NAP1L4",0.531764373524383
"HCC","blue","MRPS9",0.53166332033485
"HCC","blue","TBKBP1",0.531485055637514
"HCC","blue","SNRPN",0.531320208824828
"HCC","blue","KAT8",0.53102764658313
"HCC","blue","C2orf68",0.530212175552523
"HCC","blue","GLE1",0.530138220890183
"HCC","blue","SLC25A38",0.530084158496867
"HCC","blue","MSRB1",0.529985862745748
"HCC","blue","DNAJB12",0.529793608854561
"HCC","blue","CTNNBL1",0.52978657325692
"HCC","blue","ACCS",0.528300837769137
"HCC","blue","PLEKHF1",0.528156920143927
"HCC","blue","PAFAH1B2",0.527352541932415
"HCC","blue","GSS",0.527278274734389
"HCC","blue","SELENON",0.527029935229819
"HCC","blue","PCOLCE",0.525696592614871
"HCC","blue","ZNF282",0.523994990193881
"HCC","blue","RER1",0.523882519523892
"HCC","blue","RANBP1",0.521292447310647
"HCC","blue","TRIOBP",0.521092345383821
"HCC","blue","ISYNA1",0.521087585607672
"HCC","blue","GYS1",0.520663613512223
"HCC","blue","AP5B1",0.519749809114176
"HCC","blue","GPAT4",0.519210080953993
"HCC","blue","SLC16A3",0.518953879819122
"HCC","blue","FIZ1",0.518843235598618
"HCC","blue","ARMH3",0.518769624999264
"HCC","blue","VPS53",0.518669434260604
"HCC","blue","PRDM15",0.518215087053202
"HCC","blue","LRRC28",0.517580858469111
"HCC","blue","PVR",0.517572885539135
"HCC","blue","RAMP1",0.517477717702477
"HCC","blue","NAA80",0.517420565731657
"HCC","blue","HNRNPUL2",0.517387227271949
"HCC","blue","CYB5R1",0.517210938654058
"HCC","blue","PXMP4",0.516909102150166
"HCC","blue","RSAD1",0.516673509412913
"HCC","blue","GGA1",0.516556300314806
"HCC","blue","ZNF865",0.516326846788512
"HCC","blue","RAB11FIP3",0.516287354192794
"HCC","blue","ZBTB16",0.515951592818206
"HCC","blue","TAFAZZIN",0.514916767062216
"HCC","blue","TYMP",0.514721243180402
"HCC","blue","PPDPF",0.514415071104282
"HCC","blue","TMEM37",0.514139839404416
"HCC","blue","HSPA4",0.51407408137085
"HCC","blue","MAP2K3",0.513326460979528
"HCC","blue","NPRL3",0.512494504722128
"HCC","blue","ZYX",0.512200717486079
"HCC","blue","EARS2",0.511717015860573
"HCC","blue","SLC25A23",0.511022534548682
"HCC","blue","CDC25B",0.510863940881709
"HCC","blue","ARMC6",0.510550457474151
"HCC","blue","CLIP2",0.508633295682
"HCC","blue","PNPLA2",0.508438616907704
"HCC","blue","HK1",0.50793026826076
"HCC","blue","EPHB4",0.507621513695994
"HCC","blue","CABIN1",0.506896955487374
"HCC","blue","RBCK1",0.506318045264889
"HCC","blue","RBM14",0.505597462487143
"HCC","blue","TEAD4",0.50508726256406
"HCC","blue","TRUB2",0.503796680535529
"HCC","blue","CDK5RAP2",0.503659470138729
"HCC","blue","LYRM1",0.503542170559735
"HCC","blue","POLR3F",0.502796262084708
"HCC","blue","BCAS4",0.502078162933061
"HCC","blue","GRPEL1",0.501785440790318
"HCC","blue","SLC38A10",0.501121554636754
"HCC","blue","FRA10AC1",0.500864835763525
"HCC","blue","PARVB",0.500057400746787
"HCC","blue","SLC38A12",0.499872693758467
"HCC","blue","TMEM106A",0.499694721666389
"HCC","blue","NOL3",0.498957568444059
"HCC","blue","NIPSNAP1",0.49891380394839
"HCC","blue","LRRC20",0.49879388007196
"HCC","blue","GMDS",0.498709275193316
"HCC","blue","UBE2G2",0.498390484282794
"HCC","blue","CTC1",0.497854529518783
"HCC","blue","TYSND1",0.497402569805633
"HCC","blue","GPR108",0.497359187092762
"HCC","blue","CWF19L2",0.496896872633435
"HCC","blue","MUL1",0.496870881580877
"HCC","blue","SH3GLB2",0.496432122597614
"HCC","blue","PRDX6",0.495896154433697
"HCC","blue","ELOVL1",0.495563666325966
"HCC","blue","INTS11",0.495031241093728
"HCC","blue","C11orf24",0.494998098758514
"HCC","blue","PHETA1",0.494305470671896
"HCC","blue","LGI4",0.493992312825528
"HCC","blue","SCARF2",0.493051630350835
"HCC","blue","EEF2",0.492958833295817
"HCC","blue","SETD1A",0.492557376692056
"HCC","blue","ITPK1",0.491806408461694
"HCC","blue","PARP12",0.49101513592416
"HCC","blue","VASN",0.490834516415374
"HCC","blue","CTNS",0.490774960585955
"HCC","blue","LMAN2L",0.490334514841129
"HCC","blue","GPX3",0.490022963875732
"HCC","blue","NAA60",0.489969022073871
"HCC","blue","DHRS11",0.489210822209156
"HCC","blue","PHKA2",0.489188370607816
"HCC","blue","XYLB",0.488800855507417
"HCC","blue","ARRB2",0.488456525301987
"HCC","blue","GDI2",0.488189715137694
"HCC","blue","NISCH",0.4880559950792
"HCC","blue","ENO3",0.488041675388964
"HCC","blue","RPL10",0.487606123300532
"HCC","blue","SEPHS2",0.487400295393838
"HCC","blue","MEGF8",0.487228210999884
"HCC","blue","MAMDC4",0.486516886929706
"HCC","blue","PRKRIP1",0.486502767123992
"HCC","blue","SPIRE2",0.486469607934907
"HCC","blue","APBB1",0.486460815216697
"HCC","blue","PCED1A",0.486012662817874
"HCC","blue","METTL2A",0.485741951154064
"HCC","blue","NECAB3",0.485614066600161
"HCC","blue","GGA2",0.485522706492609
"HCC","blue","PPIH",0.485292799992251
"HCC","blue","SCARB1",0.485272717317242
"HCC","blue","DUSP22",0.485164274046728
"HCC","blue","ASL",0.484913075446952
"HCC","blue","PSMD3",0.484576038459303
"HCC","blue","SLC19A1",0.484303314871271
"HCC","blue","IL17RC",0.483704349935552
"HCC","blue","SEMA3F",0.483421856697403
"HCC","blue","PSMD2",0.482875787150562
"HCC","blue","POLR1D",0.482526529942812
"HCC","blue","ELP2",0.482175020094242
"HCC","blue","TATDN2",0.482048488785459
"HCC","blue","SPON2",0.480510317338051
"HCC","blue","OSGIN1",0.479853456735001
"HCC","blue","PTPMT1",0.479386169921018
"HCC","blue","TNFRSF1A",0.479227272302196
"HCC","blue","COXFA4L2",0.479225557493177
"HCC","blue","MIR99AHG",0.47911833374302
"HCC","blue","RWDD2B",0.479104599932788
"HCC","blue","CEP164",0.479006450448648
"HCC","blue","DOT1L",0.478938902041414
"HCC","blue","WDR89",0.478642956826491
"HCC","blue","PLXNB1",0.478091653221257
"HCC","blue","FAM53B",0.477652933641245
"HCC","blue","EVA1C",0.476567821000754
"HCC","blue","RTKN",0.476385533865752
"HCC","blue","TBC1D16",0.476367630367808
"HCC","blue","SLC29A2",0.476256465639578
"HCC","blue","GTF3C1",0.475993744801813
"HCC","blue","TMEM214",0.474998208654556
"HCC","blue","ZNF213",0.474460137813224
"HCC","blue","IRF7",0.474423428304477
"HCC","blue","JMJD8",0.473644845932408
"HCC","blue","HMCES",0.472534445243511
"HCC","blue","VPS25",0.471956498492162
"HCC","blue","TBC1D25",0.471945542598947
"HCC","blue","JAG2",0.470831957530104
"HCC","blue","TOP3A",0.470378818377769
"HCC","blue","AAMDC",0.470253306686135
"HCC","blue","BCAS3",0.469770127594341
"HCC","blue","RXRA",0.469752779716773
"HCC","blue","SLC38A7",0.468967380432115
"HCC","blue","IFT43",0.468776734242673
"HCC","blue","STK40",0.468775967098751
"HCC","blue","EFCC1",0.468569513166391
"HCC","blue","EVI5L",0.46852893474119
"HCC","blue","NBR2",0.466968301513914
"HCC","blue","CERK",0.466412383485695
"HCC","blue","PSME2",0.466176280797132
"HCC","blue","B3GALT4",0.465855933041819
"HCC","blue","PPP6R2",0.465378351585209
"HCC","blue","EIF3F",0.464904161987647
"HCC","blue","BCL2L1",0.464660802876704
"HCC","blue","MICALL1",0.464650879325206
"HCC","blue","COX15",0.464142180770006
"HCC","blue","SLC35H1",0.463976392252281
"HCC","blue","ACACB",0.463829004637543
"HCC","blue","SLC25A18",0.463316485866835
"HCC","blue","TPST2",0.460945207392596
"HCC","blue","RBBP5",0.460036833174718
"HCC","blue","OPTN",0.459932044673121
"HCC","blue","DOLK",0.459075740973693
"HCC","blue","OXA1L",0.45896375702685
"HCC","blue","RNF167",0.458847915334711
"HCC","blue","BST2",0.458726816477583
"HCC","blue","MED9",0.458536499025671
"HCC","blue","TMEM63A",0.457986327212651
"HCC","blue","LMCD1",0.45794729226709
"HCC","blue","HIRIP3",0.457899070259332
"HCC","blue","OTUD7B",0.457485032192878
"HCC","blue","TMEM127",0.457258200992177
"HCC","blue","ANP32B",0.457054804795166
"HCC","blue","SIDT2",0.455820235569305
"HCC","blue","DYSF",0.455648530358499
"HCC","blue","SZRD1",0.454499617683344
"HCC","blue","CFDP1",0.454122647077806
"HCC","blue","LAMB2",0.453893095793094
"HCC","blue","RALA",0.452774751297887
"HCC","blue","AIFM2",0.452551227172966
"HCC","blue","ARRDC2",0.452086119285889
"HCC","blue","RPL31",0.451512511391463
"HCC","blue","ZCCHC17",0.45140426956968
"HCC","blue","MVK",0.451398700091703
"HCC","blue","FAF1",0.450761739945422
"HCC","blue","RGS3",0.450246344889914
"HCC","blue","ANKRD16",0.448657879661926
"HCC","blue","HSF4",0.44853407981024
"HCC","blue","MADCAM1",0.447960042351384
"HCC","blue","SNAP29",0.447822315080775
"HCC","blue","DDB2",0.447232643587082
"HCC","blue","ACTR8",0.447087432235943
"HCC","blue","ING4",0.446257499054534
"HCC","blue","JMJD6",0.445971123194853
"HCC","blue","HEMK1",0.445774986261188
"HCC","blue","SLC25A39",0.445745074833331
"HCC","blue","TVP23C",0.44554132443403
"HCC","blue","DDX19B",0.444142750949056
"HCC","blue","ANKRD9",0.443813832545506
"HCC","blue","CZIB",0.443579815965613
"HCC","blue","CDKN1C",0.443506962920704
"HCC","blue","EXOSC5",0.442267332600747
"HCC","blue","POLE",0.442165182013406
"HCC","blue","FBRSL1",0.440150703606024
"HCC","blue","HS1BP3",0.438758401488601
"HCC","blue","GSTM4",0.438202620846693
"HCC","blue","ST20",0.437973620372653
"HCC","blue","MTRF1L",0.437607667800489
"HCC","blue","NPW",0.437150228279115
"HCC","blue","XRCC6",0.435393435839363
"HCC","blue","CDK5RAP1",0.435051577082858
"HCC","blue","SCAMP2",0.433250435377848
"HCC","blue","CDK9",0.432567866032431
"HCC","blue","FOXRED1",0.43150482185357
"HCC","blue","SLC20A1",0.431168812386602
"HCC","blue","PLXNB2",0.430476248800397
"HCC","blue","S100A8",0.429475147309864
"HCC","blue","EIF3D",0.429079527197987
"HCC","blue","NQO2",0.427443221495989
"HCC","blue","DHCR24",0.426715166972384
"HCC","blue","COG4",0.425734053978471
"HCC","blue","CLUAP1",0.425577380809382
"HCC","blue","HPCAL1",0.425504916206101
"HCC","blue","RAB3IL1",0.42544843827658
"HCC","blue","RMND5B",0.425416149039753
"HCC","blue","IL1R2",0.424091533645176
"HCC","blue","ZNF691",0.423715384904057
"HCC","blue","SRD5A3",0.423658485091896
"HCC","blue","COQ8A",0.423469846093255
"HCC","blue","GNAI2",0.422958801547746
"HCC","blue","IFNGR2",0.422053668094192
"HCC","blue","MARK2",0.421417227907926
"HCC","blue","ATOH8",0.421390868774879
"HCC","blue","RBSN",0.421147356828947
"HCC","blue","SSBP4",0.420368589447836
"HCC","blue","ZMIZ2",0.419949339566815
"HCC","blue","MTHFSD",0.418449896594193
"HCC","blue","SYF2",0.417567473182648
"HCC","blue","IFT22",0.416682679956192
"HCC","blue","CSNK1E",0.415416095501235
"HCC","blue","SCAP",0.414921501148009
"HCC","blue","TMT1B",0.414747307150726
"HCC","blue","ANKRD13C-DT",0.414224910254369
"HCC","blue","ABHD10",0.413068502326021
"HCC","blue","CDC42EP4",0.413007603942812
"HCC","blue","CCDC22",0.412871814891567
"HCC","blue","NCOR2",0.412470040736689
"HCC","blue","S100A16",0.411957354471798
"HCC","blue","EMD",0.411784895511742
"HCC","blue","CNTROB",0.411231648575307
"HCC","blue","RABIF",0.41057278215418
"HCC","blue","E4F1",0.410192868778817
"HCC","blue","PCNT",0.409937107115174
"HCC","blue","PDE4A",0.409809192634282
"HCC","blue","GLG1",0.409436272837207
"HCC","blue","CSTB",0.408656949583137
"HCC","blue","NINJ1",0.407531574878878
"HCC","blue","SIVA1",0.406744966199007
"HCC","blue","CPSF1",0.406557081554882
"HCC","blue","COQ7",0.405798090689224
"HCC","blue","SNX33",0.405587966740165
"HCC","blue","SPRYD3",0.405006999692531
"HCC","blue","TMEM86A",0.404868891082074
"HCC","blue","EI24",0.404835098798072
"HCC","blue","GFRA2",0.404307188597574
"HCC","blue","IFI6",0.403499945477608
"HCC","blue","LZTR1",0.403475540047569
"HCC","blue","PLD3",0.402541078208271
"HCC","blue","TBC1D10A",0.4008466079492
"HCC","blue","PYGB",0.399996225438605
"HCC","blue","MLLT1",0.399233809460336
"HCC","blue","P2RY2",0.399147826440555
"HCC","blue","MED8",0.398575010650681
"HCC","blue","MLF2",0.398461901906363
"HCC","blue","SPTAN1",0.397644171734094
"HCC","blue","WBP2",0.396573458293713
"HCC","blue","RUNX1",0.396010650814849
"HCC","blue","SERINC2",0.395801420150242
"HCC","blue","PARD3",0.395780796559141
"HCC","blue","RBPMS2",0.395679741047841
"HCC","blue","SLC25A53",0.394883443401841
"HCC","blue","STARD7",0.394739851179437
"HCC","blue","ZFYVE1",0.394704173985159
"HCC","blue","DDX19A",0.394615580236292
"HCC","blue","NME4",0.39421624121878
"HCC","blue","ZDHHC5",0.393613311265574
"HCC","blue","TRMT2B",0.393489713266588
"HCC","blue","TNK2",0.393223812286293
"HCC","blue","ANPEP",0.393014427008978
"HCC","blue","ASB1",0.392845457369693
"HCC","blue","RETREG2",0.39237393208029
"HCC","blue","SMARCAL1",0.39151824718245
"HCC","blue","KDM1A",0.391278519249968
"HCC","blue","TP53I3",0.391141264198915
"HCC","blue","YARS1",0.391085577666332
"HCC","blue","SEMA6C",0.390486009713497
"HCC","blue","KIFC3",0.390357113683191
"HCC","blue","GGT1",0.388877912157843
"HCC","blue","IL17RA",0.388538726667996
"HCC","blue","SLC25A28",0.388087653710403
"HCC","blue","NFX1",0.387763077078299
"HCC","blue","RPL7A",0.387425282684566
"HCC","blue","NDUFAF5",0.387239438176157
"HCC","blue","SLC67A1",0.387158288588512
"HCC","blue","ALPL",0.386977276256627
"HCC","blue","PSME3IP1",0.386682181581554
"HCC","blue","DPH7",0.386329086622725
"HCC","blue","C1orf216",0.385745973295076
"HCC","blue","OXNAD1",0.385689644835317
"HCC","blue","SFI1",0.384542254506587
"HCC","blue","MOSPD3",0.384044900078121
"HCC","blue","NXF1",0.382989746892888
"HCC","blue","SFXN2",0.382922021603138
"HCC","blue","ZNF785",0.380663182762411
"HCC","blue","SLC35D4",0.380588958903199
"HCC","blue","PSMB2",0.379091692782997
"HCC","blue","EPN2",0.377465451460596
"HCC","blue","IER5L",0.376820277391536
"HCC","blue","AP1B1",0.376515111236115
"HCC","blue","GUSB",0.375605048022589
"HCC","blue","GPC1",0.375528253453854
"HCC","blue","KANSL3",0.375084379739403
"HCC","blue","SNRPD3",0.374770235652845
"HCC","blue","CHRAC1",0.374722348594069
"HCC","blue","TRMT44",0.374335382446402
"HCC","blue","TTC39C",0.37431124464546
"HCC","blue","AGO1",0.373377531375858
"HCC","blue","PIGZ",0.373343596748208
"HCC","blue","AKAP8",0.372904689115884
"HCC","blue","SLC50A1",0.372845133216627
"HCC","blue","GNG7",0.372450721912227
"HCC","blue","HTRA1",0.372394280330796
"HCC","blue","TAGLN2",0.372294497141331
"HCC","blue","FLYWCH1",0.37197178376833
"HCC","blue","ANKZF1",0.371241167245969
"HCC","blue","ARFGAP2",0.370489910347453
"HCC","blue","SLC12A4",0.370243724413123
"HCC","blue","POLDIP3",0.369991811563231
"HCC","blue","SMIM19",0.369263751392042
"HCC","blue","TUBA4A",0.368525935404131
"HCC","blue","B9D1",0.368484423640569
"HCC","blue","RRBP1",0.368238737622846
"HCC","blue","PTGR2",0.367875847626418
"HCC","blue","ZBTB45",0.366815487033457
"HCC","blue","ECPAS",0.366334956219077
"HCC","blue","THNSL2",0.365897724973619
"HCC","blue","RPS6KL1",0.365449167771045
"HCC","blue","GPER1",0.364704822337042
"HCC","blue","METTL22",0.362102180122775
"HCC","blue","ACTR5",0.362075909784399
"HCC","blue","PSMA7",0.361860987483487
"HCC","blue","CDC42EP1",0.361857824124861
"HCC","blue","SCN1B",0.361639349239835
"HCC","blue","ZBTB46",0.359398071177776
"HCC","blue","HOGA1",0.357411964392353
"HCC","blue","SLC27A3",0.357019676669751
"HCC","blue","YJU2B",0.355765521648141
"HCC","blue","MEN1",0.355679900619214
"HCC","blue","POLN",0.355308665532861
"HCC","blue","CLASRP",0.354737008600908
"HCC","blue","PLA2G6",0.354691541951856
"HCC","blue","SETD3",0.353100182236175
"HCC","blue","ZMAT2",0.3519775491056
"HCC","blue","RPL7",0.349458785902752
"HCC","blue","THOC6",0.34770890195022
"HCC","blue","PGD",0.347604456871912
"HCC","blue","TEF",0.347287409296558
"HCC","blue","MAPKAPK2",0.347157050414292
"HCC","blue","ZNF480",0.347049217017842
"HCC","blue","GGCX",0.34690310677737
"HCC","blue","TMEM259",0.346502455127484
"HCC","blue","GOLGB1",0.343305945443116
"HCC","blue","TNPO3",0.343290836939991
"HCC","blue","MT1A",0.343270828736139
"HCC","blue","TLN2",0.342041982909829
"HCC","blue","HTT",0.34192809465953
"HCC","blue","KCTD17",0.341758986472271
"HCC","blue","RAD51C",0.341260732943945
"HCC","blue","CPAMD8",0.339123590844246
"HCC","blue","HDAC8",0.338272833283636
"HCC","blue","PARK7",0.336572799462798
"HCC","blue","SERPINA1",0.33589736498523
"HCC","blue","UNK",0.33566631591118
"HCC","blue","FAM114A1",0.335199969164434
"HCC","blue","SEC16A",0.334928209956435
"HCC","blue","CCND3",0.334386250852648
"HCC","blue","HIF3A",0.332962194535472
"HCC","blue","EMC10",0.332390473086753
"HCC","blue","PARS2",0.331763475772771
"HCC","blue","KRI1",0.330676515872295
"HCC","blue","POMGNT2",0.328553162883412
"HCC","blue","ASAP3",0.328404661371104
"HCC","blue","MECP2",0.328144353894724
"HCC","blue","TMEM19",0.32796896401591
"HCC","blue","AFG1L",0.327807453673044
"HCC","blue","HECTD3",0.327206506399494
"HCC","blue","SUPT3H",0.32649091457634
"HCC","blue","PTRH2",0.326360982682547
"HCC","blue","FUNDC2",0.32587523180953
"HCC","blue","TTC39A",0.325184687746213
"HCC","blue","NUP88",0.324371558237207
"HCC","blue","USP2",0.323420548132715
"HCC","blue","RABL3",0.322831952240607
"HCC","blue","SGSM2",0.322477084921306
"HCC","blue","HSD17B3",0.321850285676647
"HCC","blue","NAT9",0.321051149622063
"HCC","blue","HDAC3",0.317504504508497
"HCC","blue","BTBD6",0.315073206601648
"HCC","blue","ACYP2",0.314877654629111
"HCC","blue","GATD3",0.314807670193041
"HCC","blue","DERL3",0.314653511513394
"HCC","blue","ABCA2",0.314497198876377
"HCC","blue","TTC12",0.314329016239754
"HCC","blue","IRAK1",0.312426765576276
"HCC","blue","GRB10",0.308826314452626
"HCC","blue","ADPRS",0.308452436908228
"HCC","blue","CSTPP1",0.30785984347389
"HCC","blue","CIZ1",0.307057291286168
"HCC","blue","SH3RF2",0.306935079556928
"HCC","blue","HYKK",0.30640021643374
"HCC","blue","AHCY",0.304221536618663
"HCC","blue","GAS2L1",0.304004936156691
"HCC","blue","PITPNC1",0.302119196758827
"HCC","blue","DNAJC5",0.300104446353083
"HCC","blue","BUD13",0.299438411544796
"HCC","blue","C19orf47",0.298516606240849
"HCC","blue","DNAJC18",0.295355913394381
"HCC","blue","ENO1",0.294672830958826
"HCC","blue","PLAAT3",0.294029890215091
"HCC","blue","SPECC1L",0.29099425112567
"HCC","blue","BLCAP",0.290590362376806
"HCC","blue","CEP104",0.287069426808487
"HCC","blue","DPH5",0.284630717822557
"HCC","blue","CSRP1",0.282944239531029
"HCC","blue","ABHD1",0.28232264529788
"HCC","blue","TXLNA",0.279677918493822
"HCC","blue","FXN",0.277837922292867
"HCC","blue","ZNF778",0.275820729339261
"HCC","blue","ACAD10",0.275531703301163
"HCC","blue","GPN2",0.275124846015978
"HCC","blue","ARHGAP35",0.271816104234032
"HCC","blue","ADCY9",0.267350630246953
"HCC","blue","SRRT",0.266778104491206
"HCC","blue","THG1L",0.265320080513083
"HCC","blue","PDIA4",0.261186385506284
"HCC","blue","EEF2KMT",0.256549237044049
"HCC","blue","SOBP",0.256485537158676
"HCC","blue","RABEPK",0.256175501771732
"HCC","blue","ADM2",0.254492253724066
"HCC","blue","MOGS",0.25295029685291
"HCC","blue","KARS1",0.246370513114277
"HCC","blue","RAB40C",0.242797042753303
"HCC","blue","MGRN1",0.239412851908674
"HCC","blue","PEX14",0.239299725567546
"HCC","blue","JUP",0.238646285029814
"HCC","blue","GTPBP1",0.237241579377051
"HCC","blue","SVBP",0.236216356932684
"HCC","blue","MACROH2A2",0.235498063265924
"HCC","blue","ERG28",0.235091809341832
"HCC","blue","SFPQ",0.232310918947984
"HCC","blue","DBNDD1",0.229563599834267
"HCC","blue","GEMIN8",0.226068670259534
"HCC","blue","ANO10",0.22469084281725
"HCC","blue","ANKRD11",0.216234173326056
"HCC","blue","JRK",0.211337383950508
"HCC","blue","DVL1",0.211104794356887
"HCC","blue","CDIP1",0.203061295720139
"HCC","blue","CC2D1B",0.201557986972959
"HCC","blue","IPO5",0.20096159123233
"HCC","blue","COIL",0.196445820335099
"HCC","blue","NOL9",0.195571744264131
"HCC","blue","CANT1",0.194929369512778
"HCC","blue","MLST8",0.192841274865312
"HCC","blue","ATF4",0.191830333928658
"HCC","blue","RTCB",0.190893576779371
"HCC","blue","POLR3H",0.190355971635774
"HCC","blue","TUBGCP6",0.178527258341662
"HCC","blue","DEF8",0.168424961545454
"HCC","blue","ZFP90",0.143796292200234
"HCC","blue","SRRM2",0.140325044546195
"HCC","blue","PATZ1",0.108220070816281
"HCC","blue","TAB1",0.103801926403256
"HCC","blue","WWP2",0.0951662144734634
"HCC","blue","DRC4",0.0836312350424713
"HCC","blue","DGCR2",0.057727924271485
"HCC","brown","ATP5PB",0.875749480999095
"HCC","brown","SRP14",0.872804725207659
"HCC","brown","PPIB",0.872674162442794
"HCC","brown","GNG5",0.867551361038818
"HCC","brown","APEX1",0.856324821960824
"HCC","brown","TIMMDC1",0.850709104707328
"HCC","brown","TBCA",0.844220475196991
"HCC","brown","EMC7",0.843453310763726
"HCC","brown","EOLA2",0.843266100528682
"HCC","brown","BUD31",0.837556409845213
"HCC","brown","PSMC2",0.836245132657005
"HCC","brown","PCBP2",0.834578715011184
"HCC","brown","PSMG2",0.832858415627079
"HCC","brown","MAGOH",0.830189888699387
"HCC","brown","ATP5MC3",0.830169344283847
"HCC","brown","NDUFB3",0.824754476584722
"HCC","brown","TMEM179B",0.822478804868458
"HCC","brown","SKIC8",0.818049366632806
"HCC","brown","SLC25A5",0.817875252231399
"HCC","brown","YAE1",0.813354814884475
"HCC","brown","EFL1",0.812225853288671
"HCC","brown","ATP5F1C",0.811477451485959
"HCC","brown","DYNLL1",0.811006838538213
"HCC","brown","GAPDH",0.809778429977492
"HCC","brown","NDUFA12",0.807075544141528
"HCC","brown","HNRNPM",0.803087212058713
"HCC","brown","MCEE",0.801957412507199
"HCC","brown","MTIF3",0.801675040204054
"HCC","brown","VDAC1",0.799987704259464
"HCC","brown","RABGGTB",0.797865267999501
"HCC","brown","PRELID1",0.794547442145824
"HCC","brown","MRPL16",0.794044885137988
"HCC","brown","RBM15B",0.793154886691248
"HCC","brown","NDUFB4",0.79283084528484
"HCC","brown","NHP2",0.791333837426911
"HCC","brown","ARF5",0.786962339328117
"HCC","brown","UBB",0.786647734344994
"HCC","brown","DALRD3",0.786471280498008
"HCC","brown","PHB1",0.784690790030698
"HCC","brown","THOC7",0.782979128216965
"HCC","brown","APH1A",0.78288839057279
"HCC","brown","TRIP4",0.782030021841876
"HCC","brown","CWC27",0.780829111673529
"HCC","brown","EOLA1",0.780016287839213
"HCC","brown","RBIS",0.779788778202761
"HCC","brown","INTS14",0.77710964234378
"HCC","brown","TMEM126A",0.777083047309316
"HCC","brown","DAP",0.776488143730443
"HCC","brown","POLR2K",0.776014953246209
"HCC","brown","TAF12",0.774696564290014
"HCC","brown","MRPL18",0.774468895562904
"HCC","brown","PRKAG1",0.773414968218517
"HCC","brown","PDE6D",0.770719350229268
"HCC","brown","NDUFB6",0.770030024433295
"HCC","brown","SEC61B",0.769997202544494
"HCC","brown","EIF2B1",0.765408772631905
"HCC","brown","ZMAT5",0.760407131405606
"HCC","brown","RNF7",0.758336149864673
"HCC","brown","HIRA",0.757617888504522
"HCC","brown","SEC13",0.757589815905565
"HCC","brown","GMPR2",0.756339713312204
"HCC","brown","REXO2",0.754543177051841
"HCC","brown","SF3B6",0.751812438487227
"HCC","brown","ITGB1BP1",0.751612557652757
"HCC","brown","CCDC51",0.74869526032423
"HCC","brown","KGD4",0.746420824832061
"HCC","brown","KXD1",0.746132069537508
"HCC","brown","HINT1",0.741471476189775
"HCC","brown","SSBP1",0.740250682536347
"HCC","brown","NDUFC1",0.736401654447894
"HCC","brown","SLC35A1",0.734534201839773
"HCC","brown","MEA1",0.733157424570066
"HCC","brown","GLRX2",0.731935574682804
"HCC","brown","SNRPG",0.730368757364183
"HCC","brown","FTH1",0.729268860581618
"HCC","brown","COA5",0.728053128666141
"HCC","brown","SRSF1",0.725807139492465
"HCC","brown","SKP1",0.722908044227356
"HCC","brown","CCDC71",0.717056218880748
"HCC","brown","PELO",0.715805041057612
"HCC","brown","CTSA",0.715783761593946
"HCC","brown","LSM8",0.713759597377408
"HCC","brown","GLB1",0.711265648916633
"HCC","brown","SAP18",0.710460344932175
"HCC","brown","MRPL15",0.709524911490154
"HCC","brown","RPL30",0.707192773414301
"HCC","brown","PPP2R5B",0.707039195896056
"HCC","brown","CCDC107",0.705418744926303
"HCC","brown","IFT25",0.704272233386957
"HCC","brown","KTI12",0.704063067883935
"HCC","brown","COX7A2L",0.704061328840291
"HCC","brown","MIX23",0.70401701535276
"HCC","brown","TRMT112",0.703512932274889
"HCC","brown","IMMP1L",0.702300787039639
"HCC","brown","NSA2",0.702263514662345
"HCC","brown","DAD1",0.698181767394091
"HCC","brown","YARS2",0.697139333588169
"HCC","brown","LYSET",0.69620694170735
"HCC","brown","CCT8",0.695427856729822
"HCC","brown","UQCRH",0.695087501040166
"HCC","brown","ATP5F1A",0.694339711570164
"HCC","brown","NFU1",0.69263691611943
"HCC","brown","RPF1",0.69194699263101
"HCC","brown","LSM6",0.691888593137634
"HCC","brown","DNAJC19",0.690223826506088
"HCC","brown","OXSM",0.686309397670357
"HCC","brown","CCNH",0.685692675184408
"HCC","brown","BTF3",0.684958543833047
"HCC","brown","TTLL1",0.684760366579878
"HCC","brown","HDHD5",0.681417951390515
"HCC","brown","CAMK1",0.6773670119747
"HCC","brown","CETN2",0.677049748135158
"HCC","brown","GNB1",0.674215396202181
"HCC","brown","HEXIM2",0.672488207827388
"HCC","brown","ZNF616",0.669845037283878
"HCC","brown","DOLPP1",0.669820224828162
"HCC","brown","PDCD2L",0.668409961672947
"HCC","brown","TMED1",0.667590892031654
"HCC","brown","STUB1",0.664652046250762
"HCC","brown","DUSP14",0.661990318171748
"HCC","brown","MYL12B",0.661327149234277
"HCC","brown","TRIAP1",0.660137632608799
"HCC","brown","RAB5C",0.658409564049954
"HCC","brown","MAGED2",0.65753388826041
"HCC","brown","MRFAP1L1",0.656772466168496
"HCC","brown","NGDN",0.655923754955151
"HCC","brown","PDIA3",0.654040649458581
"HCC","brown","LIN37",0.651576855170909
"HCC","brown","MORN2",0.649293062193089
"HCC","brown","OS9",0.647974401739321
"HCC","brown","IAH1",0.647395394846561
"HCC","brown","WARS2",0.645705201196165
"HCC","brown","RPS6KB2",0.644665594229062
"HCC","brown","SELENOH",0.644388394999967
"HCC","brown","PRDX2",0.64228007783236
"HCC","brown","COXFA4",0.638411812762473
"HCC","brown","SLC35D2",0.636217312983508
"HCC","brown","CHMP6",0.635671293635259
"HCC","brown","HEXB",0.634755861582815
"HCC","brown","CDC26",0.631332028735399
"HCC","brown","NKRF",0.630830365284184
"HCC","brown","NDUFAF4",0.630258750106353
"HCC","brown","TOE1",0.628383660019204
"HCC","brown","UQCRFS1",0.62794429743156
"HCC","brown","BOLA3",0.625608272139723
"HCC","brown","LCLAT1",0.625261026479553
"HCC","brown","HTATIP2",0.624560885670115
"HCC","brown","ORMDL2",0.623562728673271
"HCC","brown","ATG4D",0.623220784251331
"HCC","brown","NTMT1",0.621603689483196
"HCC","brown","MRPS35",0.619235050353637
"HCC","brown","MFF",0.618944443271511
"HCC","brown","TMEM62",0.615890353075918
"HCC","brown","PNP",0.615296722174503
"HCC","brown","AAMP",0.614721024563718
"HCC","brown","VDAC3",0.613949944348664
"HCC","brown","TIMM23",0.611783562213247
"HCC","brown","HPF1",0.608508155259496
"HCC","brown","CSRP2",0.607089366636509
"HCC","brown","ZNF174",0.605648305600097
"HCC","brown","RCCD1",0.605007445772812
"HCC","brown","RAB5IF",0.604877703442461
"HCC","brown","NPC2",0.604594669206426
"HCC","brown","OSTC",0.60379531990643
"HCC","brown","PLPP5",0.602897032813106
"HCC","brown","CDK11B",0.602405888175518
"HCC","brown","REPIN1",0.601781692920576
"HCC","brown","MIF4GD",0.601354587198141
"HCC","brown","MRFAP1",0.600904853528954
"HCC","brown","PSMA5",0.599556512401472
"HCC","brown","PDIA5",0.598485149313276
"HCC","brown","AMZ2",0.597528586376127
"HCC","brown","IMP3",0.597035762415237
"HCC","brown","MRPS23",0.595627006487009
"HCC","brown","PDCD2",0.593607234990513
"HCC","brown","TSEN34",0.592149517235517
"HCC","brown","NIPSNAP3B",0.591669948501414
"HCC","brown","BOD1",0.590708417042698
"HCC","brown","UBE4B",0.587601992420531
"HCC","brown","HYAL2",0.585671095524292
"HCC","brown","ACOT8",0.585568962870877
"HCC","brown","HEBP1",0.585416566772836
"HCC","brown","EAF2",0.584556847987342
"HCC","brown","SAFB",0.582562818526821
"HCC","brown","MAGEF1",0.581823186671545
"HCC","brown","RPL26L1",0.580804152385958
"HCC","brown","DDO",0.580448842674194
"HCC","brown","MSANTD3",0.580342811206313
"HCC","brown","PPIA",0.579060565459805
"HCC","brown","RUVBL1",0.577072938648999
"HCC","brown","NIT1",0.576821226917232
"HCC","brown","TMEM42",0.576352251015929
"HCC","brown","USP13",0.573529612477197
"HCC","brown","LIPT2-AS1",0.572506648948914
"HCC","brown","AKIRIN2",0.572482957706537
"HCC","brown","DYRK3",0.568372005901719
"HCC","brown","OSER1",0.566445028495554
"HCC","brown","NDUFS2",0.565494535710405
"HCC","brown","HSPA8",0.564929086620497
"HCC","brown","GNL2",0.562532474466312
"HCC","brown","RBX1",0.56101596805887
"HCC","brown","SIRAL1",0.56073451829418
"HCC","brown","DHRS7",0.560623036060137
"HCC","brown","YTHDF1",0.559673557676977
"HCC","brown","P4HB",0.558723120828713
"HCC","brown","TIMM44",0.557987378290479
"HCC","brown","EIF4A3",0.557499773716275
"HCC","brown","SLC25A4",0.556357087041141
"HCC","brown","PSMB5",0.554273249232843
"HCC","brown","DNAL4",0.552697937189773
"HCC","brown","OGG1",0.552586699628948
"HCC","brown","TPST1",0.551870735174914
"HCC","brown","PPP1CA",0.550486130950703
"HCC","brown","CALR",0.548749113435352
"HCC","brown","SPIN2B",0.547387726811189
"HCC","brown","TMEM218",0.547341138789112
"HCC","brown","PRMT1",0.546881237755072
"HCC","brown","MRPS33",0.545862484208697
"HCC","brown","HSF1",0.543988950000505
"HCC","brown","TUBB4B",0.543114692481102
"HCC","brown","VPS29",0.542780183702263
"HCC","brown","ASAH2B",0.542688578614522
"HCC","brown","MED7",0.542681988354034
"HCC","brown","TCEAL4",0.542641512106532
"HCC","brown","CEBPD",0.542197226639844
"HCC","brown","NOL10",0.539512864369014
"HCC","brown","TINF2",0.538665882607301
"HCC","brown","PITHD1",0.536898656719672
"HCC","brown","PDHA1",0.534092238155882
"HCC","brown","TMEM87A",0.533495623647623
"HCC","brown","TFB1M",0.533346024636225
"HCC","brown","MRPL35",0.533313157196154
"HCC","brown","DHPS",0.531328799758623
"HCC","brown","CHIC2",0.529447869049714
"HCC","brown","PUM3",0.529040177556259
"HCC","brown","CCDC71L",0.526948758089691
"HCC","brown","LAMTOR5",0.525745076793934
"HCC","brown","SELENOK",0.525630960953168
"HCC","brown","NDUFS4",0.525186165474708
"HCC","brown","WDR53",0.525178825863236
"HCC","brown","ANAPC15",0.522648996162731
"HCC","brown","AHSA1",0.522282581819431
"HCC","brown","HSPBAP1",0.522277907663602
"HCC","brown","MRM2",0.520595023419857
"HCC","brown","HDDC3",0.518544910103598
"HCC","brown","TXNDC12",0.517668330098538
"HCC","brown","YIPF2",0.51733365830441
"HCC","brown","LANCL2",0.515977940267955
"HCC","brown","TMEM223",0.513569283799902
"HCC","brown","GGCT",0.513367086689754
"HCC","brown","PITPNB",0.511696952850645
"HCC","brown","LRRC42",0.510865721426236
"HCC","brown","HCG27",0.510442311676774
"HCC","brown","GNPTG",0.508504927165636
"HCC","brown","NXT1",0.506865222153456
"HCC","brown","TUBG1",0.506687610367159
"HCC","brown","PUDP",0.506522941735623
"HCC","brown","TMEM167B",0.505132252975229
"HCC","brown","HMGN3",0.50500388894609
"HCC","brown","RMP24",0.503659568237568
"HCC","brown","CLDN23",0.502835057144179
"HCC","brown","DNTTIP1",0.499740583644379
"HCC","brown","ENY2",0.498368961798478
"HCC","brown","IGBP1",0.496326386345591
"HCC","brown","ZNF133",0.495389633284734
"HCC","brown","CTNNBIP1",0.494889614658722
"HCC","brown","ECHDC1",0.494809285170745
"HCC","brown","CAPN1",0.494716602783845
"HCC","brown","CHST14",0.494247607515594
"HCC","brown","SPCS2",0.493374844926313
"HCC","brown","ICMT",0.491821077318049
"HCC","brown","FUCA2",0.49179555500338
"HCC","brown","TOMM40L",0.491222844071317
"HCC","brown","ALG1",0.489369813225713
"HCC","brown","RNF216P1",0.489205089211186
"HCC","brown","GABPB1",0.486945222761515
"HCC","brown","SURF4",0.485485284811405
"HCC","brown","KHDRBS3",0.480574688138148
"HCC","brown","PDCD5",0.479377609308142
"HCC","brown","MTHFS",0.476037028447807
"HCC","brown","NRARP",0.475153348997251
"HCC","brown","ERP44",0.47471667349151
"HCC","brown","CDC123",0.474632121206382
"HCC","brown","COA4",0.474283414901825
"HCC","brown","ZNF22",0.473310397683941
"HCC","brown","ACTG1",0.471833282391999
"HCC","brown","MTOR",0.469518887772361
"HCC","brown","PFDN1",0.469406870626399
"HCC","brown","RPS23",0.468410206635388
"HCC","brown","GNPDA1",0.46807186737837
"HCC","brown","SEC61G",0.467185584345779
"HCC","brown","ZNF226",0.465787568373474
"HCC","brown","ORC5",0.46557745897697
"HCC","brown","DBI",0.464399591069948
"HCC","brown","CHMP4B",0.463887000632382
"HCC","brown","ZNF197",0.463701074525525
"HCC","brown","GARS1",0.463630292191804
"HCC","brown","STT3A",0.463245287444338
"HCC","brown","AP3D1",0.45986335062108
"HCC","brown","ABCF3",0.459760377280966
"HCC","brown","APOO",0.455927781516944
"HCC","brown","ATP5F1B",0.450933682313353
"HCC","brown","IP6K2",0.450613893199297
"HCC","brown","ZFPL1",0.448894688757271
"HCC","brown","SND1",0.447262836130727
"HCC","brown","MRPL10",0.447013791149567
"HCC","brown","SLC25A3",0.446340455400445
"HCC","brown","NSMCE2",0.445184657409828
"HCC","brown","LSM3",0.445019540692991
"HCC","brown","ASB7",0.445005323165244
"HCC","brown","ANAPC5",0.444098491934505
"HCC","brown","BCL2L13",0.443010394844695
"HCC","brown","DNAJC1",0.441370404617835
"HCC","brown","KATNB1",0.441156134803714
"HCC","brown","NOC2L",0.44063193536294
"HCC","brown","MCRS1",0.440097996010524
"HCC","brown","DCUN1D5",0.438665546798845
"HCC","brown","STX18",0.438060302401068
"HCC","brown","NKX3-1",0.436217664504948
"HCC","brown","ATP6V1E1",0.435356951394601
"HCC","brown","DTD1",0.432128747000731
"HCC","brown","BANF1",0.431257167565801
"HCC","brown","CLPTM1",0.429993521758156
"HCC","brown","PDCL3",0.429657299078287
"HCC","brown","RAE1",0.428870076965866
"HCC","brown","TRIT1",0.427923826924522
"HCC","brown","WDR41",0.427498478472326
"HCC","brown","POLR2M",0.426037473712739
"HCC","brown","TXN",0.425003575742079
"HCC","brown","ELAC1",0.423759865750569
"HCC","brown","KATNA1",0.422117019013509
"HCC","brown","COQ3",0.422097351941438
"HCC","brown","CDIPT",0.420241070421747
"HCC","brown","ZNF32",0.419137347545003
"HCC","brown","MED10",0.417955716881653
"HCC","brown","C14orf119",0.416964166478204
"HCC","brown","MKKS",0.409772103320284
"HCC","brown","DUS3L",0.409655530629876
"HCC","brown","UQCRHL",0.409469647527285
"HCC","brown","GCHFR",0.406834238789274
"HCC","brown","RPS27L",0.406378628687171
"HCC","brown","POLB",0.405806423364968
"HCC","brown","SEC11C",0.405377828467619
"HCC","brown","ELOA",0.405148337201053
"HCC","brown","MRPS11",0.404694014955506
"HCC","brown","MESD",0.403573075234571
"HCC","brown","WDR90",0.403166363857945
"HCC","brown","ARL6IP4",0.400240719547749
"HCC","brown","MAPDA",0.398496205483471
"HCC","brown","CFAP298",0.395784470582641
"HCC","brown","SPATA6",0.394894770762006
"HCC","brown","PPIC",0.393492394837692
"HCC","brown","GNA12",0.392990384507123
"HCC","brown","GSTM3",0.391396598415948
"HCC","brown","TUSC1",0.388828933107837
"HCC","brown","AAGAB",0.38781878829385
"HCC","brown","DERA",0.385869362841156
"HCC","brown","APMAP",0.38489048246265
"HCC","brown","SAP30L",0.384009207253764
"HCC","brown","NUCB2",0.383847705501527
"HCC","brown","RAMAC",0.383226827031916
"HCC","brown","EIF2AK1",0.381133634118618
"HCC","brown","TMBIM1",0.378000369416762
"HCC","brown","ARFIP2",0.376513532986223
"HCC","brown","DMAC2",0.375478135370652
"HCC","brown","TMEM177",0.37414372944532
"HCC","brown","KCTD13",0.373899322628147
"HCC","brown","TRAPPC14",0.373301821292106
"HCC","brown","TMEM109",0.366292569570319
"HCC","brown","COPS7A",0.364569880885912
"HCC","brown","ERH",0.364396163412989
"HCC","brown","SIGMAR1",0.363819950859122
"HCC","brown","MCCC1",0.361171360914308
"HCC","brown","TADA2B",0.36036500692201
"HCC","brown","CHCHD4",0.35500987323048
"HCC","brown","NFYC",0.354655017482058
"HCC","brown","TRAF3IP2",0.350876612073917
"HCC","brown","NUP93",0.348757156518169
"HCC","brown","TBCD",0.34871981059423
"HCC","brown","CNP",0.345766863500526
"HCC","brown","GGACT",0.342981446389774
"HCC","brown","RSL24D1",0.341947141850441
"HCC","brown","SCRIB",0.338048300350579
"HCC","brown","TNFRSF12A",0.336892928642753
"HCC","brown","ALDOC",0.32917737865108
"HCC","brown","PGAP2",0.328198780259955
"HCC","brown","ABHD4",0.322363466155829
"HCC","brown","MAPKAP1",0.304136483892217
"HCC","brown","TYK2",0.302353407093439
"HCC","cyan","ILF2",0.877269732890834
"HCC","cyan","UBE2Q1",0.867236574941936
"HCC","cyan","CACYBP",0.834956599309524
"HCC","cyan","EIF2D",0.833014458335389
"HCC","cyan","POGK",0.827439372845327
"HCC","cyan","TPM3",0.820128307784573
"HCC","cyan","PRUNE1",0.815837427135462
"HCC","cyan","SNRPE",0.814569263607467
"HCC","cyan","TMCO1",0.810629360525144
"HCC","cyan","EPRS1",0.808138583170756
"HCC","cyan","ADIPOR1",0.806465906427576
"HCC","cyan","USP21",0.799402528811488
"HCC","cyan","VPS45",0.789122769213955
"HCC","cyan","UBAP2L",0.788685980471164
"HCC","cyan","GGPS1",0.781459454836138
"HCC","cyan","ARF1",0.776803274308473
"HCC","cyan","SF3B4",0.770276670200142
"HCC","cyan","MPC2",0.764390907307129
"HCC","cyan","ARHGEF11",0.759967568747233
"HCC","cyan","PYCR2",0.750601616996838
"HCC","cyan","TOMM20",0.746795309282644
"HCC","cyan","MSTO1",0.746441421915188
"HCC","cyan","SMG7",0.740244437423298
"HCC","cyan","MRPS14",0.738843736868964
"HCC","cyan","CNIH4",0.73546376357397
"HCC","cyan","VAMP4",0.735027426521862
"HCC","cyan","C1orf74",0.734292304052939
"HCC","cyan","COA6",0.731452664141993
"HCC","cyan","SWT1",0.722587885724744
"HCC","cyan","DAP3",0.715752442572877
"HCC","cyan","SH3BP5L",0.715163006451246
"HCC","cyan","SLC39A1",0.714527853614565
"HCC","cyan","LTAP1",0.713956461114249
"HCC","cyan","METTL13",0.708136561279847
"HCC","cyan","UCK2",0.706435273657451
"HCC","cyan","B4GALT3",0.700401513083548
"HCC","cyan","PFKFB2",0.698990220211175
"HCC","cyan","KRTCAP2",0.694866618498813
"HCC","cyan","LAMC1",0.691855181216245
"HCC","cyan","ARPC5",0.687112413713197
"HCC","cyan","NUP133",0.684991881278449
"HCC","cyan","SNAPIN",0.684105838742102
"HCC","cyan","HAX1",0.683623071042048
"HCC","cyan","BCL9",0.68293056463493
"HCC","cyan","CHD1L",0.682457000130541
"HCC","cyan","METTL18",0.67698233617102
"HCC","cyan","VPS72",0.674579560003589
"HCC","cyan","TMEM183A",0.662411669805638
"HCC","cyan","PARP1",0.662087930363117
"HCC","cyan","ENTREP3",0.660350862943605
"HCC","cyan","CLK2",0.65779324536209
"HCC","cyan","WDR75",0.650986049705132
"HCC","cyan","GBA1",0.648938462666147
"HCC","cyan","RRS1",0.628346241607634
"HCC","cyan","ADAR",0.62407220361723
"HCC","cyan","EIF3E",0.618079560936346
"HCC","cyan","TTC13",0.615234264096897
"HCC","cyan","PFDN2",0.60433554775754
"HCC","cyan","MEF2D",0.598399215964104
"HCC","cyan","CKS1B",0.59559940747673
"HCC","cyan","CHTOP",0.592971964546037
"HCC","cyan","RBMX",0.585057427287666
"HCC","cyan","PYGO2",0.57699343379486
"HCC","cyan","EIF3H",0.575430727231064
"HCC","cyan","LYSMD1",0.573522851526001
"HCC","cyan","CASC3",0.571232240534929
"HCC","cyan","TUFT1",0.569057007395626
"HCC","cyan","IPO9",0.566664288643923
"HCC","cyan","CAPN2",0.559379545341303
"HCC","cyan","FAM20B",0.539637034553193
"HCC","cyan","YY1AP1",0.536575307784191
"HCC","cyan","BZW2",0.528171750351131
"HCC","cyan","TIGD1",0.523720722528314
"HCC","cyan","LIX1L",0.51438817538361
"HCC","cyan","NTAQ1",0.512888902635031
"HCC","cyan","DENND4B",0.496264572048924
"HCC","cyan","DCAF13",0.491937613501006
"HCC","cyan","TSEN15",0.490152984274945
"HCC","cyan","METTL25B",0.480455306000905
"HCC","cyan","ZBTB7B",0.479393975305644
"HCC","cyan","ZNF485",0.471980304500839
"HCC","cyan","LIG3",0.467881675061215
"HCC","cyan","THEM4",0.467307790851578
"HCC","cyan","SMYD3",0.464896555439256
"HCC","cyan","PEA15",0.462064652765275
"HCC","cyan","C1orf53",0.456040150788135
"HCC","cyan","H2BC21",0.454542691379378
"HCC","cyan","ISG20L2",0.453932013528483
"HCC","cyan","SNAP47",0.445430152007971
"HCC","cyan","PEX19",0.433653763994712
"HCC","cyan","TIPIN",0.433322743313118
"HCC","cyan","MORC2",0.430988476283897
"HCC","cyan","BPNT1",0.429291053713501
"HCC","cyan","C1orf198",0.411836416791351
"HCC","cyan","RBM15",0.409045966861174
"HCC","cyan","ALG8",0.402991568009674
"HCC","cyan","PFDN4",0.390242579083554
"HCC","cyan","PI4KB",0.365419798558449
"HCC","cyan","MGST3",0.324790597129423
"HCC","green","UBA3",0.881248947828101
"HCC","green","CD2AP",0.858100469807008
"HCC","green","CTDSPL2",0.855040305152599
"HCC","green","PIK3C2A",0.85097184833483
"HCC","green","ATM",0.847654796300986
"HCC","green","ZMYM1",0.847580481604647
"HCC","green","RSBN1L",0.840178683588274
"HCC","green","TOGARAM1",0.828588930346305
"HCC","green","ZNF207",0.824107201699626
"HCC","green","ADAM10",0.816584189684263
"HCC","green","USP8",0.813950882227552
"HCC","green","MINDY2",0.797299764002426
"HCC","green","AEBP2",0.794644630294375
"HCC","green","ZNF566",0.792929982041456
"HCC","green","RAPGEF6",0.790638553317756
"HCC","green","RSBN1",0.790263786270756
"HCC","green","CRLF3",0.788588443208755
"HCC","green","DNAJC24",0.780900145030961
"HCC","green","ZNF770",0.779266618957281
"HCC","green","EEA1",0.777976165825552
"HCC","green","HP1BP3",0.77737395569284
"HCC","green","PHF6",0.776518809051416
"HCC","green","BMPR1A",0.775947216327678
"HCC","green","TYW5",0.772097728965862
"HCC","green","RICTOR",0.771485325611484
"HCC","green","HERC4",0.770474729832548
"HCC","green","APPL1",0.769464683791112
"HCC","green","TUT4",0.768752603535134
"HCC","green","RNF168",0.768224546217609
"HCC","green","SLC35A3",0.766456056882821
"HCC","green","LNPK",0.766375682183752
"HCC","green","VEZT",0.764641206048713
"HCC","green","EMSY",0.76289788507642
"HCC","green","SKIL",0.762101611291466
"HCC","green","ARID4B",0.761469633891622
"HCC","green","UBXN7",0.759368502387107
"HCC","green","PHACTR4",0.753302615389357
"HCC","green","PHC3",0.751926822579662
"HCC","green","CHD6",0.751507705326374
"HCC","green","TSNAX",0.751237803459272
"HCC","green","UBE2V1",0.750123606465752
"HCC","green","EIF2AK2",0.749590085247666
"HCC","green","KAT6B",0.74932035507522
"HCC","green","NF1",0.746999356749042
"HCC","green","DOCK7",0.746054386615033
"HCC","green","ARL5A",0.744530112571886
"HCC","green","L2HGDH",0.743660989208491
"HCC","green","NHLRC2",0.742139823123839
"HCC","green","SLC12A6",0.741356806121872
"HCC","green","N4BP2",0.740354235946879
"HCC","green","NPHP3",0.74028953265708
"HCC","green","STAG2",0.739021124527983
"HCC","green","NAPEPLD",0.737546893889165
"HCC","green","ATP8B1",0.737087798221756
"HCC","green","NEMF",0.734469433667831
"HCC","green","RO60",0.732954165382864
"HCC","green","GPALPP1",0.732943180328883
"HCC","green","R3HDM1",0.730091520299069
"HCC","green","OSTM1",0.727111701498494
"HCC","green","SLC30A7",0.726520568179573
"HCC","green","NVL",0.725227994300544
"HCC","green","FMR1",0.725165369479819
"HCC","green","ANKRD17",0.724955887697553
"HCC","green","LRRC58",0.719960568838631
"HCC","green","DIS3",0.716339655237011
"HCC","green","BDP1",0.716335147795262
"HCC","green","TLK1",0.715406597203205
"HCC","green","BROX",0.71332289532363
"HCC","green","PCNX4",0.713173848917046
"HCC","green","LPP",0.712533665828166
"HCC","green","DOCK4",0.712000566113623
"HCC","green","UBE4A",0.711895622255553
"HCC","green","LRIG2",0.711288488288614
"HCC","green","SP4",0.707535906986525
"HCC","green","SCAF11",0.707433719280202
"HCC","green","RBM25",0.705444958479135
"HCC","green","PDS5B",0.705035927466125
"HCC","green","ARID1B",0.702427255065546
"HCC","green","LUC7L3",0.70184583637193
"HCC","green","DCAF10",0.701067288678639
"HCC","green","STK4",0.700126484646059
"HCC","green","ZNF708",0.696866226597188
"HCC","green","FBXL20",0.695422684434467
"HCC","green","METAP2",0.693293155869427
"HCC","green","RSF1",0.691270835432429
"HCC","green","THAP5",0.689203779942314
"HCC","green","RBBP6",0.686407545413635
"HCC","green","PGAP1",0.686307000377438
"HCC","green","RAB2B",0.685743493321476
"HCC","green","MTMR2",0.685183346091618
"HCC","green","COX11",0.684132957296995
"HCC","green","RPS6KA5",0.681841155926323
"HCC","green","MTPAP",0.680857168633753
"HCC","green","STRADA",0.679081456057929
"HCC","green","PTPRK",0.676207122493784
"HCC","green","B3GALNT2",0.675829164380704
"HCC","green","CELF1",0.672232268376238
"HCC","green","DDX52",0.672017967273086
"HCC","green","SGTB",0.671843661064427
"HCC","green","NSRP1",0.671597878138753
"HCC","green","TMEM168",0.671453485328658
"HCC","green","ATRX",0.669836247460257
"HCC","green","ABHD17B",0.665922782947294
"HCC","green","RBM26",0.664422550783896
"HCC","green","NFAT5",0.663898078248063
"HCC","green","MDM4",0.663430513272494
"HCC","green","ZNF8",0.661119068527622
"HCC","green","TAOK3",0.6602131974622
"HCC","green","PSMA6",0.658603157800756
"HCC","green","ZNF273",0.658211170653743
"HCC","green","GPATCH2L",0.657538812656232
"HCC","green","CHD7",0.655688709885618
"HCC","green","PURA",0.655526256211294
"HCC","green","ACBD3",0.654379416862397
"HCC","green","UBE2W",0.654070816420878
"HCC","green","DNAJC2",0.65308169065015
"HCC","green","AFDN",0.652634532606431
"HCC","green","ZNF264",0.650176234296814
"HCC","green","ZNF383",0.649366233848005
"HCC","green","PRKAR2A",0.64733647139487
"HCC","green","SREK1",0.644916902614384
"HCC","green","PARD6B",0.644533604109116
"HCC","green","CEP135",0.644147063620747
"HCC","green","C2orf69",0.642678911262463
"HCC","green","ZYG11B",0.64175665810668
"HCC","green","SUV39H2",0.639639701599423
"HCC","green","USP42",0.63943382664507
"HCC","green","KLHL28",0.634977755253462
"HCC","green","ABHD18",0.63481110417352
"HCC","green","METTL21A",0.633826135777902
"HCC","green","S100PBP",0.633360431166001
"HCC","green","DCP1A",0.63071262668948
"HCC","green","LCOR",0.630272134286313
"HCC","green","PPP3CA",0.62891898420618
"HCC","green","TCEANC2",0.628604398420742
"HCC","green","ZEB1",0.625314638884674
"HCC","green","MTDH",0.62447620579317
"HCC","green","PAWR",0.623714064925547
"HCC","green","KIF3A",0.621508268316327
"HCC","green","FBXW7",0.619791513046724
"HCC","green","INTS6",0.615999811716832
"HCC","green","ADPGK",0.613141184875798
"HCC","green","ATP2B1",0.611422585519701
"HCC","green","PPP1R12A",0.608953599828777
"HCC","green","LIN52",0.600515946492389
"HCC","green","AGO3",0.599526482819065
"HCC","green","RNF145",0.598504049294183
"HCC","green","DYNC1I2",0.597983580444659
"HCC","green","PANK2",0.597901527074869
"HCC","green","HSD17B12",0.596509801541998
"HCC","green","GABPB2",0.596106334993437
"HCC","green","ME2",0.595393158196121
"HCC","green","ZNF445",0.592218267549518
"HCC","green","ZBTB25",0.591080272890234
"HCC","green","AK9",0.5901716035688
"HCC","green","LRRC57",0.588668876125794
"HCC","green","SCAPER",0.588485214870061
"HCC","green","SNRK",0.588179745422011
"HCC","green","CEP43",0.584019438622282
"HCC","green","ZNF493",0.583629811917442
"HCC","green","ZNF91",0.582680586929081
"HCC","green","KIF5B",0.582221899350894
"HCC","green","SCAI",0.574325512507787
"HCC","green","BRI3BP",0.573296204540678
"HCC","green","ZNF850",0.571102548244028
"HCC","green","EIF4G3",0.569435565149827
"HCC","green","TUBD1",0.569174405187705
"HCC","green","UPF2",0.567564409908959
"HCC","green","ZNF260",0.567229468587476
"HCC","green","YY1",0.566945067075012
"HCC","green","SDCCAG8",0.564526936797297
"HCC","green","ZFYVE16",0.563759883111442
"HCC","green","DDX55",0.561811726606886
"HCC","green","PDE12",0.560422434254903
"HCC","green","CCDC142",0.558357099999364
"HCC","green","YAF2",0.556554606377463
"HCC","green","ITPRIPL2",0.553760208160333
"HCC","green","SVIL",0.553354532711747
"HCC","green","TGOLN2",0.5513700085589
"HCC","green","KLHL8",0.550391454847737
"HCC","green","RFTN2",0.548442332941581
"HCC","green","SLC35E1",0.545595421474733
"HCC","green","FLVCR1",0.545122334932997
"HCC","green","MYO9A",0.543622746645089
"HCC","green","SRP72",0.541880068827052
"HCC","green","ZNF841",0.541496594336211
"HCC","green","ZNF570",0.540458030202419
"HCC","green","NHLRC3",0.539891415053073
"HCC","green","CNTLN",0.538739080556179
"HCC","green","TCP11L2",0.535867010453465
"HCC","green","HYCC1",0.533044220707944
"HCC","green","MED4",0.531815238159477
"HCC","green","PPP2R5E",0.53029395212557
"HCC","green","ANP32E",0.52937941246949
"HCC","green","DIS3L",0.528345860714125
"HCC","green","ABL2",0.528229954629336
"HCC","green","SMAP1",0.525183801845464
"HCC","green","CCDC91",0.524687127477913
"HCC","green","ZNF529",0.524171292635104
"HCC","green","FRK",0.523636685589563
"HCC","green","PNO1",0.521845460052299
"HCC","green","PAK2",0.52146860323411
"HCC","green","DSTYK",0.518164920408413
"HCC","green","CXADR",0.514686814758787
"HCC","green","MAPKBP1",0.512493614170693
"HCC","green","TNRC6A",0.512473145708556
"HCC","green","RUNDC1",0.509408823714595
"HCC","green","MYO6",0.508651902308786
"HCC","green","INTU",0.504523417306256
"HCC","green","BAZ2B",0.500261237424673
"HCC","green","ZNF253",0.497270186823433
"HCC","green","METTL15",0.496836863712659
"HCC","green","UTP23",0.49391429277968
"HCC","green","RNGTT",0.492120442204845
"HCC","green","ZNF605",0.490850061125863
"HCC","green","NBEAL1",0.488464037736742
"HCC","green","UBE3A",0.488013548334863
"HCC","green","SLC4A7",0.486720466390096
"HCC","green","SMARCC1",0.485671015323313
"HCC","green","SLC17A5",0.483680124746116
"HCC","green","DLK2",0.480955266420351
"HCC","green","ZNF583",0.480486736240931
"HCC","green","PHIP",0.479553960223129
"HCC","green","PHLDB1",0.47434129465416
"HCC","green","ABI2",0.473313994192376
"HCC","green","GNL3L",0.469762915154051
"HCC","green","GCFC2",0.468679896618706
"HCC","green","NCBP2",0.467323397804286
"HCC","green","ZNF432",0.464016540970069
"HCC","green","CSPP1",0.461415496333186
"HCC","green","CBFA2T2",0.461279495348654
"HCC","green","SON",0.460459720221181
"HCC","green","SYNJ2",0.460416678961545
"HCC","green","MICOS10",0.458734623909632
"HCC","green","MTMR12",0.458328143221366
"HCC","green","RFX7",0.457649625283702
"HCC","green","VPS41",0.456337359588855
"HCC","green","PPM1B",0.453040796520285
"HCC","green","ASB8",0.446140340860271
"HCC","green","KIAA1958",0.445250114906749
"HCC","green","BTBD7",0.445245895517672
"HCC","green","PPARA",0.444714632686369
"HCC","green","SMIM8",0.442199045127041
"HCC","green","ZFP30",0.438149444740427
"HCC","green","RBM5",0.438146985736574
"HCC","green","TACC1",0.43706120314753
"HCC","green","RALBP1",0.436990593240463
"HCC","green","GJC1",0.43376391037633
"HCC","green","RNF149",0.431111051101312
"HCC","green","RPAP2",0.425312622506569
"HCC","green","B3GALNT1",0.422893810466316
"HCC","green","GRAMD2B",0.419686596142209
"HCC","green","POLR1F",0.41926919626288
"HCC","green","HLA-F-AS1",0.419116906176037
"HCC","green","RPGR",0.416894129786769
"HCC","green","ZNF75A",0.412605668071346
"HCC","green","ERV3-1",0.41217458651796
"HCC","green","GREB1L",0.409656412568202
"HCC","green","ZNF606-AS1",0.409087132537778
"HCC","green","ZNF70",0.405565326402345
"HCC","green","RORA",0.404696998944524
"HCC","green","PSMD11",0.403860790227373
"HCC","green","UBXN2A",0.403619082612548
"HCC","green","PPFIBP1",0.403276661769416
"HCC","green","TRIM2",0.402969848184835
"HCC","green","RNF41",0.402002309568571
"HCC","green","MTO1",0.401341078040614
"HCC","green","TRIM52",0.400353491536404
"HCC","green","THOC2",0.399459428964883
"HCC","green","SLC2A13",0.398175689938985
"HCC","green","NMD3",0.398112776635873
"HCC","green","RNF169",0.397998237503992
"HCC","green","POU2F1",0.397575321668979
"HCC","green","KATNAL1",0.396368342406239
"HCC","green","SIKE1",0.395563311262719
"HCC","green","AFF4",0.393062919132695
"HCC","green","ZNF619",0.39241963834452
"HCC","green","ZNF527",0.389324272624165
"HCC","green","DLG5",0.387905312567241
"HCC","green","ACTN4",0.385493546189709
"HCC","green","ADNP",0.38258337175044
"HCC","green","DLEU1",0.380833641586368
"HCC","green","TNRC18",0.380255028163112
"HCC","green","TRIM33",0.377201408556042
"HCC","green","ZSCAN31",0.373932216104291
"HCC","green","KPNA5",0.373659926440446
"HCC","green","ARL8B",0.373615152915248
"HCC","green","STC1",0.372984158986872
"HCC","green","SYDE2",0.367660503513684
"HCC","green","COA1",0.36545896904311
"HCC","green","FAM217B",0.365439762504712
"HCC","green","DSG2",0.364965593850804
"HCC","green","ANGPT2",0.363640459556696
"HCC","green","USP4",0.363062788892852
"HCC","green","WASF2",0.362767959004939
"HCC","green","SORBS2",0.360903347220556
"HCC","green","PRPF38A",0.360083879870154
"HCC","green","WDR55",0.359689840786434
"HCC","green","TTN",0.358260481068181
"HCC","green","LPIN1",0.357342910424862
"HCC","green","CSNK1G1",0.356939130235839
"HCC","green","POLR2D",0.356895744870175
"HCC","green","DUSP28",0.3521770365027
"HCC","green","RPP14",0.350667162885715
"HCC","green","ZNF283",0.350279715194633
"HCC","green","PATJ",0.349245897389243
"HCC","green","LINC02210",0.344834199985971
"HCC","green","EXOSC10",0.344464344830313
"HCC","green","MAPT",0.343941121026004
"HCC","green","LRRC2",0.339483676048227
"HCC","green","FAM76A",0.336640050417304
"HCC","green","SNRPB2",0.333146316484258
"HCC","green","LYAR",0.330687202527436
"HCC","green","CSNK1A1",0.327952564862319
"HCC","green","TADA2A",0.320517948437882
"HCC","green","STAU2",0.319110005504589
"HCC","green","SLC25A16",0.309576533177823
"HCC","green","MARK3",0.285354031179748
"HCC","green","VSIG10",0.281965268815207
"HCC","green","ALKBH6",0.281339140804379
"HCC","green","MKLN1",0.271793902635737
"HCC","green","EBF1",0.267657220236589
"HCC","green","NCOR1",0.127158233102877
"HCC","greenyellow","HCLS1",0.908861411469692
"HCC","greenyellow","HCK",0.88862716266325
"HCC","greenyellow","PLCB2",0.88846111124426
"HCC","greenyellow","WDFY4",0.876855793445673
"HCC","greenyellow","NCKAP1L",0.87620224909115
"HCC","greenyellow","HLA-DPA1",0.873065769104249
"HCC","greenyellow","ITGB2",0.868079503867066
"HCC","greenyellow","IL10RA",0.866476048431308
"HCC","greenyellow","RAC2",0.864163185453595
"HCC","greenyellow","C1QC",0.861434991839378
"HCC","greenyellow","THEMIS2",0.860716673258232
"HCC","greenyellow","MS4A6A",0.860580800202874
"HCC","greenyellow","SLA",0.855453497959639
"HCC","greenyellow","HLA-DRA",0.851095331769707
"HCC","greenyellow","ABR",0.845551915525128
"HCC","greenyellow","LCP2",0.843962218388974
"HCC","greenyellow","HLA-DQA1",0.837836040852406
"HCC","greenyellow","RASSF2",0.836592932406088
"HCC","greenyellow","GAB3",0.834013391247776
"HCC","greenyellow","ARHGAP25",0.827035602456151
"HCC","greenyellow","LILRB2",0.82266901506483
"HCC","greenyellow","DGKA",0.80763932542303
"HCC","greenyellow","C3AR1",0.807088280042517
"HCC","greenyellow","CXCR4",0.800169230670875
"HCC","greenyellow","IL16",0.80000253083486
"HCC","greenyellow","NCF1",0.793422906686378
"HCC","greenyellow","HLA-DOA",0.789009091263934
"HCC","greenyellow","HLA-DMB",0.778703772426167
"HCC","greenyellow","HLA-DQB1",0.777308581593549
"HCC","greenyellow","MS4A4A",0.776658051947338
"HCC","greenyellow","SEMA4D",0.772539841733141
"HCC","greenyellow","WIPF1",0.769897815509195
"HCC","greenyellow","IL18BP",0.758865333827401
"HCC","greenyellow","CD74",0.737984280245991
"HCC","greenyellow","TMSB4X",0.737761657313128
"HCC","greenyellow","BASP1",0.724645781387939
"HCC","greenyellow","FGR",0.722702221811747
"HCC","greenyellow","VSIG4",0.721536924788024
"HCC","greenyellow","KLHL6",0.709249878840399
"HCC","greenyellow","HLA-DRB1",0.694188507304609
"HCC","greenyellow","CD38",0.692525972152075
"HCC","greenyellow","CIITA",0.686251573373185
"HCC","greenyellow","ADGRE5",0.685819640235519
"HCC","greenyellow","CD4",0.683718707945073
"HCC","greenyellow","FMNL3",0.675049103453428
"HCC","greenyellow","AKNA",0.665801262902881
"HCC","greenyellow","HLA-DQB2",0.657001985749191
"HCC","greenyellow","CHST11",0.646575979990891
"HCC","greenyellow","RNF135",0.644130072205836
"HCC","greenyellow","CSF3R",0.641368978135057
"HCC","greenyellow","CALHM2",0.635978021363626
"HCC","greenyellow","PFKP",0.634912287423364
"HCC","greenyellow","PLAU",0.633056968288564
"HCC","greenyellow","RELT",0.629701077162553
"HCC","greenyellow","SOCS3",0.626181530350875
"HCC","greenyellow","RASA3",0.624685797309862
"HCC","greenyellow","IRF1",0.624680325561666
"HCC","greenyellow","ETV6",0.615049496109363
"HCC","greenyellow","RASSF5",0.606967639513795
"HCC","greenyellow","SH3BGRL3",0.605922207729801
"HCC","greenyellow","NLRC5",0.604174921971749
"HCC","greenyellow","PLTP",0.600839920352061
"HCC","greenyellow","SEL1L3",0.599699397199296
"HCC","greenyellow","GGTA1",0.598287674365459
"HCC","greenyellow","HLA-DRB5",0.589548259860294
"HCC","greenyellow","HSPA7",0.58544422907224
"HCC","greenyellow","CD44",0.580311119684662
"HCC","greenyellow","MLKL",0.572498464075438
"HCC","greenyellow","CTSC",0.567291721196416
"HCC","greenyellow","FCGR2B",0.555460826867483
"HCC","greenyellow","OSBPL5",0.551479283920033
"HCC","greenyellow","CYRIA",0.540803070092405
"HCC","greenyellow","SLCO3A1",0.533745328141175
"HCC","greenyellow","F13A1",0.533432450708324
"HCC","greenyellow","RARRES1",0.527956591517485
"HCC","greenyellow","DUSP5",0.523369475024218
"HCC","greenyellow","CPVL",0.523131984576578
"HCC","greenyellow","NRP2",0.519898056818451
"HCC","greenyellow","HLA-DMA",0.519034045762557
"HCC","greenyellow","HDAC7",0.512269336750561
"HCC","greenyellow","DAB2",0.510060040512845
"HCC","greenyellow","ADCY7",0.504500937620733
"HCC","greenyellow","PIK3IP1",0.504436668758938
"HCC","greenyellow","SLC15A2",0.502986297734635
"HCC","greenyellow","LDHB",0.499998201703033
"HCC","greenyellow","PRKX",0.499240255098671
"HCC","greenyellow","TNXB",0.494700455683998
"HCC","greenyellow","PLBD1",0.487037761044279
"HCC","greenyellow","GRK5",0.484679832896784
"HCC","greenyellow","LGALS3",0.473282047287992
"HCC","greenyellow","RNF122",0.471437362759546
"HCC","greenyellow","SULF2",0.455652472238934
"HCC","greenyellow","PTK2B",0.446742838439937
"HCC","greenyellow","TOR4A",0.441924288836273
"HCC","greenyellow","MMP19",0.441370409261106
"HCC","greenyellow","EHD3",0.438225981410996
"HCC","greenyellow","PARM1",0.436492911890141
"HCC","greenyellow","DYNLT1",0.436401686167288
"HCC","greenyellow","ADAM8",0.431468243598651
"HCC","greenyellow","ALPK1",0.426117316594158
"HCC","greenyellow","TENT5C",0.413297234038816
"HCC","greenyellow","TMCO4",0.407200044473157
"HCC","greenyellow","LGALS3BP",0.405248113875963
"HCC","greenyellow","AFAP1",0.400389508583299
"HCC","greenyellow","CRACR2A",0.399777282978216
"HCC","greenyellow","CD1D",0.398590686031727
"HCC","greenyellow","HDGFL3",0.390547476381751
"HCC","greenyellow","HSPB8",0.386474953311015
"HCC","greenyellow","NABP1",0.384558707344129
"HCC","greenyellow","PIK3R3",0.382039854939845
"HCC","greenyellow","CD47",0.380711517609965
"HCC","greenyellow","GPRC5B",0.378770804846222
"HCC","greenyellow","C15orf39",0.3783236634365
"HCC","greenyellow","ATG16L2",0.378271493299067
"HCC","greenyellow","LYN",0.372029430461253
"HCC","greenyellow","MRC1",0.371820636556801
"HCC","greenyellow","MEAK7",0.365919684401048
"HCC","greenyellow","FIG4",0.358388719116282
"HCC","greenyellow","NLRP1",0.349018958294806
"HCC","greenyellow","FCHSD2",0.347100718102909
"HCC","greenyellow","ARHGEF1",0.340118042990094
"HCC","greenyellow","CXorf38",0.336368075598833
"HCC","greenyellow","ANKRD10",0.334183272069367
"HCC","greenyellow","SP140L",0.321350510655839
"HCC","greenyellow","TBC1D1",0.320522522355141
"HCC","greenyellow","MR1",0.318470670100462
"HCC","greenyellow","SLC1A3",0.316017587916171
"HCC","greenyellow","FABP5",0.310453195082039
"HCC","greenyellow","VPS37B",0.309685194434166
"HCC","greenyellow","CD163L1",0.30166232815833
"HCC","grey","FBXO31",-0.798052727238426
"HCC","grey","PKDCC",0.779914988249277
"HCC","grey","SEPTIN4",-0.756836585191952
"HCC","grey","UNC119",0.75631430493252
"HCC","grey","ITPR2",-0.752061328828872
"HCC","grey","NUBPL",-0.73441190326793
"HCC","grey","AMACR",-0.718024779769691
"HCC","grey","PLD1",0.703894478544435
"HCC","grey","ALDH1L1",-0.701647286967422
"HCC","grey","TUT7",-0.65216489688772
"HCC","grey","VSTM4",-0.650432911246652
"HCC","grey","HID1",0.641733674344736
"HCC","grey","NCALD",0.634335115464801
"HCC","grey","MARCHF3",0.633180895144747
"HCC","grey","TNIK",0.627930622428244
"HCC","grey","MGLL",0.616825821317972
"HCC","grey","SPINDOC",0.607630848646762
"HCC","grey","SUSD4",0.602556183474113
"HCC","grey","YPEL1",-0.602438474649538
"HCC","grey","NFIX",-0.598467182792881
"HCC","grey","ACSS1",0.596843639445011
"HCC","grey","KLC2",0.596679687427551
"HCC","grey","EIF4EBP2",-0.595026195689299
"HCC","grey","PPM1M",0.593434763813457
"HCC","grey","IL4R",0.592192060972756
"HCC","grey","ATP1A1",0.585798056704802
"HCC","grey","SH3BGRL2",-0.582947200109481
"HCC","grey","RAD54L2",-0.582462925173026
"HCC","grey","FAM110C",0.582338641189057
"HCC","grey","PDK3",0.579559189477413
"HCC","grey","NUDT22",0.578736450283051
"HCC","grey","CACNB1",0.577481275349318
"HCC","grey","SMARCD3",0.568304002510556
"HCC","grey","NMT2",-0.566806558975678
"HCC","grey","RHOBTB2",0.566511447649023
"HCC","grey","EBF4",0.56037051580457
"HCC","grey","GLIS2",0.558307411188885
"HCC","grey","DDR1",0.558019558982266
"HCC","grey","LPCAT4",0.553408991463353
"HCC","grey","AFMID",-0.552766183544438
"HCC","grey","FBLIM1",0.552227773963126
"HCC","grey","AKR1C1",-0.549728058175771
"HCC","grey","RGS19",0.549402163448527
"HCC","grey","BMP1",-0.548270102108545
"HCC","grey","CARD19",0.546104396583505
"HCC","grey","FURIN",0.543841293573017
"HCC","grey","TMEM245",-0.542658414530026
"HCC","grey","PEX11A",-0.541727320847993
"HCC","grey","EGLN3",0.539165781580869
"HCC","grey","PHKB",-0.538927427246232
"HCC","grey","DTX3",0.537661546899265
"HCC","grey","CASP4",0.535837778248472
"HCC","grey","SERPINH1",0.534172833456866
"HCC","grey","TCF7L1",0.532681495084884
"HCC","grey","SEMA4B",0.532351229350429
"HCC","grey","WDPCP",-0.531848673070953
"HCC","grey","RAB4A",-0.531717307862939
"HCC","grey","PCYOX1L",0.531245330792321
"HCC","grey","TSPAN15",0.531182658608459
"HCC","grey","PGRMC2",-0.529335987261425
"HCC","grey","IL15RA",0.529207091616772
"HCC","grey","IGSF3",0.528401068047216
"HCC","grey","CERCAM",0.527075047219075
"HCC","grey","APH1B",0.525039470598667
"HCC","grey","TIMP3",-0.522248018970166
"HCC","grey","TLR5",0.518589809880154
"HCC","grey","B3GNT5",0.518023239618808
"HCC","grey","RALGAPA2",0.517917306269652
"HCC","grey","TCEAL3",0.517292781706703
"HCC","grey","AIMP1",-0.516367646394563
"HCC","grey","HAUS4",-0.515847872131917
"HCC","grey","FAM241B",0.515724133826525
"HCC","grey","SLC20A2",-0.515015281171365
"HCC","grey","PLP2",0.514558751383277
"HCC","grey","LSR",0.514417449599366
"HCC","grey","VPS37C",0.514390448268138
"HCC","grey","IQSEC2",0.513374684935878
"HCC","grey","TENM2",-0.512914576663244
"HCC","grey","SPINT2",0.512903090563039
"HCC","grey","MCF2L",0.512805267634828
"HCC","grey","TLCD4",-0.510809178065179
"HCC","grey","SAMD4A",-0.509341474728442
"HCC","grey","GTF2E2",0.508435237317646
"HCC","grey","NAV2",0.506838023339584
"HCC","grey","TUBG2",0.505864702881769
"HCC","grey","MTA2",0.501817008824134
"HCC","grey","SYT7",0.501185140876014
"HCC","grey","FAHD1",-0.49903954336851
"HCC","grey","ZBTB7C",-0.498912010733855
"HCC","grey","RTL8A",0.494585794749104
"HCC","grey","GNPAT",-0.494522363609819
"HCC","grey","ITGA5",0.491403835158605
"HCC","grey","ITGA3",0.489917156521255
"HCC","grey","IP6K3",0.489831986845066
"HCC","grey","TNFAIP8L3",0.48900845959183
"HCC","grey","ZFHX3",-0.4829981911881
"HCC","grey","CXCL16",0.482868696294048
"HCC","grey","ZNF618",0.482434772979953
"HCC","grey","SOCS1",0.482248807459623
"HCC","grey","TNFRSF25",0.482108339060746
"HCC","grey","LIMK2",0.476250628225084
"HCC","grey","SFXN3",0.475902385482735
"HCC","grey","NRSN2",0.474291285014491
"HCC","grey","PLEKHA4",0.473400507930284
"HCC","grey","CDR2L",0.473373381685731
"HCC","grey","H19",0.472026628563525
"HCC","grey","OR7E14P",0.471269074210903
"HCC","grey","PLXNA1",0.469715097447452
"HCC","grey","SLC25A22",0.469435038418621
"HCC","grey","DMTN",0.467377712933225
"HCC","grey","TTC31",-0.465861330112137
"HCC","grey","MTMR4",-0.465858716752317
"HCC","grey","PDP2",-0.465254664513553
"HCC","grey","KCNMB3",0.464496926379746
"HCC","grey","SPOP",-0.462524161606147
"HCC","grey","RAB6B",0.462332895496905
"HCC","grey","SLC43A2",0.46164977405583
"HCC","grey","TMEM132A",0.46119546101537
"HCC","grey","OBSCN",0.460782903032162
"HCC","grey","TRAPPC4",0.459785959734612
"HCC","grey","UBAC1",0.459508832817779
"HCC","grey","CMYA5",0.458524572687283
"HCC","grey","PTGFRN",0.456997973724552
"HCC","grey","ARHGEF25",0.456200441423596
"HCC","grey","GALNT18",0.454024352159592
"HCC","grey","TGM2",0.453516388920799
"HCC","grey","ZC3H12A",0.453349893166813
"HCC","grey","SETBP1",0.453225994964984
"HCC","grey","BCL3",0.451544833647807
"HCC","grey","TCIRG1",0.451021404993833
"HCC","grey","TOR1AIP2",-0.450565353969555
"HCC","grey","CORO6",0.450468666327765
"HCC","grey","AKR1C2",-0.450321426301781
"HCC","grey","TSHZ2",-0.449839930558059
"HCC","grey","PLBD2",0.448904866465254
"HCC","grey","EFNB1",0.448266463082606
"HCC","grey","ODC1",0.44768451439352
"HCC","grey","TLCD3A",0.447563346860712
"HCC","grey","NIBAN2",0.446372348671581
"HCC","grey","KRABD3",0.445434051813647
"HCC","grey","SBNO2",0.445392164244385
"HCC","grey","KIAA0040",0.445267409862072
"HCC","grey","SEPTIN6",0.442926880050067
"HCC","grey","EPB41L1",0.441052583573991
"HCC","grey","STMN3",0.440982880167081
"HCC","grey","ANKS6",0.439209261583271
"HCC","grey","SUGT1",-0.438653676614157
"HCC","grey","SMAGP",0.438471485647448
"HCC","grey","CA14",-0.437882767549581
"HCC","grey","RCE1",0.436421211248008
"HCC","grey","PLIN1",-0.436062200975933
"HCC","grey","SPATA20",0.435021364390292
"HCC","grey","ANKRD13A",0.43453682948142
"HCC","grey","CTSL",0.432533439711278
"HCC","grey","SORCS2",0.432077674228893
"HCC","grey","RTL8C",0.431824916216032
"HCC","grey","SLC17A9",0.431617561048726
"HCC","grey","TMEM164",0.430637006272802
"HCC","grey","AKR1B1",0.430426395557259
"HCC","grey","MYO1D",0.42951691245592
"HCC","grey","SMOX",0.429462516924901
"HCC","grey","MGAT5",0.425785497827852
"HCC","grey","CAPN5",0.425523743739308
"HCC","grey","BAK1",0.425474672363386
"HCC","grey","PITPNM1",0.42499707101925
"HCC","grey","EPPK1",0.424666711016627
"HCC","grey","GNB5",0.424440784393802
"HCC","grey","EMP2",-0.424403082992107
"HCC","grey","TMEM138",0.424177361182021
"HCC","grey","QSOX1",0.423452851297634
"HCC","grey","DSEL",0.422979093578521
"HCC","grey","RTN4R",0.422348222726558
"HCC","grey","TDRD10",0.422217152878749
"HCC","grey","AJM1",0.421765385726928
"HCC","grey","NT5DC2",0.420527158013313
"HCC","grey","KLC4",-0.419271383711368
"HCC","grey","RBM38",0.419034570412069
"HCC","grey","UAP1L1",0.41723104078156
"HCC","grey","MAPKAPK3",0.41649605169143
"HCC","grey","SLC49A3",0.415371451827741
"HCC","grey","DIPK1B",0.414865592636071
"HCC","grey","BAIAP2L1",0.414802491902686
"HCC","grey","LRFN4",0.414199291496765
"HCC","grey","MCC",0.41404471527471
"HCC","grey","ABLIM1",-0.413239003638995
"HCC","grey","IGF2BP2",0.413027227635619
"HCC","grey","PLEKHH3",0.413001275149559
"HCC","grey","SYDE1",0.412958530166515
"HCC","grey","PPP1R10",-0.412111623233997
"HCC","grey","SUCLG1",0.41209767999444
"HCC","grey","SLC39A13",0.410720402795855
"HCC","grey","WDFY2",0.409743359155584
"HCC","grey","GPSM1",0.40821707651898
"HCC","grey","GATA6",0.405968767234858
"HCC","grey","INTS10",0.405432144339657
"HCC","grey","MADD",0.405294427926297
"HCC","grey","TLNRD1",0.405237236003446
"HCC","grey","NCS1",0.404555683267678
"HCC","grey","ECE1",0.400228223361463
"HCC","grey","PAFAH2",-0.399502782334839
"HCC","grey","DCAF15",0.398389377770782
"HCC","grey","LOXL4",0.39832780791907
"HCC","grey","DCUN1D2",0.39792008663677
"HCC","grey","NSMCE4A",-0.397061544702615
"HCC","grey","ABCC1",0.397054595598023
"HCC","grey","ZNF343",-0.396021344009469
"HCC","grey","AQP3",0.395007526181449
"HCC","grey","CCAR2",0.394984788120584
"HCC","grey","PPM1H",0.393436716978568
"HCC","grey","ALDH18A1",0.391838781246241
"HCC","grey","DORIP1",-0.390756598679115
"HCC","grey","TOR1A",0.390748044906035
"HCC","grey","SERPINB8",0.387284930142689
"HCC","grey","POR",-0.386401953490481
"HCC","grey","PLA2G2A",0.386020449803732
"HCC","grey","YKT6",0.384752611219668
"HCC","grey","TMED9",0.384634051338475
"HCC","grey","ABCC5",0.384546032000758
"HCC","grey","SMCO4",0.384309183751552
"HCC","grey","NEURL3",0.384239317937214
"HCC","grey","STXBP1",0.384002305125833
"HCC","grey","ABCG1",0.382205040570414
"HCC","grey","NIP7",-0.381479153179755
"HCC","grey","STX3",0.381045021538419
"HCC","grey","MARCKSL1",0.379938637098215
"HCC","grey","TAOK2",-0.379040756860638
"HCC","grey","DGKG",0.378747597177991
"HCC","grey","BEST1",0.378745827431922
"HCC","grey","PDE9A",0.378490056125025
"HCC","grey","OBSL1",0.375952238289435
"HCC","grey","OSMR",0.375862278939438
"HCC","grey","EIPR1",0.375698207346852
"HCC","grey","CBX6",0.373233808270366
"HCC","grey","CDKN1A",0.372372386332798
"HCC","grey","TLE5",0.372133180673273
"HCC","grey","SLC35C1",0.371493175089529
"HCC","grey","PGAP4",0.37083020336271
"HCC","grey","PCBP4",0.370734713340463
"HCC","grey","CDA",0.370685474712901
"HCC","grey","ARF3",0.370607073987344
"HCC","grey","TCEAL8",0.370437992021319
"HCC","grey","IRS2",-0.369783216860869
"HCC","grey","ITPKC",0.36909104536834
"HCC","grey","CHST7",0.367846887434304
"HCC","grey","CLCF1",0.367161263659671
"HCC","grey","ART4",0.366853480605641
"HCC","grey","ADAM15",0.366848356771135
"HCC","grey","DCAF8",-0.366542041041256
"HCC","grey","LIMCH1",0.366396393514913
"HCC","grey","ALS2CL",0.366232454735381
"HCC","grey","CMIP",-0.366000980550922
"HCC","grey","PNKD",0.365822101864211
"HCC","grey","ADGRD1",0.36550558457783
"HCC","grey","ADCY5",0.365466474737518
"HCC","grey","GMPPB",0.36507382786651
"HCC","grey","COG7",-0.364330681992707
"HCC","grey","PLEKHA6",0.363824338649266
"HCC","grey","CLN8",0.362973715779105
"HCC","grey","EXT1",0.362762066864605
"HCC","grey","PLEKHA2",0.362222724795697
"HCC","grey","TMEM185A",0.360259847429915
"HCC","grey","DNAJC16",-0.360239737937762
"HCC","grey","TESC",0.359912296570856
"HCC","grey","LRRFIP2",0.359855124445056
"HCC","grey","CACNB3",0.358969550937078
"HCC","grey","FADS2",0.358765703548992
"HCC","grey","SEPTIN9",0.358588756487692
"HCC","grey","RAB11FIP5",0.356600871016356
"HCC","grey","FBXO17",0.355768060737504
"HCC","grey","MTMR10",-0.35566700439227
"HCC","grey","COA7",-0.354645309371314
"HCC","grey","GPR88",0.353519529927225
"HCC","grey","KDM5A",-0.352452432345588
"HCC","grey","C5orf63",0.351406157973023
"HCC","grey","BFAR",-0.351103041968519
"HCC","grey","COQ5",-0.348338037424712
"HCC","grey","KLHL3",0.347462017646721
"HCC","grey","CCND1",-0.346089524730625
"HCC","grey","MAGED1",0.345558960604946
"HCC","grey","RBM48",-0.345084333294454
"HCC","grey","MINDY1",-0.344964972571548
"HCC","grey","OSBPL2",0.344943970001132
"HCC","grey","TMEM268",-0.343727491704848
"HCC","grey","ZNF496",0.343428599971056
"HCC","grey","MFGE8",0.343249979990123
"HCC","grey","DGCR8",0.343121392930662
"HCC","grey","TIMCC",0.342359448022484
"HCC","grey","MAP7D3",0.342014807337772
"HCC","grey","SPTBN1",-0.341260567456125
"HCC","grey","CPM",0.340757462129861
"HCC","grey","PLCE1",0.339617554496919
"HCC","grey","CAV2",0.339235941829924
"HCC","grey","MYCBP",0.338462222061034
"HCC","grey","P3H1",0.337820417853894
"HCC","grey","ANO5",0.337566625646412
"HCC","grey","SLC36A4",0.336675009348268
"HCC","grey","COQ2",0.336673281872772
"HCC","grey","CDK16",0.336432736997198
"HCC","grey","A2M",0.335738402525392
"HCC","grey","CDH6",0.332181527276702
"HCC","grey","ALDH1A2",0.332027461724878
"HCC","grey","SLC10A3",0.331505748005446
"HCC","grey","TRIP10",0.330934986047922
"HCC","grey","RPN1",0.3308314399869
"HCC","grey","PHLDA2",0.330467869186874
"HCC","grey","PHETA2",0.330381044392977
"HCC","grey","FBXO7",-0.329592144847376
"HCC","grey","LEPROTL1",0.329063755334417
"HCC","grey","GRAMD4",0.328887728985409
"HCC","grey","HSPA12A",0.327326636074371
"HCC","grey","RNF157",0.326853543272925
"HCC","grey","SLC22A17",0.325953051864708
"HCC","grey","LINC01128",-0.325779557641245
"HCC","grey","MSH3",-0.325137916876556
"HCC","grey","FGFR1",0.324021659066042
"HCC","grey","CADM4",0.323691427874486
"HCC","grey","LINC00921",-0.323626044737577
"HCC","grey","ITGB5",0.322219479575337
"HCC","grey","LRRC1",0.32207332881985
"HCC","grey","BET1L",0.321778289208125
"HCC","grey","SREBF1",0.32175115786113
"HCC","grey","ADGRL1",0.321401718339282
"HCC","grey","PRPSAP1",-0.320750092037982
"HCC","grey","RALGPS1",0.319913534238888
"HCC","grey","STARD8",0.319443247161688
"HCC","grey","GOLM1",0.319362602999321
"HCC","grey","SNTB1",-0.319114558739315
"HCC","grey","OGFOD1",-0.318735725474028
"HCC","grey","SYNGAP1",0.318637694799905
"HCC","grey","PRDM11",0.317576290285558
"HCC","grey","GATAD2A",0.316066211554252
"HCC","grey","AFF3",0.315740033244439
"HCC","grey","SMU1",-0.315398250316161
"HCC","grey","TRIM47",0.314619295733276
"HCC","grey","DOCK5",0.314325093275161
"HCC","grey","FAM120A",-0.311387902368084
"HCC","grey","LINC00174",-0.310165349803747
"HCC","grey","IGFBP2",-0.309946550379386
"HCC","grey","PORCN",0.309556481197524
"HCC","grey","RAD51D",0.309540000174673
"HCC","grey","RHOU",-0.30850920826272
"HCC","grey","XRCC1",0.308273141351382
"HCC","grey","FZD8",0.308176436199142
"HCC","grey","EEPD1",0.30812850154556
"HCC","grey","MRPL45",-0.308106246818458
"HCC","grey","MARF1",-0.307881428742987
"HCC","grey","IGF2",0.307649434858682
"HCC","grey","CARS1",0.30751546356827
"HCC","grey","ZNF160",0.306979635933181
"HCC","grey","CYSTM1",0.306762484214762
"HCC","grey","PSMF1",-0.306574616518759
"HCC","grey","STAT6",-0.306191667603763
"HCC","grey","KLHL31",-0.306085021209508
"HCC","grey","CCDC102A",0.305840911682356
"HCC","grey","GTF3C6",0.305825370446943
"HCC","grey","FBXW10",-0.305673773855851
"HCC","grey","DUSP9",0.305055535185151
"HCC","grey","OSBPL6",0.304801553389727
"HCC","grey","TBL1X",-0.304629479202915
"HCC","grey","C1QL1",0.304180901794579
"HCC","grey","TMEM18",0.303776121789542
"HCC","grey","CELSR2",0.303253861073927
"HCC","grey","AMPD2",-0.30307214327221
"HCC","grey","STIP1",0.303022980909002
"HCC","grey","GCNT2",-0.302990793994267
"HCC","grey","TMEM92",0.301414978185386
"HCC","grey","TRIM8",-0.30109135124234
"HCC","grey","TMEM143",-0.300309930696469
"HCC","grey","SAAL1",0.300164789345674
"HCC","grey","CHADL",-0.300005992893253
"HCC","grey","TPCN2",0.299726920990458
"HCC","grey","SRI",0.299173259870629
"HCC","grey","ANGEL1",0.297936201924353
"HCC","grey","ZC3H18",-0.297257130164628
"HCC","grey","OXER1",0.29698121776862
"HCC","grey","POLR3B",0.296599184950925
"HCC","grey","SELENOS",0.296101050787673
"HCC","grey","APOB",-0.295462525231804
"HCC","grey","SUCO",-0.295370198617043
"HCC","grey","GIGYF2",-0.294781755148024
"HCC","grey","WDR31",-0.294493468272985
"HCC","grey","MMP11",0.294188451284848
"HCC","grey","FBXO33",-0.293756190221858
"HCC","grey","DEGS1",0.293322096695655
"HCC","grey","SERPINE1",0.290794688886177
"HCC","grey","ZNF398",-0.290652555056705
"HCC","grey","EXT2",0.289300575933053
"HCC","grey","TRMT9B",0.289052014625714
"HCC","grey","SBF1",0.288795116445729
"HCC","grey","AUTS2",0.288308814510325
"HCC","grey","DHCR7",0.287844550721544
"HCC","grey","PBX1",0.287166597660925
"HCC","grey","FOXK1",0.286913258421007
"HCC","grey","KIZ",-0.286752602685431
"HCC","grey","SPTLC3",0.28574159010258
"HCC","grey","CRELD2",0.285293274998161
"HCC","grey","PPP1R9A",0.284009783817896
"HCC","grey","AOPEP",0.283956885405902
"HCC","grey","NECTIN1",0.28395095702666
"HCC","grey","CEP68",-0.283403686872014
"HCC","grey","FAM177A1",-0.282322504292486
"HCC","grey","FADS3",0.281981222014202
"HCC","grey","TICAM1",0.281896683883249
"HCC","grey","CHAC1",0.281622023910504
"HCC","grey","AK4",-0.28092993225346
"HCC","grey","VIRMA",-0.279691583989276
"HCC","grey","EFNA1",0.279444679612191
"HCC","grey","POLR3D",0.279311951542294
"HCC","grey","CTSH",0.279161125280722
"HCC","grey","DPP3",0.278901349628448
"HCC","grey","IRF6",-0.278894610524976
"HCC","grey","GOT1",0.278574609637908
"HCC","grey","AEN",-0.27754795101114
"HCC","grey","KMT5C",0.276896839865564
"HCC","grey","ZNF83",0.275828507718434
"HCC","grey","NDRG1",0.275828446557789
"HCC","grey","CRCP",0.2753736108167
"HCC","grey","ZNF346",0.27516680203614
"HCC","grey","RASD1",0.27403156234462
"HCC","grey","RABGEF1",0.273906596808465
"HCC","grey","AP2B1",-0.273889155427617
"HCC","grey","RAB20",0.273449278009059
"HCC","grey","SLC29A4",0.272934922225546
"HCC","grey","PLCD1",0.272859700187003
"HCC","grey","ILDR2",0.272562137078923
"HCC","grey","RHBDF1",0.272202657892485
"HCC","grey","NACC1",0.27189316895129
"HCC","grey","B4GALT1",0.271027384123696
"HCC","grey","KIAA0232",-0.270792879890446
"HCC","grey","BCL7B",0.269394211244674
"HCC","grey","ENTPD2",0.267569029156752
"HCC","grey","STPG1",0.266016161187133
"HCC","grey","ZNF689",-0.265836467469335
"HCC","grey","TNFRSF21",0.265543690646578
"HCC","grey","RAB40B",-0.265388012178439
"HCC","grey","PCSK5",0.265215145914691
"HCC","grey","ENGASE",-0.264441944388234
"HCC","grey","GAK",0.263742300632048
"HCC","grey","DOK4",0.263622016372568
"HCC","grey","TMEM67",-0.263604989260642
"HCC","grey","OSBP2",0.263433073668155
"HCC","grey","ALPK3",0.263218420029215
"HCC","grey","PPP1R15A",0.262924173917511
"HCC","grey","PARP6",-0.262375884003306
"HCC","grey","DNM2",0.261522553132685
"HCC","grey","PRICKLE2",0.261324931424582
"HCC","grey","ACE2",-0.261020075735998
"HCC","grey","ORMDL3",-0.260941024595677
"HCC","grey","TPCN1",0.260783432768537
"HCC","grey","PRKACA",0.260783348929481
"HCC","grey","SORT1",0.260503609249851
"HCC","grey","SSRP1",0.259597399596422
"HCC","grey","PLOD3",0.259147648746298
"HCC","grey","CFAP263",-0.259116921121034
"HCC","grey","USP9Y",0.258001006989561
"HCC","grey","SLC25A33",-0.257661887303431
"HCC","grey","NINJ2",0.256566634293651
"HCC","grey","CSDE1",-0.256449615708216
"HCC","grey","MCTP1",0.256444127752644
"HCC","grey","ULK1",0.256016032107468
"HCC","grey","MAP1S",0.255815095913093
"HCC","grey","ZNF467",0.255687912899909
"HCC","grey","CYP7B1",-0.255185901079266
"HCC","grey","DRC9",-0.255086985058482
"HCC","grey","FGFRL1",-0.254912416938471
"HCC","grey","SLC30A4",0.25366995381656
"HCC","grey","PHGDH",0.253110162912352
"HCC","grey","RTN3",0.253067189241471
"HCC","grey","RNPEP",-0.252848145245422
"HCC","grey","ADSS1",0.252078901029178
"HCC","grey","ALCAM",-0.25195685302652
"HCC","grey","PCIF1",0.251612031513906
"HCC","grey","MAP3K12",0.251607358685663
"HCC","grey","TTLL11",-0.251549684012708
"HCC","grey","SLC44A1",0.250504917053427
"HCC","grey","NFKB2",0.250289456696443
"HCC","grey","HMCN2",0.249998739268017
"HCC","grey","MORN4",-0.24976688554406
"HCC","grey","GDE1",-0.249362044162155
"HCC","grey","DGKE",0.249351252488961
"HCC","grey","POFUT3",0.249149912566025
"HCC","grey","VSNL1",-0.249121553264991
"HCC","grey","MAP3K10",0.248192177911889
"HCC","grey","ALG14",-0.247919400668183
"HCC","grey","HSPA5",0.247826246603415
"HCC","grey","ZNF641",0.247823276749006
"HCC","grey","PKN3",0.247170452876324
"HCC","grey","ARL10",0.247159957393916
"HCC","grey","EIF5A2",0.24713570476591
"HCC","grey","CACNA1H",0.247041598259154
"HCC","grey","RIGI",-0.246418241788056
"HCC","grey","BCAT1",0.246141652226285
"HCC","grey","NLGN2",0.24608668594554
"HCC","grey","UTP15",-0.245963789714338
"HCC","grey","CYB5R3",0.245617010687473
"HCC","grey","LRPAP1",0.245582915203868
"HCC","grey","SLC9A7",0.245328059726111
"HCC","grey","CCDC9",0.245109428826386
"HCC","grey","GADD45B",0.245030603070646
"HCC","grey","TACC2",-0.244200693013264
"HCC","grey","CAMK2N1",-0.244154735706898
"HCC","grey","ZNF71",0.244107771714679
"HCC","grey","PPT2",0.243007151600496
"HCC","grey","PTPRU",0.242317990616454
"HCC","grey","GPC6",0.242200627865521
"HCC","grey","SUMF1",-0.242196045612582
"HCC","grey","MKNK1",0.240238239367045
"HCC","grey","RAB3A",0.24003477918431
"HCC","grey","LINC01011",0.239829253508389
"HCC","grey","C9orf85",-0.239679371377735
"HCC","grey","NEMP2",0.239662556232393
"HCC","grey","MTRES1",0.239459400785406
"HCC","grey","ARHGAP26",-0.239303704101824
"HCC","grey","RHBDD1",-0.23904454490593
"HCC","grey","MTSS2",-0.23900020910968
"HCC","grey","CHST9",0.238405331588012
"HCC","grey","ABCA3",0.237919238927988
"HCC","grey","ZDHHC1",0.237293208998694
"HCC","grey","GRK4",0.236953121883088
"HCC","grey","GMPR",0.236610439233312
"HCC","grey","FIGN",0.236478471440511
"HCC","grey","MZF1",0.235414969573507
"HCC","grey","FUT1",0.235187880658363
"HCC","grey","CRY2",-0.235161748273692
"HCC","grey","KYAT1",0.235141886110139
"HCC","grey","PPP1R13B",0.234278158687019
"HCC","grey","SVIP",0.234217514439275
"HCC","grey","ZNF141",0.233939663701337
"HCC","grey","BCAM",0.233918715573148
"HCC","grey","CYTH2",0.233430952019475
"HCC","grey","SCAMP1",-0.232844053237428
"HCC","grey","ARID3A",0.232618969865638
"HCC","grey","SH3RF3",-0.232131206311195
"HCC","grey","DKK3",-0.231304216468122
"HCC","grey","LITAF",-0.230292438679102
"HCC","grey","CXCL2",0.22986645136193
"HCC","grey","CLPTM1L",0.22964619855594
"HCC","grey","TMEM186",-0.22963901466168
"HCC","grey","MYH14",-0.229611056042061
"HCC","grey","TRAK2",0.229450273816583
"HCC","grey","SMPX",-0.229087772004287
"HCC","grey","TGIF2",0.228880769124549
"HCC","grey","LAD1",0.228819481404468
"HCC","grey","ARL4D",0.22864550623752
"HCC","grey","LTO1",0.228274271892654
"HCC","grey","PPT1",0.227319771040273
"HCC","grey","ZNF662",0.227250533423068
"HCC","grey","AQP7",-0.22712852454423
"HCC","grey","INHBA",-0.227071439856278
"HCC","grey","SIRAL2",0.226962621325373
"HCC","grey","DNALI1",-0.226350284410358
"HCC","grey","UBA1",0.226264174269875
"HCC","grey","SLC2A9",0.226065104466848
"HCC","grey","SPSB1",0.225801683375433
"HCC","grey","EP400",0.225159985643116
"HCC","grey","TLCD2",0.223904952810632
"HCC","grey","MIER2",0.223618488681842
"HCC","grey","CYB561D1",0.223080784441056
"HCC","grey","WDR1",0.222471638672179
"HCC","grey","TMEM97",0.222450857021024
"HCC","grey","APEX2",0.222314583888118
"HCC","grey","CSNK2A2",-0.221184593545557
"HCC","grey","TCHP",0.220811917895007
"HCC","grey","TP53INP2",0.220382478521038
"HCC","grey","SGCB",0.220227963069296
"HCC","grey","PGBD5",0.219964792325945
"HCC","grey","CORO1B",0.219728078154412
"HCC","grey","HNRNPUL1",0.219614086876407
"HCC","grey","MIGA2",0.219362708629673
"HCC","grey","CUL5",-0.219081213805126
"HCC","grey","PLA2G4C",-0.219042045961501
"HCC","grey","PRKCE",0.218736426581508
"HCC","grey","SEPHS1",0.218483807489495
"HCC","grey","NAV3",0.217794738235714
"HCC","grey","SYNE3",0.217744508401419
"HCC","grey","FTSJ1",0.217694556694101
"HCC","grey","LIPE",0.217636867264816
"HCC","grey","SIPA1L2",0.217548649894626
"HCC","grey","TLK2",-0.217352363302328
"HCC","grey","ACTR1B",0.216988216619008
"HCC","grey","EIF1AY",0.216864097144632
"HCC","grey","TSPYL2",0.216664693497533
"HCC","grey","PWP1",-0.216649744611636
"HCC","grey","CHIC1",0.21634432566538
"HCC","grey","FAM120C",-0.216324588519064
"HCC","grey","TRIP6",0.216044947952188
"HCC","grey","CCDC40",-0.215054045410319
"HCC","grey","CARNS1",0.214166146165233
"HCC","grey","MTND2P28",-0.213865834435863
"HCC","grey","RAPH1",0.213757137401675
"HCC","grey","LARGE1",0.213504192649155
"HCC","grey","USP11",0.21343998391309
"HCC","grey","IPO8",-0.212752890094371
"HCC","grey","EPS15L1",0.2127024464564
"HCC","grey","FLVCR2",-0.212316085844166
"HCC","grey","GNAL",-0.21166516744285
"HCC","grey","ABLIM3",0.211087909673364
"HCC","grey","CFAP68",-0.210913400949976
"HCC","grey","LSM5",-0.210832855369319
"HCC","grey","PI4K2A",0.210362518089482
"HCC","grey","ME3",0.210200868667061
"HCC","grey","GBP2",0.209891169942927
"HCC","grey","GEN1",0.209186402684566
"HCC","grey","NFIB",-0.208931436250651
"HCC","grey","RABEP1",-0.208853004880789
"HCC","grey","DPAGT1",0.208563667831955
"HCC","grey","RBM4",0.208057666658505
"HCC","grey","DEGS2",0.207798338264615
"HCC","grey","PAIP2B",0.207736757636562
"HCC","grey","SETD4",0.20749876464647
"HCC","grey","ANKRD29",-0.207263246733601
"HCC","grey","STOX2",-0.207138485279599
"HCC","grey","N4BP1",-0.206911043053588
"HCC","grey","ATF5",0.206772170299538
"HCC","grey","MICA",-0.206615044878578
"HCC","grey","SLC33A1",-0.206543638252976
"HCC","grey","SKIDA1",-0.206254341818636
"HCC","grey","STARD9",0.206135053138151
"HCC","grey","SLC46A1",-0.205423563996465
"HCC","grey","TTL",-0.205272058319364
"HCC","grey","ZNF212",-0.205214839268249
"HCC","grey","LINC01963",0.204917776195525
"HCC","grey","ZNF682",0.203641570502681
"HCC","grey","PDGFA",0.203596815136973
"HCC","grey","ANAPC4",0.203596639978625
"HCC","grey","TPT1",-0.203579088754362
"HCC","grey","CDC16",0.202570650714361
"HCC","grey","SAFB2",0.202440646873741
"HCC","grey","DNMBP",-0.202248295589275
"HCC","grey","DLG4",0.201974794384104
"HCC","grey","AKIP1",0.201626817544089
"HCC","grey","USP48",0.201048110777259
"HCC","grey","MKS1",-0.200917577414713
"HCC","grey","FAM98C",0.200634233970899
"HCC","grey","MTHFD2L",0.200615765175132
"HCC","grey","MYO7A",0.199833013126753
"HCC","grey","BIRC3",0.199394576290562
"HCC","grey","CD99L2",0.199027795436548
"HCC","grey","ARSK",-0.198613372768575
"HCC","grey","SCUBE1",-0.197903544379011
"HCC","grey","FNDC3B",0.197844898691264
"HCC","grey","SF3B2",0.197593943616708
"HCC","grey","GPAT2",0.197526655909243
"HCC","grey","TMEM129",0.197205951687508
"HCC","grey","NYNRIN",0.196793520265947
"HCC","grey","SNIP1",-0.196437375649957
"HCC","grey","NLRX1",0.196429560011935
"HCC","grey","HAUS5",0.195945974707941
"HCC","grey","SLC6A8",0.195054277954083
"HCC","grey","PRAG1",-0.194660925183839
"HCC","grey","ABHD17C",0.194379763463236
"HCC","grey","AP4M1",0.193452441057727
"HCC","grey","STK38",-0.193316016235306
"HCC","grey","FHIT",0.193190127809777
"HCC","grey","HEY1",0.193089214290815
"HCC","grey","RGL3",0.192887906579401
"HCC","grey","RPN2",0.192838041091266
"HCC","grey","VWA5A",0.192814912524441
"HCC","grey","LZIC",-0.192734192565833
"HCC","grey","RPS4Y1",0.192510118308063
"HCC","grey","BCORL1",0.192398155741633
"HCC","grey","SLC16A10",-0.19203746255429
"HCC","grey","UTP4",-0.191877688108406
"HCC","grey","IK",-0.191872053224224
"HCC","grey","FAM110B",-0.191462557678366
"HCC","grey","COL9A3",0.191280095064916
"HCC","grey","IKBKB",0.190552248149731
"HCC","grey","GTF2H5",-0.190538313644586
"HCC","grey","MLPH",-0.190522158161093
"HCC","grey","ERBB2",0.190514486679396
"HCC","grey","ZFYVE27",0.190366468709674
"HCC","grey","SPHK2",0.190330904676459
"HCC","grey","ZNF57",0.190109286458756
"HCC","grey","AKAP8L",0.189662976571664
"HCC","grey","TGFBRAP1",0.189525812441465
"HCC","grey","DDX3Y",0.189106901993493
"HCC","grey","PKP4",0.189101307754838
"HCC","grey","TNFSF10",0.188996095170764
"HCC","grey","CDK11A",0.188986732329905
"HCC","grey","RPUSD4",-0.188408301680982
"HCC","grey","ZNF790",-0.18834043045194
"HCC","grey","NOL4L",0.188288383067003
"HCC","grey","SLC44A3",0.188236222940736
"HCC","grey","C5orf15",-0.187115574116495
"HCC","grey","ABCA9",-0.187008394410238
"HCC","grey","LIME1",0.186658540311363
"HCC","grey","GSPT2",0.186091839297544
"HCC","grey","DMPK",0.185977838221465
"HCC","grey","TTC3",0.18592810212941
"HCC","grey","ZNF341",0.185668570181588
"HCC","grey","WNT2B",0.185628657892095
"HCC","grey","LINC00665",0.184163464644653
"HCC","grey","POLDIP2",-0.184135722755774
"HCC","grey","GARNL3",0.184067407511746
"HCC","grey","PRODH",0.183847955228324
"HCC","grey","RFTN1",0.183126036510688
"HCC","grey","ZDHHC18",0.183008385364105
"HCC","grey","MYO15B",0.182927227174245
"HCC","grey","KCNJ4",0.181843299299523
"HCC","grey","IL11RA",-0.181732094159175
"HCC","grey","ERGIC1",0.181640406385847
"HCC","grey","AGER",0.181287875145645
"HCC","grey","PPP1R13L",0.180908542725182
"HCC","grey","PPP6R3",0.180798899614255
"HCC","grey","KDM5D",0.180612505457135
"HCC","grey","VAPB",0.18035072044405
"HCC","grey","EXTL3",0.179466509073302
"HCC","grey","RNF216",0.17933717004283
"HCC","grey","WIZ",0.179303803459341
"HCC","grey","NETO2",0.178928481205037
"HCC","grey","ATG2A",0.178830859135343
"HCC","grey","MKRN1",-0.178540575652353
"HCC","grey","SERPINA3",0.17841184082331
"HCC","grey","RNF115",0.178290136955666
"HCC","grey","RAP1GAP2",0.17807990916818
"HCC","grey","WDR77",0.17772706485974
"HCC","grey","HIKESHI",-0.177103024070997
"HCC","grey","VPS33B",0.176912438564877
"HCC","grey","PCP4L1",0.176146927188396
"HCC","grey","DENND10",-0.175669583156951
"HCC","grey","SPX",-0.175365637368927
"HCC","grey","RDH11",-0.175121108028444
"HCC","grey","PAQR8",0.175008329459378
"HCC","grey","UTY",0.174953123923933
"HCC","grey","ABLIM2",0.174885076969088
"HCC","grey","MEG3",0.174422847146023
"HCC","grey","RBKS",-0.17414275358344
"HCC","grey","NR1D1",-0.17408068037834
"HCC","grey","DYNC1LI1",0.173393850613651
"HCC","grey","OSGEP",0.172893021453003
"HCC","grey","HIVEP2",-0.172671304910625
"HCC","grey","TMEM98",0.172091583805346
"HCC","grey","NOP58",-0.172070269556642
"HCC","grey","VCF2",0.172013929680328
"HCC","grey","CRIP3",0.171920092163091
"HCC","grey","CACNB2",0.171742434529956
"HCC","grey","SRGAP2",0.171380957479777
"HCC","grey","PRTFDC1",0.171083795666432
"HCC","grey","EDEM2",0.170963766069852
"HCC","grey","MTRFR",0.170701864942647
"HCC","grey","LONRF3",-0.170388931826087
"HCC","grey","CLK3",0.170142388138045
"HCC","grey","FBXO32",-0.169655114524445
"HCC","grey","GLA",0.169295643634594
"HCC","grey","PGAM5",0.16812345603135
"HCC","grey","NEDD9",-0.167454107195794
"HCC","grey","ZPR1",-0.167418881136108
"HCC","grey","TNNI1",0.166975451864522
"HCC","grey","SNX29",-0.166829985052017
"HCC","grey","MTARC1",0.166398983443148
"HCC","grey","EHD4",0.166153496738946
"HCC","grey","TGFBI",-0.166124568799262
"HCC","grey","MED17",-0.166031825101709
"HCC","grey","ELMOD3",0.165902484127063
"HCC","grey","GSR",0.165230030532463
"HCC","grey","CRYZL1",-0.16491555729488
"HCC","grey","BACE1",-0.164083161163859
"HCC","grey","CTDP1",0.163459004338193
"HCC","grey","SLC67A2",-0.163287995006869
"HCC","grey","SOX6",0.163035182494962
"HCC","grey","ZNF418",0.16273132956203
"HCC","grey","RARS1",-0.162493408615393
"HCC","grey","RHOA",-0.16225785948118
"HCC","grey","RARS2",-0.161265745374822
"HCC","grey","DNTTIP2",-0.161094997955992
"HCC","grey","FAM50B",0.160653431798405
"HCC","grey","PCM1",0.160534680173188
"HCC","grey","FKRP",0.160524328546634
"HCC","grey","DNM1",0.160472345074243
"HCC","grey","GOLPH3L",-0.160454146571913
"HCC","grey","TRIM35",0.160252100159967
"HCC","grey","SCD",-0.16008719046797
"HCC","grey","TMEM220",-0.159775689138329
"HCC","grey","URB1",-0.159391691366015
"HCC","grey","RASGRF2",0.159293993707735
"HCC","grey","MAPK8IP3",0.159208922940594
"HCC","grey","PDE4D",0.159118983793675
"HCC","grey","UBN1",-0.158796746504932
"HCC","grey","BRICD5",0.158435644033355
"HCC","grey","ANKRD42",-0.157829356992688
"HCC","grey","PTP4A2",0.157732510332178
"HCC","grey","SYAP1",-0.157520492622641
"HCC","grey","SMAP2",-0.157400816484668
"HCC","grey","DXO",0.157189925987294
"HCC","grey","ASIC3",-0.15711564560213
"HCC","grey","ANXA2",0.15630382156178
"HCC","grey","DSTN",0.156191414511254
"HCC","grey","ZNF132",0.155674605286515
"HCC","grey","FLYWCH2",0.155625936283403
"HCC","grey","ANKH",0.155490690608483
"HCC","grey","MRAS",-0.154596935222803
"HCC","grey","NDOR1",0.154539103656212
"HCC","grey","TDRP",0.154187178603233
"HCC","grey","COL27A1",0.154080857100829
"HCC","grey","HDAC4",-0.153912753536826
"HCC","grey","CABLES1",-0.153468739239346
"HCC","grey","LUC7L",-0.153397550520687
"HCC","grey","ZNF362",-0.153320643996609
"HCC","grey","STYX",-0.15238719067661
"HCC","grey","TEX261",0.152132306544112
"HCC","grey","XBP1",0.152003055630063
"HCC","grey","TAPT1-AS1",-0.151779986401618
"HCC","grey","ING1",-0.151695983950197
"HCC","grey","TRIM25",-0.151613239611136
"HCC","grey","ZNF84",-0.150888095488388
"HCC","grey","PURB",-0.15084337549828
"HCC","grey","MLLT6",-0.150766371268235
"HCC","grey","ZNF671",0.150353444672862
"HCC","grey","ZNF487",-0.150331041623675
"HCC","grey","ZNF780A",0.149914855233368
"HCC","grey","UBE2E2",0.149446266748156
"HCC","grey","DAB1",0.149342960806665
"HCC","grey","NAA50",-0.14913000966674
"HCC","grey","UBA7",0.149120515516075
"HCC","grey","H6PD",-0.148964275806997
"HCC","grey","UTP18",-0.148451208918117
"HCC","grey","ARMC2",0.147993522230491
"HCC","grey","SP110",-0.14738477739758
"HCC","grey","SPCS3",-0.146589130697779
"HCC","grey","PTTG1IP",0.145786260815509
"HCC","grey","MKNK2",-0.145688076270094
"HCC","grey","AGT",0.145468350819934
"HCC","grey","CTTN",0.145410098845043
"HCC","grey","FBXO27",0.14529198850003
"HCC","grey","GRAMD1B",0.145240912445531
"HCC","grey","POLD4",0.144975948194203
"HCC","grey","CHKA",-0.144580119609384
"HCC","grey","ATP5PF",0.1445012999913
"HCC","grey","STAT3",0.144153919305857
"HCC","grey","FOXJ2",-0.144058585354284
"HCC","grey","XRCC5",0.143926261475082
"HCC","grey","ATP6V1C1",-0.143801733999156
"HCC","grey","SDC4",0.143537031533971
"HCC","grey","KCND3",-0.143319633001229
"HCC","grey","MAGI1",-0.143189091551291
"HCC","grey","MAP4K2",0.143026287858153
"HCC","grey","ZNF773",0.14272259733316
"HCC","grey","MARK4",0.141861453532696
"HCC","grey","CDON",-0.141671931776882
"HCC","grey","VPS39",0.141420627135765
"HCC","grey","NRBP1",-0.140531370330479
"HCC","grey","LSG1",0.140317259805481
"HCC","grey","ADAT2",0.140250969395869
"HCC","grey","AZIN2",0.139823113885353
"HCC","grey","TBC1D20",-0.139608604774309
"HCC","grey","SMARCE1",-0.139165306862416
"HCC","grey","TRIM45",0.139116604832407
"HCC","grey","SLC7A5",0.139092160977186
"HCC","grey","CA11",0.139044683021441
"HCC","grey","GTPBP3",0.138945351970475
"HCC","grey","FOXC1",0.138525291748613
"HCC","grey","NAT10",0.138153221194595
"HCC","grey","CCDC7",0.138128937242364
"HCC","grey","PTPN3",0.138063910609428
"HCC","grey","EEF1AKMT3",0.1380043772577
"HCC","grey","AFAP1L1",0.13789468023061
"HCC","grey","STOM",0.137809379136514
"HCC","grey","TTC7A",0.137808905054726
"HCC","grey","WDR43",-0.13773591800186
"HCC","grey","ICA1",0.137179412618599
"HCC","grey","MRPS31",-0.137107383717933
"HCC","grey","GNS",-0.137066766662662
"HCC","grey","AURKC",0.136496673337245
"HCC","grey","SNAPC5",0.136451836860188
"HCC","grey","SMIM20",0.136101310879133
"HCC","grey","ZNF284",-0.136052410406046
"HCC","grey","AGPAT3",-0.136035026107563
"HCC","grey","INVS",0.135640633571509
"HCC","grey","TRIM16",-0.135509626493445
"HCC","grey","HLCS",0.134857348876083
"HCC","grey","AKAP1",-0.134804979428655
"HCC","grey","STIM2",0.134767769617179
"HCC","grey","PITRM1",0.134504514856672
"HCC","grey","CUEDC1",0.134468736114245
"HCC","grey","YBX2",0.133953574639682
"HCC","grey","VMP1",0.133885295579629
"HCC","grey","PPP1R3E",-0.133449550067021
"HCC","grey","IQCE",0.133177006302122
"HCC","grey","RRP1B",-0.133106689996762
"HCC","grey","AXIN1",0.132790622783181
"HCC","grey","ZNF528",-0.132663966465617
"HCC","grey","MRPL34",0.132484806936462
"HCC","grey","PPA2",-0.132283695692403
"HCC","grey","CCDC17",-0.1321781529105
"HCC","grey","VPS8",0.132112889832669
"HCC","grey","ZNF324B",-0.132035912982216
"HCC","grey","FBXO25",0.13185276504993
"HCC","grey","CRYAB",-0.131819998930915
"HCC","grey","ZNF35",0.131501508394879
"HCC","grey","KCNB1",-0.130947092574918
"HCC","grey","LINC02983",-0.130722064902247
"HCC","grey","SLC2A4",-0.130692187962922
"HCC","grey","FAM222B",0.130646038158249
"HCC","grey","ITGB4",0.13056601826411
"HCC","grey","TMEM117",-0.130473191776305
"HCC","grey","CCDC174",-0.129625669234867
"HCC","grey","SMAD9",0.128752056983937
"HCC","grey","CARD8",-0.128547564261775
"HCC","grey","TIAM1",0.128423148457554
"HCC","grey","SETDB2",-0.128109535853013
"HCC","grey","PHB2",0.127555868018465
"HCC","grey","VAV2",0.127522119257515
"HCC","grey","DDTL",0.127404519710148
"HCC","grey","CHRNB1",0.126999754209069
"HCC","grey","DBP",-0.12696252387856
"HCC","grey","TMEM242",0.12640289985411
"HCC","grey","KCNJ5",-0.125981079737923
"HCC","grey","MAST4",-0.125692169958916
"HCC","grey","RBFA",0.125551754703867
"HCC","grey","CAMTA1",0.124499744608719
"HCC","grey","ZNF584",0.124184134200478
"HCC","grey","NEU3",-0.123226795016695
"HCC","grey","CENPT",0.123102789682866
"HCC","grey","TMEM94",0.122945787729671
"HCC","grey","STIM1",-0.122935628925358
"HCC","grey","NACC2",-0.122807241782509
"HCC","grey","FHIP1B",0.122414519395827
"HCC","grey","FOCAD",0.122256616729453
"HCC","grey","LTA4H",0.122076865514208
"HCC","grey","PLCD3",0.121739067839058
"HCC","grey","IGHMBP2",0.121620182463749
"HCC","grey","TCTN2",0.121557331143855
"HCC","grey","FERRY3",0.121297133510851
"HCC","grey","TBL2",0.121256105469606
"HCC","grey","PSME1",0.121180078815595
"HCC","grey","HIF1AN",-0.121124903202268
"HCC","grey","ZDHHC11",0.121023294706279
"HCC","grey","ZNF875",0.120970980251129
"HCC","grey","USB1",0.120743813626385
"HCC","grey","ZNF704",-0.120618740550854
"HCC","grey","CYP39A1",-0.120519282523445
"HCC","grey","WDR91",0.120351874773304
"HCC","grey","TBC1D24",-0.119342080117403
"HCC","grey","PTGR1",-0.118981713444292
"HCC","grey","AVPI1",0.118705471071335
"HCC","grey","MATCAP1",0.118136497855765
"HCC","grey","PRR14",0.117796655477421
"HCC","grey","ZNF470",-0.117716754048345
"HCC","grey","TRIM66",-0.117608808679111
"HCC","grey","GLRX5",-0.117276164592683
"HCC","grey","TNFAIP1",-0.116499410135285
"HCC","grey","MYOM1",0.116414601457464
"HCC","grey","CIAO1",-0.116250306651196
"HCC","grey","H3-3B",-0.116033930594187
"HCC","grey","JAG1",0.115972124011243
"HCC","grey","GNAO1",0.115864975296281
"HCC","grey","EZH1",-0.115759726750169
"HCC","grey","TXNDC15",0.115661322747951
"HCC","grey","CISH",0.115380912774093
"HCC","grey","DNAJB11",0.115373345078184
"HCC","grey","NRDC",-0.11486367791991
"HCC","grey","ZNF844",0.114235645181005
"HCC","grey","SLC6A16",-0.114228488322413
"HCC","grey","ERMARD",-0.114027177086583
"HCC","grey","SERPINB1",0.11326529892139
"HCC","grey","PRCP",-0.113069185067341
"HCC","grey","C20orf96",0.112949740997355
"HCC","grey","OLFML1",0.112758622466601
"HCC","grey","ZNF33A",-0.111813227395293
"HCC","grey","NOP2",0.111387794807701
"HCC","grey","ZNF703",-0.111091126030216
"HCC","grey","HOMER1",0.110823996363922
"HCC","grey","ZHX3",0.11073060299035
"HCC","grey","ANKAR",-0.110273801189963
"HCC","grey","ZNF845",0.109574343771605
"HCC","grey","PPP1R3F",-0.108853750567426
"HCC","grey","NUP43",0.108819138048388
"HCC","grey","HEBP2",0.108740662016636
"HCC","grey","BAZ1A",0.108695633530543
"HCC","grey","NAPB",-0.108651184069154
"HCC","grey","CEP70",-0.108589666631382
"HCC","grey","SUMO3",0.108165069772356
"HCC","grey","NR4A3",0.107863021839372
"HCC","grey","ULK2",0.107633384411056
"HCC","grey","IDE",-0.107086692136391
"HCC","grey","TNIP2",0.107040387684208
"HCC","grey","DDB1",0.106923672781448
"HCC","grey","NUP85",0.106839350933465
"HCC","grey","VPS26B",-0.106667620867984
"HCC","grey","CIAPIN1",-0.106606139797946
"HCC","grey","AK2",0.105940885992539
"HCC","grey","URGCP",0.105723742061624
"HCC","grey","RPL6",0.10539071670696
"HCC","grey","NR0B2",0.105332680518362
"HCC","grey","HACL1",-0.105187770821376
"HCC","grey","ZNF548",-0.10498508378239
"HCC","grey","ZNF331",0.104809760621841
"HCC","grey","NHSL2",-0.104758838360994
"HCC","grey","C1orf21",0.104308262834898
"HCC","grey","NIPAL3",0.103814099187484
"HCC","grey","S100A1",-0.103727750308333
"HCC","grey","ITGB1BP2",-0.103314319220158
"HCC","grey","ACACA",0.103294215269857
"HCC","grey","CASZ1",0.102738863099457
"HCC","grey","RNF114",0.102583253099034
"HCC","grey","CFAP36",0.102569071096795
"HCC","grey","NDRG3",0.10251844865086
"HCC","grey","LYRM2",-0.102513278879127
"HCC","grey","RBM22",-0.102082141675485
"HCC","grey","TTLL7",0.101992382766956
"HCC","grey","WBP4",-0.101721863633625
"HCC","grey","SEC11A",-0.101662051711134
"HCC","grey","CBX7",-0.100992511305874
"HCC","grey","DLEU2",-0.100624082913152
"HCC","grey","TMEM69",-0.100225061181779
"HCC","grey","GDF15",0.099592724458331
"HCC","grey","TCP11L1",0.0995638703475083
"HCC","grey","NT5M",-0.0993179992119102
"HCC","grey","USP31",-0.099230689601267
"HCC","grey","EEF1A2",-0.0990126375083431
"HCC","grey","JOSD1",0.0988438792869821
"HCC","grey","USP35",0.0988036438984351
"HCC","grey","TENT4A",0.0985982081869118
"HCC","grey","AARS1",-0.0981502781483728
"HCC","grey","RPSAP15",0.0979973619403866
"HCC","grey","ZNF416",0.0977179874785257
"HCC","grey","MAP4",-0.0974163775922773
"HCC","grey","WDTC1",0.0973939749159712
"HCC","grey","GCSH",-0.0973406537972916
"HCC","grey","METTL6",-0.0971045576642909
"HCC","grey","PBDC1",0.0966894226245403
"HCC","grey","ZNF613",-0.0960284729307914
"HCC","grey","KAT2A",-0.0957578907969373
"HCC","grey","ZSCAN18",-0.0956800888178603
"HCC","grey","ZNF766",-0.0953499505507904
"HCC","grey","MTCH2",0.0952558455162113
"HCC","grey","NELFA",0.0945906520229841
"HCC","grey","SCARA3",0.0942687153746534
"HCC","grey","TAMM41",0.0938385631114809
"HCC","grey","ELP5",0.0931352427462667
"HCC","grey","SLC25A37",-0.0931206108956927
"HCC","grey","RC3H2",-0.092800804765126
"HCC","grey","CREB5",-0.0927174004324155
"HCC","grey","RBPJ",-0.0926710951292528
"HCC","grey","ZDHHC3",0.0924475581179572
"HCC","grey","DCPS",0.092338225156857
"HCC","grey","MPG",-0.0920745299374953
"HCC","grey","NASP",0.0918131539929068
"HCC","grey","CCDC125",-0.0914883178223952
"HCC","grey","NOA1",-0.0911972341196865
"HCC","grey","CADPS2",-0.091173672823854
"HCC","grey","NQO1",0.0911626624696172
"HCC","grey","MTCO2P12",-0.091159747608052
"HCC","grey","POLM",0.0906245019391574
"HCC","grey","CAPN15",0.0900692442390426
"HCC","grey","RTF2",-0.0898219976814127
"HCC","grey","CCDC127",0.0897560905953279
"HCC","grey","LPL",0.0896441605523228
"HCC","grey","JCAD",0.0893221331359394
"HCC","grey","NEIL1",-0.089308914925649
"HCC","grey","UBE2Z",0.0891816278085992
"HCC","grey","KCTD15",0.0889313470835346
"HCC","grey","REPS1",-0.0885547253729935
"HCC","grey","GDF11",-0.0884976831716182
"HCC","grey","HCCS",0.0883887088243736
"HCC","grey","FBXO42",-0.0880888973123581
"HCC","grey","CWC25",-0.0877266862643899
"HCC","grey","TFDP1",0.0876884836024621
"HCC","grey","ENDOG",0.0868347186221217
"HCC","grey","GINM1",-0.0866863867741118
"HCC","grey","ST3GAL4",0.0858960216816079
"HCC","grey","PACRGL",0.084317858220467
"HCC","grey","THOC3",0.0840858329416437
"HCC","grey","RTN4RL2",0.0839740852316026
"HCC","grey","CTPS2",-0.0839602319537328
"HCC","grey","MRPL58",-0.0839174663816842
"HCC","grey","ATG4A",0.0838380644382333
"HCC","grey","GSK3B",-0.0832465253813547
"HCC","grey","IDI1",-0.0830289526033827
"HCC","grey","ACTMAP",0.0829604938402383
"HCC","grey","NOMO1",0.0829148650470056
"HCC","grey","TPD52L1",-0.082747145207566
"HCC","grey","RAB7A",-0.0826792207153196
"HCC","grey","DNAJB5",-0.0822824164924552
"HCC","grey","FUZ",0.0822415371364814
"HCC","grey","FNTA",0.0821963133151392
"HCC","grey","MTERF4",-0.0820978592916725
"HCC","grey","RILPL1",0.0820378677150857
"HCC","grey","BLOC1S2",-0.0817811796184039
"HCC","grey","TDP1",0.0812123637791367
"HCC","grey","CAB39L",-0.0811733971643925
"HCC","grey","KIAA1328",0.0807793389803438
"HCC","grey","IFT46",0.0807408104651802
"HCC","grey","SBSPON",-0.0804970125030612
"HCC","grey","MED6",-0.0801570792945435
"HCC","grey","CMC2",-0.0800433495086457
"HCC","grey","NINJ2-AS1",-0.0799864079747502
"HCC","grey","VCP",-0.0798826861645794
"HCC","grey","POMT2",-0.0793146832564458
"HCC","grey","SPATA2",0.078956315539834
"HCC","grey","SLC2A11",0.0788001763373833
"HCC","grey","FKBP4",0.0784957896258944
"HCC","grey","RASSF4",0.0781886658513488
"HCC","grey","SKP2",-0.0780590963955412
"HCC","grey","ACAD9",0.0780079434114505
"HCC","grey","CD55",-0.0779300552936868
"HCC","grey","MPP1",0.0777165312932578
"HCC","grey","SLC3A2",-0.07695380345841
"HCC","grey","FLCN",-0.0767412245230351
"HCC","grey","TIRAP",-0.0764401193412375
"HCC","grey","TMEM9B",0.0763863949603252
"HCC","grey","COL26A1",0.0761927684700159
"HCC","grey","NACA",-0.076009694529752
"HCC","grey","SZT2",-0.0757181707059297
"HCC","grey","LRRC14",0.0757103579409372
"HCC","grey","PIP4K2B",-0.0756737605002269
"HCC","grey","ZNF28",0.075606939497276
"HCC","grey","AJUBA",0.0755900736907192
"HCC","grey","DVL2",-0.0753122908317993
"HCC","grey","PRICKLE3",0.075286808494806
"HCC","grey","TOB2",-0.074488434319702
"HCC","grey","ALPK2",0.074265405231544
"HCC","grey","ARNT",-0.0734977518766947
"HCC","grey","ZNF33B",-0.0734508971195026
"HCC","grey","MTFMT",0.0734507362340948
"HCC","grey","APOL4",0.0733094754472389
"HCC","grey","HOXA13",0.073226381704657
"HCC","grey","SLC30A9",-0.0728526557154304
"HCC","grey","PPP1R1C",-0.0727806607809996
"HCC","grey","MPV17L",-0.0724441593361968
"HCC","grey","COMMD5",0.0722143022462668
"HCC","grey","TMEM150A",0.0720329191482657
"HCC","grey","TMEM41B",-0.0711709343636628
"HCC","grey","STN1",0.0707810795344825
"HCC","grey","SHMT2",0.0705934278848281
"HCC","grey","TAF9B",-0.0700721181102252
"HCC","grey","PXYLP1",-0.0698708034029287
"HCC","grey","RNF185",0.0696278777791349
"HCC","grey","TPPP",-0.0693992576196109
"HCC","grey","STK16",0.0691700136328943
"HCC","grey","IRF2BP1",0.0691210408623856
"HCC","grey","C19orf73",-0.0689063392427113
"HCC","grey","KAZALD1",0.0688633697745784
"HCC","grey","MMS19",-0.0686684755888302
"HCC","grey","TPK1",0.0686644214214623
"HCC","grey","LEPR",-0.0685625684466914
"HCC","grey","AAR2",0.0684524205022912
"HCC","grey","GALNS",-0.0682722478395999
"HCC","grey","GMEB1",0.0680782791692052
"HCC","grey","FOXO1",-0.0679795577416125
"HCC","grey","CAPS2",0.0676219914850821
"HCC","grey","TRIB1",0.0673306539489178
"HCC","grey","BCS1L",-0.0673217747569746
"HCC","grey","HEMK2",-0.0673022341590391
"HCC","grey","PLXNA2",-0.0672394562156656
"HCC","grey","DNAJC15",-0.0671677381165839
"HCC","grey","PLCG1",0.0667116601728495
"HCC","grey","MTCO1P12",-0.0666412300524887
"HCC","grey","ADAMTS9",-0.066186545700575
"HCC","grey","CCNI",-0.0656786936934373
"HCC","grey","SAMD4B",0.0654561430381164
"HCC","grey","RABL2B",-0.0653871953232375
"HCC","grey","COL5A3",-0.0652871516372399
"HCC","grey","IFT140",-0.0652280073476482
"HCC","grey","MAST2",0.0650746896780715
"HCC","grey","RAB24",0.0650720615276302
"HCC","grey","TMED4",-0.0648820984210445
"HCC","grey","IFI27",-0.0648484047042498
"HCC","grey","TRIM38",-0.0647425433973683
"HCC","grey","AGBL5",-0.0645997884835852
"HCC","grey","PYROXD2",-0.0644462026631825
"HCC","grey","ZNF43",0.0643465246665738
"HCC","grey","CAPZB",0.0638855112601827
"HCC","grey","VCF1",-0.0637701173871363
"HCC","grey","TTI1",0.0635950063662836
"HCC","grey","ZNF7",-0.0633108017135055
"HCC","grey","KCNIP2",-0.0632630719623856
"HCC","grey","TNKS1BP1",0.0631458024101801
"HCC","grey","ALG5",-0.0630894845427775
"HCC","grey","FDFT1",0.0630450753911763
"HCC","grey","SERP2",0.0629304364010341
"HCC","grey","SRP68",-0.0627720481889449
"HCC","grey","PRKD1",0.0626055445464123
"HCC","grey","CSE1L",-0.0622236618247012
"HCC","grey","ATAD1",-0.0608836472169035
"HCC","grey","THEM6",-0.0605829096006523
"HCC","grey","DVL3",0.0599302204597488
"HCC","grey","ACSS2",0.0597288472547343
"HCC","grey","PPP2R3C",-0.05957791328604
"HCC","grey","FAM171A1",-0.0595431237576223
"HCC","grey","SLC35B4",-0.0592440881569307
"HCC","grey","SSPOP",0.0585293625115446
"HCC","grey","ZNF419",-0.0584593192464402
"HCC","grey","TUBB2A",0.0582247189227623
"HCC","grey","C3orf18",-0.0581327944681661
"HCC","grey","POLR1A",-0.0578599226523976
"HCC","grey","RPL36A",0.0575036628443106
"HCC","grey","DAPK2",-0.0572559981322023
"HCC","grey","VPS13D",-0.0572480659218324
"HCC","grey","PPM1L",0.0572147611958217
"HCC","grey","PPP1R9B",-0.0570084705993569
"HCC","grey","NEK6",0.0569973912898525
"HCC","grey","PIM3",0.0568090077339016
"HCC","grey","GPR157",-0.0567740576397038
"HCC","grey","MPP3",-0.0567144108972925
"HCC","grey","GIPC2",0.0566918347461964
"HCC","grey","ABCB7",-0.0563222864252182
"HCC","grey","ELAVL1",0.0561132272199442
"HCC","grey","CRIPT",-0.0558425766469512
"HCC","grey","RBM23",0.0558077679246031
"HCC","grey","EXOSC8",0.0556218579926755
"HCC","grey","TENT5A",0.0555696485811287
"HCC","grey","EFHC1",0.055453138733486
"HCC","grey","TMEM25",-0.0552867600454489
"HCC","grey","RNASEH2B",-0.0551961122276447
"HCC","grey","OPLAH",0.0550844184923039
"HCC","grey","DLG2",-0.0549874265725433
"HCC","grey","TCTN3",-0.0540986525308582
"HCC","grey","ACTR3B",0.0539391983635983
"HCC","grey","DNAJC8",0.0535521057651673
"HCC","grey","DNAH1",0.0534465517000332
"HCC","grey","JADE2",0.053389665273336
"HCC","grey","ZC3H3",-0.0532701791794358
"HCC","grey","ACP6",0.0531622663516189
"HCC","grey","CLTCL1",-0.0527025798090698
"HCC","grey","SENP5",0.0526401268942928
"HCC","grey","SSUH2",-0.0524426593458746
"HCC","grey","GARIN1A",0.0522441358433021
"HCC","grey","ANAPC2",0.0520346241912579
"HCC","grey","MICAL3",-0.0517977475522037
"HCC","grey","ABHD15",0.0517333932995136
"HCC","grey","BCAP29",-0.0514641354141499
"HCC","grey","DTNA",0.051327069575788
"HCC","grey","RNF213",0.051023492837671
"HCC","grey","PCGF2",0.0501561074862969
"HCC","grey","MRPL30",-0.0501441137426073
"HCC","grey","SETMAR",0.0493267288885342
"HCC","grey","ZNF512",-0.0490505872377789
"HCC","grey","LUZP1",0.0487762256857876
"HCC","grey","HBB",0.0486400435331204
"HCC","grey","DROSHA",-0.0483227179162376
"HCC","grey","DCUN1D3",-0.0481356938390808
"HCC","grey","LTBR",0.0480987284641175
"HCC","grey","DERL1",-0.0478788327573904
"HCC","grey","ARHGAP44",0.0474778500151397
"HCC","grey","CKB",0.0473600980214824
"HCC","grey","SCCPDH",0.0470161478932137
"HCC","grey","WDCP",0.0469969551575826
"HCC","grey","PKNOX1",-0.0468630492281784
"HCC","grey","TM4SF1",0.0467317519066534
"HCC","grey","SREK1IP1",-0.046650358401211
"HCC","grey","TEX10",0.0465474749666412
"HCC","grey","DOK7",-0.0463327721091281
"HCC","grey","DUSP8",0.0462612709598061
"HCC","grey","VAMP2",-0.0462045586917234
"HCC","grey","FAM161B",0.0458805222052158
"HCC","grey","HPS6",-0.0455307470873496
"HCC","grey","RAB15",-0.0454403640140722
"HCC","grey","IFFO1",0.0449574670078121
"HCC","grey","RNH1",-0.0448018146451129
"HCC","grey","VKORC1L1",-0.0446695227086849
"HCC","grey","DDX27",0.0445227735181136
"HCC","grey","BICD2",-0.0444852877654996
"HCC","grey","CNPPD1",0.0444055665564111
"HCC","grey","ALMS1",-0.0443564156629704
"HCC","grey","KAT6A",0.0441595002181763
"HCC","grey","PCDH1",0.0437671383737742
"HCC","grey","PSMA2",0.0436090367571892
"HCC","grey","LAMA5",0.0432666496751998
"HCC","grey","AMIGO1",0.0428724824362562
"HCC","grey","CTSZ",0.0425039224159202
"HCC","grey","DEPP1",0.0424978594309603
"HCC","grey","PTGR3",-0.0422904326866665
"HCC","grey","R3HCC1L",-0.0419780005939113
"HCC","grey","ACTG2",0.0417332420592793
"HCC","grey","EIF2S3",0.0417069634338474
"HCC","grey","TTLL4",-0.041651422402759
"HCC","grey","CYP2R1",0.0415669059540414
"HCC","grey","AAAS",-0.04116998373875
"HCC","grey","DCAKD",-0.0405425438321524
"HCC","grey","MIEF2",0.0398108385418207
"HCC","grey","ADM",0.0395799970001856
"HCC","grey","ZNF69",0.0395419068043921
"HCC","grey","CTSB",0.0394862680682014
"HCC","grey","MAP4K4",-0.0394807941268709
"HCC","grey","CA13",0.0389039831787232
"HCC","grey","TGFBR3",-0.038766027937126
"HCC","grey","COBL",0.0384238853173827
"HCC","grey","LPGAT1",0.0382223495684353
"HCC","grey","JAZF1",0.0381834613218289
"HCC","grey","ACOT9",-0.0379786264888395
"HCC","grey","CRELD1",-0.0379197014522411
"HCC","grey","ZNF101",-0.037866114689264
"HCC","grey","BORCS5",0.037343489569539
"HCC","grey","KHSRP",0.0372445368551048
"HCC","grey","VMA21",0.0370869465904313
"HCC","grey","LRP5",-0.0370846849687793
"HCC","grey","SMAD6",-0.0367700045227582
"HCC","grey","HIP1",0.0367489782141012
"HCC","grey","ADAMTSL5",0.0366075234618217
"HCC","grey","IFNAR2",0.0365954661022206
"HCC","grey","DEDD",-0.0361128912498054
"HCC","grey","SFSWAP",0.0360302934027352
"HCC","grey","ZNF675",-0.0352380768504854
"HCC","grey","FASN",-0.0341011164041394
"HCC","grey","SIK1",0.0340164843771277
"HCC","grey","WWOX",-0.0323945955085223
"HCC","grey","SH3KBP1",0.0318087578979821
"HCC","grey","MT1E",-0.0310062762260238
"HCC","grey","ZNF789",0.0308907369913719
"HCC","grey","HUWE1",0.0306605153473654
"HCC","grey","SLC38A3",-0.0304389304559868
"HCC","grey","SLC25A17",0.0303478408171396
"HCC","grey","MAP3K20",0.0301684131281543
"HCC","grey","RGS14",0.0301232880080657
"HCC","grey","KIAA0513",-0.0299463151736053
"HCC","grey","NKAP",-0.029941732228855
"HCC","grey","ITGA7",-0.0298715310153819
"HCC","grey","IRX3",0.0293813819605772
"HCC","grey","ULK4",0.0292463227768758
"HCC","grey","ELP3",0.0286285961486699
"HCC","grey","RAD1",0.0285548842975723
"HCC","grey","SNED1",0.0284937423374931
"HCC","grey","ZNF79",-0.0284864833872184
"HCC","grey","EME2",0.0284393378816285
"HCC","grey","AVEN",0.0281595455429788
"HCC","grey","MUC20",-0.0280542834661339
"HCC","grey","TMA16",-0.028029757618869
"HCC","grey","GPKOW",0.0276298026689503
"HCC","grey","ANP32A",0.0273289702442599
"HCC","grey","ANXA2R-AS1",0.0266327867410123
"HCC","grey","SPATA7",-0.0259624768907355
"HCC","grey","SH3PXD2A",0.0256034961637833
"HCC","grey","AHI1",0.0253833302700638
"HCC","grey","RITA1",-0.0250643251949525
"HCC","grey","TKT",-0.0246928082879951
"HCC","grey","ATP6V0A2",0.0243804630423172
"HCC","grey","ZNF202",-0.02429418388656
"HCC","grey","ARVCF",0.0239445358906716
"HCC","grey","CDK18",-0.0237613137304815
"HCC","grey","NAP1L1",0.0230291832917135
"HCC","grey","TRIM55",-0.0226641412811429
"HCC","grey","USP27X",0.0226194339796072
"HCC","grey","INO80C",0.0225216134117269
"HCC","grey","SYNGR1",-0.0220773571887425
"HCC","grey","COP1",-0.0212220512621685
"HCC","grey","LSS",-0.0210524288262881
"HCC","grey","SUPT16H",0.0210337305102415
"HCC","grey","NAGA",-0.0209727496259566
"HCC","grey","TRPS1",-0.0208461356033904
"HCC","grey","COPS3",-0.0198923415793724
"HCC","grey","SHLD1",0.0196619391740877
"HCC","grey","POM121C",-0.0196244110760094
"HCC","grey","ARID2",0.0195303884867754
"HCC","grey","RBM19",0.0195067556276141
"HCC","grey","TTLL5",-0.0194106326151001
"HCC","grey","NFRKB",-0.0192901110045452
"HCC","grey","SKA2",-0.0192698461938584
"HCC","grey","DNHD1",0.0192229827552482
"HCC","grey","NUDT12",-0.0181720176781714
"HCC","grey","MTURN",0.0181633341703825
"HCC","grey","PSEN2",0.0181285182734237
"HCC","grey","USP32",-0.0177903971340901
"HCC","grey","PSMA1",0.0176256628961254
"HCC","grey","UNC13B",-0.0174058428440772
"HCC","grey","NMNAT3",0.0172443751371004
"HCC","grey","XPNPEP1",-0.016959233699007
"HCC","grey","ZNF626",0.0168775028903856
"HCC","grey","PPP1R26",-0.0163735642954034
"HCC","grey","SMYD4",0.0161589638606736
"HCC","grey","ZFTA",-0.0160364160003065
"HCC","grey","SLC39A11",0.0160348252888392
"HCC","grey","KCMF1",0.0159799443648535
"HCC","grey","SNUPN",-0.015802793861478
"HCC","grey","AMOT",-0.0157698215720547
"HCC","grey","G0S2",0.0156619458908516
"HCC","grey","RPS25",0.0154795253397978
"HCC","grey","GPN1",0.0151014753288776
"HCC","grey","PTPRA",0.0146560224874766
"HCC","grey","MT1G",-0.0146367280581793
"HCC","grey","BBS7",0.0145860984207788
"HCC","grey","TUBE1",0.0145392071733071
"HCC","grey","MXRA7",-0.014210128085622
"HCC","grey","IMPA2",0.0141552924209987
"HCC","grey","CCDC92",-0.0141282594742926
"HCC","grey","AIFM1",0.0140960225518404
"HCC","grey","ZNF446",-0.0139481397568063
"HCC","grey","RTTN",-0.0139372830448313
"HCC","grey","BST1",-0.013916767817321
"HCC","grey","ESYT1",0.0137410811171803
"HCC","grey","FOSL2",0.0126586974475915
"HCC","grey","PLEKHM1",0.0121517603281865
"HCC","grey","DMAC1",0.0121434828070463
"HCC","grey","ZNF250",0.0121274104783547
"HCC","grey","TTC7B",-0.0118649989349394
"HCC","grey","KCNN3",-0.0117482911129461
"HCC","grey","FH",0.0107284052247488
"HCC","grey","FLNB",-0.0106162694271206
"HCC","grey","RPL39",-0.0105147386242657
"HCC","grey","ZNF514",-0.0102698571717509
"HCC","grey","SPAG16",-0.0096889677893833
"HCC","grey","CALM3",-0.00941046942420219
"HCC","grey","C8orf33",0.00937066528362494
"HCC","grey","NSMF",0.00919486116447692
"HCC","grey","ZNF774",0.00918811399634778
"HCC","grey","SEMA3G",0.00911633351971487
"HCC","grey","PHYHD1",-0.00901041932033857
"HCC","grey","TMBIM4",0.00895517635091733
"HCC","grey","ZNF606",0.00881117623753474
"HCC","grey","TMA7",-0.00867844363944555
"HCC","grey","EOLA1-DT",-0.00860301272703474
"HCC","grey","MAGI2",-0.0078119435366879
"HCC","grey","TTC19",-0.00768244156617119
"HCC","grey","TRIM44",-0.00714976917142985
"HCC","grey","WNT11",-0.00709295281091841
"HCC","grey","ZNF473",-0.00661017586657628
"HCC","grey","DNAJC3",0.00646239195385868
"HCC","grey","RGS16",-0.0062788744320823
"HCC","grey","RILPL2",0.00625294785003671
"HCC","grey","COL11A2",-0.00612180085635939
"HCC","grey","ZNF678",-0.005943612224478
"HCC","grey","MROH8",0.00589771057062451
"HCC","grey","RUFY1",-0.00587460202118214
"HCC","grey","AKR1C3",0.00562383211740821
"HCC","grey","SARM1",-0.00546612633465956
"HCC","grey","TMEM248",0.00542581812940197
"HCC","grey","TM2D2",0.00527689402412288
"HCC","grey","DESI1",-0.00521145346104867
"HCC","grey","ICOSLG",0.00479163298764457
"HCC","grey","PAX8-AS1",-0.00445627718787185
"HCC","grey","GUCD1",0.00437574101312143
"HCC","grey","PKD1L2",0.00426062361868985
"HCC","grey","PTGDR2",-0.00402739685819364
"HCC","grey","ZNF568",-0.00401807628171513
"HCC","grey","ARHGEF37",0.00395006977204348
"HCC","grey","IGF1",0.00377317710681318
"HCC","grey","ARHGAP17",-0.00364254886053692
"HCC","grey","GPR153",0.00350736536931777
"HCC","grey","DIP2C",-0.00332102686496557
"HCC","grey","MT2A",-0.0032750540245644
"HCC","grey","SIK3",0.00327265420888243
"HCC","grey","SLC26A6",0.00276304879980667
"HCC","grey","FN3K",0.00232629709210399
"HCC","grey","ARHGEF18",-0.00194406355146001
"HCC","grey","PSMA4",0.00185920424740658
"HCC","grey","RFX1",0.00182680192443913
"HCC","grey","ASXL1",0.00175127471960482
"HCC","grey","ERCC6",0.0016489834235744
"HCC","grey","MAGOHB",-0.00164690090532011
"HCC","grey","MTND1P23",0.00139192603770321
"HCC","grey","FAM89A",-0.00128114030869375
"HCC","grey","ENTR1",0.0010335380230061
"HCC","grey","RRAGD",0.000859930782170277
"HCC","grey","PRPF3",0.000406965744075286
"HCC","grey","PLIN2",-0.000117873158776029
"HCC","grey60","HMGA1",0.844652941877274
"HCC","grey60","NOP56",0.844145418505316
"HCC","grey60","TRIM28",0.839547652274929
"HCC","grey60","SNRPB",0.825784424098032
"HCC","grey60","UBE2S",0.807410570671909
"HCC","grey60","H2AX",0.792560287995219
"HCC","grey60","MCM7",0.756915886102639
"HCC","grey60","ALYREF",0.746227727497745
"HCC","grey60","TOMM40",0.743308995219218
"HCC","grey60","NLE1",0.741788121325423
"HCC","grey60","TEDC2",0.732719118510164
"HCC","grey60","PAFAH1B3",0.728414206659274
"HCC","grey60","SMYD5",0.721156727260601
"HCC","grey60","RNASEH2A",0.720070314059157
"HCC","grey60","DDX11",0.712687331308208
"HCC","grey60","EFTUD2",0.706011095944661
"HCC","grey60","LMNB2",0.700216614739062
"HCC","grey60","TPD52L2",0.697361163659429
"HCC","grey60","NPM3",0.694057165086254
"HCC","grey60","RALY",0.69096730179519
"HCC","grey60","ATIC",0.678757249397955
"HCC","grey60","DHX37",0.675840231067335
"HCC","grey60","CLIC1",0.671307900050643
"HCC","grey60","RBL1",0.664985046923572
"HCC","grey60","NRM",0.657802784734066
"HCC","grey60","ZNF296",0.657265386312428
"HCC","grey60","RPS7",0.656084236964191
"HCC","grey60","POLR3A",0.655273925036573
"HCC","grey60","TRIM11",0.652846081991599
"HCC","grey60","RRP12",0.650525679035504
"HCC","grey60","CCDC97",0.648075444353604
"HCC","grey60","PDCD11",0.647147994409753
"HCC","grey60","RRP9",0.644724318397884
"HCC","grey60","DNMT3A",0.642252357890835
"HCC","grey60","SNHG17",0.640768646234438
"HCC","grey60","CHTF18",0.636003766219927
"HCC","grey60","G6PD",0.633240050956075
"HCC","grey60","SNHG12",0.630371824145354
"HCC","grey60","HCFC1",0.629784250363413
"HCC","grey60","MCM5",0.618840364842951
"HCC","grey60","CNOT11",0.609436091927526
"HCC","grey60","CCT3",0.608907348144798
"HCC","grey60","PPM1G",0.605337327410377
"HCC","grey60","DHX30",0.602473768279413
"HCC","grey60","CHAF1A",0.600270543792189
"HCC","grey60","SANBR",0.596425181980982
"HCC","grey60","TYRO3",0.593678341396444
"HCC","grey60","GRK6",0.592414899771193
"HCC","grey60","TMEM201",0.582892139917486
"HCC","grey60","PPRC1",0.573391250476815
"HCC","grey60","CKAP4",0.57175702611257
"HCC","grey60","MTHFD1L",0.570359221265944
"HCC","grey60","UBE2O",0.567454611611608
"HCC","grey60","RUSC1",0.565461466586858
"HCC","grey60","SLC1A4",0.564932956364825
"HCC","grey60","BLMH",0.559204978224801
"HCC","grey60","FANCE",0.558227849624881
"HCC","grey60","MELTF",0.557773037917379
"HCC","grey60","PTPN23",0.545124881206639
"HCC","grey60","PPME1",0.539222956232177
"HCC","grey60","GNAZ",0.538581247079027
"HCC","grey60","CCT7",0.532378429974463
"HCC","grey60","ANAPC7",0.527208791783258
"HCC","grey60","FRAT2",0.523295921757999
"HCC","grey60","EIF2S2",0.517534758563676
"HCC","grey60","DDX39A",0.517108075772447
"HCC","grey60","MDK",0.514387864648671
"HCC","grey60","FOXK2",0.510632401795152
"HCC","grey60","PPP1R37",0.509124703400341
"HCC","grey60","FARSB",0.5015893408851
"HCC","grey60","POLR1G",0.496255421882583
"HCC","grey60","GPATCH4",0.489628152185166
"HCC","grey60","TMEM106C",0.481172941521876
"HCC","grey60","VAT1",0.477294499084839
"HCC","grey60","DSN1",0.464453530060947
"HCC","grey60","TTC27",0.463702358717659
"HCC","grey60","GMEB2",0.440888022391666
"HCC","grey60","RPL15",0.431626956495231
"HCC","lightcyan","AEBP1",0.922896622384175
"HCC","lightcyan","EMILIN1",0.899760473499577
"HCC","lightcyan","PRELP",0.897563438781023
"HCC","lightcyan","GGT5",0.894217239165633
"HCC","lightcyan","BGN",0.89408551052068
"HCC","lightcyan","EFEMP1",0.890407066359913
"HCC","lightcyan","PTGIR",0.886604399598835
"HCC","lightcyan","THBS2",0.882344936756221
"HCC","lightcyan","NGFR",0.863206543939374
"HCC","lightcyan","CCDC80",0.860106117056052
"HCC","lightcyan","COL5A1",0.839757562955786
"HCC","lightcyan","CCL21",0.838539517911502
"HCC","lightcyan","C7",0.836660300041625
"HCC","lightcyan","COL6A2",0.83610331189294
"HCC","lightcyan","MMP2",0.832138507877124
"HCC","lightcyan","COL1A1",0.829603657493742
"HCC","lightcyan","COL14A1",0.827026457072635
"HCC","lightcyan","MGP",0.826404103250209
"HCC","lightcyan","DCN",0.820786604309112
"HCC","lightcyan","ITGA9",0.819382033113097
"HCC","lightcyan","COL1A2",0.815440572134965
"HCC","lightcyan","ECM1",0.814537986835048
"HCC","lightcyan","TIMP2",0.814256426657443
"HCC","lightcyan","LOXL1",0.810208829433797
"HCC","lightcyan","STING1",0.80975000542462
"HCC","lightcyan","FBLN2",0.808467159141648
"HCC","lightcyan","ADAMTS2",0.801917697621896
"HCC","lightcyan","INMT",0.792443509441974
"HCC","lightcyan","PMP22",0.788480722006954
"HCC","lightcyan","CRISPLD2",0.780968646574389
"HCC","lightcyan","MXRA5",0.777365789411609
"HCC","lightcyan","MYH11",0.77658560959975
"HCC","lightcyan","LAMA2",0.762927719398802
"HCC","lightcyan","IRAG1",0.754818482250816
"HCC","lightcyan","LTBP2",0.752983298723139
"HCC","lightcyan","GABBR1",0.745647211406076
"HCC","lightcyan","ITGA11",0.744766625181295
"HCC","lightcyan","HEYL",0.743950978352539
"HCC","lightcyan","PTH1R",0.743514566538385
"HCC","lightcyan","FBN1",0.737674018917802
"HCC","lightcyan","TIMP1",0.731131028099769
"HCC","lightcyan","C1QTNF1",0.730300708588224
"HCC","lightcyan","FCN3",0.722824905942092
"HCC","lightcyan","HEPH",0.7210990555632
"HCC","lightcyan","FBLN5",0.709546222948123
"HCC","lightcyan","ADAM33",0.709057457430195
"HCC","lightcyan","LTBP4",0.707528399337455
"HCC","lightcyan","COL16A1",0.693261474218844
"HCC","lightcyan","FMOD",0.692050878539815
"HCC","lightcyan","P3H3",0.690601273613273
"HCC","lightcyan","HAMP",0.689626867827408
"HCC","lightcyan","GALNT16",0.676939001782526
"HCC","lightcyan","SOD3",0.674358540820971
"HCC","lightcyan","ADAMTSL2",0.666872494425453
"HCC","lightcyan","RCAN2",0.66683738446821
"HCC","lightcyan","DPYSL3",0.663250056845208
"HCC","lightcyan","MARVELD1",0.663186395553935
"HCC","lightcyan","FLNA",0.66071138233599
"HCC","lightcyan","CCDC3",0.659919351008412
"HCC","lightcyan","PMEPA1",0.653038844154221
"HCC","lightcyan","FSTL3",0.643317879376457
"HCC","lightcyan","C11orf96",0.639116871957264
"HCC","lightcyan","VIPR1",0.624274056475504
"HCC","lightcyan","PAMR1",0.618661148063152
"HCC","lightcyan","HTRA3",0.616186790685228
"HCC","lightcyan","IL34",0.614121870219445
"HCC","lightcyan","CHST3",0.612137287202205
"HCC","lightcyan","CXCL12",0.611285961134357
"HCC","lightcyan","ID1",0.609564603692099
"HCC","lightcyan","OLFML3",0.609329549916219
"HCC","lightcyan","COL6A1",0.606576432130709
"HCC","lightcyan","NFASC",0.605206302597785
"HCC","lightcyan","PROCR",0.583970586328025
"HCC","lightcyan","NRIP2",0.575309146418292
"HCC","lightcyan","NEXN",0.566754167211999
"HCC","lightcyan","CNN1",0.566717352572491
"HCC","lightcyan","ELN",0.566211765670327
"HCC","lightcyan","MYO10",0.540800525024069
"HCC","lightcyan","MXRA8",0.538244375889899
"HCC","lightcyan","FHL2",0.53590290285487
"HCC","lightcyan","MEGF6",0.491640411587681
"HCC","lightcyan","COLEC11",0.486709522737241
"HCC","lightcyan","RBMS2",0.455403638791827
"HCC","lightcyan","BCO2",0.444159331111126
"HCC","lightcyan","ASPG",0.426275910869488
"HCC","lightcyan","RIPOR3",0.424604303137893
"HCC","lightcyan","SULF1",0.410882567841192
"HCC","lightcyan","CALM1",0.37366943023171
"HCC","lightcyan","STEAP3",0.362301569482174
"HCC","lightcyan","ATP1B2",0.338496831895373
"HCC","lightgreen","NELFE",0.900402304685344
"HCC","lightgreen","SNRPC",0.886633485583438
"HCC","lightgreen","GPANK1",0.881797899072906
"HCC","lightgreen","ABCF1",0.872496741396928
"HCC","lightgreen","WDR46",0.865544374504607
"HCC","lightgreen","EHMT2",0.858478035650196
"HCC","lightgreen","NFKBIL1",0.853379087249447
"HCC","lightgreen","MRPL2",0.852927324144397
"HCC","lightgreen","KLHDC3",0.851133654644348
"HCC","lightgreen","LSM2",0.849357034515068
"HCC","lightgreen","VARS1",0.847356428237135
"HCC","lightgreen","YIPF3",0.841597604023259
"HCC","lightgreen","POLR1C",0.840030244539412
"HCC","lightgreen","LYRM4",0.837955354772351
"HCC","lightgreen","LEMD2",0.831918079847889
"HCC","lightgreen","POLR1H",0.820016350909865
"HCC","lightgreen","PRR3",0.81541917306097
"HCC","lightgreen","RING1",0.80368365684925
"HCC","lightgreen","PFDN6",0.793820820499617
"HCC","lightgreen","FARS2",0.787160151726618
"HCC","lightgreen","RRP36",0.782971348650534
"HCC","lightgreen","DNPH1",0.781148920753399
"HCC","lightgreen","PSMG4",0.766470869198061
"HCC","lightgreen","XPO5",0.707835782969334
"HCC","lightgreen","TRIM27",0.705721985555884
"HCC","lightgreen","FLOT1",0.705272568220265
"HCC","lightgreen","C6orf89",0.704726212110432
"HCC","lightgreen","TMEM14B",0.699863097217146
"HCC","lightgreen","AARS2",0.695394603901736
"HCC","lightgreen","SMIM29",0.688528294885175
"HCC","lightgreen","RGL2",0.683148446032417
"HCC","lightgreen","SKIC2",0.675967665545291
"HCC","lightgreen","HSD17B8",0.673887966952121
"HCC","lightgreen","RPS18",0.647763548460433
"HCC","lightgreen","TMEM63B",0.641737198012435
"HCC","lightgreen","H1-2",0.641622394407973
"HCC","lightgreen","CDKAL1",0.64076124362455
"HCC","lightgreen","RXRB",0.63202961731652
"HCC","lightgreen","MRPS18B",0.615400880746231
"HCC","lightgreen","DAXX",0.614967730236328
"HCC","lightgreen","NEU1",0.608920635282606
"HCC","lightgreen","DDAH2",0.608609908160528
"HCC","lightgreen","BTBD9",0.603640186899947
"HCC","lightgreen","PEX6",0.597241350317331
"HCC","lightgreen","PPIL1",0.595477957972454
"HCC","lightgreen","UBQLN4",0.593308017027884
"HCC","lightgreen","FOXP4",0.593152879486409
"HCC","lightgreen","C1orf35",0.587355707773122
"HCC","lightgreen","C6orf136",0.560057168958552
"HCC","lightgreen","TYW2",0.552874384646432
"HCC","lightgreen","TUBB",0.551579646135002
"HCC","lightgreen","TAF11",0.548740699748653
"HCC","lightgreen","HDGF",0.539653683464898
"HCC","lightgreen","ZNF764",0.538846401524028
"HCC","lightgreen","ILRUN",0.530010089928526
"HCC","lightgreen","CCNB1IP1",0.527736493704233
"HCC","lightgreen","ATAT1",0.525562041114069
"HCC","lightgreen","SEMA3B",0.522007932154256
"HCC","lightgreen","NTPCR",0.516370317032449
"HCC","lightgreen","SLC22A23",0.511651227272963
"HCC","lightgreen","TMEM14C",0.506549913726552
"HCC","lightgreen","PLD6",0.4694986295661
"HCC","lightgreen","NOL7",0.467161337062915
"HCC","lightgreen","PACSIN3",0.466751278169224
"HCC","lightgreen","H2BC8",0.439390388518852
"HCC","lightgreen","CEP350",0.42921612723883
"HCC","lightgreen","PIM1",0.387096638333925
"HCC","lightgreen","H4C8",0.303663540413319
"HCC","lightyellow","WDR81",0.882118744539883
"HCC","lightyellow","CAMTA2",0.844463600418571
"HCC","lightyellow","C1QBP",0.837405221991514
"HCC","lightyellow","GLOD4",0.834163369742416
"HCC","lightyellow","MAP2K4",0.825676864276984
"HCC","lightyellow","RPAIN",0.819312875976517
"HCC","lightyellow","KCTD11",0.81494063013856
"HCC","lightyellow","UBE2G1",0.807182988503351
"HCC","lightyellow","RPA1",0.796831837210629
"HCC","lightyellow","NDEL1",0.792135522460745
"HCC","lightyellow","ZZEF1",0.78540539719585
"HCC","lightyellow","KIAA0753",0.782420675463152
"HCC","lightyellow","NEURL4",0.771229905283234
"HCC","lightyellow","NCBP3",0.763251795768131
"HCC","lightyellow","YWHAE",0.763174597125095
"HCC","lightyellow","MPRIP",0.761050569607019
"HCC","lightyellow","ZNF18",0.753124672226386
"HCC","lightyellow","MYBBP1A",0.753113962329193
"HCC","lightyellow","PAFAH1B1",0.751537762540662
"HCC","lightyellow","MIS12",0.741965410322056
"HCC","lightyellow","TNFSF13",0.723687317373214
"HCC","lightyellow","PITPNA",0.710597371883942
"HCC","lightyellow","DERL2",0.689877798396101
"HCC","lightyellow","DPH1",0.686945143662809
"HCC","lightyellow","PIGL",0.676817781497986
"HCC","lightyellow","MED31",0.667880993845118
"HCC","lightyellow","ALKBH5",0.655072961692672
"HCC","lightyellow","TSR1",0.64802939519913
"HCC","lightyellow","MED11",0.639510976071383
"HCC","lightyellow","ELAC2",0.639265059243054
"HCC","lightyellow","FLII",0.634731122562592
"HCC","lightyellow","PHF23",0.623000140499187
"HCC","lightyellow","DCTD",0.622316275701988
"HCC","lightyellow","FXR2",0.613933068464322
"HCC","lightyellow","NATD1",0.606225231484032
"HCC","lightyellow","POLR2A",0.603720501356847
"HCC","lightyellow","SRR",0.599903617531958
"HCC","lightyellow","PRPF8",0.593947907254036
"HCC","lightyellow","GEMIN4",0.590213910433151
"HCC","lightyellow","RNASEK",0.57555825950951
"HCC","lightyellow","ARHGAP1",0.568570659304049
"HCC","lightyellow","COX10",0.535970491612044
"HCC","lightyellow","ST6GALNAC6",0.53454195070142
"HCC","lightyellow","ZBTB4",0.53324211714386
"HCC","lightyellow","FRY",0.531436577432414
"HCC","lightyellow","CENPV",0.525232287641609
"HCC","lightyellow","KIF1C",0.517201174300299
"HCC","lightyellow","GID4",0.512793475926907
"HCC","lightyellow","HS6ST1",0.499422178780954
"HCC","lightyellow","SCO1",0.497994131017871
"HCC","lightyellow","INCA1",0.491548030337692
"HCC","lightyellow","TOM1L2",0.486220101151226
"HCC","lightyellow","TP53",0.465565596573752
"HCC","lightyellow","INPP5B",0.454792284019012
"HCC","lightyellow","SPAG7",0.453633591451182
"HCC","lightyellow","KDM6B",0.443829275866122
"HCC","lightyellow","MRPS18C",0.430006709598481
"HCC","magenta","COX6A1",0.890214511609731
"HCC","magenta","MIEN1",0.869252822676271
"HCC","magenta","UBL5",0.856023915728932
"HCC","magenta","CHCHD2",0.855898606314323
"HCC","magenta","COX8A",0.845251272547891
"HCC","magenta","COX5A",0.840061021177839
"HCC","magenta","NOP10",0.834604184665388
"HCC","magenta","HIGD2A",0.831391076191123
"HCC","magenta","SEM1",0.815493106618811
"HCC","magenta","COPRS",0.80837491265909
"HCC","magenta","ATP5PD",0.804677325588861
"HCC","magenta","TIMM8B",0.803070684499051
"HCC","magenta","NDUFA6",0.801292210809073
"HCC","magenta","MRPL11",0.797546268325363
"HCC","magenta","TSR3",0.796048060647206
"HCC","magenta","ARPC1A",0.794522804460855
"HCC","magenta","MRPS26",0.786308529796464
"HCC","magenta","SLIRP",0.785479713687788
"HCC","magenta","ATP5MG",0.778091523491054
"HCC","magenta","ATP5MC2",0.777533622831685
"HCC","magenta","UQCRB",0.774484591277805
"HCC","magenta","ATP6V1F",0.766209403750552
"HCC","magenta","NDUFAF3",0.752613940928077
"HCC","magenta","NDUFA8",0.747766929941111
"HCC","magenta","EXOSC7",0.746447410835474
"HCC","magenta","CD63",0.742089182361523
"HCC","magenta","CUEDC2",0.733695748105355
"HCC","magenta","PRR13",0.732810990367867
"HCC","magenta","NDUFAF2",0.732420637559814
"HCC","magenta","PTRHD1",0.73149899417627
"HCC","magenta","MRPL57",0.727478928046536
"HCC","magenta","DPCD",0.727100594909315
"HCC","magenta","COX7B",0.726555104489672
"HCC","magenta","GATC",0.726455297789245
"HCC","magenta","MRPL36",0.72107245516646
"HCC","magenta","MRPS16",0.717842566819473
"HCC","magenta","PDAP1",0.717160125480507
"HCC","magenta","COX7A2",0.716137040715039
"HCC","magenta","COPZ1",0.715447050990697
"HCC","magenta","POLR2G",0.714944421431832
"HCC","magenta","CCNQ",0.713993916779571
"HCC","magenta","PYM1",0.712521523702543
"HCC","magenta","PSMD8",0.710589215666135
"HCC","magenta","DCTN3",0.698405392264149
"HCC","magenta","COX17",0.695417798748404
"HCC","magenta","EIF3G",0.691805660794087
"HCC","magenta","METTL23",0.690638118711674
"HCC","magenta","MALSU1",0.68869149183558
"HCC","magenta","COX7C",0.685316822118521
"HCC","magenta","MRPL4",0.68330534199794
"HCC","magenta","JAGN1",0.679352800887645
"HCC","magenta","GPHRB",0.678913797462469
"HCC","magenta","ATP6V0E1",0.677471894874137
"HCC","magenta","CHCHD1",0.676764262377976
"HCC","magenta","ATP5IF1",0.676436008474078
"HCC","magenta","TBCB",0.675281518324582
"HCC","magenta","EIF1",0.661882106827579
"HCC","magenta","NDUFA1",0.658275801294514
"HCC","magenta","MANBAL",0.656286668760159
"HCC","magenta","MRPL22",0.655896384694457
"HCC","magenta","RPP25L",0.65490990828365
"HCC","magenta","COX6C",0.654314254050162
"HCC","magenta","SS18L2",0.645515576560435
"HCC","magenta","MYL6B",0.641126496080958
"HCC","magenta","NUTF2",0.639594156961779
"HCC","magenta","TIMM22",0.637919485952339
"HCC","magenta","NPRL2",0.633295216925365
"HCC","magenta","UBTD1",0.633059944271304
"HCC","magenta","POLR3K",0.631942633443319
"HCC","magenta","TSFM",0.631220564702717
"HCC","magenta","COMMD6",0.629018204113266
"HCC","magenta","RPUSD2",0.628796494899964
"HCC","magenta","BOLA1",0.623963964204186
"HCC","magenta","CBY1",0.623620826530011
"HCC","magenta","ARPC3",0.621052945470342
"HCC","magenta","PSMB4",0.619059421962425
"HCC","magenta","ARMC7",0.616263735993741
"HCC","magenta","TMEM147",0.615492724199569
"HCC","magenta","MDH2",0.613444640639417
"HCC","magenta","CWC15",0.613063252740958
"HCC","magenta","RBM8A",0.61023430178596
"HCC","magenta","TMEM203",0.608894873995326
"HCC","magenta","POMP",0.60698738083063
"HCC","magenta","MRPL33",0.606450978262428
"HCC","magenta","FAM32A",0.60505799088593
"HCC","magenta","MRPS7",0.598748989688591
"HCC","magenta","ARL3",0.598137948195435
"HCC","magenta","ALKBH3",0.59771891370856
"HCC","magenta","MCTS1",0.594953667468936
"HCC","magenta","FTL",0.590853969949713
"HCC","magenta","DDIT3",0.586924473851332
"HCC","magenta","SEC22A",0.585765202104471
"HCC","magenta","ELOC",0.584301659631262
"HCC","magenta","SNAPC2",0.582512845790571
"HCC","magenta","C15orf61",0.581490465155224
"HCC","magenta","THAP11",0.580085141007517
"HCC","magenta","CYC1",0.578043140356197
"HCC","magenta","TSR2",0.577673054974282
"HCC","magenta","ELP6",0.571582815360409
"HCC","magenta","RCC1L",0.567226469929758
"HCC","magenta","ZDHHC16",0.564021177714408
"HCC","magenta","SLC35B1",0.563491519003208
"HCC","magenta","RPL41",0.562165765833057
"HCC","magenta","ERAL1",0.558754340667734
"HCC","magenta","FAM162A",0.557050340119191
"HCC","magenta","TRPT1",0.554346619134416
"HCC","magenta","PUS1",0.55293073137656
"HCC","magenta","TIMM9",0.549230018250228
"HCC","magenta","SDF2",0.548769859417913
"HCC","magenta","INTS15",0.547301785448224
"HCC","magenta","RTRAF",0.544797317421495
"HCC","magenta","AP1S1",0.541075621652013
"HCC","magenta","KDELR2",0.532404096260504
"HCC","magenta","ZDHHC12",0.527238850561039
"HCC","magenta","PPP1R35",0.517764440060224
"HCC","magenta","S100A10",0.517149951078757
"HCC","magenta","BAX",0.515343409609796
"HCC","magenta","SLC52A2",0.514242625750715
"HCC","magenta","DHRS7B",0.512622315756532
"HCC","magenta","BMS1",0.510394687757229
"HCC","magenta","SNX11",0.509007650484319
"HCC","magenta","ZC3HC1",0.503826130576911
"HCC","magenta","EXOSC1",0.499279247091944
"HCC","magenta","TBRG4",0.496782716183151
"HCC","magenta","PDRG1",0.49328244364655
"HCC","magenta","C1orf56",0.488933680784447
"HCC","magenta","POLR3GL",0.486781571070226
"HCC","magenta","MRPL48",0.486529595120152
"HCC","magenta","IFTAP",0.480568163080031
"HCC","magenta","TP53RK",0.47555454905069
"HCC","magenta","SHISA5",0.473902181719549
"HCC","magenta","GALT",0.473035809869518
"HCC","magenta","PPP1R12C",0.464556323688654
"HCC","magenta","CISD1",0.460093266009141
"HCC","magenta","DNAJC4",0.458163920889798
"HCC","magenta","BID",0.450130073471427
"HCC","magenta","NOP16",0.444340303448579
"HCC","magenta","ANXA11",0.443158368994096
"HCC","magenta","TFF3",0.443098008267441
"HCC","magenta","FKBP1B",0.442634532661048
"HCC","magenta","ATP5MK",0.433004563297911
"HCC","magenta","HSP90B1",0.4207220982755
"HCC","magenta","GOLGA3",0.415895039681423
"HCC","magenta","LRWD1",0.404713119367777
"HCC","magenta","REEP5",0.399934192868246
"HCC","magenta","PTDSS1",0.341365740202057
"HCC","midnightblue","ARHGEF15",0.87542226791093
"HCC","midnightblue","GJA4",0.860408304571605
"HCC","midnightblue","ADCY4",0.860215262252506
"HCC","midnightblue","ENG",0.859940089757066
"HCC","midnightblue","TMEM255B",0.855879238379719
"HCC","midnightblue","PCDH12",0.835325180132269
"HCC","midnightblue","TIE1",0.834884604657995
"HCC","midnightblue","CLEC14A",0.834144560803238
"HCC","midnightblue","RAMP3",0.833070092785361
"HCC","midnightblue","APLNR",0.83241715974871
"HCC","midnightblue","CCM2L",0.831534454897636
"HCC","midnightblue","ROBO4",0.83078092518916
"HCC","midnightblue","MMRN2",0.829320127942374
"HCC","midnightblue","CLEC3B",0.819317952929317
"HCC","midnightblue","PECAM1",0.804376292343902
"HCC","midnightblue","AQP1",0.803205984956503
"HCC","midnightblue","NOVA2",0.80132202117756
"HCC","midnightblue","BCL6B",0.795689791485196
"HCC","midnightblue","PLVAP",0.784635474948038
"HCC","midnightblue","USHBP1",0.780306699391879
"HCC","midnightblue","ESAM",0.778530031931199
"HCC","midnightblue","FLT4",0.778307011219118
"HCC","midnightblue","CD34",0.776184783781039
"HCC","midnightblue","NPDC1",0.772469952054829
"HCC","midnightblue","FAM110D",0.771724590837772
"HCC","midnightblue","EXOC3L2",0.766993537152196
"HCC","midnightblue","NOTCH4",0.7599643011768
"HCC","midnightblue","GIPC3",0.756465547146653
"HCC","midnightblue","LRRC32",0.74662364493338
"HCC","midnightblue","SOX18",0.733272968487404
"HCC","midnightblue","JAM3",0.727472468979834
"HCC","midnightblue","DIPK2B",0.727417433658811
"HCC","midnightblue","PDE2A",0.725823398166354
"HCC","midnightblue","COL4A2",0.722371125792915
"HCC","midnightblue","ARAP3",0.722099664086152
"HCC","midnightblue","RAMP2",0.71282996027315
"HCC","midnightblue","NPR1",0.712614128928059
"HCC","midnightblue","TMEM204",0.710895788070716
"HCC","midnightblue","TAL1",0.710392330778561
"HCC","midnightblue","ARHGAP31",0.709800768960523
"HCC","midnightblue","FGD5",0.704808703002762
"HCC","midnightblue","HSPA12B",0.698737751403442
"HCC","midnightblue","CNRIP1",0.696590660950327
"HCC","midnightblue","TMEM88",0.695360282729442
"HCC","midnightblue","GIMAP8",0.69414934841461
"HCC","midnightblue","NOSTRIN",0.687461221291274
"HCC","midnightblue","TCF4",0.683634220383113
"HCC","midnightblue","GAS6",0.682041312056285
"HCC","midnightblue","GSN",0.67772976390579
"HCC","midnightblue","KANK3",0.661413987408488
"HCC","midnightblue","TUBA1A",0.645722767241498
"HCC","midnightblue","COL15A1",0.644165961162792
"HCC","midnightblue","SLCO2A1",0.642294845558719
"HCC","midnightblue","GALNT15",0.633192678056917
"HCC","midnightblue","ADGRL4",0.628189106454006
"HCC","midnightblue","VASH1",0.624419654598437
"HCC","midnightblue","AIF1L",0.62374405614832
"HCC","midnightblue","TINAGL1",0.617464447070747
"HCC","midnightblue","GPR4",0.614373949646261
"HCC","midnightblue","ADAMTS7",0.61328839317443
"HCC","midnightblue","STEAP4",0.611853186522347
"HCC","midnightblue","MEF2C",0.597737742285276
"HCC","midnightblue","GJA5",0.589011852539406
"HCC","midnightblue","CALHM5",0.585544075248845
"HCC","midnightblue","ARHGAP23",0.581967507640816
"HCC","midnightblue","SYNPO",0.578828449362901
"HCC","midnightblue","ADRA2B",0.567986119786519
"HCC","midnightblue","CYGB",0.561240859400202
"HCC","midnightblue","PALD1",0.559946172258015
"HCC","midnightblue","TSPAN18",0.553438010988363
"HCC","midnightblue","AOC3",0.535292398859101
"HCC","midnightblue","PHLDA3",0.516775647654598
"HCC","midnightblue","JAM2",0.509064080179405
"HCC","midnightblue","TLE2",0.506928352426353
"HCC","midnightblue","SCN4B",0.500953395158264
"HCC","midnightblue","LOXL2",0.492939862495701
"HCC","midnightblue","CYP4V2",0.490688396425828
"HCC","midnightblue","MT1X",0.479374668571974
"HCC","midnightblue","OGDHL",0.477835611220458
"HCC","midnightblue","RCAN1",0.476122250267763
"HCC","midnightblue","LAMA4",0.474580662894749
"HCC","midnightblue","INSR",0.470368669379498
"HCC","midnightblue","FAM20A",0.470264511817383
"HCC","midnightblue","PER1",0.466666119500637
"HCC","midnightblue","CX3CL1",0.447885458923066
"HCC","midnightblue","DHODH",0.445906652722111
"HCC","midnightblue","SOX17",0.442407557746017
"HCC","midnightblue","TMEM175",0.442160917250581
"HCC","midnightblue","PLCH2",0.433438641471392
"HCC","midnightblue","ADCY1",0.425514482729167
"HCC","midnightblue","FAM107A",0.419248437762744
"HCC","midnightblue","VSIG2",0.415641307672646
"HCC","midnightblue","NAALADL2",0.394825208787947
"HCC","midnightblue","TDRD3",0.393928689489128
"HCC","midnightblue","PCDH17",0.392692376316268
"HCC","midnightblue","TSC22D3",0.389750752346718
"HCC","pink","LYRM7",0.931943497224357
"HCC","pink","ZSWIM1",0.910932857957728
"HCC","pink","YIPF4",0.901219956646894
"HCC","pink","DUSP18",0.897493657015323
"HCC","pink","KBTBD6",0.892918061809927
"HCC","pink","C9orf78",0.887136914421466
"HCC","pink","METTL16",0.876796687548419
"HCC","pink","MEMO1",0.876660777473931
"HCC","pink","ACY1",0.862592760428748
"HCC","pink","ZCRB1",0.855444297419892
"HCC","pink","EXOSC6",0.852918907322435
"HCC","pink","ZBTB8A",0.851840131109748
"HCC","pink","WIPF2",0.85005938994145
"HCC","pink","HOOK3",0.846060011215527
"HCC","pink","KIF3B",0.845763685784321
"HCC","pink","HYCC2",0.84190375421974
"HCC","pink","ZNF562",0.841518605944411
"HCC","pink","CRK",0.841159380809559
"HCC","pink","ATXN3",0.840433572529507
"HCC","pink","TAF3",0.834229510927414
"HCC","pink","PIGX",0.829765459477475
"HCC","pink","PHF20",0.819698018233712
"HCC","pink","PSMD1",0.81717681313406
"HCC","pink","MAVS",0.814603716409143
"HCC","pink","ZNF429",0.813272643857206
"HCC","pink","IGSF6",0.809781292176866
"HCC","pink","TFDP2",0.808009884539299
"HCC","pink","RBMX2",0.802598940741217
"HCC","pink","NUCKS1",0.800920646661285
"HCC","pink","PCSK7",0.796992200577971
"HCC","pink","DLG1",0.796296669408362
"HCC","pink","ZKSCAN1",0.793204785543243
"HCC","pink","PCBD2",0.789418392439503
"HCC","pink","DYNC1H1",0.788724508125127
"HCC","pink","DHX33",0.787884597862135
"HCC","pink","MIGA1",0.787229204077144
"HCC","pink","OSGEPL1",0.785371348013663
"HCC","pink","TCEANC",0.782938498741188
"HCC","pink","MCPH1",0.781045114991256
"HCC","pink","SAMHD1",0.778417588424395
"HCC","pink","SLC60A2",0.777767677141704
"HCC","pink","ZNF765",0.773811490869749
"HCC","pink","ANKRD44",0.771758851347426
"HCC","pink","GTF2I",0.770943944463881
"HCC","pink","CHST12",0.76701053229539
"HCC","pink","IFNAR1",0.766606560508762
"HCC","pink","ZBTB20",0.766295907736857
"HCC","pink","EXOSC2",0.765997380245061
"HCC","pink","GPR155",0.763195306029972
"HCC","pink","FEM1A",0.762038659980408
"HCC","pink","THUMPD3-AS1",0.760143886180738
"HCC","pink","DENND4C",0.755729619358104
"HCC","pink","BORCS7",0.754910611324491
"HCC","pink","EIF5B",0.754371021093829
"HCC","pink","C15orf40",0.750861183407157
"HCC","pink","KMT2A",0.748511059276987
"HCC","pink","PIGM",0.748508036540577
"HCC","pink","ACER3",0.748352934030549
"HCC","pink","TRIM56",0.746124323987385
"HCC","pink","ANAPC16",0.740671790785176
"HCC","pink","PGBD4",0.740204762000978
"HCC","pink","BRD4",0.737003497828028
"HCC","pink","TMEM41A",0.735619716135961
"HCC","pink","DFFA",0.734555793389724
"HCC","pink","NSUN4",0.732661815477897
"HCC","pink","KIAA0319L",0.731773894636106
"HCC","pink","SEC62",0.730164386271679
"HCC","pink","CERS5",0.729247179335457
"HCC","pink","GALM",0.725957437049304
"HCC","pink","DYM",0.725483252552465
"HCC","pink","NOS1AP",0.723294068811593
"HCC","pink","ILF3-DT",0.716745509715254
"HCC","pink","MMACHC",0.715834464677605
"HCC","pink","BRD3",0.712995997102174
"HCC","pink","MFSD11",0.712094811065028
"HCC","pink","ACBD4",0.708713031759846
"HCC","pink","DPP9",0.706071984444989
"HCC","pink","SHROOM4",0.705410616687215
"HCC","pink","RTF1",0.704570152719641
"HCC","pink","ENTPD1",0.70351340861003
"HCC","pink","HOOK2",0.701055632772564
"HCC","pink","ZNF814",0.69826904164981
"HCC","pink","ZNF836",0.694811961723911
"HCC","pink","CFLAR",0.693394292857736
"HCC","pink","PRRC2C",0.685827969251428
"HCC","pink","WDR83",0.685122237454263
"HCC","pink","ATG10",0.684248504844757
"HCC","pink","EMCN",0.683990013732643
"HCC","pink","BRD9",0.681302468443184
"HCC","pink","EMC1",0.680390247464314
"HCC","pink","LRRFIP1",0.680188610969925
"HCC","pink","NMT1",0.678371790838819
"HCC","pink","TMEM192",0.676656072246066
"HCC","pink","CSPG4",0.670227099709177
"HCC","pink","SLC38A6",0.66897608610793
"HCC","pink","PPM1K",0.668000577448261
"HCC","pink","KLHL36",0.666658211436736
"HCC","pink","CCDC32",0.658461502534812
"HCC","pink","PRXL2A",0.657914452879052
"HCC","pink","PHACTR1",0.657841087627007
"HCC","pink","DHX57",0.657309552563253
"HCC","pink","SLC35E3",0.657275312212663
"HCC","pink","ZNF451",0.652223353826373
"HCC","pink","XRRA1",0.65195750879286
"HCC","pink","ZNF395",0.65004829020965
"HCC","pink","XPNPEP3",0.647616581651805
"HCC","pink","DTX3L",0.646859111656477
"HCC","pink","QRSL1",0.646491379528866
"HCC","pink","PTPN14",0.644461873533981
"HCC","pink","IPP",0.643394308287821
"HCC","pink","UPF3A",0.643319842038558
"HCC","pink","ZNF587",0.64247969271166
"HCC","pink","PIAS2",0.637535340902262
"HCC","pink","LIAS",0.636244058961969
"HCC","pink","PRORP",0.634463082277258
"HCC","pink","CNNM2",0.633872011761728
"HCC","pink","EIF3J-DT",0.632930803400433
"HCC","pink","ERCC6L2-AS1",0.630578360825706
"HCC","pink","SCLY",0.630227901762427
"HCC","pink","METTL8",0.629127542498817
"HCC","pink","TRIM41",0.623987292772358
"HCC","pink","HSP90AA1",0.618298573022052
"HCC","pink","AAK1",0.613405863990707
"HCC","pink","RMND1",0.612084199971662
"HCC","pink","PINK1-AS",0.610395685418567
"HCC","pink","RSKR",0.61031521325901
"HCC","pink","ZBTB3",0.609570410389141
"HCC","pink","PHAX",0.609198339197116
"HCC","pink","TMT1A",0.608487713178727
"HCC","pink","SLX4",0.606754563651575
"HCC","pink","USP36",0.606062677821022
"HCC","pink","ZNF506",0.599703178482869
"HCC","pink","RNF24",0.59932494696337
"HCC","pink","DCTN1",0.59829860093183
"HCC","pink","FOXP1",0.593464252445302
"HCC","pink","ZNF121",0.589701699031519
"HCC","pink","ST3GAL2",0.589288534978442
"HCC","pink","THUMPD3",0.587044780307774
"HCC","pink","PDLIM5",0.585450054298944
"HCC","pink","PM20D2",0.585435266561443
"HCC","pink","PIGN",0.584796951708073
"HCC","pink","FILIP1",0.584779010646577
"HCC","pink","SHROOM1",0.581687775353003
"HCC","pink","ADAT1",0.581322873418104
"HCC","pink","SOX4",0.580189087393684
"HCC","pink","LRRC51",0.579014284501345
"HCC","pink","CNOT10",0.576939948489113
"HCC","pink","PRRT2",0.572859380867741
"HCC","pink","GFOD1",0.569518115449006
"HCC","pink","ZNF417",0.565795959364952
"HCC","pink","ZNF320",0.565386143998134
"HCC","pink","NOCT",0.564309141321522
"HCC","pink","PSME4",0.562988767860716
"HCC","pink","CD82",0.561106328170762
"HCC","pink","DENND4A",0.559770669079938
"HCC","pink","CDK19",0.558565103084148
"HCC","pink","BRCA1",0.556577967652709
"HCC","pink","TANGO2",0.554791509351971
"HCC","pink","KTN1-AS1",0.554408824295256
"HCC","pink","RBM6",0.550438860955395
"HCC","pink","UGGT1",0.547589848138864
"HCC","pink","ING5",0.546236453572743
"HCC","pink","SH3BP2",0.54533521914459
"HCC","pink","ERAP2",0.545005489059044
"HCC","pink","RBMS3",0.540771135362913
"HCC","pink","AK1",0.540738298223538
"HCC","pink","LARS1",0.540075074590235
"HCC","pink","SRSF8",0.536628767299756
"HCC","pink","PROSER3",0.535921016788223
"HCC","pink","APOL6",0.532809038097676
"HCC","pink","ZNF397",0.527703390752441
"HCC","pink","TNRC6C",0.525472702277394
"HCC","pink","ZNF335",0.521715673410184
"HCC","pink","ARSG",0.519558509445285
"HCC","pink","PAAF1",0.513304485256113
"HCC","pink","MAP1B",0.512492679077712
"HCC","pink","KLF6",0.508658021725554
"HCC","pink","MPHOSPH8",0.508391684496879
"HCC","pink","PIAS1",0.506483344413036
"HCC","pink","CNOT2",0.506038217640912
"HCC","pink","MLXIP",0.501288696771463
"HCC","pink","GLTP",0.501283518922863
"HCC","pink","HINFP",0.496835274400776
"HCC","pink","SRGAP1",0.494235340721708
"HCC","pink","SLU7",0.494196533488364
"HCC","pink","BTN3A2",0.492912258168454
"HCC","pink","CNTNAP3B",0.491769791075604
"HCC","pink","PRELID2",0.488617552684281
"HCC","pink","FBXL18",0.482832784116492
"HCC","pink","NFIC",0.478362114056316
"HCC","pink","DRC8",0.476832159472211
"HCC","pink","RPP38",0.476439114901928
"HCC","pink","SSBP3",0.476356630577111
"HCC","pink","ST3GAL1",0.475345992603856
"HCC","pink","MALAT1",0.474415256171018
"HCC","pink","INTS7",0.472897495836251
"HCC","pink","SRGAP3",0.470415248166009
"HCC","pink","NAB1",0.467254649098488
"HCC","pink","ATP9B",0.46635689295146
"HCC","pink","ZNF543",0.463046258987949
"HCC","pink","SMAD4",0.462295958704833
"HCC","pink","RSPH3",0.457141544997913
"HCC","pink","ZNF431",0.456214315628196
"HCC","pink","YWHAB",0.456010967652223
"HCC","pink","ST3GAL5",0.453710943390574
"HCC","pink","ZNF544",0.450805563843572
"HCC","pink","JPT2",0.4501707421008
"HCC","pink","DNAAF10",0.447870130649258
"HCC","pink","RNF170",0.439987647932556
"HCC","pink","VTI1A",0.439194386384811
"HCC","pink","ZNF592",0.43702542768663
"HCC","pink","RFX2",0.435550398032676
"HCC","pink","PPP2R3A",0.43452356235898
"HCC","pink","CDH2",0.431801644567478
"HCC","pink","CENPBD2P",0.431062630140416
"HCC","pink","ZNF791",0.426434781402522
"HCC","pink","RMDN1",0.426341027200107
"HCC","pink","SP100",0.422666212730354
"HCC","pink","DBT",0.421757386745254
"HCC","pink","CPSF2",0.421222002317241
"HCC","pink","SNAPC1",0.420309319772096
"HCC","pink","AHDC1",0.41835043908884
"HCC","pink","TSPAN14",0.415626917091894
"HCC","pink","USP40",0.415379999999989
"HCC","pink","ZNF426",0.414680374944005
"HCC","pink","ELL",0.413508219888693
"HCC","pink","CHD8",0.412317041194945
"HCC","pink","CEACAM19",0.412265144544021
"HCC","pink","CEP120",0.411303974548094
"HCC","pink","PHF14",0.410425319012641
"HCC","pink","ASB16",0.408749542729434
"HCC","pink","SSBP2",0.406224452721789
"HCC","pink","ATF7IP2",0.404982632687873
"HCC","pink","C18orf32",0.397878004365458
"HCC","pink","TMEM181",0.396882383660196
"HCC","pink","OTULIN",0.393554573984669
"HCC","pink","PEX26",0.392062075080229
"HCC","pink","CC2D2A",0.386325351092001
"HCC","pink","ZNF582",0.384419836895506
"HCC","pink","ST7L",0.383509899160838
"HCC","pink","RBM47",0.378992871086202
"HCC","pink","EIF2AK4",0.377946046322858
"HCC","pink","CAMLG",0.375700745502847
"HCC","pink","ZMYND8",0.372938416279562
"HCC","pink","NLK",0.357488790765326
"HCC","pink","ZNG1A",0.350001867870973
"HCC","pink","RTN4IP1",0.337051249560259
"HCC","pink","FHIP2A",0.335616236196328
"HCC","pink","ZMAT3",0.325445687544942
"HCC","pink","FZD3",0.322134555815699
"HCC","pink","USP3",0.307641736814021
"HCC","pink","ARL14EP",0.305048269115372
"HCC","pink","ZNF24",0.300409933349301
"HCC","pink","ZBTB24",0.29939536206344
"HCC","purple","LDHD",0.844540181699552
"HCC","purple","AZGP1",0.833384110798872
"HCC","purple","HAGH",0.804673009968341
"HCC","purple","GRHPR",0.784285735161268
"HCC","purple","CES2",0.780607826141679
"HCC","purple","ECHDC2",0.775941076952784
"HCC","purple","TMEM176B",0.774975917434175
"HCC","purple","TST",0.773196178014156
"HCC","purple","CLYBL",0.7687772430112
"HCC","purple","HMGCL",0.765890747768847
"HCC","purple","TTC36",0.763683392033927
"HCC","purple","NHERF2",0.754526020017282
"HCC","purple","HSD17B10",0.747934877411106
"HCC","purple","REEP6",0.741923891254469
"HCC","purple","IVD",0.738798399753465
"HCC","purple","GPD1",0.738487203760422
"HCC","purple","GCDH",0.738208149656739
"HCC","purple","GOT2",0.737411050285059
"HCC","purple","PCK2",0.734793720347608
"HCC","purple","HAAO",0.733124404869573
"HCC","purple","SERPING1",0.732685861448303
"HCC","purple","SLC6A13",0.721858312939456
"HCC","purple","PEMT",0.718843109947581
"HCC","purple","NIT2",0.717808604285973
"HCC","purple","LIMS2",0.716965754284132
"HCC","purple","DCAF11",0.716745305507009
"HCC","purple","ALDH4A1",0.711939267354365
"HCC","purple","PEBP1",0.707709354221179
"HCC","purple","CTSF",0.707510798206165
"HCC","purple","ANG",0.706403283991422
"HCC","purple","TOLLIP",0.695887777167998
"HCC","purple","CD14",0.691360890802533
"HCC","purple","ADI1",0.689426049397473
"HCC","purple","HYAL1",0.688958341473463
"HCC","purple","MLYCD",0.688385008775996
"HCC","purple","HADH",0.684813272659799
"HCC","purple","ECI2",0.683990610511883
"HCC","purple","CYP27A1",0.682798551600175
"HCC","purple","HPR",0.6825635724078
"HCC","purple","MSRA",0.680634950534228
"HCC","purple","ALDH1B1",0.679042357360396
"HCC","purple","QDPR",0.675801236090862
"HCC","purple","SOD1",0.674802191990838
"HCC","purple","FAHD2A",0.674794408992945
"HCC","purple","GPT",0.673171436864939
"HCC","purple","BDH1",0.672721662561602
"HCC","purple","C3",0.66838647467437
"HCC","purple","LCAT",0.667754159656365
"HCC","purple","SPRYD4",0.66304402525786
"HCC","purple","CDH23",0.66184421443913
"HCC","purple","OAF",0.660068985702248
"HCC","purple","DHRS1",0.65830032061358
"HCC","purple","CYP2D6",0.657782594972318
"HCC","purple","FCGRT",0.657324454076641
"HCC","purple","FABP4",0.646319232430853
"HCC","purple","SIRT3",0.644587884575197
"HCC","purple","NDRG2",0.639034792389573
"HCC","purple","CYP2J2",0.638411221765601
"HCC","purple","TTC38",0.637989070546983
"HCC","purple","AIG1",0.636212020172408
"HCC","purple","KDM8",0.63554127349976
"HCC","purple","COPZ2",0.635363497667863
"HCC","purple","TMEM176A",0.634211246075609
"HCC","purple","ETFDH",0.633455952039661
"HCC","purple","ANXA6",0.630990729191708
"HCC","purple","EPHX1",0.630066095264674
"HCC","purple","TKFC",0.626559416327744
"HCC","purple","ARSD",0.622428778146678
"HCC","purple","AKR7A3",0.616932126823679
"HCC","purple","SLC25A34",0.610339945007974
"HCC","purple","FBXO2",0.610003963049188
"HCC","purple","CPN2",0.608976068382883
"HCC","purple","PCCB",0.606479010320115
"HCC","purple","PNPLA7",0.606458464046221
"HCC","purple","EBNA1BP2",0.60394688734627
"HCC","purple","VPS37D",0.60114030349158
"HCC","purple","SELENBP1",0.600409003768575
"HCC","purple","AR",0.593489241335923
"HCC","purple","C1R",0.587109996916709
"HCC","purple","GSTK1",0.585296618123223
"HCC","purple","TK2",0.581983063723041
"HCC","purple","MOCS1",0.578068465347635
"HCC","purple","SLC25A42",0.574648764884183
"HCC","purple","C19orf12",0.574079520979168
"HCC","purple","F10",0.573516159800231
"HCC","purple","PNPLA4",0.572372536510523
"HCC","purple","PITPNM2",0.57141400179454
"HCC","purple","CGNL1",0.571324629674323
"HCC","purple","CPT2",0.568330648835261
"HCC","purple","FGGY",0.568171161996235
"HCC","purple","FNDC5",0.562816258538946
"HCC","purple","OAZ2",0.562730044365089
"HCC","purple","CYB5D2",0.560248043458618
"HCC","purple","RORC",0.554448767199518
"HCC","purple","IGFALS",0.552520634631944
"HCC","purple","MAP1LC3A",0.549670503888414
"HCC","purple","DECR1",0.54941318500881
"HCC","purple","PPIF",0.549275007086185
"HCC","purple","ELFN1",0.546919422779354
"HCC","purple","SLC37A4",0.545847551864719
"HCC","purple","COMT",0.54323520178552
"HCC","purple","SELENOP",0.54192887023822
"HCC","purple","VTN",0.541606076550353
"HCC","purple","COQ10A",0.54133423420244
"HCC","purple","ASS1",0.539775159819722
"HCC","purple","CLU",0.53899160837086
"HCC","purple","SLC25A20",0.538888076985154
"HCC","purple","SDHA",0.537500433119884
"HCC","purple","ASB13",0.53544499849057
"HCC","purple","TSPAN9",0.534742716779913
"HCC","purple","LRRC3",0.533152665747115
"HCC","purple","COL18A1",0.526110440816221
"HCC","purple","MMAA",0.525372603621894
"HCC","purple","NUDT16",0.521256974464594
"HCC","purple","SPDYC",0.518160316289821
"HCC","purple","MGST2",0.515086521346699
"HCC","purple","ATXN7L1",0.510398195776221
"HCC","purple","MIMS2",0.508310014227734
"HCC","purple","FNDC4",0.507621568788808
"HCC","purple","BMERB1",0.502320186404345
"HCC","purple","ACADVL",0.500413814670455
"HCC","purple","EPHX2",0.497165657262308
"HCC","purple","TANGO6",0.496240675343471
"HCC","purple","ECHDC3",0.494210714035813
"HCC","purple","ADK",0.493839838242203
"HCC","purple","CUX1",0.493160131825773
"HCC","purple","BTD",0.490471634896531
"HCC","purple","SLC47A1",0.490466067653096
"HCC","purple","DRG2",0.489264775235812
"HCC","purple","PC",0.48736474644911
"HCC","purple","HJV",0.481985841179431
"HCC","purple","TCTA",0.4801305334726
"HCC","purple","CES4A",0.478811036972898
"HCC","purple","ST7",0.478129549176378
"HCC","purple","RETREG1",0.47788479091404
"HCC","purple","GATB",0.476051601416725
"HCC","purple","TSKU",0.474854882629092
"HCC","purple","IQCN",0.467279393986517
"HCC","purple","PLIN4",0.461508048800284
"HCC","purple","CEBPB",0.455460451461659
"HCC","purple","MAPRE3",0.451428564218177
"HCC","purple","GCC1",0.446429898765151
"HCC","purple","TXNDC11",0.435119792175925
"HCC","purple","CLDN15",0.426550147963386
"HCC","purple","LRP1",0.353970408352388
"HCC","red","LAPTM5",0.934039742563696
"HCC","red","TYROBP",0.922612150057875
"HCC","red","SELPLG",0.90770444874172
"HCC","red","LST1",0.903095739691032
"HCC","red","AIF1",0.902009345557302
"HCC","red","ABI3",0.891630831544833
"HCC","red","ATP2A3",0.884349056495638
"HCC","red","ARHGDIB",0.884163546199866
"HCC","red","PARVG",0.882861589437557
"HCC","red","CYTH4",0.882435998460366
"HCC","red","UCP2",0.881799998931117
"HCC","red","FGD3",0.879765965717409
"HCC","red","C1QB",0.878396374458005
"HCC","red","MYO1F",0.878097105824499
"HCC","red","TBXAS1",0.878035203443964
"HCC","red","S100A4",0.87101389118166
"HCC","red","C1QA",0.868876494016412
"HCC","red","NCF4",0.867358959577549
"HCC","red","CMKLR1",0.865569030688397
"HCC","red","PLEKHO1",0.864593713402065
"HCC","red","NFAM1",0.863796856289068
"HCC","red","SPI1",0.863076012048864
"HCC","red","CD52",0.859343640858797
"HCC","red","SYK",0.856881141959028
"HCC","red","GLIPR2",0.855652968720342
"HCC","red","LTB",0.850253140590956
"HCC","red","GMFG",0.84995298378807
"HCC","red","CORO1A",0.847573401623468
"HCC","red","CD37",0.845945956686761
"HCC","red","PTAFR",0.845462977488314
"HCC","red","C1orf162",0.84369668289294
"HCC","red","LGALS9",0.841706278836866
"HCC","red","DOK1",0.841304040068895
"HCC","red","MPEG1",0.839070873274885
"HCC","red","FERMT3",0.838227256846316
"HCC","red","PLEKHO2",0.837058335667124
"HCC","red","LAIR1",0.834807449525207
"HCC","red","GPSM3",0.833629289575437
"HCC","red","TMC6",0.827795292551425
"HCC","red","EMP3",0.824024083894128
"HCC","red","FXYD5",0.82293286435965
"HCC","red","INPP5D",0.82217862339282
"HCC","red","COTL1",0.820266346930425
"HCC","red","ARHGAP9",0.817894527343037
"HCC","red","RNASE6",0.817313563517161
"HCC","red","HLA-DPB1",0.815902093167424
"HCC","red","GSTP1",0.815176025133548
"HCC","red","AOAH",0.815051260862258
"HCC","red","IL2RG",0.814291876909936
"HCC","red","VSIR",0.813514713662566
"HCC","red","LSP1",0.813387525700324
"HCC","red","FAM78A",0.813024776120948
"HCC","red","HAPLN3",0.812857200371979
"HCC","red","TBC1D10C",0.811747026739142
"HCC","red","AXL",0.810699730863052
"HCC","red","WAS",0.804670180977046
"HCC","red","SIGLEC1",0.803351343550611
"HCC","red","LIMD2",0.799243205956412
"HCC","red","CCL5",0.796882589701041
"HCC","red","APOBEC3C",0.795890100647286
"HCC","red","LAT2",0.793451119296284
"HCC","red","GZMM",0.791313266430428
"HCC","red","MICAL1",0.791160358497255
"HCC","red","CSF1R",0.789278541662198
"HCC","red","PDE1B",0.788248629746063
"HCC","red","LRRC25",0.785747507632946
"HCC","red","SPOCK2",0.782659514236935
"HCC","red","UNC13D",0.782319542534627
"HCC","red","CYBB",0.778922428847798
"HCC","red","ALOX5AP",0.776088580500568
"HCC","red","GNA15",0.771404585812713
"HCC","red","IGHA1",0.77099547271061
"HCC","red","MRC2",0.769690240539238
"HCC","red","SLAMF8",0.764714078369324
"HCC","red","TNFRSF18",0.762976570121032
"HCC","red","GBGT1",0.762412213317366
"HCC","red","S100A11",0.756764817448316
"HCC","red","FMNL1",0.755851823052474
"HCC","red","ADAP2",0.755628119652728
"HCC","red","STAB1",0.748064012054813
"HCC","red","MAP3K6",0.748009790261602
"HCC","red","FCER1G",0.742416115130258
"HCC","red","ARHGAP15",0.742353859498022
"HCC","red","CST7",0.741733948001099
"HCC","red","CMTM3",0.741359297700636
"HCC","red","ITPKB",0.738848518650045
"HCC","red","TNFRSF1B",0.735219010687482
"HCC","red","SDC3",0.733634707650806
"HCC","red","GAL3ST4",0.731982688632064
"HCC","red","DENND3",0.729504561803196
"HCC","red","ADA2",0.729019764302996
"HCC","red","ARHGAP45",0.723544929726132
"HCC","red","CD7",0.722523268203534
"HCC","red","GAS7",0.719816995063479
"HCC","red","JAML",0.718930809089254
"HCC","red","SLC15A3",0.717186980539349
"HCC","red","DPEP2",0.714525087044916
"HCC","red","NKG7",0.712334766049433
"HCC","red","LRRK1",0.707561262308388
"HCC","red","FHOD1",0.706676449460372
"HCC","red","LILRB1",0.70526990505106
"HCC","red","PTGS1",0.694048151611655
"HCC","red","PPP1R18",0.686912004647002
"HCC","red","SLC44A2",0.686795857715819
"HCC","red","LCP1",0.682873911246539
"HCC","red","CPNE5",0.678619166811078
"HCC","red","NAGK",0.678598475375403
"HCC","red","STK10",0.67515226860614
"HCC","red","EMILIN2",0.67342854152337
"HCC","red","RNF166",0.67226893498511
"HCC","red","TNFRSF14",0.668522555516041
"HCC","red","BATF3",0.666774701568324
"HCC","red","IKBKE",0.665963548909035
"HCC","red","NFKBID",0.66254509553319
"HCC","red","FCN1",0.651864979183337
"HCC","red","IGKC",0.649774638056684
"HCC","red","MFNG",0.647396936252169
"HCC","red","SLC2A6",0.645903854226959
"HCC","red","S100A6",0.639932595048673
"HCC","red","DGKZ",0.63540474100675
"HCC","red","ST6GALNAC4",0.634838894715974
"HCC","red","METRNL",0.627199093659152
"HCC","red","DENND2D",0.625298814836675
"HCC","red","NFATC1",0.620422348517617
"HCC","red","PILRA",0.613738554163716
"HCC","red","FOLR2",0.610067156306411
"HCC","red","ANKRD13D",0.608559120184099
"HCC","red","ZNF385A",0.605431635625547
"HCC","red","STAT4",0.602573027366097
"HCC","red","FSCN1",0.601843230694834
"HCC","red","RASGRP2",0.597164584723432
"HCC","red","PLAAT4",0.59499370468044
"HCC","red","CBFA2T3",0.584121546778854
"HCC","red","HIC1",0.583188301711678
"HCC","red","ENDOD1",0.581525536387202
"HCC","red","PTPN6",0.581271240040354
"HCC","red","IGHG1",0.579127527897985
"HCC","red","PPP1R16B",0.577974821207249
"HCC","red","ADA",0.572906179235552
"HCC","red","VASP",0.572170883661638
"HCC","red","SUSD2",0.566057539062974
"HCC","red","JUNB",0.562151926974068
"HCC","red","NAV1",0.559372177899188
"HCC","red","RNASE1",0.558995094334442
"HCC","red","RIPOR1",0.558004237129073
"HCC","red","S100A9",0.557493156174753
"HCC","red","SLC1A5",0.557369097993086
"HCC","red","RIPOR2",0.552234581613124
"HCC","red","PSMB9",0.552013253517557
"HCC","red","RPS6KA1",0.551130199388481
"HCC","red","SLC16A5",0.550712134091907
"HCC","red","PLAUR",0.549725710259365
"HCC","red","NBEAL2",0.542843570929596
"HCC","red","IL32",0.54216048126555
"HCC","red","FBLN1",0.539449033352511
"HCC","red","CMTM7",0.534018734695065
"HCC","red","ATP13A2",0.531337418571969
"HCC","red","GBP4",0.526693537446154
"HCC","red","NNMT",0.523948726123199
"HCC","red","LY6E",0.520377650291861
"HCC","red","SPECC1",0.516142812711918
"HCC","red","SPACA6",0.515301420838538
"HCC","red","EZR",0.512329837676859
"HCC","red","SLC9A1",0.508591584134313
"HCC","red","MUC1",0.50827073985606
"HCC","red","NXPE3",0.505654838165771
"HCC","red","APOL3",0.505222253518475
"HCC","red","GPR162",0.504463862277552
"HCC","red","PKM",0.504277215608684
"HCC","red","TGFB1",0.503110679469348
"HCC","red","ITGAM",0.502387397511255
"HCC","red","SRPX2",0.500595435432298
"HCC","red","PTP4A3",0.499612218614883
"HCC","red","ZNF266",0.498911243452001
"HCC","red","ARHGEF3",0.4983122912821
"HCC","red","CHD3",0.497266513486829
"HCC","red","CSF1",0.49679293518899
"HCC","red","KCNAB2",0.494025449094781
"HCC","red","TMED3",0.492776067358276
"HCC","red","BLVRA",0.490802883054939
"HCC","red","MVP",0.490359959039251
"HCC","red","KLF2",0.487483386776076
"HCC","red","ARHGEF2",0.482658647277185
"HCC","red","U2AF1L4",0.477514230597962
"HCC","red","ARHGAP10",0.476240982401734
"HCC","red","SLC2A3",0.475830387885251
"HCC","red","IL10RB",0.47153855527978
"HCC","red","TRPM4",0.471003756909084
"HCC","red","APOL1",0.47059572483568
"HCC","red","IMPDH1",0.467623661989591
"HCC","red","OSBPL7",0.465952356119078
"HCC","red","STAT2",0.464592314784388
"HCC","red","KCNQ1",0.464269016575925
"HCC","red","MX2",0.462077549974976
"HCC","red","ALDH3B1",0.461985708799934
"HCC","red","ADAMTS10",0.461409567863337
"HCC","red","FABP3",0.461310540320558
"HCC","red","LILRB5",0.459408421878762
"HCC","red","NOTCH1",0.456737717694541
"HCC","red","ENO2",0.453965192072332
"HCC","red","TLE3",0.452585865881232
"HCC","red","COLGALT1",0.451937690483525
"HCC","red","IFITM2",0.45018884307642
"HCC","red","PIM2",0.449745284818643
"HCC","red","CD209",0.448623501839434
"HCC","red","DTNBP1",0.446395127715287
"HCC","red","PRMT2",0.444341374217997
"HCC","red","SDCBP2",0.441757171453419
"HCC","red","KCNC4",0.440347848985553
"HCC","red","PRDM2",0.439961097267533
"HCC","red","TPPP3",0.437250361720017
"HCC","red","P3H2",0.436592826507841
"HCC","red","ARHGAP27",0.435275026004544
"HCC","red","SLC7A8",0.434929431232156
"HCC","red","PLXDC1",0.434494510394191
"HCC","red","SLC45A4",0.433359793887803
"HCC","red","PLD2",0.430505873348521
"HCC","red","DTX4",0.43005632041788
"HCC","red","VEGFB",0.429460065911077
"HCC","red","RRAD",0.427979171386713
"HCC","red","FRMD4A",0.425635043370729
"HCC","red","C2CD2",0.425085435479275
"HCC","red","RAB34",0.424255448567006
"HCC","red","NRAP",0.424126368612229
"HCC","red","HLA-F",0.423297635658195
"HCC","red","C5AR1",0.422452051835347
"HCC","red","ADPRH",0.422171480658182
"HCC","red","SIRPA",0.421589864597065
"HCC","red","SECTM1",0.419628316795512
"HCC","red","LY96",0.418143296884562
"HCC","red","HBEGF",0.417619247598792
"HCC","red","C8orf58",0.416777537416757
"HCC","red","SPHK1",0.410120332792577
"HCC","red","CLIP3",0.404692546520276
"HCC","red","MOB3C",0.403566884012676
"HCC","red","RALB",0.402322978986317
"HCC","red","C14orf132",0.400967032182816
"HCC","red","PARVA",0.400648580999768
"HCC","red","FKBP10",0.399459198736758
"HCC","red","ODF2L",0.399142955579378
"HCC","red","ZNF783",0.39790502761019
"HCC","red","CHMP7",0.390677243156643
"HCC","red","MT1H",0.389063399407868
"HCC","red","A4GALT",0.387322566978914
"HCC","red","MFSD12",0.386994528619864
"HCC","red","RASSF1",0.385715965406134
"HCC","red","EGFLAM",0.382804572164207
"HCC","red","IRAK4",0.381537842288657
"HCC","red","IFITM3",0.380350590768855
"HCC","red","RAB27A",0.379338113785293
"HCC","red","PPFIBP2",0.37760095395336
"HCC","red","REEP4",0.375184003425617
"HCC","red","PARP8",0.374785059266778
"HCC","red","POU6F1",0.369657938002066
"HCC","red","POPDC2",0.368813615694079
"HCC","red","PDLIM2",0.368011714865293
"HCC","red","FEZ1",0.366251729600052
"HCC","red","DOC2B",0.365165275354457
"HCC","red","LRP10",0.361037199446096
"HCC","red","MDFIC",0.359669861426024
"HCC","red","FHIP2B",0.359586336825367
"HCC","red","CYP46A1",0.359553990951857
"HCC","red","AMOTL1",0.356911980028205
"HCC","red","POFUT4",0.356335507278011
"HCC","red","PAPLN",0.356051546429545
"HCC","red","PCP2",0.35396598753691
"HCC","red","MARCHF9",0.352741887160227
"HCC","red","ETV5",0.351599217882639
"HCC","red","HPS1",0.351158884106567
"HCC","red","LIMK1",0.350970846278121
"HCC","red","SERTAD3",0.350646080756824
"HCC","red","ADGRG1",0.349531263861403
"HCC","red","FAHD2B",0.343110868373822
"HCC","red","RASGRP3",0.341650620555132
"HCC","red","MAPK12",0.341459659120321
"HCC","red","SLC25A45",0.337637129859317
"HCC","red","PPP1R1A",0.333816683858435
"HCC","red","CD59",0.332043202506262
"HCC","red","CYFIP2",0.329849573968313
"HCC","red","CCDC149",0.327437983216949
"HCC","red","IDH2",0.327403386229633
"HCC","red","DBN1",0.327216452236588
"HCC","red","ZNF438",0.327099505089808
"HCC","red","NXN",0.326722249294615
"HCC","red","SLC39A4",0.326312365867474
"HCC","red","PGM5",0.325181211759215
"HCC","red","SCAMP5",0.322743216924324
"HCC","red","RUBCN",0.321108525864841
"HCC","red","FAM229B",0.320245506710836
"HCC","red","ADARB1",0.31897613451166
"HCC","red","MT1M",0.318878385896051
"HCC","red","DTX1",0.317107753949852
"HCC","red","NECAP2",0.314810364760048
"HCC","red","PDZK1IP1",0.314664519820727
"HCC","red","RBPMS",0.314582715976557
"HCC","red","SRPK3",0.314359647627167
"HCC","red","MT1F",0.310650438737035
"HCC","red","STS",0.309196933672999
"HCC","red","FBXO6",0.308964184709566
"HCC","red","ANKDD1A",0.308813813136483
"HCC","red","BACE2",0.307668618233846
"HCC","red","SEC31B",0.293010780570738
"HCC","royalblue","DCAF5",0.882941760084807
"HCC","royalblue","PPP4R3A",0.834870847254822
"HCC","royalblue","YLPM1",0.828727418422591
"HCC","royalblue","SLC39A9",0.819775808006453
"HCC","royalblue","NUMB",0.818359275349969
"HCC","royalblue","NEK9",0.813899083125225
"HCC","royalblue","VTI1B",0.801657975625446
"HCC","royalblue","SNW1",0.783009267626852
"HCC","royalblue","ZC3H14",0.776826685641175
"HCC","royalblue","EXD2",0.773797796909457
"HCC","royalblue","PPP2R5C",0.770889626747069
"HCC","royalblue","TRIP11",0.747272122781062
"HCC","royalblue","EIF2S1",0.745848018697946
"HCC","royalblue","BAG5",0.737518432808572
"HCC","royalblue","PCNX1",0.730566887828267
"HCC","royalblue","ABCD4",0.722960309762776
"HCC","royalblue","MAX",0.712487602050155
"HCC","royalblue","ATP6V1D",0.712313101035842
"HCC","royalblue","SIPA1L1",0.7014677397029
"HCC","royalblue","DDX24",0.695355373897425
"HCC","royalblue","TRMT5",0.678143476739037
"HCC","royalblue","COQ6",0.674748340070755
"HCC","royalblue","MLH3",0.650189050490935
"HCC","royalblue","ACOT2",0.635970963251342
"HCC","royalblue","KIAA0586",0.633307447440034
"HCC","royalblue","TTC8",0.614936435840741
"HCC","royalblue","TMEM260",0.595771756154488
"HCC","royalblue","UBR7",0.574567124088132
"HCC","royalblue","ZFYVE21",0.571270562680715
"HCC","royalblue","SPTLC2",0.560392949628273
"HCC","royalblue","ATG14",0.554581587430691
"HCC","royalblue","AREL1",0.550592176693008
"HCC","royalblue","PSEN1",0.541177110108939
"HCC","royalblue","DPF3",0.540123848485763
"HCC","royalblue","SAV1",0.536783331920255
"HCC","royalblue","MATN2",0.523271310620084
"HCC","royalblue","DMAC2L",0.521140569273869
"HCC","royalblue","EIF2B2",0.50809503955155
"HCC","royalblue","DCAF4",0.500680493016585
"HCC","royalblue","ZFYVE26",0.49028963562112
"HCC","royalblue","DCP1B",0.486251880708857
"HCC","royalblue","ISCA2",0.454162283690199
"HCC","royalblue","TOR1B",0.438827311353801
"HCC","salmon","CDC5L",0.902931926854535
"HCC","salmon","BRPF3",0.902737184204449
"HCC","salmon","PPP2R5D",0.888861412421266
"HCC","salmon","RPL7L1",0.886830166958195
"HCC","salmon","BRD2",0.876926117267773
"HCC","salmon","ZFAND3",0.871784096136782
"HCC","salmon","PPP1R11",0.871255333828754
"HCC","salmon","TBCC",0.866622258536299
"HCC","salmon","KCTD20",0.863575775435494
"HCC","salmon","ABT1",0.856592733509113
"HCC","salmon","KIF13A",0.854860813235965
"HCC","salmon","MED20",0.854176072312498
"HCC","salmon","UBR2",0.840757038010017
"HCC","salmon","SNRNP48",0.840583782284799
"HCC","salmon","DHX16",0.835737970660798
"HCC","salmon","GTPBP2",0.829805425619652
"HCC","salmon","C6orf47",0.828517519092278
"HCC","salmon","ZNF184",0.827899552909451
"HCC","salmon","DSP",0.823384189036807
"HCC","salmon","NFYA",0.817488081461552
"HCC","salmon","MRPS18A",0.816525788451357
"HCC","salmon","ZNF76",0.805178510233732
"HCC","salmon","MAPK14",0.804093537867031
"HCC","salmon","AGPAT1",0.797154950117548
"HCC","salmon","ZSCAN9",0.795267462417222
"HCC","salmon","ABCC10",0.794194927413286
"HCC","salmon","SLC35B2",0.793301863193944
"HCC","salmon","MRPS10",0.781028479109404
"HCC","salmon","ZNF318",0.77797925570901
"HCC","salmon","ANKS1A",0.773863939116272
"HCC","salmon","TEAD3",0.76860586623791
"HCC","salmon","BICRAL",0.76770007583389
"HCC","salmon","ZNF322",0.757519807661311
"HCC","salmon","H2BC12",0.752361719791555
"HCC","salmon","RIOK1",0.740424662074445
"HCC","salmon","PBX2",0.738704593395788
"HCC","salmon","OARD1",0.736461941949833
"HCC","salmon","ATF6B",0.734786070457717
"HCC","salmon","FBXO9",0.723411243681948
"HCC","salmon","HSP90AB1",0.716079257519309
"HCC","salmon","SNHG32",0.714084216374603
"HCC","salmon","TRIM26",0.705933197941598
"HCC","salmon","MAD2L1BP",0.688597014860106
"HCC","salmon","ELOVL2",0.679238502328348
"HCC","salmon","BPHL",0.677221489882176
"HCC","salmon","RNF5",0.675022504248904
"HCC","salmon","CMTR1",0.673785164413933
"HCC","salmon","PRRC2A",0.669094977329576
"HCC","salmon","MTCH1",0.666958017232862
"HCC","salmon","ACOT13",0.664134946954193
"HCC","salmon","ACOT1",0.657703196511377
"HCC","salmon","RIPK1",0.64951686314157
"HCC","salmon","BAG6",0.648360550060137
"HCC","salmon","TBC1D22B",0.647245684641312
"HCC","salmon","FRS3",0.638449266472643
"HCC","salmon","ZBTB22",0.632640737466957
"HCC","salmon","SAYSD1",0.61606679576241
"HCC","salmon","RALGPS2",0.615695598825471
"HCC","salmon","POLH",0.610596477066162
"HCC","salmon","ZSCAN26",0.609440367756486
"HCC","salmon","C1orf115",0.59622824707374
"HCC","salmon","COX20",0.587811397403992
"HCC","salmon","SIRT5",0.585006938909737
"HCC","salmon","SAPCD1",0.578457864471613
"HCC","salmon","PHF1",0.569507136128188
"HCC","salmon","ZNF585A",0.562985298825405
"HCC","salmon","SRF",0.560530578372998
"HCC","salmon","JARID2",0.559632966678813
"HCC","salmon","HSPA1A",0.559234798855152
"HCC","salmon","ZNF134",0.556943066407362
"HCC","salmon","PPARD",0.55494806038967
"HCC","salmon","TPMT",0.550979274177138
"HCC","salmon","CDYL",0.550350225301765
"HCC","salmon","ZNF555",0.538060809240285
"HCC","salmon","ZNF585B",0.537670982413658
"HCC","salmon","TAF8",0.522543319078399
"HCC","salmon","ERF",0.519039928579161
"HCC","salmon","SKI",0.518382879130565
"HCC","salmon","SLC29A1",0.51629988276539
"HCC","salmon","PHF13",0.514793374032631
"HCC","salmon","ZNF772",0.510746149609238
"HCC","salmon","SLC39A7",0.510135260907971
"HCC","salmon","BYSL",0.496095761308006
"HCC","salmon","TJAP1",0.493831372670432
"HCC","salmon","H2BC4",0.488004466775822
"HCC","salmon","SSR1",0.487475209181313
"HCC","salmon","SUMF2",0.486645629909806
"HCC","salmon","LDLRAD4",0.48265814716905
"HCC","salmon","MDC1",0.480034825454006
"HCC","salmon","MCUR1",0.469388560172871
"HCC","salmon","EDN1",0.46920969653542
"HCC","salmon","SLC25A27",0.466584807306838
"HCC","salmon","MRS2",0.462273374480112
"HCC","salmon","CDS2",0.452377738733902
"HCC","salmon","CTBP1-DT",0.449466896722895
"HCC","salmon","WDR33",0.439926123865994
"HCC","salmon","PACSIN2",0.4375055312181
"HCC","salmon","CUL7",0.435719300570129
"HCC","salmon","GLO1",0.420025002134102
"HCC","salmon","NET1",0.404448370387324
"HCC","salmon","INO80E",0.404238572439157
"HCC","salmon","ZNF808",0.395913588190609
"HCC","salmon","ZGPAT",0.392979909910745
"HCC","salmon","TRIM24",0.388254906720975
"HCC","salmon","NOP14",0.388220344715274
"HCC","salmon","HEXIM1",0.387042906458541
"HCC","salmon","SYPL2",0.383769960245529
"HCC","salmon","ATF6",0.377025420009687
"HCC","salmon","H3C6",0.373841439033414
"HCC","salmon","ZNF74",0.373308213794463
"HCC","tan","GLUL",0.913160199668608
"HCC","tan","AXIN2",0.905920063179197
"HCC","tan","TBX3",0.892958716390414
"HCC","tan","ZNF503",0.871922983696041
"HCC","tan","HLF",0.83317471900233
"HCC","tan","ZNRF3",0.827580792261388
"HCC","tan","TNFRSF19",0.817163044856705
"HCC","tan","ROCK2",0.808320932742178
"HCC","tan","SP5",0.805059535137342
"HCC","tan","BMP4",0.797618722434048
"HCC","tan","MAP3K8",0.781613413153104
"HCC","tan","STARD13",0.779824003826527
"HCC","tan","NEK3",0.77245488822685
"HCC","tan","CPPED1",0.772169129883204
"HCC","tan","DPP4",0.770094309223419
"HCC","tan","CDK6",0.769715731948038
"HCC","tan","SPARCL1",0.764916490883829
"HCC","tan","RNF43",0.76290945486059
"HCC","tan","TTC9",0.755835241374532
"HCC","tan","LAMA3",0.755305565977707
"HCC","tan","AMER1",0.751068627194643
"HCC","tan","DAAM1",0.750871401623106
"HCC","tan","CYB5B",0.741013785087129
"HCC","tan","NADK2",0.732875798695148
"HCC","tan","CRLS1",0.732667560957693
"HCC","tan","CD36",0.732480848589437
"HCC","tan","RHOBTB1",0.727310126373476
"HCC","tan","PARD3B",0.727244785040738
"HCC","tan","AOX1",0.720906939851844
"HCC","tan","PANX1",0.720207170966105
"HCC","tan","TRIB2",0.720021049703073
"HCC","tan","TIMM17A",0.71928440107193
"HCC","tan","VEGFD",0.719129628209134
"HCC","tan","SIAH2",0.716209510024006
"HCC","tan","WASHC3",0.715520502187396
"HCC","tan","DUT",0.71215181187518
"HCC","tan","SH3BP4",0.711159593807751
"HCC","tan","GPHN",0.710759699237746
"HCC","tan","GLT8D1",0.708392118301286
"HCC","tan","ANKRD37",0.707189624242857
"HCC","tan","TEC",0.706513357317943
"HCC","tan","ACSS3",0.705033990554297
"HCC","tan","SLC38A11",0.702234080362595
"HCC","tan","HABP4",0.702040160996435
"HCC","tan","COBLL1",0.70170977368747
"HCC","tan","GREB1",0.69193710869577
"HCC","tan","ALDH3A2",0.690985504694839
"HCC","tan","ABCG2",0.685810713956015
"HCC","tan","THSD1",0.684632205426799
"HCC","tan","RASL10B",0.679779083798765
"HCC","tan","TBC1D9",0.678917462929918
"HCC","tan","STRIP1",0.677644976290524
"HCC","tan","CHN2",0.657224253478784
"HCC","tan","ACSL5",0.656922068687107
"HCC","tan","H2AC6",0.651360251918049
"HCC","tan","RNF217",0.646214800450233
"HCC","tan","DISP1",0.646148455915457
"HCC","tan","FITM2",0.643715390097104
"HCC","tan","EBPL",0.636432469118107
"HCC","tan","PACRG",0.632473467645568
"HCC","tan","GRK3",0.625146256609724
"HCC","tan","PHLDA1",0.619279705840431
"HCC","tan","MME",0.617801966791752
"HCC","tan","PREB",0.615242941425484
"HCC","tan","CBR1",0.612373835190037
"HCC","tan","HSDL2",0.611135134076598
"HCC","tan","PHLPP1",0.607829027454753
"HCC","tan","SLC25A13",0.600859011469292
"HCC","tan","NUDT6",0.599510234362492
"HCC","tan","IFT70A",0.595509505868161
"HCC","tan","ACTN2",0.592182235626048
"HCC","tan","BAMBI",0.587350507087471
"HCC","tan","PRKAA2",0.583914758361143
"HCC","tan","PLEKHA8",0.575736068141425
"HCC","tan","DNAJA2",0.574320579811648
"HCC","tan","ADRB2",0.567008285821055
"HCC","tan","ARLN",0.566617324550154
"HCC","tan","SHLD2",0.560335563042755
"HCC","tan","IGSF8",0.559733649997388
"HCC","tan","VAMP3",0.554979456269837
"HCC","tan","MID1",0.541707255173001
"HCC","tan","ARSB",0.53888260524742
"HCC","tan","LPCAT2",0.538147560885132
"HCC","tan","BRD7",0.536863011069481
"HCC","tan","LMOD1",0.535091604804814
"HCC","tan","FAM43A",0.53441819468251
"HCC","tan","TSPAN5",0.528652165587899
"HCC","tan","ZHX2",0.526702317067597
"HCC","tan","DNAJC12",0.521796338574182
"HCC","tan","CELSR1",0.521685164135647
"HCC","tan","FRMD3",0.519862174354574
"HCC","tan","CRTAP",0.512997434750949
"HCC","tan","TERF2",0.505190039102566
"HCC","tan","NRP1",0.499240998313716
"HCC","tan","BCL6",0.496210176255988
"HCC","tan","CA5B",0.490217524799587
"HCC","tan","AHCYL1",0.483881270101979
"HCC","tan","SLC5A6",0.477898097013594
"HCC","tan","APBB2",0.474827370281324
"HCC","tan","FOXRED2",0.472659187803132
"HCC","tan","PANK1",0.459144284030606
"HCC","tan","RGMB",0.456642203688466
"HCC","tan","CS",0.450755286574933
"HCC","tan","ADRA2C",0.450616294781817
"HCC","tan","USP7",0.443522036486653
"HCC","tan","FERMT2",0.442481814378959
"HCC","tan","SLC7A6",0.44014484332153
"HCC","tan","FOXN3",0.437100863345836
"HCC","tan","SHISA4",0.436362968542653
"HCC","tan","PDLIM1",0.435820909045275
"HCC","tan","ARL4A",0.423394487360923
"HCC","tan","PIR",0.422465484717055
"HCC","tan","MYH7B",0.419288249836801
"HCC","tan","PRKN",0.416044635145278
"HCC","tan","H2BC5",0.415065833022029
"HCC","tan","CHST15",0.373176739738906
"HCC","tan","SLC6A9",0.370104010177341
"HCC","turquoise","COPB1",0.951908999506476
"HCC","turquoise","RAB1A",0.946741448002831
"HCC","turquoise","TWF1",0.943188575177645
"HCC","turquoise","ATF2",0.942553469924059
"HCC","turquoise","EIF4G2",0.942514382337065
"HCC","turquoise","DHX15",0.941853680636726
"HCC","turquoise","PRDX3",0.940589102084541
"HCC","turquoise","TBK1",0.938698944298194
"HCC","turquoise","PDCD6IP",0.937903869436059
"HCC","turquoise","PAIP1",0.937126234289032
"HCC","turquoise","RANBP2",0.936307086039682
"HCC","turquoise","CD46",0.936067869631737
"HCC","turquoise","TOP2B",0.935683486124181
"HCC","turquoise","YME1L1",0.935508806367124
"HCC","turquoise","HNRNPR",0.934445425878678
"HCC","turquoise","SEPTIN7",0.934039515903761
"HCC","turquoise","CAPZA1",0.932293196438114
"HCC","turquoise","SF3B1",0.931874999033924
"HCC","turquoise","RAB5A",0.931276896398298
"HCC","turquoise","SMC3",0.930751037796348
"HCC","turquoise","DHX9",0.930057898914969
"HCC","turquoise","ZFR",0.929678472658557
"HCC","turquoise","ACTL6A",0.928806724581962
"HCC","turquoise","CDC23",0.928689509781708
"HCC","turquoise","DMTF1",0.928337578344184
"HCC","turquoise","YWHAG",0.928218438178199
"HCC","turquoise","FOXJ3",0.927489920826516
"HCC","turquoise","U2SURP",0.926632328321773
"HCC","turquoise","MOB1A",0.926431021676739
"HCC","turquoise","ARFGEF2",0.925970137340676
"HCC","turquoise","TCF12",0.925353686482466
"HCC","turquoise","CAND1",0.92529699870682
"HCC","turquoise","TOP1",0.924974572003288
"HCC","turquoise","USP25",0.923296916116011
"HCC","turquoise","EIF4H",0.922893506953434
"HCC","turquoise","PRRC1",0.922293760911078
"HCC","turquoise","ZC3H15",0.921965365696135
"HCC","turquoise","NEK7",0.921033662062043
"HCC","turquoise","PDCD10",0.920241567401971
"HCC","turquoise","MARCHF5",0.919983664525828
"HCC","turquoise","RNF38",0.91958697688639
"HCC","turquoise","TMEM131",0.919546246862166
"HCC","turquoise","MAPK1",0.919444473227187
"HCC","turquoise","ZBTB1",0.919151593394251
"HCC","turquoise","POLR2B",0.918875768340194
"HCC","turquoise","STAM",0.918338470638831
"HCC","turquoise","HNRNPA2B1",0.918242147636339
"HCC","turquoise","CAB39",0.917412808542014
"HCC","turquoise","ERBIN",0.917396147144829
"HCC","turquoise","ZNF664",0.917282338787414
"HCC","turquoise","OXSR1",0.916997238867682
"HCC","turquoise","ITGB1",0.916973801895631
"HCC","turquoise","RAD17",0.916960037944958
"HCC","turquoise","RSRC2",0.916303507538847
"HCC","turquoise","RBBP4",0.915663078340732
"HCC","turquoise","COPS2",0.915659895707042
"HCC","turquoise","HNRNPH2",0.915653383979031
"HCC","turquoise","SETD2",0.915410205795627
"HCC","turquoise","UBA2",0.915266237964142
"HCC","turquoise","CREBZF",0.915060661630488
"HCC","turquoise","SELENOT",0.915011520836141
"HCC","turquoise","PIKFYVE",0.914981627076712
"HCC","turquoise","USP10",0.914846167297901
"HCC","turquoise","MCFD2",0.914809241807967
"HCC","turquoise","TRAPPC8",0.914793427008248
"HCC","turquoise","MORF4L2",0.91474970636625
"HCC","turquoise","RAD21",0.914016999235878
"HCC","turquoise","HNRNPK",0.913802805833613
"HCC","turquoise","EIF4A2",0.913664731844139
"HCC","turquoise","AASDHPPT",0.913140864946682
"HCC","turquoise","SP3",0.913006092214745
"HCC","turquoise","SNX4",0.912447724130614
"HCC","turquoise","PCF11",0.912343487211395
"HCC","turquoise","HIPK1",0.912261889764114
"HCC","turquoise","MCMBP",0.912260564524324
"HCC","turquoise","ATP2C1",0.9119368126439
"HCC","turquoise","METTL3",0.911709951500249
"HCC","turquoise","PJA2",0.911650305727303
"HCC","turquoise","XRN2",0.911595091806244
"HCC","turquoise","ESCO1",0.910748408535755
"HCC","turquoise","YTHDC2",0.910675732814969
"HCC","turquoise","SACM1L",0.909910134758376
"HCC","turquoise","RNF146",0.909638695964382
"HCC","turquoise","EFCAB14",0.909480405234658
"HCC","turquoise","C5orf22",0.909473960324329
"HCC","turquoise","CHMP2B",0.908915921090513
"HCC","turquoise","MAT2B",0.90845084553152
"HCC","turquoise","ZFAND6",0.908368545640254
"HCC","turquoise","TCERG1",0.908115670516289
"HCC","turquoise","DDX3X",0.908112039345983
"HCC","turquoise","PIP5K1A",0.907874995942207
"HCC","turquoise","GOLPH3",0.907770779694984
"HCC","turquoise","AP3S1",0.907599956993764
"HCC","turquoise","DHX36",0.907346757322365
"HCC","turquoise","SMNDC1",0.907242577077962
"HCC","turquoise","CCNT2",0.906951015793649
"HCC","turquoise","DDX5",0.906874343721224
"HCC","turquoise","MBIP",0.90677255813216
"HCC","turquoise","RNF13",0.906353489254145
"HCC","turquoise","CAPRIN1",0.906031833191806
"HCC","turquoise","RANBP6",0.905825669008441
"HCC","turquoise","ZNF12",0.905732381368655
"HCC","turquoise","ATP2A2",0.905657041546822
"HCC","turquoise","FBXW11",0.905614823741865
"HCC","turquoise","CLK1",0.905524120869582
"HCC","turquoise","CAPN7",0.905442437091283
"HCC","turquoise","BCLAF1",0.905184868487338
"HCC","turquoise","CUL2",0.904960364874067
"HCC","turquoise","NPTN",0.90487905151303
"HCC","turquoise","PPP1R15B",0.904557276042198
"HCC","turquoise","SPIN1",0.904356631992578
"HCC","turquoise","FBXO38",0.904350028818488
"HCC","turquoise","CLDND1",0.904321981348032
"HCC","turquoise","SKIC3",0.904238108442096
"HCC","turquoise","AP3B1",0.903933262358346
"HCC","turquoise","RCHY1",0.90310825346212
"HCC","turquoise","UBE2N",0.902797526103911
"HCC","turquoise","HNRNPC",0.902619198254994
"HCC","turquoise","SNX6",0.902418224862693
"HCC","turquoise","CMPK1",0.902328946923419
"HCC","turquoise","GFM2",0.902038622581401
"HCC","turquoise","DUSP11",0.901657483436693
"HCC","turquoise","MFSD1",0.901579354308634
"HCC","turquoise","KIDINS220",0.901467159183893
"HCC","turquoise","ANKIB1",0.901407375569247
"HCC","turquoise","RLF",0.901321561930325
"HCC","turquoise","OPA1",0.900971157057446
"HCC","turquoise","BCAS2",0.900964901988335
"HCC","turquoise","NUP153",0.90093219038522
"HCC","turquoise","RELCH",0.900873541225429
"HCC","turquoise","TBC1D23",0.90087110339949
"HCC","turquoise","TTC14",0.900754856477415
"HCC","turquoise","TBCCD1",0.90062175231932
"HCC","turquoise","PUM2",0.900528821655254
"HCC","turquoise","SCFD1",0.900291773489869
"HCC","turquoise","ANKRA2",0.900291305674781
"HCC","turquoise","DPP8",0.900094073250056
"HCC","turquoise","RINT1",0.900083895729844
"HCC","turquoise","DCAF12",0.899891501014307
"HCC","turquoise","ENOPH1",0.899574543428158
"HCC","turquoise","COMMD2",0.899405885804664
"HCC","turquoise","DESI2",0.898898330667249
"HCC","turquoise","TOPORS",0.898424611600373
"HCC","turquoise","HNRNPF",0.898131870705958
"HCC","turquoise","EIF2AK3",0.898048335089303
"HCC","turquoise","SMURF2",0.897859938615328
"HCC","turquoise","ZMYND11",0.897560511345341
"HCC","turquoise","ADNP2",0.897112265102407
"HCC","turquoise","PSMC6",0.896987227085753
"HCC","turquoise","MAT2A",0.896547950766301
"HCC","turquoise","ANO6",0.896514935827365
"HCC","turquoise","RIMOC1",0.89594255493982
"HCC","turquoise","NSL1",0.895793588439026
"HCC","turquoise","VPS50",0.894976823824005
"HCC","turquoise","PPTC7",0.894945947934775
"HCC","turquoise","ARMC1",0.894645153982573
"HCC","turquoise","SERINC1",0.894639662754218
"HCC","turquoise","LRRC40",0.89449346362592
"HCC","turquoise","TANK",0.894371923114161
"HCC","turquoise","METAP1",0.894200782363667
"HCC","turquoise","EPB41L5",0.89384092085167
"HCC","turquoise","TRMT61B",0.89382824695635
"HCC","turquoise","FAM220A",0.893804847626197
"HCC","turquoise","CCNG1",0.893700457854011
"HCC","turquoise","RANBP9",0.893454623962193
"HCC","turquoise","SENP6",0.893430605030378
"HCC","turquoise","SMIM15",0.893323110071366
"HCC","turquoise","QTRT2",0.89329628725086
"HCC","turquoise","DYRK1A",0.893130722459811
"HCC","turquoise","TADA1",0.892989923256376
"HCC","turquoise","TMEM161B",0.892946023175134
"HCC","turquoise","SPG11",0.892758835298996
"HCC","turquoise","AIDA",0.892738132572708
"HCC","turquoise","MAP3K2",0.892724516517878
"HCC","turquoise","CEPT1",0.892465359436172
"HCC","turquoise","SCRN3",0.892447232987883
"HCC","turquoise","SEC31A",0.892385305252307
"HCC","turquoise","TASOR",0.892369824664015
"HCC","turquoise","PPP4R3B",0.892304700347482
"HCC","turquoise","CYFIP1",0.892262830500253
"HCC","turquoise","IARS1",0.892088936131663
"HCC","turquoise","SCOC",0.892036058958199
"HCC","turquoise","SCYL2",0.891987846315491
"HCC","turquoise","PNPLA8",0.891203561870108
"HCC","turquoise","IKZF5",0.891135845319689
"HCC","turquoise","BLOC1S6",0.890853219953335
"HCC","turquoise","ZNF131",0.890285152326629
"HCC","turquoise","PATL1",0.890269506424517
"HCC","turquoise","MRPL3",0.89008359407996
"HCC","turquoise","SRP9",0.890077376368778
"HCC","turquoise","ELF1",0.890034968971998
"HCC","turquoise","LMAN1",0.890001956938378
"HCC","turquoise","USP1",0.889917548599146
"HCC","turquoise","PTPN12",0.88973971198181
"HCC","turquoise","USP16",0.889537819943734
"HCC","turquoise","CD164",0.889456627482243
"HCC","turquoise","MTREX",0.889397917041539
"HCC","turquoise","CCNL1",0.889365045016838
"HCC","turquoise","NR2C1",0.889230916263542
"HCC","turquoise","SDCBP",0.888934253149026
"HCC","turquoise","RMND5A",0.888786282339739
"HCC","turquoise","BBS10",0.888483122174713
"HCC","turquoise","CDK17",0.888404476526319
"HCC","turquoise","GOLGA4",0.888279861679957
"HCC","turquoise","CCT5",0.88825728693407
"HCC","turquoise","INO80D",0.888159793398403
"HCC","turquoise","LANCL1",0.887833765936594
"HCC","turquoise","RCOR1",0.887779932225418
"HCC","turquoise","HNRNPA3",0.887765948282692
"HCC","turquoise","EPS8",0.887649269012314
"HCC","turquoise","HECTD1",0.887460441591421
"HCC","turquoise","PAPOLA",0.887167196533285
"HCC","turquoise","RNF103",0.886928412330888
"HCC","turquoise","C6orf62",0.886491224414591
"HCC","turquoise","ZNF146",0.886402896799573
"HCC","turquoise","CDK2AP1",0.886381239247089
"HCC","turquoise","PRMT5",0.886216247011104
"HCC","turquoise","SLC30A5",0.886172484800198
"HCC","turquoise","DHX29",0.886152573056767
"HCC","turquoise","CDKN2AIP",0.885936902082969
"HCC","turquoise","ARL6IP1",0.885859815579164
"HCC","turquoise","STXBP3",0.885859558952875
"HCC","turquoise","FAM114A2",0.885850835525206
"HCC","turquoise","EIF3M",0.885771481941612
"HCC","turquoise","SLC35B3",0.885501965681841
"HCC","turquoise","NAE1",0.885411824694511
"HCC","turquoise","MTX2",0.885373204340459
"HCC","turquoise","ZZZ3",0.885251391830635
"HCC","turquoise","PPP4R2",0.884986720474182
"HCC","turquoise","MBNL1",0.884900257710525
"HCC","turquoise","ACTR3",0.884826367136874
"HCC","turquoise","CEBPZ",0.884721180291559
"HCC","turquoise","LSM14B",0.884638813758275
"HCC","turquoise","RNF19A",0.884629195832769
"HCC","turquoise","TMEM126B",0.884628302650082
"HCC","turquoise","ABCE1",0.884559563242236
"HCC","turquoise","ACTR2",0.88454712912474
"HCC","turquoise","MYSM1",0.88442008412405
"HCC","turquoise","RYBP",0.884407159088283
"HCC","turquoise","ZDHHC17",0.884263382910691
"HCC","turquoise","CEP170",0.884207497706167
"HCC","turquoise","PIGK",0.884162573900241
"HCC","turquoise","ITPRID2",0.884007393595017
"HCC","turquoise","TPP2",0.883749574961127
"HCC","turquoise","G3BP2",0.883446367873059
"HCC","turquoise","MARCHF7",0.883310308945596
"HCC","turquoise","MASTL",0.883154686092538
"HCC","turquoise","HMGN4",0.883106897828509
"HCC","turquoise","ATP6V1A",0.883007024916311
"HCC","turquoise","ZCCHC8",0.882995178222336
"HCC","turquoise","REV1",0.882805276501987
"HCC","turquoise","AKIRIN1",0.882740841524453
"HCC","turquoise","EXOC1",0.882535227154095
"HCC","turquoise","SRSF7",0.88234117565866
"HCC","turquoise","SUPT20H",0.882145970660314
"HCC","turquoise","CSTF2T",0.882049736786705
"HCC","turquoise","SRSF10",0.882026263267003
"HCC","turquoise","FNBP4",0.881974379284113
"HCC","turquoise","KDM3B",0.881943862235423
"HCC","turquoise","SBDS",0.881916635860165
"HCC","turquoise","ZNF302",0.881772868683087
"HCC","turquoise","TPR",0.881636447331437
"HCC","turquoise","AHCTF1",0.881569586013128
"HCC","turquoise","WDR82",0.881371902060046
"HCC","turquoise","WASHC4",0.881367996222542
"HCC","turquoise","NEMP1",0.881119518019806
"HCC","turquoise","MAML1",0.880974389377789
"HCC","turquoise","FBH1",0.880900421351332
"HCC","turquoise","ODR4",0.880558545055408
"HCC","turquoise","TXLNG",0.880479726691846
"HCC","turquoise","MTRR",0.880367487825802
"HCC","turquoise","WDR45B",0.880362000651669
"HCC","turquoise","FBXL3",0.880338861316082
"HCC","turquoise","MEX3C",0.880216776872078
"HCC","turquoise","HNRNPDL",0.880211486382335
"HCC","turquoise","JMJD1C",0.880087217574829
"HCC","turquoise","NCKAP1",0.880028253902592
"HCC","turquoise","MLLT10",0.880008221871867
"HCC","turquoise","GNA13",0.879797582339012
"HCC","turquoise","TCF7L2",0.879701095454767
"HCC","turquoise","NUP58",0.879544640960423
"HCC","turquoise","WDR47",0.879382505197316
"HCC","turquoise","RBBP7",0.879329583704511
"HCC","turquoise","PPP6C",0.879124734249396
"HCC","turquoise","SP1",0.879101852297038
"HCC","turquoise","CHPT1",0.879021502548107
"HCC","turquoise","MAN2A1",0.879017587144551
"HCC","turquoise","KLF3",0.879000573283956
"HCC","turquoise","RSU1",0.878837791377816
"HCC","turquoise","TNKS2",0.878654254831617
"HCC","turquoise","LRRC8D",0.878554495881612
"HCC","turquoise","PSMD10",0.878481322550924
"HCC","turquoise","PIK3R4",0.878334226174654
"HCC","turquoise","BTAF1",0.878265988978915
"HCC","turquoise","RECQL",0.878183000373945
"HCC","turquoise","PTPN11",0.878028884421631
"HCC","turquoise","UBP1",0.877826974806278
"HCC","turquoise","TRA2B",0.87778812104285
"HCC","turquoise","PDHX",0.877747209301427
"HCC","turquoise","PKN2",0.877681658872467
"HCC","turquoise","ADSS2",0.877648441845391
"HCC","turquoise","PCMTD2",0.877506923054479
"HCC","turquoise","RRM2B",0.877320714428106
"HCC","turquoise","XPOT",0.877285717074052
"HCC","turquoise","JADE3",0.877221729494221
"HCC","turquoise","DDX20",0.877191550918362
"HCC","turquoise","ABI1",0.877124841184008
"HCC","turquoise","ABCB10",0.877108803491847
"HCC","turquoise","KLHL9",0.877001147675082
"HCC","turquoise","PTPN1",0.876891731509634
"HCC","turquoise","SEC23B",0.87650756285687
"HCC","turquoise","DDX1",0.876442762144556
"HCC","turquoise","CRYZ",0.876139102345659
"HCC","turquoise","CNBP",0.876084182724671
"HCC","turquoise","CLINT1",0.876076087635209
"HCC","turquoise","COPA",0.876067402522305
"HCC","turquoise","WDR11",0.876034722830285
"HCC","turquoise","WDR26",0.875999661173304
"HCC","turquoise","WRNIP1",0.875968516945338
"HCC","turquoise","CASD1",0.875831077187082
"HCC","turquoise","TVP23B",0.87571794629267
"HCC","turquoise","MTUS1",0.875693507809152
"HCC","turquoise","MBTPS1",0.875587242423232
"HCC","turquoise","HNRNPH1",0.875544724608211
"HCC","turquoise","DNAJC13",0.875413639147853
"HCC","turquoise","CHMP5",0.875413123952017
"HCC","turquoise","ANXA7",0.875379003113198
"HCC","turquoise","OTUD4",0.875262341563758
"HCC","turquoise","NUP54",0.875212180974707
"HCC","turquoise","TBC1D8",0.874966670746348
"HCC","turquoise","MRPS22",0.874876294751031
"HCC","turquoise","SART3",0.874705203910842
"HCC","turquoise","EED",0.874684558770622
"HCC","turquoise","MMADHC",0.874666651616327
"HCC","turquoise","G3BP1",0.87457402858473
"HCC","turquoise","PCBP1",0.874556644977664
"HCC","turquoise","AP1G1",0.874516021478424
"HCC","turquoise","NCOA4",0.874493132250983
"HCC","turquoise","PRMT3",0.874417823223792
"HCC","turquoise","ABITRAM",0.874344874184138
"HCC","turquoise","CCDC47",0.874219907769407
"HCC","turquoise","WDR37",0.874071256373984
"HCC","turquoise","TENT2",0.873893017907342
"HCC","turquoise","KRIT1",0.873767938803367
"HCC","turquoise","AFG3L2",0.873543582926665
"HCC","turquoise","REST",0.873437983711387
"HCC","turquoise","ARF4",0.873374657491152
"HCC","turquoise","COMMD10",0.873354696220545
"HCC","turquoise","THAP12",0.873208169229947
"HCC","turquoise","SPATA13",0.873186452678797
"HCC","turquoise","HCFC2",0.873183051162365
"HCC","turquoise","GEMIN5",0.873117695472765
"HCC","turquoise","TAF1B",0.872459334916133
"HCC","turquoise","TUBA1B",0.872075058848282
"HCC","turquoise","CERS2",0.871857952915029
"HCC","turquoise","HNRNPD",0.871810138651297
"HCC","turquoise","BNIP2",0.871627915762978
"HCC","turquoise","RAB22A",0.87159464631423
"HCC","turquoise","IPO7",0.87151340488686
"HCC","turquoise","ARFGAP3",0.871349031990628
"HCC","turquoise","CCDC50",0.87121948757355
"HCC","turquoise","SMARCAD1",0.871212950054393
"HCC","turquoise","ABCD3",0.871077888705728
"HCC","turquoise","DPM1",0.870853590377057
"HCC","turquoise","NUP42",0.870535714867245
"HCC","turquoise","KCTD3",0.87032896049933
"HCC","turquoise","EPG5",0.870128766441627
"HCC","turquoise","GOPC",0.869919822315309
"HCC","turquoise","SLC35F5",0.869916791225865
"HCC","turquoise","WBP11",0.869779756894475
"HCC","turquoise","PRKACB",0.869766297510993
"HCC","turquoise","SEH1L",0.869760801792339
"HCC","turquoise","PABIR1",0.869619077840722
"HCC","turquoise","UBE2E3",0.869568392701971
"HCC","turquoise","EDC4",0.869558333847715
"HCC","turquoise","ZMYM2",0.869355217630887
"HCC","turquoise","SLC4A1AP",0.86918289806217
"HCC","turquoise","ZMYM5",0.86908334408621
"HCC","turquoise","PRELID3B",0.869073009636513
"HCC","turquoise","EIF3L",0.868774470706357
"HCC","turquoise","ZRANB2",0.868747001115031
"HCC","turquoise","CERT1",0.868593568500508
"HCC","turquoise","RNMT",0.868541401225199
"HCC","turquoise","TNPO1",0.868533411485589
"HCC","turquoise","ARL5B",0.86851265902917
"HCC","turquoise","RCBTB1",0.868287371234876
"HCC","turquoise","QRICH1",0.868137547946489
"HCC","turquoise","CUL3",0.867903780616088
"HCC","turquoise","PPP1CC",0.867758071183738
"HCC","turquoise","ETV3",0.867636728680674
"HCC","turquoise","PAXBP1",0.867377122040335
"HCC","turquoise","TMF1",0.867314460023428
"HCC","turquoise","ARCN1",0.867270511249218
"HCC","turquoise","DLD",0.867117186293231
"HCC","turquoise","CPNE8",0.867085430697527
"HCC","turquoise","CAAP1",0.866878570283153
"HCC","turquoise","SNX3",0.866820556897756
"HCC","turquoise","C3orf38",0.86658420074172
"HCC","turquoise","LTN1",0.866458636033866
"HCC","turquoise","FUBP3",0.866439787969251
"HCC","turquoise","NARS1",0.86642020036633
"HCC","turquoise","KAT5",0.866342692618295
"HCC","turquoise","TBC1D12",0.866221365929909
"HCC","turquoise","ZNF700",0.866124361637427
"HCC","turquoise","LIPA",0.865833003164069
"HCC","turquoise","MFN1",0.865826725910386
"HCC","turquoise","LMBRD1",0.865571441551974
"HCC","turquoise","ARMC8",0.865403821574358
"HCC","turquoise","POLG",0.865394246172444
"HCC","turquoise","PSMD12",0.865273142462762
"HCC","turquoise","ETNK1",0.865172963862557
"HCC","turquoise","FKTN",0.865133346321247
"HCC","turquoise","PDIA6",0.865050150595436
"HCC","turquoise","SRSF3",0.864911489404346
"HCC","turquoise","PHF3",0.864881316558171
"HCC","turquoise","UCHL5",0.864678572294134
"HCC","turquoise","MAU2",0.864569429748123
"HCC","turquoise","CBX1",0.864333265861138
"HCC","turquoise","ERLEC1",0.864028493338684
"HCC","turquoise","CCSER2",0.863936805214973
"HCC","turquoise","SLC25A43",0.863934029202764
"HCC","turquoise","ZNF217",0.863745193318329
"HCC","turquoise","AZIN1",0.863625813696826
"HCC","turquoise","NUP37",0.86361520679247
"HCC","turquoise","RASA2",0.863492491165003
"HCC","turquoise","SSB",0.863147485040621
"HCC","turquoise","GTF2H1",0.863065557456616
"HCC","turquoise","CWC22",0.863021455325239
"HCC","turquoise","TIPARP",0.862853997508013
"HCC","turquoise","YIPF5",0.862791701093418
"HCC","turquoise","KDM6A",0.86256323857712
"HCC","turquoise","CASP7",0.862515343567023
"HCC","turquoise","TCP1",0.862501931613921
"HCC","turquoise","ARMCX5",0.862497424824589
"HCC","turquoise","WASHC5",0.862453097963839
"HCC","turquoise","ATR",0.862443846212893
"HCC","turquoise","IQCB1",0.862318630131369
"HCC","turquoise","SHQ1",0.862288251642567
"HCC","turquoise","ZNF776",0.862177324639131
"HCC","turquoise","UHRF2",0.862151578616442
"HCC","turquoise","TFG",0.862093315180213
"HCC","turquoise","SUZ12",0.861904346298473
"HCC","turquoise","PIAS3",0.861559520142239
"HCC","turquoise","SMAD5",0.861458790546544
"HCC","turquoise","ZNF644",0.861457251876635
"HCC","turquoise","ROCK1",0.861373158798347
"HCC","turquoise","RMI1",0.861220526255818
"HCC","turquoise","C2orf49",0.860988351984391
"HCC","turquoise","RYK",0.860910231620635
"HCC","turquoise","CFL2",0.860839143513654
"HCC","turquoise","GALNT11",0.86076678853171
"HCC","turquoise","CRY1",0.8607096281751
"HCC","turquoise","NKTR",0.860618008504113
"HCC","turquoise","DDX39B",0.860572749659264
"HCC","turquoise","YTHDF3",0.860479715264084
"HCC","turquoise","SHOC2",0.860361065446632
"HCC","turquoise","ITM2B",0.860344441710961
"HCC","turquoise","TRAPPC11",0.859917618065337
"HCC","turquoise","TMPO",0.859193775561417
"HCC","turquoise","NECAP1",0.859148900379212
"HCC","turquoise","FAM53C",0.859099414043333
"HCC","turquoise","CLASP2",0.859042800137724
"HCC","turquoise","ATXN2L",0.858680009520731
"HCC","turquoise","SEC24A",0.858657200600805
"HCC","turquoise","PPIP5K2",0.858351237917551
"HCC","turquoise","CARM1",0.858273530376826
"HCC","turquoise","CDKN1B",0.858245381948315
"HCC","turquoise","KCTD18",0.858020695038758
"HCC","turquoise","ZBTB11",0.857856042628325
"HCC","turquoise","NUP160",0.857794918114446
"HCC","turquoise","PPP5C",0.857683724498724
"HCC","turquoise","SRSF2",0.857576249295284
"HCC","turquoise","SENP2",0.857537868635829
"HCC","turquoise","SDR39U1",0.857536942928463
"HCC","turquoise","MBTD1",0.857289268334709
"HCC","turquoise","IRF2",0.857272090429764
"HCC","turquoise","INTS8",0.85713641800008
"HCC","turquoise","TMEM167A",0.857122774726711
"HCC","turquoise","RWDD3",0.856913522941113
"HCC","turquoise","NCBP1",0.856828040757453
"HCC","turquoise","PTBP3",0.856658612634582
"HCC","turquoise","CTNND1",0.856649685032111
"HCC","turquoise","PEX13",0.856615378376305
"HCC","turquoise","PPM1D",0.856597957485756
"HCC","turquoise","EPC2",0.856534056411747
"HCC","turquoise","TEAD1",0.856509969801729
"HCC","turquoise","C1D",0.856448680329607
"HCC","turquoise","SDAD1",0.856425734634865
"HCC","turquoise","ISOC1",0.856380432996794
"HCC","turquoise","ACADM",0.856302155452042
"HCC","turquoise","PREPL",0.856272791619282
"HCC","turquoise","GTF3C3",0.856255100248623
"HCC","turquoise","ARHGAP29",0.85623459417783
"HCC","turquoise","BRD1",0.856229508271144
"HCC","turquoise","TRIM23",0.856191574965252
"HCC","turquoise","SLC35A5",0.856033565512041
"HCC","turquoise","RNFT1",0.85599749440525
"HCC","turquoise","HNRNPA0",0.855880789554686
"HCC","turquoise","PCNP",0.855867021247301
"HCC","turquoise","TCEA1",0.855814370109426
"HCC","turquoise","BTN2A1",0.855778066210421
"HCC","turquoise","MED14",0.855632166751306
"HCC","turquoise","CEP192",0.855474589121946
"HCC","turquoise","RTN4",0.855425265761117
"HCC","turquoise","TAF5L",0.855380048326331
"HCC","turquoise","ATP13A3",0.855366402482934
"HCC","turquoise","SUSD6",0.855253733495688
"HCC","turquoise","DIP2B",0.85513692970418
"HCC","turquoise","UFM1",0.855062414875437
"HCC","turquoise","CSGALNACT2",0.854799443735417
"HCC","turquoise","PAPSS1",0.854786805755237
"HCC","turquoise","MTX3",0.854670975496265
"HCC","turquoise","SRP54",0.854625936748468
"HCC","turquoise","HLTF",0.85460906331394
"HCC","turquoise","TGFBR2",0.854574100564047
"HCC","turquoise","HNRNPA1",0.854545293480535
"HCC","turquoise","YTHDF2",0.854432302791223
"HCC","turquoise","ATP6AP2",0.854224992115986
"HCC","turquoise","ZC3H4",0.854155083875582
"HCC","turquoise","SOCS4",0.854024107636181
"HCC","turquoise","PTBP2",0.853936288163888
"HCC","turquoise","HACD2",0.853739803315045
"HCC","turquoise","CAP1",0.853733015372706
"HCC","turquoise","SUMO2",0.853699949485757
"HCC","turquoise","UNC50",0.853505248990827
"HCC","turquoise","WBP1",0.853502399411622
"HCC","turquoise","ZNF181",0.853380092834819
"HCC","turquoise","NFKB1",0.853238987223614
"HCC","turquoise","RPS6KA3",0.8532101760125
"HCC","turquoise","CCNT1",0.85309337437145
"HCC","turquoise","KDM3A",0.852924472619167
"HCC","turquoise","IMPACT",0.852875189541314
"HCC","turquoise","NOL8",0.852864607746299
"HCC","turquoise","NIPA2",0.852681998749116
"HCC","turquoise","WDR6",0.852598748759498
"HCC","turquoise","UBLCP1",0.852399172278088
"HCC","turquoise","UVRAG",0.852367874930348
"HCC","turquoise","CPNE3",0.85216222713938
"HCC","turquoise","JKAMP",0.852122790658128
"HCC","turquoise","ITSN2",0.851989622820752
"HCC","turquoise","TAF1",0.85186881861058
"HCC","turquoise","TAF2",0.851732908811899
"HCC","turquoise","UBR4",0.851254711509918
"HCC","turquoise","MPHOSPH10",0.851145166292115
"HCC","turquoise","STRN",0.851015202763626
"HCC","turquoise","SLC71A2",0.850907554383032
"HCC","turquoise","STAG1",0.850874504183754
"HCC","turquoise","PNISR",0.85057516601803
"HCC","turquoise","CNEP1R1",0.850520813285743
"HCC","turquoise","NCOA6",0.850335710706371
"HCC","turquoise","PHF10",0.850215111297796
"HCC","turquoise","RAB10",0.850158728450716
"HCC","turquoise","CDC40",0.850158706506042
"HCC","turquoise","ATP1B1",0.850119109974371
"HCC","turquoise","ABRAXAS2",0.850101736648333
"HCC","turquoise","RAB12",0.850084668654842
"HCC","turquoise","CENPC",0.850022237485232
"HCC","turquoise","MANEA",0.8499871206658
"HCC","turquoise","ZNF92",0.84991607107742
"HCC","turquoise","BTBD3",0.84987305889912
"HCC","turquoise","DCPH1",0.849662534676645
"HCC","turquoise","TASOR2",0.84939091549146
"HCC","turquoise","AP5M1",0.849250832245544
"HCC","turquoise","LRP11",0.849233195714843
"HCC","turquoise","HIF1A",0.849191391920715
"HCC","turquoise","PALB2",0.849179055908848
"HCC","turquoise","GCLC",0.849047154556321
"HCC","turquoise","FANCL",0.849035467421521
"HCC","turquoise","VPS52",0.849008005752357
"HCC","turquoise","HEATR5B",0.848757340173429
"HCC","turquoise","DHX35",0.848690107255781
"HCC","turquoise","ACVR1",0.848629830350654
"HCC","turquoise","CTR9",0.848476289851253
"HCC","turquoise","ELOVL5",0.8483366923871
"HCC","turquoise","BLTP3B",0.848079068507258
"HCC","turquoise","RCN2",0.848006897165011
"HCC","turquoise","EID2",0.847842724775725
"HCC","turquoise","PEX3",0.847354841854068
"HCC","turquoise","EDEM3",0.847343668680763
"HCC","turquoise","MRPL50",0.847318400904066
"HCC","turquoise","METTL5",0.847167954962548
"HCC","turquoise","HAT1",0.846868929069213
"HCC","turquoise","IL6ST",0.846809790830769
"HCC","turquoise","ELK4",0.846577433375645
"HCC","turquoise","NBN",0.846564313965464
"HCC","turquoise","KLF11",0.84655930844176
"HCC","turquoise","M6PR",0.846484272439108
"HCC","turquoise","RAPGEF2",0.846378285684615
"HCC","turquoise","CCDC14",0.846313772282033
"HCC","turquoise","ALKBH8",0.846197699421622
"HCC","turquoise","PPM1A",0.845839500081373
"HCC","turquoise","PHF2",0.845435494792446
"HCC","turquoise","MSH2",0.845014668623895
"HCC","turquoise","ARFIP1",0.84498046371172
"HCC","turquoise","NCK1",0.844960995066581
"HCC","turquoise","FAM3C",0.844933557321576
"HCC","turquoise","FBXO34",0.844918531470387
"HCC","turquoise","EIF1B",0.844829946554196
"HCC","turquoise","ZNF143",0.844815042596857
"HCC","turquoise","FAM199X",0.84469123367436
"HCC","turquoise","CREB1",0.844662551825509
"HCC","turquoise","MINPP1",0.844594344341715
"HCC","turquoise","MEF2A",0.844377327439403
"HCC","turquoise","KIFBP",0.844341924726723
"HCC","turquoise","KRCC1",0.844305809169741
"HCC","turquoise","SOS1",0.844067183778156
"HCC","turquoise","ANKFY1",0.844001381239828
"HCC","turquoise","NCOA2",0.843670837429592
"HCC","turquoise","SRPK2",0.843333662112574
"HCC","turquoise","TAB2",0.843226912457626
"HCC","turquoise","PPA1",0.843216713784878
"HCC","turquoise","CNOT1",0.843112492975685
"HCC","turquoise","PCGF6",0.843105510345638
"HCC","turquoise","INPP5A",0.843050977158544
"HCC","turquoise","METTL17",0.843008027244952
"HCC","turquoise","TMEM106B",0.842950695650819
"HCC","turquoise","INTS13",0.842944445689082
"HCC","turquoise","RNF11",0.842881193834979
"HCC","turquoise","PNRC2",0.842703316371652
"HCC","turquoise","ZFC3H1",0.842635399331492
"HCC","turquoise","CIAO2A",0.842479148378427
"HCC","turquoise","TAF7",0.842460273457547
"HCC","turquoise","AQR",0.842366359744967
"HCC","turquoise","ACTR10",0.842356713192736
"HCC","turquoise","FN1",0.842314865641186
"HCC","turquoise","PIGF",0.842190783705337
"HCC","turquoise","SEC22C",0.842024393799611
"HCC","turquoise","ICE1",0.841976312677249
"HCC","turquoise","MICU2",0.841939117734635
"HCC","turquoise","NRBF2",0.841850057198338
"HCC","turquoise","HNRNPH3",0.84153709130356
"HCC","turquoise","ZCCHC9",0.841449064868958
"HCC","turquoise","LPXN",0.841425459722593
"HCC","turquoise","SNX9",0.841400040709058
"HCC","turquoise","BCL2L2",0.84135855911817
"HCC","turquoise","SOS2",0.841308028312918
"HCC","turquoise","ORMDL1",0.841288002882647
"HCC","turquoise","MSL3",0.841280193030762
"HCC","turquoise","TRAPPC13",0.841145212340532
"HCC","turquoise","MCM9",0.841067730595808
"HCC","turquoise","ALG13",0.841030202349592
"HCC","turquoise","BLTP1",0.840859071339424
"HCC","turquoise","CMTR2",0.84084193931125
"HCC","turquoise","TRIM37",0.840617273965713
"HCC","turquoise","CGGBP1",0.840611464291813
"HCC","turquoise","ERGIC2",0.840561197760348
"HCC","turquoise","DHX38",0.840423888962989
"HCC","turquoise","SLC9A6",0.840199035070976
"HCC","turquoise","C2CD5",0.840165361904189
"HCC","turquoise","NUS1",0.840154969490442
"HCC","turquoise","DOP1A",0.840009645787001
"HCC","turquoise","ATG5",0.839930978162576
"HCC","turquoise","FBXO28",0.839915094457214
"HCC","turquoise","PCNA",0.839902180968884
"HCC","turquoise","SRSF9",0.839875080962172
"HCC","turquoise","FBXW2",0.839744516246558
"HCC","turquoise","TOPBP1",0.839615691723454
"HCC","turquoise","SEC24B",0.839572045099653
"HCC","turquoise","CNTRL",0.839557993438943
"HCC","turquoise","AGFG1",0.839537666387846
"HCC","turquoise","TRMT13",0.83933261933601
"HCC","turquoise","SLC39A6",0.83925809098109
"HCC","turquoise","SECISBP2L",0.839225967089847
"HCC","turquoise","TRUB1",0.839136623925369
"HCC","turquoise","RRN3",0.839099633993117
"HCC","turquoise","SUCLA2",0.838991135159515
"HCC","turquoise","ERCC3",0.838873681521868
"HCC","turquoise","NSUN2",0.838627824842626
"HCC","turquoise","PPIL4",0.83852874663888
"HCC","turquoise","ARHGAP12",0.838460215321276
"HCC","turquoise","QSER1",0.838445549920732
"HCC","turquoise","TAB3",0.838351951370429
"HCC","turquoise","GALNT1",0.838333603766854
"HCC","turquoise","AP1AR",0.838303278146787
"HCC","turquoise","RNF44",0.838255298257526
"HCC","turquoise","AP3M1",0.838071708561333
"HCC","turquoise","UBXN4",0.838028573047359
"HCC","turquoise","SELENOF",0.83792741176804
"HCC","turquoise","RAB6A",0.837903846169104
"HCC","turquoise","LASP1",0.83787782524381
"HCC","turquoise","PPP2CB",0.837838109923225
"HCC","turquoise","QNG1",0.837820158290715
"HCC","turquoise","TMEM123",0.837755325129866
"HCC","turquoise","CPSF6",0.837495433385442
"HCC","turquoise","TBC1D5",0.837393494848977
"HCC","turquoise","VCL",0.837348181110118
"HCC","turquoise","SNRNP27",0.837290050223637
"HCC","turquoise","BLZF1",0.837157061939932
"HCC","turquoise","MSANTD2",0.837107059205228
"HCC","turquoise","PEX1",0.837096917085009
"HCC","turquoise","PLOD2",0.837063159815548
"HCC","turquoise","ANKRD28",0.836974180946828
"HCC","turquoise","ARRDC3",0.836818505827581
"HCC","turquoise","RNF123",0.836762411090735
"HCC","turquoise","STX16",0.836358730050418
"HCC","turquoise","CDV3",0.836247808423441
"HCC","turquoise","SPDL1",0.836197054167294
"HCC","turquoise","FNDC3A",0.836185393164673
"HCC","turquoise","NUP107",0.836170300612304
"HCC","turquoise","APPBP2",0.835746170608538
"HCC","turquoise","RPS6KC1",0.835656323527512
"HCC","turquoise","PPWD1",0.835639782913195
"HCC","turquoise","HEATR1",0.835455528398293
"HCC","turquoise","CSTF3",0.835381807134492
"HCC","turquoise","YWHAQ",0.835362735269973
"HCC","turquoise","TMED10",0.835269500942586
"HCC","turquoise","RHOT1",0.835217534323118
"HCC","turquoise","MOB4",0.835140369156465
"HCC","turquoise","RBM27",0.835021345738962
"HCC","turquoise","TRMT11",0.835015674688259
"HCC","turquoise","RSPRY1",0.834983314782631
"HCC","turquoise","CCDC88A",0.834955686356189
"HCC","turquoise","FBXO8",0.834924741378856
"HCC","turquoise","ZNF638",0.834760706212735
"HCC","turquoise","KLHL20",0.834691197472008
"HCC","turquoise","PUM1",0.834637999255651
"HCC","turquoise","YEATS4",0.834588261432951
"HCC","turquoise","MED13L",0.834471225525958
"HCC","turquoise","NAPA",0.83436911497413
"HCC","turquoise","PMPCB",0.834280096003968
"HCC","turquoise","NSMCE3",0.834226390854321
"HCC","turquoise","ANAPC10",0.834192847127499
"HCC","turquoise","MIB1",0.834124474060929
"HCC","turquoise","ZNF518A",0.833986762147435
"HCC","turquoise","IARS2",0.833958940351798
"HCC","turquoise","KPNA3",0.833884222960183
"HCC","turquoise","THUMPD1",0.833759309272392
"HCC","turquoise","RBM12",0.833727723179019
"HCC","turquoise","TMX1",0.833672756508188
"HCC","turquoise","OSBPL11",0.833533153914338
"HCC","turquoise","RBM39",0.833504726106468
"HCC","turquoise","CMTM6",0.833419155270134
"HCC","turquoise","HPRT1",0.833367204616034
"HCC","turquoise","PYROXD1",0.833315825370464
"HCC","turquoise","AHCYL2",0.833234426154232
"HCC","turquoise","ATOSA",0.833232118094248
"HCC","turquoise","RAP2C",0.833221206731368
"HCC","turquoise","RFK",0.832994907832075
"HCC","turquoise","CHM",0.832921391082072
"HCC","turquoise","TAX1BP1",0.832781344523096
"HCC","turquoise","PARP4",0.83270310272178
"HCC","turquoise","GORAB",0.832559667823359
"HCC","turquoise","DPY19L1",0.832526686435925
"HCC","turquoise","STRAP",0.832373625412409
"HCC","turquoise","TRIP12",0.83232836233915
"HCC","turquoise","VPS4B",0.832154981493137
"HCC","turquoise","HNRNPLL",0.832137069759036
"HCC","turquoise","ARFGEF1",0.83213629351851
"HCC","turquoise","PRPF39",0.832062533745964
"HCC","turquoise","PARG",0.831999763794174
"HCC","turquoise","NEDD1",0.831681059370958
"HCC","turquoise","CALM2",0.831371546415767
"HCC","turquoise","BCOR",0.831194630337651
"HCC","turquoise","SESTD1",0.831075070470387
"HCC","turquoise","VDAC2",0.830865743179596
"HCC","turquoise","ZNF189",0.830826924902124
"HCC","turquoise","SDE2",0.83071462950535
"HCC","turquoise","SAXO6",0.830704118340082
"HCC","turquoise","PDE8A",0.830636162998859
"HCC","turquoise","PEX2",0.830588698801804
"HCC","turquoise","HIVEP1",0.830541099563963
"HCC","turquoise","SGMS1",0.830520708455436
"HCC","turquoise","ZBTB43",0.830501703843805
"HCC","turquoise","INIP",0.830394943047589
"HCC","turquoise","CLASP1",0.83038796615266
"HCC","turquoise","CDC42SE2",0.830375704897705
"HCC","turquoise","ZC3H7A",0.830303046439379
"HCC","turquoise","CCDC121",0.830280047704292
"HCC","turquoise","KIF16B",0.830279154669894
"HCC","turquoise","CNOT6",0.830239861643222
"HCC","turquoise","SLC25A46",0.830107084793765
"HCC","turquoise","SLC10A7",0.830043079420207
"HCC","turquoise","EIF4B",0.82997697139971
"HCC","turquoise","AUH",0.829964604583906
"HCC","turquoise","PKD2",0.829915807819518
"HCC","turquoise","ARF6",0.829667768143104
"HCC","turquoise","NUP98",0.829558053758627
"HCC","turquoise","CDK5RAP3",0.829529202996229
"HCC","turquoise","OSBPL9",0.829286472311019
"HCC","turquoise","PANK3",0.829104387594206
"HCC","turquoise","EAPP",0.828985977758832
"HCC","turquoise","FAM168B",0.828961433486864
"HCC","turquoise","LRIG3",0.828629614285592
"HCC","turquoise","CAP2",0.828510719641112
"HCC","turquoise","CCDC82",0.828510290768388
"HCC","turquoise","TMED2",0.828508863626463
"HCC","turquoise","TTC33",0.828447937152274
"HCC","turquoise","GBE1",0.828408804553196
"HCC","turquoise","CNNM4",0.828349250948863
"HCC","turquoise","REV3L",0.828197902364051
"HCC","turquoise","MKRN2",0.828036535188225
"HCC","turquoise","CASP8AP2",0.828007554959861
"HCC","turquoise","PAPOLG",0.827982277555917
"HCC","turquoise","TIMM21",0.827786922026711
"HCC","turquoise","GTF2A1",0.827724465439256
"HCC","turquoise","VCPKMT",0.827613644184012
"HCC","turquoise","PRDM10",0.827578381287786
"HCC","turquoise","RNF31",0.827355582448602
"HCC","turquoise","TRRAP",0.827328597355501
"HCC","turquoise","ATP11B",0.827245211569705
"HCC","turquoise","TSG101",0.82723314763488
"HCC","turquoise","USP15",0.826987930389113
"HCC","turquoise","MAP3K7",0.826930499501816
"HCC","turquoise","DNAJC21",0.826756876420026
"HCC","turquoise","SOCS5",0.826714795319839
"HCC","turquoise","RNF4",0.826676872476019
"HCC","turquoise","RASA1",0.826656404083896
"HCC","turquoise","NAA30",0.826576488692732
"HCC","turquoise","GLYR1",0.826270024869659
"HCC","turquoise","DDX21",0.826070807596977
"HCC","turquoise","MBD2",0.825955619584603
"HCC","turquoise","PIK3CA",0.825804847355054
"HCC","turquoise","MON2",0.825773779154631
"HCC","turquoise","FBXO5",0.82539820317551
"HCC","turquoise","VPS13B",0.825370232674275
"HCC","turquoise","BMAL1",0.825294928034893
"HCC","turquoise","ZMPSTE24",0.825270664186363
"HCC","turquoise","INO80",0.825192877050231
"HCC","turquoise","DICER1",0.824978640324915
"HCC","turquoise","RNF138",0.824964855613822
"HCC","turquoise","MAPK1IP1L",0.824710661147869
"HCC","turquoise","IMPA1",0.824639166764147
"HCC","turquoise","LYPLA1",0.824603812584904
"HCC","turquoise","CDC27",0.82449350225816
"HCC","turquoise","DNAJC11",0.824465736978384
"HCC","turquoise","TSTD2",0.824412885769572
"HCC","turquoise","KHDRBS1",0.82437529466352
"HCC","turquoise","TSHZ1",0.82419760401958
"HCC","turquoise","EBAG9",0.824148950044796
"HCC","turquoise","SMARCA5",0.824090099229004
"HCC","turquoise","NUP35",0.824043962233464
"HCC","turquoise","WWP1",0.824026452333019
"HCC","turquoise","CCT6A",0.823952491942958
"HCC","turquoise","CRKL",0.823922970545428
"HCC","turquoise","SMCHD1",0.823712114258887
"HCC","turquoise","VTA1",0.823569555962121
"HCC","turquoise","TM2D1",0.823445950905787
"HCC","turquoise","UPRT",0.823335306318486
"HCC","turquoise","DAZAP2",0.823262946361559
"HCC","turquoise","WAPL",0.823214374595444
"HCC","turquoise","FAM174A",0.823212700906037
"HCC","turquoise","CDK13",0.823210146464502
"HCC","turquoise","RAF1",0.82312883164922
"HCC","turquoise","EXOSC9",0.823123707813033
"HCC","turquoise","AGTPBP1",0.823080660184232
"HCC","turquoise","AZI2",0.823009212859487
"HCC","turquoise","ZBTB18",0.8230004303629
"HCC","turquoise","PPP2CA",0.822963059778608
"HCC","turquoise","SMARCA1",0.822942014115431
"HCC","turquoise","ATG2B",0.822868146257291
"HCC","turquoise","HERC3",0.82285221791973
"HCC","turquoise","ZNF304",0.822808000740535
"HCC","turquoise","PXK",0.822789074039117
"HCC","turquoise","BRCC3",0.822776259176118
"HCC","turquoise","SNX1",0.822757537251979
"HCC","turquoise","MLH1",0.822587884555728
"HCC","turquoise","SUN1",0.82257963871379
"HCC","turquoise","YBX1",0.822449660511169
"HCC","turquoise","ATE1",0.822316419840942
"HCC","turquoise","GPBP1L1",0.822296533827463
"HCC","turquoise","XPC",0.822222825036926
"HCC","turquoise","RNF6",0.821811621235493
"HCC","turquoise","CLP1",0.821784826375358
"HCC","turquoise","NIFK",0.821646819042309
"HCC","turquoise","USP6NL",0.82161925740979
"HCC","turquoise","KTN1",0.821599161060606
"HCC","turquoise","ETFRF1",0.821577159803117
"HCC","turquoise","NUMA1",0.821410115364019
"HCC","turquoise","MEGF9",0.821335204884187
"HCC","turquoise","LGR4",0.821122909548362
"HCC","turquoise","U2AF2",0.821004634575587
"HCC","turquoise","TMX3",0.820974276378769
"HCC","turquoise","SPAG9",0.820949983617377
"HCC","turquoise","DCAF1",0.820848139302167
"HCC","turquoise","HGS",0.820784086980195
"HCC","turquoise","HINT3",0.820774319894446
"HCC","turquoise","SMPD4",0.820656385242977
"HCC","turquoise","PLPP3",0.820619720808479
"HCC","turquoise","CBFB",0.820460243319092
"HCC","turquoise","BTF3L4",0.820418584602511
"HCC","turquoise","LATS1",0.820373716554234
"HCC","turquoise","UNG",0.820277536044055
"HCC","turquoise","GPATCH8",0.820235701589146
"HCC","turquoise","NANP",0.820175907774737
"HCC","turquoise","TFIP11",0.820135014702235
"HCC","turquoise","SEC23IP",0.820023535717583
"HCC","turquoise","MIER1",0.819997230822351
"HCC","turquoise","TOR1AIP1",0.819937491206631
"HCC","turquoise","ELP1",0.819918181367679
"HCC","turquoise","PELI1",0.819881873487388
"HCC","turquoise","ZNF513",0.819751447811844
"HCC","turquoise","RMP64",0.819715390285741
"HCC","turquoise","MCM3AP",0.819487991292067
"HCC","turquoise","HSPA13",0.819365340988051
"HCC","turquoise","ARK2N",0.819169149680501
"HCC","turquoise","CLPX",0.819079200371175
"HCC","turquoise","EAF1",0.819006780815695
"HCC","turquoise","GPATCH11",0.81898832058492
"HCC","turquoise","AGGF1",0.81896432633378
"HCC","turquoise","EIF2A",0.818936739185975
"HCC","turquoise","POC1B",0.818921581055166
"HCC","turquoise","HERC1",0.818808764378322
"HCC","turquoise","POM121",0.818803128711594
"HCC","turquoise","SRBD1",0.818798350786142
"HCC","turquoise","ALS2",0.818760868649507
"HCC","turquoise","CTCF",0.818753827258358
"HCC","turquoise","TESK1",0.818580368294084
"HCC","turquoise","TBL1XR1",0.818538680162841
"HCC","turquoise","MTM1",0.818531928795111
"HCC","turquoise","UBR1",0.818506807521941
"HCC","turquoise","NIPSNAP3A",0.818341313938901
"HCC","turquoise","TDRD7",0.817913749221903
"HCC","turquoise","ATXN1",0.817852965819799
"HCC","turquoise","WDR35",0.817743418625464
"HCC","turquoise","MSL1",0.81762972420335
"HCC","turquoise","SLC25A40",0.81758654581099
"HCC","turquoise","GNPNAT1",0.817531722994023
"HCC","turquoise","OCRL",0.817508925303791
"HCC","turquoise","RHEB",0.817501269973023
"HCC","turquoise","SYPL1",0.817318010325307
"HCC","turquoise","CDK4",0.817286612234011
"HCC","turquoise","ATXN10",0.817162387834626
"HCC","turquoise","RUSF1",0.816978397406905
"HCC","turquoise","TIA1",0.816954147686609
"HCC","turquoise","NARS2",0.816689421755853
"HCC","turquoise","B3GNT2",0.816654314372296
"HCC","turquoise","WDR3",0.816601194656177
"HCC","turquoise","POC5",0.816512900451515
"HCC","turquoise","LONRF1",0.816358765886849
"HCC","turquoise","NCSTN",0.816358680803792
"HCC","turquoise","GORASP2",0.816265968881543
"HCC","turquoise","UBE2B",0.816010524896895
"HCC","turquoise","TMEM39A",0.815953149157386
"HCC","turquoise","TIPRL",0.815889708446642
"HCC","turquoise","SRFBP1",0.815805806018834
"HCC","turquoise","C11orf58",0.8157467058289
"HCC","turquoise","MATCAP2",0.815726500439773
"HCC","turquoise","FAM91A1",0.815377563429654
"HCC","turquoise","MAP4K3",0.815320637373903
"HCC","turquoise","ZFAND1",0.814993208563179
"HCC","turquoise","PREP",0.814873450000699
"HCC","turquoise","MAPK6",0.814853821783406
"HCC","turquoise","CDC73",0.814800126423495
"HCC","turquoise","KDM4C",0.814544868882708
"HCC","turquoise","PLEKHB2",0.814508943023711
"HCC","turquoise","GABPA",0.814458531896624
"HCC","turquoise","EPB41",0.814369906569115
"HCC","turquoise","CHD2",0.81412376845441
"HCC","turquoise","PLPP1",0.814079959458265
"HCC","turquoise","RTCA",0.813941141356538
"HCC","turquoise","LRIF1",0.813910338462985
"HCC","turquoise","H3-3A",0.813840443146363
"HCC","turquoise","SMPDL3A",0.813829165386972
"HCC","turquoise","EGLN1",0.813722326065152
"HCC","turquoise","EEF1A1",0.813670408458985
"HCC","turquoise","RC3H1",0.813652845441209
"HCC","turquoise","PMS1",0.81352029778988
"HCC","turquoise","RLIM",0.813503256278898
"HCC","turquoise","MDH1",0.81347506086197
"HCC","turquoise","CNOT8",0.813372151985064
"HCC","turquoise","APIP",0.813316301570078
"HCC","turquoise","CMAS",0.813236252199131
"HCC","turquoise","DMXL1",0.813082721956792
"HCC","turquoise","PSMD5",0.813056071117079
"HCC","turquoise","HSD17B4",0.813007936231057
"HCC","turquoise","ANAPC13",0.812984230076022
"HCC","turquoise","NFE2L2",0.812867157289019
"HCC","turquoise","COG5",0.812806534861632
"HCC","turquoise","ATL2",0.812794163408711
"HCC","turquoise","GNAI1",0.812722632681387
"HCC","turquoise","YES1",0.812707606382447
"HCC","turquoise","ZSCAN29",0.812676393886441
"HCC","turquoise","SECISBP2",0.812608116842135
"HCC","turquoise","EXOC5",0.812518671056536
"HCC","turquoise","RRAGA",0.81220995620365
"HCC","turquoise","RSRP1",0.812098518596962
"HCC","turquoise","MARCHF8",0.812048558520464
"HCC","turquoise","POLR1B",0.811853288773048
"HCC","turquoise","IFT81",0.811828429509805
"HCC","turquoise","ZNF140",0.811748976922377
"HCC","turquoise","RB1",0.811465872386218
"HCC","turquoise","RXYLT1",0.811338927969374
"HCC","turquoise","AGPS",0.811329681658406
"HCC","turquoise","YAP1",0.81131814638946
"HCC","turquoise","TMEM50A",0.811286557181039
"HCC","turquoise","RHOBTB3",0.811259876648395
"HCC","turquoise","HPS3",0.811164857629078
"HCC","turquoise","BCCIP",0.811057189790215
"HCC","turquoise","SLAIN2",0.811028468954259
"HCC","turquoise","PDXDC2P-NPIPB14P",0.810952412315725
"HCC","turquoise","TET3",0.810943886197909
"HCC","turquoise","LIG4",0.810781408694283
"HCC","turquoise","PSMC1",0.810743961964318
"HCC","turquoise","OSBPL8",0.810594889182276
"HCC","turquoise","CDC50A",0.810380367576959
"HCC","turquoise","PIP4K2C",0.810349816611764
"HCC","turquoise","SNX18",0.810232635152998
"HCC","turquoise","ASF1A",0.810176240966152
"HCC","turquoise","TGS1",0.810112915351161
"HCC","turquoise","SEPTIN10",0.810019041332862
"HCC","turquoise","ANKMY2",0.809953210479615
"HCC","turquoise","PRKD3",0.809914423546721
"HCC","turquoise","CBX3",0.809781611004905
"HCC","turquoise","RBM18",0.809740267768497
"HCC","turquoise","KAT2B",0.809634526973591
"HCC","turquoise","PRR14L",0.809562927119637
"HCC","turquoise","ZNF274",0.809326543932795
"HCC","turquoise","SNX16",0.809283278094409
"HCC","turquoise","HAUS6",0.80912724226464
"HCC","turquoise","ZDHHC20",0.809113302188165
"HCC","turquoise","JRKL",0.809017292965453
"HCC","turquoise","TP53BP2",0.80896843722249
"HCC","turquoise","CCNK",0.808949934379948
"HCC","turquoise","LSM12",0.808807524899441
"HCC","turquoise","MBTPS2",0.808789678986394
"HCC","turquoise","ABHD16A",0.808548861349974
"HCC","turquoise","KYAT3",0.808482433740604
"HCC","turquoise","KBTBD4",0.80832476643203
"HCC","turquoise","PPP1CB",0.808198842667722
"HCC","turquoise","VPS37A",0.808162383444746
"HCC","turquoise","MRPL9",0.808098646477003
"HCC","turquoise","MOSPD2",0.807564735842902
"HCC","turquoise","GOLIM4",0.807460880939265
"HCC","turquoise","C16orf87",0.807456543834185
"HCC","turquoise","ZRANB1",0.807399391156139
"HCC","turquoise","KLHDC2",0.807310130736067
"HCC","turquoise","LIMS1",0.807271487018269
"HCC","turquoise","RBM45",0.807171810735883
"HCC","turquoise","PALS1",0.807068666345192
"HCC","turquoise","GTF2E1",0.807030181929569
"HCC","turquoise","STX6",0.807028195881004
"HCC","turquoise","ZNG1B",0.806960999304088
"HCC","turquoise","IREB2",0.806711953989443
"HCC","turquoise","PABIR2",0.80669951454002
"HCC","turquoise","WDSUB1",0.80668129332166
"HCC","turquoise","CYRIB",0.806668754130133
"HCC","turquoise","SDHD",0.806520519806032
"HCC","turquoise","WNK1",0.806489151448531
"HCC","turquoise","WASL",0.80645531353971
"HCC","turquoise","ZKSCAN8",0.806412823689035
"HCC","turquoise","STK24",0.806389482630014
"HCC","turquoise","PTGES3",0.806336752573775
"HCC","turquoise","PWWP2A",0.806289539643549
"HCC","turquoise","GPD2",0.806253993760358
"HCC","turquoise","NT5C2",0.806175034813138
"HCC","turquoise","GNAI3",0.806094440456681
"HCC","turquoise","PAICS",0.806068194518728
"HCC","turquoise","SLC22A5",0.805727304254853
"HCC","turquoise","ADAM17",0.805642229777529
"HCC","turquoise","SLC38A9",0.80557312328503
"HCC","turquoise","LY6G5B",0.805488683593184
"HCC","turquoise","SLC35D1",0.805131230897275
"HCC","turquoise","DNAJB9",0.805118328382662
"HCC","turquoise","ATXN2",0.805001647034269
"HCC","turquoise","RNF34",0.804980487744145
"HCC","turquoise","ARB2A",0.804737955000307
"HCC","turquoise","EMC4",0.804728001909089
"HCC","turquoise","FAM76B",0.80472741847685
"HCC","turquoise","ACAP2",0.804683506485602
"HCC","turquoise","CNN3",0.8046677893562
"HCC","turquoise","HEATR5A",0.80447557497713
"HCC","turquoise","LYSMD3",0.804381175867645
"HCC","turquoise","PRRG1",0.804037365913147
"HCC","turquoise","SCP2",0.803860296735382
"HCC","turquoise","SUDS3",0.803765069325025
"HCC","turquoise","ZBTB39",0.803723085397398
"HCC","turquoise","METTL14",0.80333634949048
"HCC","turquoise","SGPL1",0.803259600438371
"HCC","turquoise","BRAF",0.803176955319645
"HCC","turquoise","RBAK",0.803065269382645
"HCC","turquoise","SNX27",0.803044145309482
"HCC","turquoise","RRAGB",0.802727745708623
"HCC","turquoise","ARL13B",0.802632341733484
"HCC","turquoise","PDIK1L",0.802608556225018
"HCC","turquoise","ERAP1",0.802362117718628
"HCC","turquoise","SPRED2",0.802223036892429
"HCC","turquoise","CSRNP2",0.802067731155777
"HCC","turquoise","PLPBP",0.801841735683243
"HCC","turquoise","GCC2",0.801712985656018
"HCC","turquoise","SCML1",0.801652630325362
"HCC","turquoise","GANAB",0.80146155610717
"HCC","turquoise","ZNF384",0.801452516008653
"HCC","turquoise","AGK",0.801430705807744
"HCC","turquoise","LMO7",0.801239618126191
"HCC","turquoise","NDFIP2",0.801135094216624
"HCC","turquoise","SLC37A3",0.801098508008032
"HCC","turquoise","PLSCR4",0.800904585426384
"HCC","turquoise","SEC63",0.800716048506018
"HCC","turquoise","CDK14",0.80067828915176
"HCC","turquoise","PAN3",0.800578391100582
"HCC","turquoise","KCTD6",0.800357174286254
"HCC","turquoise","TET2",0.800327365970493
"HCC","turquoise","PTCD3",0.800297415382268
"HCC","turquoise","RPRD1B",0.800279997833857
"HCC","turquoise","HTATSF1",0.800248829051406
"HCC","turquoise","SNAP23",0.80018949682664
"HCC","turquoise","RBL2",0.800009220944877
"HCC","turquoise","MORF4L1",0.800001511715663
"HCC","turquoise","BBX",0.799972791220253
"HCC","turquoise","LPCAT3",0.799914810403545
"HCC","turquoise","MAPRE1",0.79973820998311
"HCC","turquoise","ATP23",0.799637445113523
"HCC","turquoise","PGK1",0.799627087408212
"HCC","turquoise","NRIP1",0.799609043777955
"HCC","turquoise","GNG12",0.799571640600736
"HCC","turquoise","NCAPD3",0.799465784113256
"HCC","turquoise","BNIP3L",0.799442565023937
"HCC","turquoise","SLC40A1",0.799286876791036
"HCC","turquoise","DCAF17",0.799235972621121
"HCC","turquoise","KCTD9",0.799150656738236
"HCC","turquoise","XPO1",0.799088334633779
"HCC","turquoise","FBXO4",0.798925555503098
"HCC","turquoise","USP14",0.798909993713547
"HCC","turquoise","SWAP70",0.798847235401535
"HCC","turquoise","SIRT1",0.798655581820697
"HCC","turquoise","EPAS1",0.798583011136973
"HCC","turquoise","UHMK1",0.798401092979965
"HCC","turquoise","XRN1",0.798328435947635
"HCC","turquoise","RPL17",0.798278460845689
"HCC","turquoise","TATDN1",0.798246179885844
"HCC","turquoise","TUBA1C",0.798149650414415
"HCC","turquoise","AMD1",0.797789932677088
"HCC","turquoise","GOLGA5",0.797767587508225
"HCC","turquoise","S1PR1",0.79767425073062
"HCC","turquoise","PCID2",0.797486843765357
"HCC","turquoise","TNS3",0.797403544349673
"HCC","turquoise","RPS6KB1",0.797377451107269
"HCC","turquoise","TARBP1",0.797175844433866
"HCC","turquoise","C1GALT1C1",0.796858659203858
"HCC","turquoise","CEP290",0.796831520828933
"HCC","turquoise","UFL1",0.796740562223599
"HCC","turquoise","MYD88",0.796668471922951
"HCC","turquoise","MAN1A1",0.79649140217144
"HCC","turquoise","ITFG1",0.796437489502619
"HCC","turquoise","PLEKHA7",0.796368941228286
"HCC","turquoise","RBM12B",0.796311706554085
"HCC","turquoise","KCTD5",0.796209708484593
"HCC","turquoise","AGAP6",0.796142864004867
"HCC","turquoise","SETX",0.796122250850636
"HCC","turquoise","LRCH1",0.796023820786851
"HCC","turquoise","GMCL1",0.795499086153305
"HCC","turquoise","ATG3",0.795188724953703
"HCC","turquoise","TMEM128",0.795179693995392
"HCC","turquoise","SLC19A2",0.795077706190439
"HCC","turquoise","DPH3",0.795061605000953
"HCC","turquoise","PGAM1",0.795006074059565
"HCC","turquoise","NAA25",0.794959423877492
"HCC","turquoise","PIK3C3",0.794766989280104
"HCC","turquoise","COG6",0.794500729786208
"HCC","turquoise","EXOC6",0.794494889930847
"HCC","turquoise","ZNF680",0.794492094836395
"HCC","turquoise","KLHL12",0.79441224553414
"HCC","turquoise","WEE1",0.794404432438301
"HCC","turquoise","RFC3",0.794338466622488
"HCC","turquoise","LAPTM4A",0.794291906091217
"HCC","turquoise","ALKBH1",0.794237811189929
"HCC","turquoise","VRK2",0.794163721563743
"HCC","turquoise","FNIP1",0.79410682032785
"HCC","turquoise","PPP4R1",0.793913778128111
"HCC","turquoise","PTAR1",0.793828619082981
"HCC","turquoise","ARPP19",0.793532848089524
"HCC","turquoise","HDAC2",0.793521167921463
"HCC","turquoise","MYL12A",0.793387976206824
"HCC","turquoise","COQ10B",0.793343643534207
"HCC","turquoise","ANKRD46",0.793314854772619
"HCC","turquoise","TCEAL1",0.793211341000554
"HCC","turquoise","BTBD10",0.793191908436235
"HCC","turquoise","INTS2",0.793048275976212
"HCC","turquoise","CANX",0.793046608727863
"HCC","turquoise","RAB11FIP2",0.7929783441773
"HCC","turquoise","RNF14",0.792928083824836
"HCC","turquoise","PNPT1",0.792819890766148
"HCC","turquoise","CCNYL1",0.79251787531917
"HCC","turquoise","NIPSNAP2",0.792397138702596
"HCC","turquoise","NPEPPS",0.792091300639098
"HCC","turquoise","MEAF6",0.791882997258771
"HCC","turquoise","OGT",0.791750232514092
"HCC","turquoise","VMA22",0.791510805500541
"HCC","turquoise","IDH1",0.791237484139964
"HCC","turquoise","VPS13A",0.791026398507067
"HCC","turquoise","DDHD2",0.790909399298312
"HCC","turquoise","MIER3",0.790901552588804
"HCC","turquoise","PDS5A",0.790769662352416
"HCC","turquoise","EFR3A",0.790752518800222
"HCC","turquoise","ABHD13",0.790730894543907
"HCC","turquoise","CCT4",0.790670557723876
"HCC","turquoise","ING3",0.790518496609249
"HCC","turquoise","UTP20",0.790470483801668
"HCC","turquoise","TERF2IP",0.790331962224652
"HCC","turquoise","CNIH1",0.790306119231773
"HCC","turquoise","FKBP15",0.79009975459068
"HCC","turquoise","STRN3",0.790090724807485
"HCC","turquoise","TAF6",0.790045116992809
"HCC","turquoise","PRP4K",0.789988772370694
"HCC","turquoise","ATAD2B",0.78997700488235
"HCC","turquoise","COPB2",0.789842560672685
"HCC","turquoise","TFB2M",0.789837921127596
"HCC","turquoise","UBE2D1",0.789564727487713
"HCC","turquoise","FKBP3",0.789559609481299
"HCC","turquoise","TAF13",0.789412234270075
"HCC","turquoise","MAN2C1",0.789286267008689
"HCC","turquoise","SGPP1",0.789262775790108
"HCC","turquoise","BMPR2",0.789238102440815
"HCC","turquoise","ALDH1A1",0.789033764449297
"HCC","turquoise","NUBP1",0.788993197460231
"HCC","turquoise","DAPK1",0.78881402579104
"HCC","turquoise","DCLRE1A",0.788736286537201
"HCC","turquoise","IDH3A",0.788512927148392
"HCC","turquoise","TASP1",0.788350012206534
"HCC","turquoise","VWA8",0.78833972873511
"HCC","turquoise","POT1",0.788261019706091
"HCC","turquoise","YPEL5",0.788244706989265
"HCC","turquoise","ZNF639",0.788189440466855
"HCC","turquoise","DTD2",0.788150525630779
"HCC","turquoise","RNF26",0.788040953394238
"HCC","turquoise","STK35",0.787878060091281
"HCC","turquoise","AHR",0.78787116328892
"HCC","turquoise","DCK",0.787769374679847
"HCC","turquoise","GOLT1B",0.787489390352704
"HCC","turquoise","GTF2H3",0.787432169319052
"HCC","turquoise","ZSWIM8",0.787310146314627
"HCC","turquoise","EDRF1",0.786956205838962
"HCC","turquoise","PARP2",0.786765074731701
"HCC","turquoise","PDPK1",0.786631249878047
"HCC","turquoise","KLHL2",0.786581318640375
"HCC","turquoise","RLIG1",0.786507307969915
"HCC","turquoise","DIMT1",0.78641719073579
"HCC","turquoise","VIPAS39",0.786205092519584
"HCC","turquoise","PUS10",0.786063137885889
"HCC","turquoise","GHITM",0.785894068460246
"HCC","turquoise","SNX5",0.785875582114073
"HCC","turquoise","MIDEAS",0.785862944576899
"HCC","turquoise","MSH6",0.785847158667805
"HCC","turquoise","HYOU1",0.785753334407196
"HCC","turquoise","SLMAP",0.785714235231929
"HCC","turquoise","CREB3L2",0.785578176127762
"HCC","turquoise","RPRD2",0.785437592316342
"HCC","turquoise","RNF139",0.785346911333797
"HCC","turquoise","GTPBP4",0.785299674230952
"HCC","turquoise","BAG4",0.785244452777859
"HCC","turquoise","MTMR6",0.785199399572852
"HCC","turquoise","SOCS6",0.785098995219986
"HCC","turquoise","BIRC6",0.785096484099328
"HCC","turquoise","WAC",0.784931245152747
"HCC","turquoise","GNAQ",0.784900523139447
"HCC","turquoise","SRSF5",0.784854816900772
"HCC","turquoise","UBE2A",0.784635411871585
"HCC","turquoise","CEMIP2",0.784597154939523
"HCC","turquoise","GMPS",0.784397146794821
"HCC","turquoise","IPMK",0.78432889067389
"HCC","turquoise","GATM",0.784262874956782
"HCC","turquoise","JAK1",0.784232388678841
"HCC","turquoise","AK6",0.783967263879298
"HCC","turquoise","KMT2E",0.783911291941689
"HCC","turquoise","ARL1",0.783806651556
"HCC","turquoise","PUS7L",0.783784423263299
"HCC","turquoise","SPICE1",0.783761735893667
"HCC","turquoise","NID1",0.783554525628646
"HCC","turquoise","HTRA2",0.783537588352373
"HCC","turquoise","ZBTB26",0.783312080868975
"HCC","turquoise","UBAP1",0.783306036409161
"HCC","turquoise","FAM98B",0.782954816383062
"HCC","turquoise","FOXO3",0.782473992587034
"HCC","turquoise","SNX2",0.782365490893569
"HCC","turquoise","CLOCK",0.782251353176299
"HCC","turquoise","PPIL2",0.782197805499239
"HCC","turquoise","MRNIP",0.781877103144403
"HCC","turquoise","NR2C2",0.781809740671726
"HCC","turquoise","TMEM184C",0.78155955292775
"HCC","turquoise","TRAP1",0.781530710590928
"HCC","turquoise","AKAP10",0.781507486418504
"HCC","turquoise","MAPK8",0.781371661911658
"HCC","turquoise","PCMTD1",0.781304523396648
"HCC","turquoise","MAPK9",0.781119769802697
"HCC","turquoise","UBL3",0.781042209436478
"HCC","turquoise","CCDC126",0.78085108567079
"HCC","turquoise","SIN3A",0.780685471378163
"HCC","turquoise","YOD1",0.78067411330413
"HCC","turquoise","CLCC1",0.78062990082091
"HCC","turquoise","EOGT",0.780395869120397
"HCC","turquoise","RCC2",0.780349116736488
"HCC","turquoise","TFAM",0.780298033346664
"HCC","turquoise","ZC3H7B",0.779927145890226
"HCC","turquoise","ARIH2",0.779767818935954
"HCC","turquoise","ANKRD13C",0.779681215555659
"HCC","turquoise","SUN2",0.779551675185487
"HCC","turquoise","JMY",0.779510401868495
"HCC","turquoise","ZNF280C",0.779498717638834
"HCC","turquoise","TRPM7",0.779356093343994
"HCC","turquoise","VPS36",0.77935355474113
"HCC","turquoise","AFF1",0.77933284671229
"HCC","turquoise","TRNT1",0.779268138300108
"HCC","turquoise","FNBP1L",0.779238445985984
"HCC","turquoise","CAPRIN2",0.779041025255436
"HCC","turquoise","MTMR1",0.779007294759527
"HCC","turquoise","ATG4C",0.778926970124758
"HCC","turquoise","GGNBP2",0.778594613225441
"HCC","turquoise","ZNF654",0.778590532385176
"HCC","turquoise","FIP1L1",0.778535058777464
"HCC","turquoise","DPY19L4",0.77851295090095
"HCC","turquoise","PPIL3",0.778493406304435
"HCC","turquoise","EHBP1",0.778479094682691
"HCC","turquoise","USO1",0.77837044539664
"HCC","turquoise","SEC23A",0.778368819151135
"HCC","turquoise","MINDY3",0.778157745114208
"HCC","turquoise","NAA16",0.778139361859016
"HCC","turquoise","ZBTB2",0.77812721317467
"HCC","turquoise","DUSP7",0.778091834929966
"HCC","turquoise","MARS2",0.778026727967082
"HCC","turquoise","UGCG",0.777738414253294
"HCC","turquoise","DNAJC9",0.777642931023238
"HCC","turquoise","RB1CC1",0.777546880703966
"HCC","turquoise","PARP9",0.777440518501869
"HCC","turquoise","MIS18BP1",0.777218580547644
"HCC","turquoise","PRDX1",0.777215050533121
"HCC","turquoise","ATXN7",0.777002969724645
"HCC","turquoise","KANSL2",0.776986918386508
"HCC","turquoise","FBXL4",0.776901167658907
"HCC","turquoise","ADCY6",0.776878058947904
"HCC","turquoise","TM2D3",0.776707564924086
"HCC","turquoise","SORBS1",0.776592091215779
"HCC","turquoise","MED12",0.776474256977884
"HCC","turquoise","DDHD1",0.776458819780999
"HCC","turquoise","CBL",0.776358755018659
"HCC","turquoise","ASCC3",0.776331448123537
"HCC","turquoise","MRE11",0.776326838362441
"HCC","turquoise","CYB5R4",0.775971880015379
"HCC","turquoise","BRWD1",0.775850589069193
"HCC","turquoise","OTUD6B",0.775532836198631
"HCC","turquoise","ASH1L",0.775513080608731
"HCC","turquoise","BTG1",0.775483618071763
"HCC","turquoise","CCZ1",0.775431046643656
"HCC","turquoise","ZNF687",0.775345705205131
"HCC","turquoise","ERI2",0.775253167272834
"HCC","turquoise","TXNDC9",0.775219430484506
"HCC","turquoise","PHAF1",0.775089534777909
"HCC","turquoise","SSH1",0.775081288499818
"HCC","turquoise","APAF1",0.774997022479206
"HCC","turquoise","WDR36",0.774974799101815
"HCC","turquoise","ITCH",0.774866412376728
"HCC","turquoise","MSL2",0.774788094351277
"HCC","turquoise","DZIP3",0.774740546046558
"HCC","turquoise","PLAA",0.774668742714501
"HCC","turquoise","PON2",0.774465366757503
"HCC","turquoise","UAP1",0.774443724097285
"HCC","turquoise","ARHGAP5",0.774252904008983
"HCC","turquoise","ZNF830",0.773918191818705
"HCC","turquoise","FAN1",0.773873194893685
"HCC","turquoise","AGTR1",0.773831210968407
"HCC","turquoise","FRMD4B",0.77366743475553
"HCC","turquoise","LRIG1",0.773639239916975
"HCC","turquoise","CARNMT1",0.773582072289289
"HCC","turquoise","COPS4",0.773453500061737
"HCC","turquoise","ZFP36",0.773388075004104
"HCC","turquoise","FBXO11",0.773215860595555
"HCC","turquoise","EID1",0.773089078755459
"HCC","turquoise","RRAS2",0.772973384185816
"HCC","turquoise","DLST",0.772816172124684
"HCC","turquoise","CDC42",0.772774819112841
"HCC","turquoise","MMUT",0.772505635065145
"HCC","turquoise","GALK2",0.772417774060735
"HCC","turquoise","PPFIA1",0.772415490109569
"HCC","turquoise","ZMIZ1",0.771979162338598
"HCC","turquoise","ANKRD40",0.771956649760857
"HCC","turquoise","MRPL32",0.771923433971881
"HCC","turquoise","USP33",0.771831160477129
"HCC","turquoise","MFN2",0.771590085215756
"HCC","turquoise","SEC24C",0.771562452872939
"HCC","turquoise","CCDC186",0.771533879964078
"HCC","turquoise","CNOT3",0.77151454815458
"HCC","turquoise","GNL3",0.77150665553635
"HCC","turquoise","CFAP97",0.771491768195779
"HCC","turquoise","RCBTB2",0.771489014239495
"HCC","turquoise","SEL1L",0.771301803927809
"HCC","turquoise","CDC14B",0.77116263850972
"HCC","turquoise","C21orf91",0.771112359117735
"HCC","turquoise","ORC4",0.770981884942108
"HCC","turquoise","RACGAP1",0.770822137447532
"HCC","turquoise","APLP2",0.770808501601841
"HCC","turquoise","DDX50",0.770538571040631
"HCC","turquoise","DDX46",0.770477966868514
"HCC","turquoise","IFRD2",0.770391807735951
"HCC","turquoise","WDR44",0.770355036945485
"HCC","turquoise","NCOA1",0.770341608466862
"HCC","turquoise","FYTTD1",0.77006656455518
"HCC","turquoise","RAB5B",0.770050732388275
"HCC","turquoise","NT5DC1",0.769961529808733
"HCC","turquoise","CCNG2",0.769961486450528
"HCC","turquoise","ZNF41",0.769892264415417
"HCC","turquoise","PAK1IP1",0.769839777604082
"HCC","turquoise","HMGB1",0.769827788381471
"HCC","turquoise","SPIN3",0.769791046803508
"HCC","turquoise","ATP6V1G1",0.769545581478272
"HCC","turquoise","NAA35",0.769505649754124
"HCC","turquoise","UXS1",0.769492692005464
"HCC","turquoise","WTAP",0.769388066985116
"HCC","turquoise","HMGB2",0.769366480009747
"HCC","turquoise","ZNF281",0.769273471328927
"HCC","turquoise","IDS",0.769263691153906
"HCC","turquoise","LRRC59",0.768733482954264
"HCC","turquoise","SHC1",0.768666192308625
"HCC","turquoise","GSAP",0.768431725710631
"HCC","turquoise","CLIC4",0.768390942854383
"HCC","turquoise","APC",0.768297840215141
"HCC","turquoise","RIOK2",0.768286984278139
"HCC","turquoise","DNAJB14",0.768148851096979
"HCC","turquoise","CCDC6",0.768013292714154
"HCC","turquoise","NECTIN3",0.76800407333202
"HCC","turquoise","PBX3",0.767759214348335
"HCC","turquoise","IRF2BP2",0.767305555349164
"HCC","turquoise","DDX17",0.76719299328744
"HCC","turquoise","FBXO30",0.767148096283017
"HCC","turquoise","JAK2",0.767096378560337
"HCC","turquoise","PAPSS2",0.767050591658728
"HCC","turquoise","ZNF277",0.766793783233627
"HCC","turquoise","TMEM237",0.766786269419452
"HCC","turquoise","HECTD2",0.766718431433026
"HCC","turquoise","RCOR3",0.766670159949971
"HCC","turquoise","VBP1",0.766645345710767
"HCC","turquoise","TJP2",0.766576990088864
"HCC","turquoise","HADHB",0.766573443315508
"HCC","turquoise","SMYD2",0.76645787295283
"HCC","turquoise","SENP1",0.766451879982372
"HCC","turquoise","SINHCAF",0.766335445245042
"HCC","turquoise","MINK1",0.766093634322942
"HCC","turquoise","RAB1B",0.765889972220278
"HCC","turquoise","BUB3",0.765792846982725
"HCC","turquoise","UBN2",0.765635764957461
"HCC","turquoise","FCHO2",0.765631377066112
"HCC","turquoise","HNRNPAB",0.765628982633491
"HCC","turquoise","RIC1",0.765608356033227
"HCC","turquoise","SLC25A19",0.765353472541914
"HCC","turquoise","NUP205",0.765293377997656
"HCC","turquoise","ZNRF2",0.765123447483929
"HCC","turquoise","VEGFA",0.765043206814663
"HCC","turquoise","FAM8A1",0.765042194983867
"HCC","turquoise","MAIP1",0.765003563397351
"HCC","turquoise","ZNF354B",0.764937101230569
"HCC","turquoise","ENTPD6",0.764676619708146
"HCC","turquoise","METTL4",0.764662274855596
"HCC","turquoise","GOLGA7",0.764640496402475
"HCC","turquoise","HNRNPU",0.764389927766566
"HCC","turquoise","LCMT2",0.764294350274724
"HCC","turquoise","SPAST",0.764266673346548
"HCC","turquoise","CEP57",0.764233261434452
"HCC","turquoise","CDK2",0.764068077352959
"HCC","turquoise","CCDC117",0.763976834020481
"HCC","turquoise","MTERF3",0.763906126496003
"HCC","turquoise","IVNS1ABP",0.7636242201138
"HCC","turquoise","CHCHD3",0.763332423334932
"HCC","turquoise","RPAP3",0.763271747621197
"HCC","turquoise","CUTC",0.763207190948668
"HCC","turquoise","SEPTIN2",0.762989784413275
"HCC","turquoise","UBFD1",0.762858194412815
"HCC","turquoise","CHD1",0.76277688442521
"HCC","turquoise","CNOT7",0.762634218501511
"HCC","turquoise","GDAP2",0.762515667304744
"HCC","turquoise","COPG1",0.762413515284647
"HCC","turquoise","FECH",0.762194529732884
"HCC","turquoise","MCCC2",0.761931667943598
"HCC","turquoise","MRRF",0.761711877014342
"HCC","turquoise","COPS8",0.761699884850087
"HCC","turquoise","PRKAR1A",0.761635402364104
"HCC","turquoise","DDX18",0.761608280222968
"HCC","turquoise","SETD9",0.761552593773735
"HCC","turquoise","SELENOI",0.761421661062219
"HCC","turquoise","TRIO",0.761381156013006
"HCC","turquoise","CALCOCO2",0.761310713198566
"HCC","turquoise","PLS3",0.76108112311902
"HCC","turquoise","SNX13",0.761073303292498
"HCC","turquoise","MFAP3",0.760976912566913
"HCC","turquoise","COMMD8",0.760717327253155
"HCC","turquoise","OXR1",0.760581449712462
"HCC","turquoise","CBLB",0.760502496256438
"HCC","turquoise","KDM7A",0.760470934130662
"HCC","turquoise","STX7",0.760300206529613
"HCC","turquoise","PLEKHA3",0.760254048835454
"HCC","turquoise","VCPIP1",0.760230908270434
"HCC","turquoise","KANSL1L",0.760060020551172
"HCC","turquoise","DENR",0.759652263604894
"HCC","turquoise","AP4E1",0.759486973519856
"HCC","turquoise","DKC1",0.759290043750354
"HCC","turquoise","SMG1",0.75910060572643
"HCC","turquoise","ESD",0.759054219507317
"HCC","turquoise","ANXA4",0.758962333238559
"HCC","turquoise","PNN",0.758881841526258
"HCC","turquoise","KATNBL1",0.758795022884726
"HCC","turquoise","INSIG2",0.758784511121252
"HCC","turquoise","ZNF17",0.758527044538254
"HCC","turquoise","EXOC2",0.758438696993698
"HCC","turquoise","NGLY1",0.758296736826861
"HCC","turquoise","CPEB2",0.758293955102076
"HCC","turquoise","PRKCI",0.758171523173635
"HCC","turquoise","DENND2B",0.758066366547674
"HCC","turquoise","MORC3",0.758027490189961
"HCC","turquoise","PDSS1",0.757799152894699
"HCC","turquoise","ACAD8",0.757660472864731
"HCC","turquoise","C1GALT1",0.757611904678909
"HCC","turquoise","TAOK1",0.75757848364261
"HCC","turquoise","GPRASP2",0.75757220417121
"HCC","turquoise","GPN3",0.757480239682505
"HCC","turquoise","DENND1B",0.757391012141371
"HCC","turquoise","CAV1",0.757328941771499
"HCC","turquoise","FCF1",0.757319745320223
"HCC","turquoise","KLF12",0.757221251517384
"HCC","turquoise","DCAF7",0.757200346334078
"HCC","turquoise","CEP76",0.757079575931983
"HCC","turquoise","CDK12",0.757011715973145
"HCC","turquoise","FOXN2",0.756941097449893
"HCC","turquoise","TMEM43",0.756913234856789
"HCC","turquoise","TSPYL4",0.756771374173433
"HCC","turquoise","LARP1",0.756638025828384
"HCC","turquoise","ELP4",0.756562649655981
"HCC","turquoise","ACBD5",0.756536817308556
"HCC","turquoise","PPP1R12B",0.75653421896855
"HCC","turquoise","USPL1",0.756513722029342
"HCC","turquoise","BAG2",0.756507065132467
"HCC","turquoise","MIR600HG",0.756385707652072
"HCC","turquoise","TRIM32",0.756377133246291
"HCC","turquoise","TEX2",0.756272808157099
"HCC","turquoise","ZBTB21",0.75595006697709
"HCC","turquoise","EFCAB7",0.755806790880479
"HCC","turquoise","ZBTB34",0.755677725016839
"HCC","turquoise","SMC1A",0.755610439272957
"HCC","turquoise","RAB9A",0.755505044200707
"HCC","turquoise","IRF9",0.755445908957424
"HCC","turquoise","TJP1",0.755204714557226
"HCC","turquoise","CTNNB1",0.755161550218414
"HCC","turquoise","ZBTB14",0.755103232183152
"HCC","turquoise","WSB1",0.75498922212881
"HCC","turquoise","MALT1",0.75485723289565
"HCC","turquoise","SLC30A1",0.754664510870056
"HCC","turquoise","GBA2",0.754466115128702
"HCC","turquoise","DR1",0.754320856581965
"HCC","turquoise","BRD8",0.754218595171388
"HCC","turquoise","TERF1",0.754029508042002
"HCC","turquoise","CIPC",0.75402033425392
"HCC","turquoise","POGZ",0.753985206640967
"HCC","turquoise","FBXO3",0.753887893669484
"HCC","turquoise","TMTC4",0.75369422521345
"HCC","turquoise","RP2",0.753569630451059
"HCC","turquoise","PSMD14",0.753495019097518
"HCC","turquoise","ZHX1",0.753400223013806
"HCC","turquoise","LYST",0.753087165276902
"HCC","turquoise","HBS1L",0.753044113412791
"HCC","turquoise","NNT",0.752977892131038
"HCC","turquoise","ZFYVE9",0.752868876020514
"HCC","turquoise","FUNDC1",0.752758615841794
"HCC","turquoise","STAMBP",0.752676055410021
"HCC","turquoise","CDIN1",0.752504331570408
"HCC","turquoise","SLK",0.752303981472508
"HCC","turquoise","MTFR1",0.752114522681589
"HCC","turquoise","SET",0.751811560962601
"HCC","turquoise","OPN3",0.751778791885257
"HCC","turquoise","CLCN3",0.751677281668588
"HCC","turquoise","BPGM",0.751662703750914
"HCC","turquoise","ABCA5",0.751594069479558
"HCC","turquoise","LPIN2",0.751566015863797
"HCC","turquoise","TP53BP1",0.751421986379997
"HCC","turquoise","RSRC1",0.751339873607115
"HCC","turquoise","FRS2",0.751182264468252
"HCC","turquoise","LDHA",0.751072926237353
"HCC","turquoise","ALG2",0.75103736386359
"HCC","turquoise","PPP2R5A",0.750920092780144
"HCC","turquoise","USF3",0.7508667613986
"HCC","turquoise","SAMD8",0.750688132295055
"HCC","turquoise","AASDH",0.750535670066987
"HCC","turquoise","GRB2",0.750484568004784
"HCC","turquoise","GAS2",0.750442720167867
"HCC","turquoise","PSMG1",0.750339984959816
"HCC","turquoise","GOLGA6L9",0.750254498827791
"HCC","turquoise","SCAF4",0.750241401830047
"HCC","turquoise","SBNO1",0.75018176311578
"HCC","turquoise","PLEKHA5",0.750174106867675
"HCC","turquoise","USP38",0.750092408938463
"HCC","turquoise","ZNF224",0.750086267147946
"HCC","turquoise","CCP110",0.750046435800386
"HCC","turquoise","PIGB",0.750033492945661
"HCC","turquoise","CHORDC1",0.750004308038953
"HCC","turquoise","SPATS2L",0.749896112967678
"HCC","turquoise","SETDB1",0.749807581454582
"HCC","turquoise","EXOC8",0.749760942312597
"HCC","turquoise","SDHC",0.749724719400301
"HCC","turquoise","PLSCR1",0.749676660356065
"HCC","turquoise","SYNJ1",0.749356205317889
"HCC","turquoise","ZNF25",0.74917478044842
"HCC","turquoise","RAB18",0.74901837275499
"HCC","turquoise","ZSWIM6",0.74900052924322
"HCC","turquoise","POLA1",0.748985798462509
"HCC","turquoise","PTP4A1",0.748975745566047
"HCC","turquoise","NFKBIZ",0.748803810694786
"HCC","turquoise","PGGT1B",0.748703493301523
"HCC","turquoise","DDX60",0.74847940079223
"HCC","turquoise","HEG1",0.748396169003522
"HCC","turquoise","PPP1R21",0.748108194821213
"HCC","turquoise","COPS5",0.748085497454063
"HCC","turquoise","LEO1",0.748079300077418
"HCC","turquoise","ZNF839",0.748011062050785
"HCC","turquoise","CARF",0.747996558501965
"HCC","turquoise","SERBP1",0.747875138149972
"HCC","turquoise","PSMD6",0.747854289228847
"HCC","turquoise","BRPF1",0.747813980587299
"HCC","turquoise","NPC1",0.747730137578969
"HCC","turquoise","HSPH1",0.747705764180144
"HCC","turquoise","SRSF4",0.747637399343483
"HCC","turquoise","ZBED5",0.747318359825444
"HCC","turquoise","BIN3",0.747312937507753
"HCC","turquoise","RNF111",0.747307891949597
"HCC","turquoise","TFCP2",0.74714815512352
"HCC","turquoise","IL1R1",0.747144951292906
"HCC","turquoise","MAP4K5",0.746974624121134
"HCC","turquoise","ELF2",0.746922116827768
"HCC","turquoise","NRBP2",0.746888995602575
"HCC","turquoise","STRADB",0.746704277567489
"HCC","turquoise","RMC1",0.746479272693048
"HCC","turquoise","F8",0.746442169620387
"HCC","turquoise","LRP6",0.746229582514113
"HCC","turquoise","ALDH5A1",0.746088293147955
"HCC","turquoise","THAP1",0.745993459854674
"HCC","turquoise","IWS1",0.745811879437637
"HCC","turquoise","CHSY1",0.745589228982733
"HCC","turquoise","LTV1",0.745498512781354
"HCC","turquoise","TM9SF4",0.745391888303289
"HCC","turquoise","RAP1B",0.745346720239803
"HCC","turquoise","LARP1B",0.745270330815081
"HCC","turquoise","MIA2",0.745262730368811
"HCC","turquoise","DONSON",0.745172653076767
"HCC","turquoise","VPS54",0.744833596760472
"HCC","turquoise","LSM1",0.744739895929716
"HCC","turquoise","HSP90AB3P",0.744619784215678
"HCC","turquoise","FXR1",0.744305558940841
"HCC","turquoise","POLI",0.744297760925051
"HCC","turquoise","ARV1",0.744090477577602
"HCC","turquoise","BZW1",0.743814884110389
"HCC","turquoise","DHX40",0.743784479448785
"HCC","turquoise","PLEKHA1",0.743711423544677
"HCC","turquoise","SDC2",0.743572714026601
"HCC","turquoise","ADD3",0.743571357080337
"HCC","turquoise","CEP97",0.74353097127549
"HCC","turquoise","RASSF8",0.743417213115459
"HCC","turquoise","BCL2L11",0.743244355803871
"HCC","turquoise","SEC22B",0.743229305638227
"HCC","turquoise","BECN1",0.743151642213117
"HCC","turquoise","DMXL2",0.742992853462909
"HCC","turquoise","DDX60L",0.742711643287464
"HCC","turquoise","ASAP1",0.742681166551472
"HCC","turquoise","IFT52",0.742673122289394
"HCC","turquoise","RAB21",0.742648506766422
"HCC","turquoise","WDFY3",0.742394433230812
"HCC","turquoise","SQLE",0.742288047935543
"HCC","turquoise","CHMP1B",0.74225637721864
"HCC","turquoise","LATS2",0.741827495899808
"HCC","turquoise","SASS6",0.741775846874291
"HCC","turquoise","IFT20",0.741672815574927
"HCC","turquoise","COG1",0.741659045667218
"HCC","turquoise","B4GALT5",0.741463506935087
"HCC","turquoise","STAT1",0.741348730573022
"HCC","turquoise","KRAS",0.740911574529898
"HCC","turquoise","CEP83",0.740894015973341
"HCC","turquoise","LARS2",0.740574587959214
"HCC","turquoise","SC5D",0.7404996712237
"HCC","turquoise","BTG3",0.740471889588716
"HCC","turquoise","ABL1",0.740442261476493
"HCC","turquoise","DCP2",0.740434854176427
"HCC","turquoise","DNAJC10",0.740348653917504
"HCC","turquoise","RBM4B",0.740312457456717
"HCC","turquoise","ZNF512B",0.740275038955093
"HCC","turquoise","BRF2",0.740207915502423
"HCC","turquoise","ACSL3",0.740178864686434
"HCC","turquoise","TFRC",0.739947265520794
"HCC","turquoise","THRAP3",0.739914586579161
"HCC","turquoise","ZMAT1",0.739757733528337
"HCC","turquoise","CCT2",0.739670009851455
"HCC","turquoise","SETD5",0.739393987503597
"HCC","turquoise","POFUT2",0.73933255644229
"HCC","turquoise","PIBF1",0.739268928641847
"HCC","turquoise","TRMT1L",0.738913363751611
"HCC","turquoise","LRBA",0.738740704404024
"HCC","turquoise","UTP11",0.738732817025269
"HCC","turquoise","NOLC1",0.73867377271741
"HCC","turquoise","CDC14A",0.738595373999459
"HCC","turquoise","UBR3",0.738579973435037
"HCC","turquoise","RIF1",0.738570473131681
"HCC","turquoise","RRP15",0.738370013824135
"HCC","turquoise","PDGFD",0.738273620667749
"HCC","turquoise","FARP1",0.738263596503298
"HCC","turquoise","C5orf24",0.738259283146242
"HCC","turquoise","ZFX",0.737993229766004
"HCC","turquoise","TMEM14A",0.737856109369786
"HCC","turquoise","SH3GLB1",0.737737995343006
"HCC","turquoise","RFX3",0.737631300658017
"HCC","turquoise","CBLL1",0.73752862376034
"HCC","turquoise","DENND5B",0.737408345247135
"HCC","turquoise","MNAT1",0.737276308102051
"HCC","turquoise","NTAN1",0.737168413771007
"HCC","turquoise","SPOPL",0.736915922221889
"HCC","turquoise","C4orf46",0.736683583007911
"HCC","turquoise","LACC1",0.736658603089739
"HCC","turquoise","TRA2A",0.736617848401568
"HCC","turquoise","WRN",0.73659544919206
"HCC","turquoise","TSC22D2",0.736512144282612
"HCC","turquoise","INTS3",0.73645910236085
"HCC","turquoise","CDC42SE1",0.736421898999438
"HCC","turquoise","STX12",0.736337792589749
"HCC","turquoise","AIMP2",0.736062172918064
"HCC","turquoise","GTF2A2",0.735894628149815
"HCC","turquoise","UEVLD",0.735885749786629
"HCC","turquoise","APOOL",0.735837738211986
"HCC","turquoise","C9orf72",0.735719544674869
"HCC","turquoise","PPP3R1",0.735671572218097
"HCC","turquoise","PPP6R1",0.735617228990187
"HCC","turquoise","CUL4A",0.735611912261877
"HCC","turquoise","ANKRD49",0.735484933004185
"HCC","turquoise","KMT2C",0.73539040335178
"HCC","turquoise","TMEM185B",0.735285969876169
"HCC","turquoise","NUDCD1",0.735180889407247
"HCC","turquoise","RWDD4",0.735079642886562
"HCC","turquoise","MBNL3",0.735064813755083
"HCC","turquoise","SIX5",0.734958890511895
"HCC","turquoise","TMEM60",0.734874825054255
"HCC","turquoise","GMFB",0.734841705688546
"HCC","turquoise","KPNA4",0.734707253160231
"HCC","turquoise","SMARCA2",0.734670642898801
"HCC","turquoise","DNAAF9",0.734607295349632
"HCC","turquoise","DOCK9",0.734331190853566
"HCC","turquoise","PHTF2",0.734294330493912
"HCC","turquoise","HACD3",0.734285191164283
"HCC","turquoise","ZNF621",0.734266218084322
"HCC","turquoise","H2AZ2",0.73425186795198
"HCC","turquoise","ZXDB",0.734244391050405
"HCC","turquoise","LRRC41",0.734066167692324
"HCC","turquoise","UBE3B",0.733883034462388
"HCC","turquoise","ST13",0.733762534825454
"HCC","turquoise","UIMC1",0.733730260342344
"HCC","turquoise","ANKRD27",0.73363434152995
"HCC","turquoise","ZNF627",0.733532937040075
"HCC","turquoise","NFIL3",0.733473778054003
"HCC","turquoise","KIF13B",0.733231221240183
"HCC","turquoise","PSMA3",0.733020821542268
"HCC","turquoise","GBF1",0.73292962287066
"HCC","turquoise","HBP1",0.732920745802022
"HCC","turquoise","SPIDR",0.73286774913809
"HCC","turquoise","OTUD3",0.732866870596165
"HCC","turquoise","RALGDS",0.732775365610025
"HCC","turquoise","ORC3",0.732592210238921
"HCC","turquoise","MBNL2",0.73244218356538
"HCC","turquoise","RAP2A",0.732382206769631
"HCC","turquoise","PEX10",0.73233802983883
"HCC","turquoise","KLHL15",0.732318741670541
"HCC","turquoise","G2E3",0.732183337350908
"HCC","turquoise","SPRTN",0.731915675624754
"HCC","turquoise","HMGCS1",0.731699915221702
"HCC","turquoise","VPS26A",0.731685305898406
"HCC","turquoise","TTC17",0.73165798432652
"HCC","turquoise","RMDN2",0.731620529185789
"HCC","turquoise","LRRK2",0.731419852793826
"HCC","turquoise","SMARCC2",0.731242772963194
"HCC","turquoise","RNF214",0.731071971606599
"HCC","turquoise","NIF3L1",0.730892030676116
"HCC","turquoise","TRIM4",0.730847399365904
"HCC","turquoise","CAPZA2",0.730255695469204
"HCC","turquoise","PTPRJ",0.730191217742177
"HCC","turquoise","SH3BGRL",0.730077055589886
"HCC","turquoise","PLEKHM3",0.729796908185171
"HCC","turquoise","HIGD1A",0.729786626041258
"HCC","turquoise","TMEM209",0.729696224160444
"HCC","turquoise","TMEM183BP",0.72964459863179
"HCC","turquoise","FZD5",0.729588018667892
"HCC","turquoise","ZNF236",0.729461417258404
"HCC","turquoise","PIGO",0.729387610903073
"HCC","turquoise","CCDC86",0.729114539568186
"HCC","turquoise","RPE",0.728887745089586
"HCC","turquoise","ITGA6",0.728875129361779
"HCC","turquoise","HACE1",0.728765035173393
"HCC","turquoise","DEK",0.728597367639137
"HCC","turquoise","TSN",0.728594046965835
"HCC","turquoise","GSTA4",0.728491486173581
"HCC","turquoise","ADAM9",0.728320413616638
"HCC","turquoise","ZNF182",0.728152834785989
"HCC","turquoise","CENATAC",0.727936345658584
"HCC","turquoise","NEDD4",0.727918277358556
"HCC","turquoise","KLF10",0.727771934303378
"HCC","turquoise","VEZF1",0.727766218593411
"HCC","turquoise","ZCCHC4",0.727607655019844
"HCC","turquoise","NXT2",0.727558922778469
"HCC","turquoise","BLTP3A",0.727486689406429
"HCC","turquoise","TIMM23B",0.727338434635353
"HCC","turquoise","C17orf75",0.72725283083717
"HCC","turquoise","FBXL5",0.727198530102069
"HCC","turquoise","AKAP9",0.727164639158096
"HCC","turquoise","NPM1",0.727135892118254
"HCC","turquoise","WDR5B",0.727001252011615
"HCC","turquoise","BBS9",0.72678950556368
"HCC","turquoise","TSC22D1",0.726775736221484
"HCC","turquoise","TRAM1",0.726693532599238
"HCC","turquoise","CPOX",0.726537192777835
"HCC","turquoise","PPP3CC",0.726494264942932
"HCC","turquoise","SEC14L1",0.726487508036198
"HCC","turquoise","VAPA",0.726316672712334
"HCC","turquoise","OMA1",0.726180539810032
"HCC","turquoise","GFPT1",0.726014554824641
"HCC","turquoise","FEM1C",0.725869147157719
"HCC","turquoise","ZNF292",0.725661214911165
"HCC","turquoise","PROX1",0.725523906713862
"HCC","turquoise","NSUN3",0.725506093030311
"HCC","turquoise","RRM1",0.725501177224015
"HCC","turquoise","TOM1L1",0.724974394480538
"HCC","turquoise","HECTD4",0.724918660932779
"HCC","turquoise","TLE1",0.724823039376716
"HCC","turquoise","PGM2",0.72474187899193
"HCC","turquoise","AGL",0.724727270435506
"HCC","turquoise","PHF5A",0.724642207538662
"HCC","turquoise","PDXDC1",0.724604403073599
"HCC","turquoise","ZBTB33",0.724532385552253
"HCC","turquoise","WDFY1",0.724502737761502
"HCC","turquoise","YRDC",0.724258001258444
"HCC","turquoise","C2CD3",0.72395527988884
"HCC","turquoise","GPBP1",0.723909717721426
"HCC","turquoise","PNMA1",0.723801365469813
"HCC","turquoise","PEX11B",0.723747200974183
"HCC","turquoise","PTPN21",0.72368462895506
"HCC","turquoise","LAMTOR3",0.723652437158535
"HCC","turquoise","RFX5",0.72327216609286
"HCC","turquoise","ARHGDIA",0.72323070772727
"HCC","turquoise","HMGN2",0.723073868485619
"HCC","turquoise","NPAT",0.722926840686057
"HCC","turquoise","EIF5",0.722844263488263
"HCC","turquoise","TYW3",0.722785165971529
"HCC","turquoise","UBXN2B",0.722688729133638
"HCC","turquoise","IGF2R",0.722678875468721
"HCC","turquoise","GJA1",0.722599693607212
"HCC","turquoise","RALGAPA1",0.722403640792378
"HCC","turquoise","ANKRD50",0.721972045555574
"HCC","turquoise","GTF2B",0.721850363523394
"HCC","turquoise","LNPEP",0.721605953326676
"HCC","turquoise","ATP10D",0.721544582781937
"HCC","turquoise","CDR2",0.721510399764835
"HCC","turquoise","NUDT17",0.721438228284615
"HCC","turquoise","BET1",0.721391471648446
"HCC","turquoise","REXO1",0.721237928997202
"HCC","turquoise","ATP7B",0.721024475569375
"HCC","turquoise","GTF3C4",0.721013507031499
"HCC","turquoise","ACO2",0.720907332335278
"HCC","turquoise","TMOD3",0.720875523796016
"HCC","turquoise","TNFAIP3",0.720745506736537
"HCC","turquoise","DCUN1D1",0.720578263246517
"HCC","turquoise","FAM98A",0.72037648795968
"HCC","turquoise","PPP3CB",0.720279480582792
"HCC","turquoise","MPLKIP",0.719966200680747
"HCC","turquoise","BRD10",0.719944801418676
"HCC","turquoise","ACVR2A",0.719875230558222
"HCC","turquoise","LDB1",0.719860568299582
"HCC","turquoise","CDK7",0.71966178849155
"HCC","turquoise","DPYD",0.719590781766821
"HCC","turquoise","DNMT1",0.719359209085712
"HCC","turquoise","PAM",0.719308721014542
"HCC","turquoise","SP2",0.719271946220614
"HCC","turquoise","PRPF18",0.71924810129628
"HCC","turquoise","PNRC1",0.719122951385922
"HCC","turquoise","NUDT5",0.718993980885308
"HCC","turquoise","SPCS1",0.718957673305987
"HCC","turquoise","PTEN",0.71882962337689
"HCC","turquoise","TMEM87B",0.718780722855404
"HCC","turquoise","EPM2AIP1",0.718718957893826
"HCC","turquoise","TMCC1",0.718267084379968
"HCC","turquoise","MTA1",0.717997231197581
"HCC","turquoise","MRTFB",0.717965505156321
"HCC","turquoise","RFC1",0.717874551651244
"HCC","turquoise","PRKRA",0.717869292280234
"HCC","turquoise","WDR48",0.717499646040657
"HCC","turquoise","MGME1",0.717304183944553
"HCC","turquoise","MRPL19",0.716861683489657
"HCC","turquoise","HERPUD2",0.716757391787107
"HCC","turquoise","FAF2",0.716493507605944
"HCC","turquoise","H2AZ1",0.716393662515693
"HCC","turquoise","ERN1",0.716347975132044
"HCC","turquoise","MIA3",0.716290530478976
"HCC","turquoise","ZNF615",0.71622689917585
"HCC","turquoise","POLE3",0.716068520224771
"HCC","turquoise","ZNF106",0.715895868250216
"HCC","turquoise","GPATCH2",0.715892969003393
"HCC","turquoise","SDHAF3",0.71552779145725
"HCC","turquoise","SPPL2A",0.715506805176989
"HCC","turquoise","AMN1",0.715364318500885
"HCC","turquoise","GOLGA1",0.71498992351366
"HCC","turquoise","GSKIP",0.71495637265226
"HCC","turquoise","AKAP11",0.714774053971301
"HCC","turquoise","RALGAPB",0.714758226340376
"HCC","turquoise","TMEM230",0.71460232308825
"HCC","turquoise","PJA1",0.714557146505979
"HCC","turquoise","POLR1HASP",0.714500162726732
"HCC","turquoise","IRF2BPL",0.714377347887253
"HCC","turquoise","SEC24D",0.71433074501965
"HCC","turquoise","ZBTB38",0.714162367564167
"HCC","turquoise","ZNF598",0.714118539783775
"HCC","turquoise","ZCCHC24",0.7140697276465
"HCC","turquoise","LCORL",0.714011543939976
"HCC","turquoise","ZNF138",0.714002609783992
"HCC","turquoise","EIF4A1",0.713968938616932
"HCC","turquoise","NDUFB5",0.713949717834262
"HCC","turquoise","FGD6",0.713887061927284
"HCC","turquoise","ICE2",0.713728816531698
"HCC","turquoise","HARS1",0.713707098905006
"HCC","turquoise","ZNF623",0.713681423996471
"HCC","turquoise","KLHL5",0.713647855259227
"HCC","turquoise","NEK4",0.713581617529334
"HCC","turquoise","STAM2",0.71354010080822
"HCC","turquoise","WDR19",0.713416404544839
"HCC","turquoise","SHTN1",0.713167573382272
"HCC","turquoise","ATXN7L3B",0.713045084412069
"HCC","turquoise","SRSF6",0.712982142656311
"HCC","turquoise","LNX1",0.712860843359947
"HCC","turquoise","MED23",0.712845019252822
"HCC","turquoise","XPR1",0.712655573879935
"HCC","turquoise","TRAPPC6B",0.712493470478462
"HCC","turquoise","MRPS28",0.712100039826879
"HCC","turquoise","ZC3H12C",0.712062006131424
"HCC","turquoise","IFT74",0.711992904038419
"HCC","turquoise","PLK2",0.711899812621291
"HCC","turquoise","EMC2",0.711856697576124
"HCC","turquoise","KIF2A",0.711847315885281
"HCC","turquoise","NFYB",0.711706930476816
"HCC","turquoise","KDM5B",0.711644174159621
"HCC","turquoise","RAD23A",0.711564292367767
"HCC","turquoise","EDEM1",0.711214030265408
"HCC","turquoise","PMS2",0.711070833878578
"HCC","turquoise","NR1D2",0.710714017457378
"HCC","turquoise","RFWD3",0.710261069553367
"HCC","turquoise","ITGB3BP",0.71024484904096
"HCC","turquoise","SH2B3",0.710229229465021
"HCC","turquoise","PDCL",0.710215457500436
"HCC","turquoise","LIN9",0.710073574806422
"HCC","turquoise","GOLGA2",0.710018019088101
"HCC","turquoise","PHLPP2",0.709921160907005
"HCC","turquoise","LMTK2",0.709858776004106
"HCC","turquoise","SLC15A4",0.709796022869112
"HCC","turquoise","MAP3K3",0.709591985381952
"HCC","turquoise","ZBTB41",0.709581105932338
"HCC","turquoise","KANSL1",0.709105903071292
"HCC","turquoise","PRPSAP2",0.70903707667829
"HCC","turquoise","RAI1",0.708988501504177
"HCC","turquoise","OTUD1",0.708740411479471
"HCC","turquoise","NUFIP1",0.708660415586171
"HCC","turquoise","E2F8",0.708370471671439
"HCC","turquoise","GFM1",0.708227753166501
"HCC","turquoise","BRIX1",0.708164826329519
"HCC","turquoise","MAN2A2",0.708018745385825
"HCC","turquoise","CASP3",0.707972494444529
"HCC","turquoise","ZW10",0.707803512190953
"HCC","turquoise","PEX12",0.707749217017431
"HCC","turquoise","USP22",0.707598537367816
"HCC","turquoise","LRRCC1",0.707497467446924
"HCC","turquoise","UBE3C",0.707439278969494
"HCC","turquoise","MAGI3",0.707323331824253
"HCC","turquoise","EIF3A",0.707162477061382
"HCC","turquoise","DYNC1LI2",0.707148264758572
"HCC","turquoise","PDHB",0.707133225422625
"HCC","turquoise","TMEM59",0.706891376108813
"HCC","turquoise","SEC61A2",0.706825933013515
"HCC","turquoise","THTPA",0.706811904511751
"HCC","turquoise","ZNF319",0.706674403877802
"HCC","turquoise","ESRRA",0.706599002012576
"HCC","turquoise","RBM7",0.706402732153929
"HCC","turquoise","ECD",0.706338568218493
"HCC","turquoise","RAB28",0.706336378206704
"HCC","turquoise","TMEM65",0.706300405272253
"HCC","turquoise","BOD1L1",0.706267607278
"HCC","turquoise","ID2",0.706173111480677
"HCC","turquoise","ETAA1",0.706167238174076
"HCC","turquoise","FBXL14",0.706123910268602
"HCC","turquoise","ATP11C",0.705930357042853
"HCC","turquoise","LACTB",0.705776723259774
"HCC","turquoise","TXNRD1",0.705759100080016
"HCC","turquoise","MAZ",0.705756411549793
"HCC","turquoise","RUFY2",0.705725649838281
"HCC","turquoise","KDM1B",0.705683006852962
"HCC","turquoise","SMC5",0.705600460838127
"HCC","turquoise","E2F6",0.705563083825366
"HCC","turquoise","TRMT10C",0.705480171017755
"HCC","turquoise","C6orf120",0.70547551965748
"HCC","turquoise","NR2F2",0.705349047650367
"HCC","turquoise","CHERP",0.705163901548811
"HCC","turquoise","SLC26A11",0.705019530972112
"HCC","turquoise","DDX10",0.705008794270712
"HCC","turquoise","HIPK3",0.704818706199632
"HCC","turquoise","ASXL2",0.704778937679863
"HCC","turquoise","LSM14A",0.704749197421418
"HCC","turquoise","KLF15",0.704504157792738
"HCC","turquoise","EPS15",0.704504155449317
"HCC","turquoise","DHFR",0.704303297563124
"HCC","turquoise","SLC4A2",0.704018135219197
"HCC","turquoise","DIABLO",0.703957613398037
"HCC","turquoise","CREBRF",0.703947498740079
"HCC","turquoise","ATP11A",0.703909469157366
"HCC","turquoise","UBQLN2",0.703780206555209
"HCC","turquoise","FRRS1",0.703690536006407
"HCC","turquoise","MRPL53",0.703353801810306
"HCC","turquoise","CCDC66",0.703189038644147
"HCC","turquoise","DRAM2",0.703161511877113
"HCC","turquoise","TANC1",0.702804446753167
"HCC","turquoise","SEPTIN8",0.702634243515766
"HCC","turquoise","PIK3AP1",0.702467010285729
"HCC","turquoise","DUSP12",0.702137384814212
"HCC","turquoise","GET1",0.701992622624736
"HCC","turquoise","MLX",0.70165359591547
"HCC","turquoise","TCFL5",0.701546708691723
"HCC","turquoise","MFSD8",0.701485229098137
"HCC","turquoise","EML4",0.701430406411049
"HCC","turquoise","TOX4",0.701232105769077
"HCC","turquoise","SNX25",0.701184113441211
"HCC","turquoise","GAB1",0.700945194653481
"HCC","turquoise","AP2A1",0.700857681848731
"HCC","turquoise","BCLAF3",0.700764142182247
"HCC","turquoise","CALU",0.700708305936891
"HCC","turquoise","KMT5B",0.700644891398036
"HCC","turquoise","CLCN2",0.700115304690481
"HCC","turquoise","TAF1D",0.699982635828807
"HCC","turquoise","USP24",0.699896911961061
"HCC","turquoise","EVI5",0.699882315310284
"HCC","turquoise","MRPS27",0.699841745867872
"HCC","turquoise","ARGLU1",0.699730883180311
"HCC","turquoise","TBCEL",0.699723016509342
"HCC","turquoise","KLF9",0.699641773945795
"HCC","turquoise","TOB1",0.699640781094305
"HCC","turquoise","PGM3",0.699353595201173
"HCC","turquoise","BCKDHB",0.699223719808434
"HCC","turquoise","LAP3",0.698965587625077
"HCC","turquoise","CD58",0.698943817019045
"HCC","turquoise","HECA",0.698742812342407
"HCC","turquoise","GLCCI1",0.698681773289911
"HCC","turquoise","HELZ",0.698652579822222
"HCC","turquoise","HPS5",0.698482137374892
"HCC","turquoise","NFATC2IP",0.698461947146416
"HCC","turquoise","AVL9",0.698253348461224
"HCC","turquoise","MAP2K1",0.69815647768926
"HCC","turquoise","NIPBL",0.698105830368612
"HCC","turquoise","MERTK",0.69802360659715
"HCC","turquoise","NCEH1",0.698019255610778
"HCC","turquoise","SMAD7",0.697364290247952
"HCC","turquoise","PRIMPOL",0.697180431365943
"HCC","turquoise","ZNF706",0.697119588590391
"HCC","turquoise","USP9X",0.697024781494458
"HCC","turquoise","UBE2E1",0.696953489119355
"HCC","turquoise","NDC1",0.696784588966816
"HCC","turquoise","DNAJB4",0.696613328711683
"HCC","turquoise","DENND5A",0.696608401330375
"HCC","turquoise","EP300",0.696584269270454
"HCC","turquoise","LAMP2",0.696499615298637
"HCC","turquoise","PLRG1",0.696489176291605
"HCC","turquoise","CDCA7L",0.696292055207331
"HCC","turquoise","KHDC4",0.695950320714506
"HCC","turquoise","MAP3K1",0.695449835295909
"HCC","turquoise","FKBP7",0.695026488610307
"HCC","turquoise","TMLHE",0.694686059228905
"HCC","turquoise","CILK1",0.694548585270299
"HCC","turquoise","WDR74",0.694091914859627
"HCC","turquoise","LMBRD2",0.69405635744286
"HCC","turquoise","EEIG2",0.69405411447556
"HCC","turquoise","IST1",0.693987850502168
"HCC","turquoise","PMM2",0.693937405025796
"HCC","turquoise","PIK3R1",0.693816576784001
"HCC","turquoise","KMT2B",0.69375213354608
"HCC","turquoise","STRBP",0.69326731892826
"HCC","turquoise","MYCBP2",0.693218293786561
"HCC","turquoise","FAM13B",0.693111991361403
"HCC","turquoise","AMMECR1",0.693064272502089
"HCC","turquoise","ZNF136",0.692965876961279
"HCC","turquoise","RAB11A",0.692901337670251
"HCC","turquoise","FMNL2",0.692839628071437
"HCC","turquoise","SMC2",0.692717895332768
"HCC","turquoise","MIR22HG",0.692670968721821
"HCC","turquoise","C17orf58",0.692575623104627
"HCC","turquoise","UBAP2",0.692465660502907
"HCC","turquoise","TNFRSF10B",0.692444537689912
"HCC","turquoise","PCTP",0.692437792587693
"HCC","turquoise","MYNN",0.691747733568769
"HCC","turquoise","DIPK1A",0.691485578200329
"HCC","turquoise","NTN4",0.691387345328912
"HCC","turquoise","LRRC39",0.691379250109088
"HCC","turquoise","TIFA",0.691225204371163
"HCC","turquoise","GATAD1",0.691010775003422
"HCC","turquoise","L3HYPDH",0.690958645028837
"HCC","turquoise","ARHGAP42",0.690834393134543
"HCC","turquoise","ZFAND4",0.690658917544977
"HCC","turquoise","GAPVD1",0.690612781773211
"HCC","turquoise","NFS1",0.690347886870683
"HCC","turquoise","AFTPH",0.690341768567447
"HCC","turquoise","ENPP4",0.690195734426117
"HCC","turquoise","ATMIN",0.689936506135548
"HCC","turquoise","MTX1",0.689603957655449
"HCC","turquoise","TGFBR1",0.689363198144084
"HCC","turquoise","ADCY3",0.689288894867501
"HCC","turquoise","TBC1D9B",0.689131880813533
"HCC","turquoise","DIDO1",0.68913047532361
"HCC","turquoise","WHR1",0.689002469858758
"HCC","turquoise","SPRY2",0.688940375911233
"HCC","turquoise","UBE2D3",0.688321117567744
"HCC","turquoise","UBQLN1",0.688286919514841
"HCC","turquoise","GNPTAB",0.688097871437283
"HCC","turquoise","SPEN",0.688059792361152
"HCC","turquoise","STAT5B",0.687989923748779
"HCC","turquoise","OBI1",0.687883071272603
"HCC","turquoise","NAF1",0.687876083795958
"HCC","turquoise","C4A",0.687812789141354
"HCC","turquoise","RBBP9",0.68773750886648
"HCC","turquoise","RAB33B",0.687439266104059
"HCC","turquoise","PTK2",0.687319362655679
"HCC","turquoise","GTPBP10",0.687293106905817
"HCC","turquoise","SFT2D2",0.687081460861632
"HCC","turquoise","ZNF326",0.686855802896772
"HCC","turquoise","MPHOSPH9",0.686816760005621
"HCC","turquoise","PLIN3",0.686778932873427
"HCC","turquoise","ARID5B",0.686763816139163
"HCC","turquoise","STK38L",0.686462522685948
"HCC","turquoise","CYB561A3",0.68639049020506
"HCC","turquoise","ZNF721",0.686262250842757
"HCC","turquoise","DNAJC14",0.686204423171882
"HCC","turquoise","PGS1",0.686046387632539
"HCC","turquoise","IFNGR1",0.686044531848142
"HCC","turquoise","HMG20A",0.686020865796451
"HCC","turquoise","NUFIP2",0.68596010098339
"HCC","turquoise","ATF7",0.685946564569014
"HCC","turquoise","NBPF9",0.685911889342964
"HCC","turquoise","RIOX1",0.685688022884329
"HCC","turquoise","DST",0.685512169503673
"HCC","turquoise","JUN",0.685407956407719
"HCC","turquoise","CTNNAL1",0.685346070676681
"HCC","turquoise","STK17A",0.685321889619722
"HCC","turquoise","TUBGCP5",0.685127605478142
"HCC","turquoise","ATRN",0.684911659006254
"HCC","turquoise","SMC6",0.684543826224155
"HCC","turquoise","ARL15",0.684450491692353
"HCC","turquoise","EIF3C",0.684287765480994
"HCC","turquoise","SATB2",0.684056298093435
"HCC","turquoise","HAUS2",0.684045684966425
"HCC","turquoise","ARAP1",0.683855902087779
"HCC","turquoise","GATAD2B",0.683764800984133
"HCC","turquoise","MAN1A2",0.683502105404167
"HCC","turquoise","VPS51",0.682817523337689
"HCC","turquoise","WWC2",0.682374510030531
"HCC","turquoise","ZNF148",0.682341989864957
"HCC","turquoise","SLC6A1",0.682121273417218
"HCC","turquoise","SKAP2",0.682048352854426
"HCC","turquoise","EPB41L2",0.681897740812048
"HCC","turquoise","CFB",0.681807969210441
"HCC","turquoise","TRAK1",0.681775795530244
"HCC","turquoise","IFT88",0.681605072092174
"HCC","turquoise","LACTB2",0.681556267477886
"HCC","turquoise","MRPS30",0.681492783926835
"HCC","turquoise","FBXL12",0.681458387209331
"HCC","turquoise","TMCO6",0.681290753410914
"HCC","turquoise","NONO",0.68127070327808
"HCC","turquoise","FUBP1",0.681184436974787
"HCC","turquoise","TPD52",0.680475734458087
"HCC","turquoise","FER",0.680354874178511
"HCC","turquoise","F5",0.680342580882494
"HCC","turquoise","ASNSD1",0.680226514500179
"HCC","turquoise","SNX30",0.680202279802041
"HCC","turquoise","TWSG1",0.680106621992518
"HCC","turquoise","DNAJA3",0.68008151332426
"HCC","turquoise","UBE2V2",0.68002910111878
"HCC","turquoise","GPCPD1",0.679756681134506
"HCC","turquoise","CSNK2A1",0.679721663482641
"HCC","turquoise","THAP9",0.679525280798772
"HCC","turquoise","NME7",0.679401741865627
"HCC","turquoise","GZF1",0.679239350764959
"HCC","turquoise","HERC2",0.679224427655135
"HCC","turquoise","B4GALT6",0.679147504476923
"HCC","turquoise","SMAD3",0.678962123128719
"HCC","turquoise","ITGAV",0.678750105618641
"HCC","turquoise","MXI1",0.678567173662678
"HCC","turquoise","MAPKAPK5",0.678540910143433
"HCC","turquoise","TRAF3IP1",0.678351235663827
"HCC","turquoise","WDR12",0.678232565850754
"HCC","turquoise","RAN",0.678226254255584
"HCC","turquoise","USP45",0.677858096650447
"HCC","turquoise","ACYP1",0.677813966762666
"HCC","turquoise","RESF1",0.677660756879004
"HCC","turquoise","ZMYM4",0.677597747266375
"HCC","turquoise","MTAP",0.677512228285313
"HCC","turquoise","CCDC112",0.67747173162649
"HCC","turquoise","LIN7C",0.677193193729846
"HCC","turquoise","ARPC2",0.677156448506874
"HCC","turquoise","UBXN8",0.67696900725911
"HCC","turquoise","PARP11",0.67687985560113
"HCC","turquoise","TMEM68",0.676589729093242
"HCC","turquoise","DNAJC27",0.676491859721734
"HCC","turquoise","GPAM",0.676341962462704
"HCC","turquoise","SLC25A32",0.676087542363119
"HCC","turquoise","TTC5",0.67584477559959
"HCC","turquoise","TNKS",0.675534526370864
"HCC","turquoise","CSTF1",0.675408436661773
"HCC","turquoise","ATXN7L3",0.675277631132934
"HCC","turquoise","ERC1",0.675262794490805
"HCC","turquoise","UBE2K",0.675184358754672
"HCC","turquoise","CSGALNACT1",0.67504363794039
"HCC","turquoise","PAXIP1",0.674932148151313
"HCC","turquoise","SRPK1",0.674726685156799
"HCC","turquoise","PTPN9",0.674469654198589
"HCC","turquoise","TSPYL1",0.674338715739624
"HCC","turquoise","GLCE",0.674107731403635
"HCC","turquoise","ALG12",0.673858178290899
"HCC","turquoise","KIFAP3",0.673832240652569
"HCC","turquoise","GSE1",0.673831624235706
"HCC","turquoise","CNST",0.673673304419886
"HCC","turquoise","TMEM64",0.673502765128617
"HCC","turquoise","VANGL1",0.673407904899883
"HCC","turquoise","CRBN",0.673276055509639
"HCC","turquoise","MAPK7",0.673203047690204
"HCC","turquoise","PDP1",0.673146604149848
"HCC","turquoise","INPP4A",0.673089352266714
"HCC","turquoise","CPEB4",0.673055458096662
"HCC","turquoise","KIF21A",0.673003765329653
"HCC","turquoise","ZNF710",0.672961159443186
"HCC","turquoise","ARIH1",0.672827560121386
"HCC","turquoise","TMEM263",0.672818559760422
"HCC","turquoise","MCU",0.672667847279346
"HCC","turquoise","SLC39A14",0.672655721004048
"HCC","turquoise","MTSS1",0.672564274755138
"HCC","turquoise","SLC49A4",0.672455627988378
"HCC","turquoise","DUS4L",0.672303842199657
"HCC","turquoise","STX2",0.672258077369303
"HCC","turquoise","MICU3",0.672123580078936
"HCC","turquoise","TM9SF2",0.672123141017396
"HCC","turquoise","FEZ2",0.672097021673703
"HCC","turquoise","NFXL1",0.671949398445764
"HCC","turquoise","RIT1",0.671867155809525
"HCC","turquoise","PEX7",0.671780755355103
"HCC","turquoise","IFT80",0.671762658169481
"HCC","turquoise","SPRED1",0.671760594215446
"HCC","turquoise","GNPDA2",0.671702123672034
"HCC","turquoise","ESYT2",0.671589636888716
"HCC","turquoise","ELMO2",0.671568605758912
"HCC","turquoise","ETFA",0.671284183887127
"HCC","turquoise","IRS1",0.67098072348979
"HCC","turquoise","PFAS",0.670877648537233
"HCC","turquoise","DPY30",0.670758225450065
"HCC","turquoise","PPP1R8",0.670508627247114
"HCC","turquoise","USP34",0.670077410480317
"HCC","turquoise","RFFL",0.669633449163795
"HCC","turquoise","RAD23B",0.669445322041385
"HCC","turquoise","GORASP1",0.668749287327007
"HCC","turquoise","PLGRKT",0.668503563386938
"HCC","turquoise","MAK16",0.668256027684033
"HCC","turquoise","PDGFC",0.668209366111253
"HCC","turquoise","SNAPC3",0.668175676712986
"HCC","turquoise","FRMD6",0.668134733220004
"HCC","turquoise","NPR2",0.668104540577671
"HCC","turquoise","E2F4",0.668095951042915
"HCC","turquoise","ZXDC",0.667593057445426
"HCC","turquoise","TRMT6",0.666900797926069
"HCC","turquoise","ZFP36L1",0.666585242206335
"HCC","turquoise","NUDT21",0.666436667062909
"HCC","turquoise","NAA40",0.666217534721395
"HCC","turquoise","SMIM30",0.66620624393174
"HCC","turquoise","CYTH1",0.666159514464538
"HCC","turquoise","LRPPRC",0.666097221515428
"HCC","turquoise","FRYL",0.6659723502006
"HCC","turquoise","DCTN4",0.665478481139359
"HCC","turquoise","CEP295",0.665397859233444
"HCC","turquoise","MOAP1",0.665356106702907
"HCC","turquoise","UTRN",0.665351444350677
"HCC","turquoise","CEP85",0.66530771936893
"HCC","turquoise","C1orf174",0.665239214466324
"HCC","turquoise","MARCHF6",0.665077284668719
"HCC","turquoise","LGALS8",0.664933678808076
"HCC","turquoise","PSD3",0.664821342895806
"HCC","turquoise","ZNF571",0.664706229987216
"HCC","turquoise","ARMCX1",0.664580821226911
"HCC","turquoise","SLC25A30",0.664553256263663
"HCC","turquoise","RIOX2",0.664513309855105
"HCC","turquoise","RUSC2",0.664236299346207
"HCC","turquoise","DCAF6",0.664042764639044
"HCC","turquoise","STEEP1",0.664008739512969
"HCC","turquoise","ANXA5",0.663785339217239
"HCC","turquoise","HS3ST3B1",0.663663219229729
"HCC","turquoise","DARS2",0.663573498800892
"HCC","turquoise","GPRASP1",0.663567058153758
"HCC","turquoise","KDM2B",0.663410031303807
"HCC","turquoise","ZNF655",0.66330274313276
"HCC","turquoise","PRDM4",0.663295383203981
"HCC","turquoise","AP1S2",0.663276032267978
"HCC","turquoise","FUS",0.662785809047307
"HCC","turquoise","DUSP1",0.662765548775842
"HCC","turquoise","PDE3B",0.662714493098135
"HCC","turquoise","TBPL1",0.662598481391227
"HCC","turquoise","BNIP3",0.66254219347237
"HCC","turquoise","SH3D19",0.662372892019569
"HCC","turquoise","RNPC3",0.662189950317484
"HCC","turquoise","BCAR3",0.662171656400431
"HCC","turquoise","HMBOX1",0.662142081717509
"HCC","turquoise","SYVN1",0.662068220207194
"HCC","turquoise","MYBL1",0.662016972351807
"HCC","turquoise","FRMD8",0.661811381737045
"HCC","turquoise","CNOT9",0.661741979936989
"HCC","turquoise","RAB3GAP2",0.661591660463496
"HCC","turquoise","NCL",0.66144175781574
"HCC","turquoise","PMS2CL",0.661440855266981
"HCC","turquoise","SLC30A6",0.66138904495231
"HCC","turquoise","STARD4",0.661264043961546
"HCC","turquoise","PSIP1",0.66110528863683
"HCC","turquoise","ZNHIT3",0.660862717908796
"HCC","turquoise","BCL10",0.660848578356347
"HCC","turquoise","POGLUT3",0.660783734862298
"HCC","turquoise","MYLK",0.660668206196132
"HCC","turquoise","CBX4",0.660655917183722
"HCC","turquoise","STMN1",0.660604113181302
"HCC","turquoise","EXOC6B",0.660533117721518
"HCC","turquoise","SUPT7L",0.660465798534866
"HCC","turquoise","SNX12",0.660379822467723
"HCC","turquoise","TESK2",0.66024236777834
"HCC","turquoise","PHLDB2",0.660147563772186
"HCC","turquoise","MOB1B",0.660092268071499
"HCC","turquoise","WDR20",0.660059122052001
"HCC","turquoise","FEM1B",0.659755166263558
"HCC","turquoise","TMED5",0.659649965997932
"HCC","turquoise","KIAA1586",0.659423686145943
"HCC","turquoise","LIMA1",0.659361312209345
"HCC","turquoise","NAPG",0.658723869689957
"HCC","turquoise","YEATS2",0.658356788665398
"HCC","turquoise","SMAD1",0.658322325850876
"HCC","turquoise","IMMT",0.658183412083221
"HCC","turquoise","ZDHHC4",0.658107968161919
"HCC","turquoise","PHF12",0.657837813260417
"HCC","turquoise","GK",0.657626752182244
"HCC","turquoise","ERO1A",0.657575944495483
"HCC","turquoise","CAPN3",0.657239724205024
"HCC","turquoise","U2AF1",0.657053445692158
"HCC","turquoise","STT3B",0.656837730515927
"HCC","turquoise","MRPL49",0.656828149869768
"HCC","turquoise","LYPLAL1",0.656769346072392
"HCC","turquoise","SARAF",0.656696265859659
"HCC","turquoise","GSPT1",0.656681933679559
"HCC","turquoise","PRIM1",0.656467290575006
"HCC","turquoise","ASAH1",0.656462802431962
"HCC","turquoise","ZCCHC3",0.656189680628533
"HCC","turquoise","TBCK",0.656042476164953
"HCC","turquoise","CFAP418",0.6557808798133
"HCC","turquoise","FAM149B1",0.655634375514286
"HCC","turquoise","ABTB2",0.655440017175731
"HCC","turquoise","DOCK1",0.655288858257659
"HCC","turquoise","FAM219A",0.655257392792314
"HCC","turquoise","RFC5",0.654872204427513
"HCC","turquoise","PARN",0.654758033739168
"HCC","turquoise","FBXO45",0.654626669328715
"HCC","turquoise","SNX14",0.654473555022653
"HCC","turquoise","ORC2",0.654211986742909
"HCC","turquoise","LNX2",0.654119623729397
"HCC","turquoise","LMBR1",0.654111360443747
"HCC","turquoise","SUB1",0.65379291484681
"HCC","turquoise","SLBP",0.653722944923857
"HCC","turquoise","SCAF8",0.653484109438968
"HCC","turquoise","MRPL39",0.653426321737127
"HCC","turquoise","TMEM170A",0.653389559269724
"HCC","turquoise","CHML",0.653258111982105
"HCC","turquoise","PAGR1",0.653174452414539
"HCC","turquoise","FAT1",0.65283058969115
"HCC","turquoise","GYG1",0.652572503783039
"HCC","turquoise","ATPSCKMT",0.652434041333867
"HCC","turquoise","TTYH2",0.65234475072406
"HCC","turquoise","ZNF697",0.652173645676766
"HCC","turquoise","NSD3",0.652135899285366
"HCC","turquoise","NAA15",0.651988123124425
"HCC","turquoise","MED24",0.651575506226079
"HCC","turquoise","DDX6",0.651511924125843
"HCC","turquoise","SLC66A3",0.651187126666046
"HCC","turquoise","BTRC",0.651155406565776
"HCC","turquoise","VGLL4",0.651092453555113
"HCC","turquoise","ZBTB49",0.650584315614115
"HCC","turquoise","ESF1",0.65052251236442
"HCC","turquoise","BBS2",0.650374507509399
"HCC","turquoise","IER3IP1",0.649931771831483
"HCC","turquoise","PRPF4",0.649801885303925
"HCC","turquoise","TUBGCP4",0.649681289205231
"HCC","turquoise","HARS2",0.649680027688294
"HCC","turquoise","ZNF652",0.649526118447411
"HCC","turquoise","PER3",0.649384784014423
"HCC","turquoise","RASAL2",0.649275196856068
"HCC","turquoise","DENND11",0.649114696749159
"HCC","turquoise","CCSAP",0.649003201899223
"HCC","turquoise","LRRC8A",0.648648843106902
"HCC","turquoise","KBTBD2",0.648435284043737
"HCC","turquoise","FBXO21",0.648170872841845
"HCC","turquoise","CNOT6L",0.648015565469657
"HCC","turquoise","RAB8B",0.647968633486048
"HCC","turquoise","SPRYD7",0.647430354412204
"HCC","turquoise","MXD1",0.647376899572965
"HCC","turquoise","IL13RA1",0.646976996421438
"HCC","turquoise","YPEL2",0.646949350956126
"HCC","turquoise","DLAT",0.646832886791644
"HCC","turquoise","SMURF1",0.646708368095237
"HCC","turquoise","UBTD2",0.646614056976873
"HCC","turquoise","DNASE1L1",0.646589391311463
"HCC","turquoise","MYLIP",0.646553725174377
"HCC","turquoise","MYH9",0.646543572857266
"HCC","turquoise","ENPP2",0.646390375347873
"HCC","turquoise","PTER",0.646273557364547
"HCC","turquoise","ARHGAP19",0.646252331252633
"HCC","turquoise","MTF2",0.64623528863937
"HCC","turquoise","PHF8",0.646002489261349
"HCC","turquoise","BBS4",0.645988513626829
"HCC","turquoise","STX17",0.64592802029501
"HCC","turquoise","VPS11",0.645541253628745
"HCC","turquoise","TPM1",0.645472735023712
"HCC","turquoise","TMEM70",0.64530931453282
"HCC","turquoise","LIPT1",0.64526804481859
"HCC","turquoise","THUMPD2",0.645033863968467
"HCC","turquoise","CAMK2D",0.644924748313232
"HCC","turquoise","TULP4",0.644670558190991
"HCC","turquoise","NUP188",0.644651745440706
"HCC","turquoise","PINK1",0.644172133185031
"HCC","turquoise","SRRD",0.644123684627742
"HCC","turquoise","CCNC",0.644094499603247
"HCC","turquoise","CEBPG",0.643945389608066
"HCC","turquoise","BPNT2",0.643486502692789
"HCC","turquoise","ZNF532",0.643467545606987
"HCC","turquoise","OLA1",0.643442001652443
"HCC","turquoise","ZDHHC6",0.643380824838498
"HCC","turquoise","PTPRG",0.643351783297241
"HCC","turquoise","ZFAND5",0.643236338184307
"HCC","turquoise","ARID1A",0.643171428852351
"HCC","turquoise","TYW1",0.642855411139756
"HCC","turquoise","ADO",0.642812097937952
"HCC","turquoise","UBA6",0.642752821454553
"HCC","turquoise","GXYLT1",0.642593041995561
"HCC","turquoise","PARP14",0.642506702086408
"HCC","turquoise","GOLM2",0.642245583712442
"HCC","turquoise","SENP7",0.642158516184235
"HCC","turquoise","FAM219B",0.642119963443407
"HCC","turquoise","ELL2",0.642114413214713
"HCC","turquoise","TTBK2",0.64203916771272
"HCC","turquoise","PRPS2",0.641924239166517
"HCC","turquoise","POLR3E",0.641886469458645
"HCC","turquoise","DARS1",0.64166752051391
"HCC","turquoise","NSF",0.641620741123277
"HCC","turquoise","BARD1",0.64152303821322
"HCC","turquoise","FDPS",0.640638826975341
"HCC","turquoise","GTPBP8",0.640630291581597
"HCC","turquoise","TBC1D14",0.640456887464677
"HCC","turquoise","KPNA6",0.640376905633227
"HCC","turquoise","ARID4A",0.640248555613412
"HCC","turquoise","CLTC",0.640058776454225
"HCC","turquoise","CACHD1",0.640056090702664
"HCC","turquoise","CTNNA1",0.640002224713785
"HCC","turquoise","BRWD3",0.639972525475103
"HCC","turquoise","GRB14",0.639963426433574
"HCC","turquoise","MED13",0.639883650041595
"HCC","turquoise","CLN6",0.639516220802015
"HCC","turquoise","PHACTR2",0.639515884620668
"HCC","turquoise","CLK4",0.639283507701662
"HCC","turquoise","SMAD2",0.639026901544457
"HCC","turquoise","URI1",0.638481353113704
"HCC","turquoise","TDP2",0.638410731039086
"HCC","turquoise","SBF2",0.638371037147604
"HCC","turquoise","PICALM",0.637974657923593
"HCC","turquoise","ZBTB44",0.637941210238681
"HCC","turquoise","ERCC6L2",0.637850802539783
"HCC","turquoise","RAB8A",0.637716363263799
"HCC","turquoise","SLC38A2",0.63753127768739
"HCC","turquoise","CEP20",0.637450081640703
"HCC","turquoise","NCOA5",0.637313984797838
"HCC","turquoise","SMG6",0.637022621074036
"HCC","turquoise","SS18L1",0.636909902223386
"HCC","turquoise","CPE",0.636642780084104
"HCC","turquoise","TIAL1",0.63661312486847
"HCC","turquoise","GK5",0.636591553284884
"HCC","turquoise","TGIF1",0.636540310319301
"HCC","turquoise","UBE2Q2",0.636533106726241
"HCC","turquoise","TUBGCP3",0.636529971303461
"HCC","turquoise","MAML2",0.636216428901243
"HCC","turquoise","SLTM",0.636186156342151
"HCC","turquoise","IQGAP2",0.635913227936335
"HCC","turquoise","DIPK2A",0.635834453862247
"HCC","turquoise","MED21",0.635732190452837
"HCC","turquoise","SLF2",0.635435675001885
"HCC","turquoise","KRABD5",0.635219634614422
"HCC","turquoise","PLAGL1",0.635164035468089
"HCC","turquoise","MRI1",0.634960888620309
"HCC","turquoise","RGP1",0.634774593246559
"HCC","turquoise","GLMP",0.634773650327084
"HCC","turquoise","NBPF8",0.634710256443695
"HCC","turquoise","SMARCB1",0.634655347606374
"HCC","turquoise","ENAH",0.634322329482014
"HCC","turquoise","NUDT9",0.633900745763115
"HCC","turquoise","VPS35",0.633754248344178
"HCC","turquoise","AGO2",0.633589822790626
"HCC","turquoise","DTWD1",0.632568895042134
"HCC","turquoise","POLR2C",0.632480425119889
"HCC","turquoise","BACH1",0.632076136189776
"HCC","turquoise","TRIM5",0.63181605018378
"HCC","turquoise","CALCOCO1",0.631538239814205
"HCC","turquoise","ADGRG6",0.631508858627691
"HCC","turquoise","LURAP1L",0.631459302804345
"HCC","turquoise","RAPGEF5",0.631342009840094
"HCC","turquoise","KMT2D",0.631230921226234
"HCC","turquoise","RERE",0.631175233102708
"HCC","turquoise","FNBP1",0.631073512436108
"HCC","turquoise","NREP",0.630830696220598
"HCC","turquoise","DYRK2",0.63076253582261
"HCC","turquoise","RPIA",0.630672331760087
"HCC","turquoise","NID2",0.630573367401286
"HCC","turquoise","SUMO1",0.630339410704075
"HCC","turquoise","RBM24",0.630309406442472
"HCC","turquoise","CDC37L1",0.630296524973634
"HCC","turquoise","CKAP2",0.630213126708021
"HCC","turquoise","CCDC59",0.630149738027263
"HCC","turquoise","ZWILCH",0.630136435727709
"HCC","turquoise","CDKL5",0.6299857416196
"HCC","turquoise","TAF4",0.62974383903405
"HCC","turquoise","UFSP2",0.629675497848427
"HCC","turquoise","SRSF11",0.629577890659644
"HCC","turquoise","PRPF40B",0.629453403014108
"HCC","turquoise","SYNE2",0.629313159563295
"HCC","turquoise","INTS4",0.62928317102368
"HCC","turquoise","NOC3L",0.629268076822728
"HCC","turquoise","NOB1",0.628770951346216
"HCC","turquoise","TDRKH",0.628571484275942
"HCC","turquoise","FBXO22",0.628398355718858
"HCC","turquoise","ARHGAP32",0.628363261284632
"HCC","turquoise","PANK4",0.628353988544138
"HCC","turquoise","PHC1",0.62810249810204
"HCC","turquoise","KRR1",0.627683050445721
"HCC","turquoise","MIMS1",0.627609467094874
"HCC","turquoise","CEP63",0.627574400381148
"HCC","turquoise","SAP130",0.627355308285184
"HCC","turquoise","PCCA",0.627255434113576
"HCC","turquoise","KITLG",0.627122551907397
"HCC","turquoise","ZNF330",0.626955678805534
"HCC","turquoise","SGK1",0.626935500787058
"HCC","turquoise","STIMATE-MUSTN1",0.626928426027191
"HCC","turquoise","ZNF484",0.626748134502376
"HCC","turquoise","SNTB2",0.626706951206114
"HCC","turquoise","PPP1R2",0.626699282907506
"HCC","turquoise","KIAA1191",0.625845666307716
"HCC","turquoise","TULP3",0.625375515501148
"HCC","turquoise","NAIP",0.625172402154556
"HCC","turquoise","PLEKHH1",0.625068309353435
"HCC","turquoise","EGFR",0.625027773141584
"HCC","turquoise","NSMAF",0.624758916821068
"HCC","turquoise","ABCB1",0.624736438443512
"HCC","turquoise","INCENP",0.624678603283331
"HCC","turquoise","MAP10",0.624648807199763
"HCC","turquoise","PRPS1",0.624186411015294
"HCC","turquoise","GART",0.624028484575746
"HCC","turquoise","RNF19B",0.623211051347642
"HCC","turquoise","PTPRM",0.623104341517951
"HCC","turquoise","CPLANE1",0.622586060524889
"HCC","turquoise","CCDC90B",0.622528457285702
"HCC","turquoise","CEP44",0.622459913370587
"HCC","turquoise","KATNIP",0.622406784519452
"HCC","turquoise","MAGT1",0.622215534061638
"HCC","turquoise","ALG10B",0.621959153628181
"HCC","turquoise","CCDC93",0.621826809567618
"HCC","turquoise","NUP155",0.621816234028632
"HCC","turquoise","TMEM47",0.62180606821126
"HCC","turquoise","PDE5A",0.621772207425572
"HCC","turquoise","TRAF6",0.621749709161489
"HCC","turquoise","DCTN6",0.621408024345047
"HCC","turquoise","IER5",0.621010510279581
"HCC","turquoise","TP53INP1",0.620800173963203
"HCC","turquoise","CLDN12",0.620557242612848
"HCC","turquoise","CKAP5",0.620434642643081
"HCC","turquoise","TARS1",0.620356613143525
"HCC","turquoise","DYNLT3",0.620305035958468
"HCC","turquoise","ISCU",0.619943331405569
"HCC","turquoise","MPZL2",0.619895030953705
"HCC","turquoise","TTI2",0.61987699742644
"HCC","turquoise","ZSCAN25",0.61986412968473
"HCC","turquoise","USP39",0.619799199340336
"HCC","turquoise","ENOSF1",0.619694978485624
"HCC","turquoise","MDN1",0.619674129833281
"HCC","turquoise","BTBD1",0.619082120991442
"HCC","turquoise","LINC00339",0.618991689593452
"HCC","turquoise","CLSTN3",0.618790914337977
"HCC","turquoise","RREB1",0.618243620070722
"HCC","turquoise","PRPF38B",0.617988410531041
"HCC","turquoise","GRIPAP1",0.617851744950889
"HCC","turquoise","DCUN1D4",0.617749685764637
"HCC","turquoise","PRKAB2",0.617393313494186
"HCC","turquoise","PDE7A",0.617339191412645
"HCC","turquoise","WSB2",0.616861591546126
"HCC","turquoise","TM9SF3",0.61673894658192
"HCC","turquoise","OSGIN2",0.616612955702619
"HCC","turquoise","ERLIN2",0.616536529702432
"HCC","turquoise","CENPN",0.616413425667047
"HCC","turquoise","PROS1",0.616365712214405
"HCC","turquoise","MARCKS",0.616234479032995
"HCC","turquoise","RDX",0.616223237840861
"HCC","turquoise","TRAF4",0.615975465865138
"HCC","turquoise","DDX42",0.615735280373267
"HCC","turquoise","CCAR1",0.615348698461668
"HCC","turquoise","TRAPPC10",0.615253434964171
"HCC","turquoise","SLC9D1",0.615071695379097
"HCC","turquoise","SCYL3",0.614951536477234
"HCC","turquoise","ZNF37A",0.614837137037291
"HCC","turquoise","TIGAR",0.614727670188008
"HCC","turquoise","ERRFI1",0.614640297498002
"HCC","turquoise","YWHAZ",0.614444431616744
"HCC","turquoise","MMGT1",0.614399404775584
"HCC","turquoise","POGLUT1",0.614251930997778
"HCC","turquoise","SETD1B",0.613796045192387
"HCC","turquoise","PDK2",0.613429037680325
"HCC","turquoise","INPP5E",0.613350580260226
"HCC","turquoise","ATF1",0.613192713742846
"HCC","turquoise","USP53",0.612853951226075
"HCC","turquoise","BEND7",0.612819001704877
"HCC","turquoise","PRPF40A",0.612813845939899
"HCC","turquoise","ZCCHC2",0.612626942835934
"HCC","turquoise","TLE4",0.612540683942069
"HCC","turquoise","USP28",0.612393830033572
"HCC","turquoise","ASPH",0.612356307666376
"HCC","turquoise","ZNF561",0.611519540413105
"HCC","turquoise","HSF2",0.610770359787016
"HCC","turquoise","MOSMO",0.610734508839373
"HCC","turquoise","TMOD2",0.610611058459249
"HCC","turquoise","TBC1D19",0.610513196859023
"HCC","turquoise","NSD2",0.610402565550964
"HCC","turquoise","PIGG",0.610377918115032
"HCC","turquoise","DPH6",0.609816120487287
"HCC","turquoise","ZNF107",0.609524883612713
"HCC","turquoise","UBE2H",0.60937933890955
"HCC","turquoise","MTERF1",0.609260938835883
"HCC","turquoise","STK36",0.609101710087172
"HCC","turquoise","DNAAF2",0.608594767786877
"HCC","turquoise","FAM117A",0.60852012931867
"HCC","turquoise","DUSP6",0.608421544067681
"HCC","turquoise","KLHL24",0.608069875201007
"HCC","turquoise","RIPK2",0.60806679357589
"HCC","turquoise","ZMYM3",0.608013074389177
"HCC","turquoise","AGPAT5",0.607976519933576
"HCC","turquoise","ANKRD26",0.60776588879382
"HCC","turquoise","AP1G2",0.606758194960289
"HCC","turquoise","RDH10",0.60666756268559
"HCC","turquoise","PABPC1",0.606595078652841
"HCC","turquoise","UTP25",0.606495049541323
"HCC","turquoise","ZNF461",0.606473158549077
"HCC","turquoise","EPDR1",0.606252960068926
"HCC","turquoise","TMEM80",0.60617963618595
"HCC","turquoise","SIAH1",0.606135971471603
"HCC","turquoise","ZBED4",0.605959113078535
"HCC","turquoise","MTF1",0.605946120451607
"HCC","turquoise","ATF7IP",0.605659154750528
"HCC","turquoise","RNLS",0.605463004677554
"HCC","turquoise","STARD3NL",0.605307122123094
"HCC","turquoise","STK3",0.605263420759369
"HCC","turquoise","THOC1",0.604917281166411
"HCC","turquoise","SAP30",0.604900235644505
"HCC","turquoise","PIP4P1",0.604716950855565
"HCC","turquoise","SERTAD2",0.604710536063549
"HCC","turquoise","TEFM",0.604639819278978
"HCC","turquoise","HAUS1",0.604474743016655
"HCC","turquoise","MRPL42",0.604450150087887
"HCC","turquoise","MTERF2",0.603536680814976
"HCC","turquoise","MPV17",0.603517680807348
"HCC","turquoise","KLF13",0.603335514526997
"HCC","turquoise","TMED8",0.603188060821141
"HCC","turquoise","NCOA7",0.602976638712828
"HCC","turquoise","SPRY4",0.602912006685087
"HCC","turquoise","TFPI",0.602531339628384
"HCC","turquoise","MBP",0.602239774151645
"HCC","turquoise","ZBTB40",0.601931767856967
"HCC","turquoise","QTMAN",0.60188464585234
"HCC","turquoise","TMTC1",0.601645037027495
"HCC","turquoise","HNRNPA1L2",0.60149112599014
"HCC","turquoise","ZNF558",0.601477234721651
"HCC","turquoise","ZNF551",0.601454174779241
"HCC","turquoise","SMC4",0.601224101754632
"HCC","turquoise","API5",0.601135544485875
"HCC","turquoise","TRAM2",0.601118150170763
"HCC","turquoise","LEMD3",0.60101645462693
"HCC","turquoise","OAS3",0.600870343723233
"HCC","turquoise","CDC42BPB",0.600502969193931
"HCC","turquoise","RNF40",0.600385412433421
"HCC","turquoise","HGSNAT",0.600343549937527
"HCC","turquoise","GNAS",0.60034328120461
"HCC","turquoise","CMPK2",0.600226235044455
"HCC","turquoise","ZNHIT6",0.599967971664249
"HCC","turquoise","WDR73",0.599695202193615
"HCC","turquoise","NIPA1",0.599683240775498
"HCC","turquoise","PSMD7",0.59939879963071
"HCC","turquoise","QKI",0.599307226913584
"HCC","turquoise","CHMP3",0.599236717971315
"HCC","turquoise","ITSN1",0.598981545245377
"HCC","turquoise","SFMBT1",0.598958917907181
"HCC","turquoise","SOX7",0.598948636332667
"HCC","turquoise","SIPA1L3",0.598918474958095
"HCC","turquoise","RAPGEF1",0.59891784713727
"HCC","turquoise","MPPE1",0.598886233722726
"HCC","turquoise","TUG1",0.598642273185089
"HCC","turquoise","DNAJB6",0.598615002894023
"HCC","turquoise","ELMO1",0.598443961017945
"HCC","turquoise","ZBTB37",0.598215591545561
"HCC","turquoise","PEAK1",0.597924987009898
"HCC","turquoise","ANGEL2",0.597735999267456
"HCC","turquoise","TSEN2",0.597357447211989
"HCC","turquoise","MEIS2",0.597320299781639
"HCC","turquoise","CCDC68",0.597182081039774
"HCC","turquoise","NFATC3",0.597083984058413
"HCC","turquoise","SNHG29",0.59702081206862
"HCC","turquoise","ENTPD5",0.596938262742309
"HCC","turquoise","DGKH",0.596856973502986
"HCC","turquoise","RAB30",0.596777350307538
"HCC","turquoise","RAB43",0.596398959123384
"HCC","turquoise","ADD1",0.595755978326494
"HCC","turquoise","ZNF234",0.595464020227562
"HCC","turquoise","TTF2",0.595452693092264
"HCC","turquoise","CNNM3",0.595365545771087
"HCC","turquoise","ZNF254",0.595246078941699
"HCC","turquoise","ETS2",0.595204530556244
"HCC","turquoise","SGMS2",0.595179433807105
"HCC","turquoise","TSPAN31",0.595064716332594
"HCC","turquoise","POLD3",0.594812699103828
"HCC","turquoise","ACIN1",0.594715955258552
"HCC","turquoise","PPP1R3C",0.594494791045438
"HCC","turquoise","TMEM200B",0.59419956428757
"HCC","turquoise","KNSTRN",0.594157310896285
"HCC","turquoise","CSNK1G3",0.593992799115464
"HCC","turquoise","UTP3",0.593958426585437
"HCC","turquoise","ZNF275",0.593926917592278
"HCC","turquoise","SGCE",0.5939187015038
"HCC","turquoise","DIXDC1",0.593761630668022
"HCC","turquoise","ANKRD12",0.593729924991383
"HCC","turquoise","GAN",0.592895064236061
"HCC","turquoise","NAAA",0.59246629713503
"HCC","turquoise","NUDT7",0.592337177505744
"HCC","turquoise","NCAPD2",0.592014648459654
"HCC","turquoise","RAVER1",0.592006929940625
"HCC","turquoise","KLHL13",0.59176642101805
"HCC","turquoise","CTSK",0.591355216958658
"HCC","turquoise","UGT2B4",0.591351091477543
"HCC","turquoise","SCFD2",0.590902877597614
"HCC","turquoise","FYB2",0.590866836163383
"HCC","turquoise","BIRC2",0.590431249993563
"HCC","turquoise","GRPEL2",0.590337040885352
"HCC","turquoise","CA2",0.590190433257649
"HCC","turquoise","FAM193A",0.590110322983283
"HCC","turquoise","MYC",0.590092973898536
"HCC","turquoise","SLC16A1",0.589952718323595
"HCC","turquoise","FAM216A",0.589851513882919
"HCC","turquoise","CHAMP1",0.58926066286894
"HCC","turquoise","KICS2",0.58922683808361
"HCC","turquoise","MTR",0.589128586603329
"HCC","turquoise","GKAP1",0.589126940982355
"HCC","turquoise","CHN1",0.58909680624228
"HCC","turquoise","MSANTD4",0.589079023732511
"HCC","turquoise","DNAJC6",0.589028361985827
"HCC","turquoise","LBR",0.588577342987925
"HCC","turquoise","ABCA1",0.588303446351392
"HCC","turquoise","SF1",0.587977844922198
"HCC","turquoise","PERP",0.587649943233269
"HCC","turquoise","HSPD1",0.587549177037287
"HCC","turquoise","IKZF4",0.587387865944518
"HCC","turquoise","FAM135A",0.587304656774114
"HCC","turquoise","MTMR9",0.587025616872263
"HCC","turquoise","ZNF329",0.58701677998962
"HCC","turquoise","GLMN",0.586836332603034
"HCC","turquoise","SLC11A2",0.586702398482534
"HCC","turquoise","VPS13C",0.586652636717775
"HCC","turquoise","CHUK",0.586646088517254
"HCC","turquoise","FTO",0.586011012106021
"HCC","turquoise","ZSCAN21",0.585648953511048
"HCC","turquoise","FAM117B",0.585587740419905
"HCC","turquoise","BPTF",0.58551623850958
"HCC","turquoise","EEF1D",0.585511174533758
"HCC","turquoise","BHLHE40",0.585492925683425
"HCC","turquoise","ZNF345",0.585073245303281
"HCC","turquoise","C9orf40",0.585009691155323
"HCC","turquoise","CNKSR3",0.584287871057972
"HCC","turquoise","ZNF280D",0.584020491180462
"HCC","turquoise","SACS",0.583890758174735
"HCC","turquoise","HSPA4L",0.583675008307481
"HCC","turquoise","FAM168A",0.583248751051653
"HCC","turquoise","PBRM1",0.583192931187931
"HCC","turquoise","GARRE1",0.582939647849684
"HCC","turquoise","PCGF5",0.582520470288844
"HCC","turquoise","GON7",0.582483811943338
"HCC","turquoise","KLHL21",0.582215053554086
"HCC","turquoise","MANSC1",0.582157369250305
"HCC","turquoise","CAMSAP1",0.582108351063998
"HCC","turquoise","PTMA",0.581956647714644
"HCC","turquoise","RAB29",0.581943070599384
"HCC","turquoise","AGA",0.581660194281098
"HCC","turquoise","SESN1",0.58161589217298
"HCC","turquoise","TMEM254",0.58142067280268
"HCC","turquoise","DENND6A",0.581378628962183
"HCC","turquoise","CUL4B",0.581229858463896
"HCC","turquoise","KIF1B",0.581216386874862
"HCC","turquoise","MFAP1",0.581068294446991
"HCC","turquoise","MAPRE2",0.581029599164549
"HCC","turquoise","KLHL7",0.58099669803548
"HCC","turquoise","NUDT15",0.580828872895804
"HCC","turquoise","SOAT1",0.580713859186204
"HCC","turquoise","KLHDC1",0.580572882055041
"HCC","turquoise","GPAT3",0.58038448817746
"HCC","turquoise","NLN",0.580064802194987
"HCC","turquoise","TMEM33",0.579922521601251
"HCC","turquoise","CPD",0.579661828041617
"HCC","turquoise","FZD1",0.579097098004817
"HCC","turquoise","L3MBTL3",0.578707882211543
"HCC","turquoise","TBP",0.578637387515793
"HCC","turquoise","FN3KRP",0.577944531320515
"HCC","turquoise","SOX5",0.577652450852444
"HCC","turquoise","ZXDA",0.577631077323781
"HCC","turquoise","GRSF1",0.577558667521825
"HCC","turquoise","CLCN6",0.577486548329484
"HCC","turquoise","CLCN7",0.57742600354909
"HCC","turquoise","KBTBD7",0.577228581042587
"HCC","turquoise","GPATCH1",0.577206667487367
"HCC","turquoise","SLC39A8",0.577089463046444
"HCC","turquoise","EPM2A",0.577028365340323
"HCC","turquoise","TSC1",0.577020608426315
"HCC","turquoise","POLK",0.57682189628174
"HCC","turquoise","MAL2",0.576775327680279
"HCC","turquoise","EWSR1",0.576267086011056
"HCC","turquoise","SPG21",0.576259865830013
"HCC","turquoise","CNN2",0.576224179566902
"HCC","turquoise","PCMT1",0.576207829256891
"HCC","turquoise","SEPTIN11",0.575578689834353
"HCC","turquoise","CSAD",0.575132437909321
"HCC","turquoise","COL21A1",0.574981469015536
"HCC","turquoise","PLEKHF2",0.574885122825274
"HCC","turquoise","BMP2K",0.574724390896903
"HCC","turquoise","ERCC4",0.574355162296401
"HCC","turquoise","NBPF1",0.574298291460935
"HCC","turquoise","CCDC43",0.57397439691101
"HCC","turquoise","ZNF449",0.573970549089145
"HCC","turquoise","SMO",0.573751847606266
"HCC","turquoise","RAP1GDS1",0.573426498275407
"HCC","turquoise","MAEA",0.573287290965227
"HCC","turquoise","MGAT4A",0.573191772875955
"HCC","turquoise","CD9",0.573159686207826
"HCC","turquoise","LENG8",0.57273191407322
"HCC","turquoise","ATP7A",0.5726755211562
"HCC","turquoise","DMD",0.572500228416248
"HCC","turquoise","SIN3B",0.572319138933135
"HCC","turquoise","TMEM165",0.572145054643862
"HCC","turquoise","THRB",0.572087799664377
"HCC","turquoise","ATAD2",0.572024137378575
"HCC","turquoise","TOMM5",0.571970679898509
"HCC","turquoise","PILRB",0.571848125697927
"HCC","turquoise","FADD",0.571823251742567
"HCC","turquoise","ARHGAP24",0.571797312310124
"HCC","turquoise","PABIR3",0.571559947240333
"HCC","turquoise","ZNF468",0.571536293515908
"HCC","turquoise","PDZD8",0.571370003196327
"HCC","turquoise","CLSTN1",0.571316435742169
"HCC","turquoise","ELMOD2",0.571229329644758
"HCC","turquoise","CEP85L",0.570337946659918
"HCC","turquoise","ACP1",0.569654883874618
"HCC","turquoise","TEP1",0.569195574589418
"HCC","turquoise","FAM221A",0.569149243609665
"HCC","turquoise","DTWD2",0.569062572916919
"HCC","turquoise","SLC23A2",0.568526197539812
"HCC","turquoise","MOB3B",0.568312053019543
"HCC","turquoise","CEP112",0.568173329571515
"HCC","turquoise","MFHAS1",0.568033352905433
"HCC","turquoise","TFE3",0.567950374810822
"HCC","turquoise","INHBB",0.56759085395127
"HCC","turquoise","MIOS",0.567374686223927
"HCC","turquoise","SH3BGR",0.567213763169055
"HCC","turquoise","C10orf88",0.567153913024746
"HCC","turquoise","NKAPD1",0.567097227532221
"HCC","turquoise","KCNK1",0.567036593630278
"HCC","turquoise","MET",0.566911539377768
"HCC","turquoise","CAMKK2",0.56681352816778
"HCC","turquoise","SLC5A3",0.566691508210327
"HCC","turquoise","DRAM1",0.566598586671964
"HCC","turquoise","NAB2",0.566386934464783
"HCC","turquoise","SERINC5",0.566186554333928
"HCC","turquoise","VRK1",0.566168844188448
"HCC","turquoise","ARL6IP5",0.565820239478179
"HCC","turquoise","FARP2",0.565753685944726
"HCC","turquoise","CMSS1",0.565581182209231
"HCC","turquoise","KIN",0.565415278816269
"HCC","turquoise","ADGRL2",0.564461422006222
"HCC","turquoise","WWC3",0.564367096162519
"HCC","turquoise","ZNG1E",0.564318615536112
"HCC","turquoise","TRAF7",0.563169407998785
"HCC","turquoise","IL1RAP",0.563093366946205
"HCC","turquoise","ZNF516",0.563018514011151
"HCC","turquoise","MRPL38",0.56262906163556
"HCC","turquoise","ZNF740",0.56224551970861
"HCC","turquoise","CLNS1A",0.562148057559178
"HCC","turquoise","ZNF780B",0.561805032910792
"HCC","turquoise","NOP9",0.561734169447123
"HCC","turquoise","MEX3D",0.561718064581953
"HCC","turquoise","HEATR6",0.561616469387785
"HCC","turquoise","TRAF3",0.561394619095465
"HCC","turquoise","SLX4IP",0.561320337665514
"HCC","turquoise","SERINC3",0.561026302275828
"HCC","turquoise","LIN54",0.560766213457998
"HCC","turquoise","PER2",0.560274782033546
"HCC","turquoise","NDUFAF7",0.560246226175815
"HCC","turquoise","LPIN3",0.560211249723522
"HCC","turquoise","CAD",0.560138972191162
"HCC","turquoise","PIGP",0.560095354682376
"HCC","turquoise","UBA5",0.559983372406862
"HCC","turquoise","ABHD5",0.559954253150859
"HCC","turquoise","RNF2",0.559438547235373
"HCC","turquoise","GATA4",0.559423723240921
"HCC","turquoise","LIN7A",0.559068751754195
"HCC","turquoise","SLC39A10",0.558794328311656
"HCC","turquoise","CITED2",0.55803440586325
"HCC","turquoise","CROT",0.5578999042886
"HCC","turquoise","RBFOX2",0.557807653305243
"HCC","turquoise","AGAP1",0.557715701195334
"HCC","turquoise","PKP2",0.557578384078392
"HCC","turquoise","PRMT9",0.556922986646063
"HCC","turquoise","SIMC1",0.556890924057756
"HCC","turquoise","STXBP4",0.555909780123463
"HCC","turquoise","FASTKD2",0.555744623102974
"HCC","turquoise","CAMK2G",0.555513039644249
"HCC","turquoise","TOMM34",0.555442516914153
"HCC","turquoise","USP46",0.555391870368077
"HCC","turquoise","COLQ",0.554860063829331
"HCC","turquoise","SLC16A7",0.554790732345483
"HCC","turquoise","ZNF251",0.55475650664364
"HCC","turquoise","CEP95",0.554547687525864
"HCC","turquoise","SNAI2",0.55453221428364
"HCC","turquoise","SH3RF1",0.554358926412669
"HCC","turquoise","CYREN",0.554253548635617
"HCC","turquoise","RNF141",0.553984468234944
"HCC","turquoise","RNF144A",0.553976496935485
"HCC","turquoise","NIN",0.55391721278742
"HCC","turquoise","OCIAD1",0.553703116494049
"HCC","turquoise","DFFB",0.553460308688936
"HCC","turquoise","RTL6",0.553424719543072
"HCC","turquoise","ATP8A1",0.553380900602161
"HCC","turquoise","CALD1",0.553284164934129
"HCC","turquoise","SLC25A29",0.552717027286479
"HCC","turquoise","CREBBP",0.552690324415323
"HCC","turquoise","ZNF792",0.552493527440583
"HCC","turquoise","PCSK6",0.552212186758535
"HCC","turquoise","PRR12",0.551803479519576
"HCC","turquoise","PPHLN1",0.551790392781227
"HCC","turquoise","CENPP",0.551582216750039
"HCC","turquoise","TLN1",0.551571607792667
"HCC","turquoise","PABPC4",0.551235655253982
"HCC","turquoise","MED1",0.551131435892654
"HCC","turquoise","ZNF404",0.550647344688966
"HCC","turquoise","ARHGAP21",0.550139837178314
"HCC","turquoise","PHTF1",0.550085472490284
"HCC","turquoise","ATP2B4",0.550044182540167
"HCC","turquoise","HAPSTR1",0.549969093588313
"HCC","turquoise","TECPR2",0.54959074757778
"HCC","turquoise","LARP7",0.548881617241217
"HCC","turquoise","SRRM1",0.548813113593644
"HCC","turquoise","TENT4B",0.548616971547636
"HCC","turquoise","PFKM",0.547986532770659
"HCC","turquoise","MGA",0.547969814017907
"HCC","turquoise","DCBLD2",0.547778707098692
"HCC","turquoise","AMOTL2",0.547718655834946
"HCC","turquoise","ZNF782",0.547661482161128
"HCC","turquoise","TMX4",0.547398600307902
"HCC","turquoise","ZBTB10",0.547069994599812
"HCC","turquoise","MRPL1",0.547029182861676
"HCC","turquoise","MED26",0.546861647074906
"HCC","turquoise","ZNF587B",0.546814896149699
"HCC","turquoise","RPRD1A",0.546809771304362
"HCC","turquoise","AMMECR1L",0.546805278125033
"HCC","turquoise","PEX5",0.546787406511113
"HCC","turquoise","NAA20",0.546617360720675
"HCC","turquoise","GGA3",0.54642323359775
"HCC","turquoise","AGRN",0.546327943380614
"HCC","turquoise","RBM41",0.545645873291935
"HCC","turquoise","AMBRA1",0.545544639495826
"HCC","turquoise","PRKAA1",0.545336345495251
"HCC","turquoise","DEPTOR",0.54527721961893
"HCC","turquoise","B4GALT4",0.545248744785262
"HCC","turquoise","FBXL17",0.545090355324096
"HCC","turquoise","PPP2R2A",0.545018135377831
"HCC","turquoise","AKAP6",0.544933272149932
"HCC","turquoise","GOSR1",0.544641398322584
"HCC","turquoise","COG3",0.544484188129855
"HCC","turquoise","AKAP13",0.544373976346246
"HCC","turquoise","DNAAF5",0.544337064396443
"HCC","turquoise","NSD1",0.543829499471778
"HCC","turquoise","PAK4",0.543208091140675
"HCC","turquoise","AFG2A",0.542990698410034
"HCC","turquoise","MEIS1",0.542897665970272
"HCC","turquoise","OSBPL1A",0.542880216345669
"HCC","turquoise","ITPR1",0.542773111729117
"HCC","turquoise","UBR5",0.542358630043035
"HCC","turquoise","FBXO46",0.542323591010456
"HCC","turquoise","TNFRSF10D",0.542297033633482
"HCC","turquoise","RBMS1",0.54192999734856
"HCC","turquoise","TAF15",0.541871292206552
"HCC","turquoise","HSPA14",0.541821198718345
"HCC","turquoise","GSTM2",0.541763405638606
"HCC","turquoise","USP54",0.541651328326702
"HCC","turquoise","ZNF746",0.541559786815957
"HCC","turquoise","WHAMM",0.54137282506437
"HCC","turquoise","NR4A2",0.541252423240321
"HCC","turquoise","MITF",0.541239483932793
"HCC","turquoise","CPQ",0.54093667847564
"HCC","turquoise","PTCH1",0.540700775525003
"HCC","turquoise","NFE2L3",0.540417149982507
"HCC","turquoise","DGKD",0.540352441567961
"HCC","turquoise","REL",0.539901638245618
"HCC","turquoise","ATL3",0.539505936757128
"HCC","turquoise","UNC119B",0.539289796287307
"HCC","turquoise","UBE2T",0.539211597130674
"HCC","turquoise","PFKFB3",0.538854435002161
"HCC","turquoise","ZCCHC7",0.538445114455943
"HCC","turquoise","SH3YL1",0.538413843894219
"HCC","turquoise","PALLD",0.538362192565759
"HCC","turquoise","RUFY3",0.538300130901509
"HCC","turquoise","CAVIN2",0.538289335905572
"HCC","turquoise","PHF21A",0.538245997482713
"HCC","turquoise","PHRF1",0.538181862358552
"HCC","turquoise","SOX13",0.538163646416085
"HCC","turquoise","TXNIP",0.538097715048939
"HCC","turquoise","EPC1",0.537576509718769
"HCC","turquoise","PTPDC1",0.537537057323656
"HCC","turquoise","SATB1",0.53728670088362
"HCC","turquoise","SQSTM1",0.536638356459011
"HCC","turquoise","BCL7A",0.536596014935701
"HCC","turquoise","TRAFD1",0.536474256018646
"HCC","turquoise","DIP2A",0.536266753743657
"HCC","turquoise","UBE2D2",0.536096775277654
"HCC","turquoise","RCAN3",0.536042475591063
"HCC","turquoise","ZNF550",0.535711874869057
"HCC","turquoise","SPTSSA",0.535147834135617
"HCC","turquoise","BAHD1",0.534894079201563
"HCC","turquoise","RAPGEF4",0.534877514510279
"HCC","turquoise","WIPI1",0.534090449612565
"HCC","turquoise","WDR59",0.534038738158622
"HCC","turquoise","NEO1",0.53362500727008
"HCC","turquoise","TEAD2",0.533536934459853
"HCC","turquoise","CLGN",0.533493775979879
"HCC","turquoise","GLS",0.533350373399041
"HCC","turquoise","TTC9C",0.533242423480745
"HCC","turquoise","MSS51",0.533085221212753
"HCC","turquoise","PTPN4",0.532797575945734
"HCC","turquoise","HDAC1",0.532496331448177
"HCC","turquoise","KDM2A",0.532273542308765
"HCC","turquoise","ZNF718",0.531797194936892
"HCC","turquoise","RRAGC",0.531750163356269
"HCC","turquoise","MIR34AHG",0.531706482041725
"HCC","turquoise","MYH10",0.53163004745866
"HCC","turquoise","ACVR1B",0.531131479739725
"HCC","turquoise","MTG1",0.530993578572755
"HCC","turquoise","FAR2",0.530958429581898
"HCC","turquoise","MED15",0.53077182321558
"HCC","turquoise","TMTC3",0.53057491027086
"HCC","turquoise","TTC21B",0.530256069851557
"HCC","turquoise","PRKDC",0.529301128148469
"HCC","turquoise","DDIT4",0.529259621136418
"HCC","turquoise","RNPS1",0.529033081976923
"HCC","turquoise","MCM3",0.528718675752144
"HCC","turquoise","ENTPD7",0.528455085328225
"HCC","turquoise","ZNF597",0.528364909499564
"HCC","turquoise","CEP78",0.528101201360163
"HCC","turquoise","MNT",0.528089087332971
"HCC","turquoise","MTIF2",0.528054325397465
"HCC","turquoise","SAE1",0.528012815037453
"HCC","turquoise","MAST3",0.527914460560794
"HCC","turquoise","FZD6",0.527639370655276
"HCC","turquoise","MAP3K14",0.527399343622044
"HCC","turquoise","EEIG1",0.52720461663085
"HCC","turquoise","KPNA1",0.527171720747251
"HCC","turquoise","CLCN4",0.526952736652635
"HCC","turquoise","OCLN",0.525320570564304
"HCC","turquoise","SERP1",0.525266638276542
"HCC","turquoise","BAG3",0.525229436260333
"HCC","turquoise","ARMCX3",0.525003924595869
"HCC","turquoise","PDE8B",0.524294471097593
"HCC","turquoise","LRP3",0.524264436629925
"HCC","turquoise","STRN4",0.524165629926571
"HCC","turquoise","PPIG",0.524068771213125
"HCC","turquoise","VAMP1",0.523695748083287
"HCC","turquoise","GABARAPL2",0.523192027030481
"HCC","turquoise","ZNF211",0.523002647907225
"HCC","turquoise","NDUFAF6",0.522658273364725
"HCC","turquoise","SLC7A6OS",0.522617512648729
"HCC","turquoise","SPTLC1",0.522601314886816
"HCC","turquoise","MSI2",0.522576959441188
"HCC","turquoise","ADSL",0.52235000851319
"HCC","turquoise","SLC38A1",0.522145905954371
"HCC","turquoise","PAQR4",0.521171477588515
"HCC","turquoise","MPP7",0.521163743649755
"HCC","turquoise","TMEM243",0.521157389886396
"HCC","turquoise","EIF4ENIF1",0.5210789220597
"HCC","turquoise","CLIP1",0.520950110346752
"HCC","turquoise","SAMTOR",0.520882114721658
"HCC","turquoise","GPR137B",0.520507910024836
"HCC","turquoise","DSC2",0.520101293259308
"HCC","turquoise","ZNF510",0.520017938010638
"HCC","turquoise","MYO5A",0.519941045404272
"HCC","turquoise","IBTK",0.519803548310017
"HCC","turquoise","MBD4",0.519602682116534
"HCC","turquoise","SPMIP4",0.519367322363301
"HCC","turquoise","ENTPD4",0.519225273339518
"HCC","turquoise","ZNF507",0.518154332259701
"HCC","turquoise","RBM33",0.518087870711664
"HCC","turquoise","SCPEP1",0.51805415947686
"HCC","turquoise","MORC4",0.517984827962644
"HCC","turquoise","AKAP12",0.517875462551886
"HCC","turquoise","UMPS",0.517649383267028
"HCC","turquoise","ARL8A",0.517341100534968
"HCC","turquoise","TXNL1",0.517283883900463
"HCC","turquoise","ZNF267",0.516561152043215
"HCC","turquoise","FAM241A",0.516127560436366
"HCC","turquoise","KHNYN",0.515685635963249
"HCC","turquoise","WDR7",0.515349335078358
"HCC","turquoise","TTYH3",0.514855024235602
"HCC","turquoise","AKT3",0.514667451127746
"HCC","turquoise","AGO4",0.51432612294294
"HCC","turquoise","CAMSAP2",0.51325441705594
"HCC","turquoise","NUDT4",0.512978568155113
"HCC","turquoise","THAP6",0.512675270049674
"HCC","turquoise","STXBP5",0.512653028445033
"HCC","turquoise","LRRC37B",0.512610861006746
"HCC","turquoise","CCNJ",0.512565298825817
"HCC","turquoise","YTHDC1",0.512533357020328
"HCC","turquoise","EML2",0.512387845877754
"HCC","turquoise","FKBP14",0.512304705119871
"HCC","turquoise","ERO1B",0.512298091867493
"HCC","turquoise","MCM4",0.512219816692682
"HCC","turquoise","CRIM1",0.51210077303844
"HCC","turquoise","ZFP36L2",0.512019342087237
"HCC","turquoise","KALRN",0.511891362267532
"HCC","turquoise","CDK8",0.511444038550987
"HCC","turquoise","CCNY",0.511419124209636
"HCC","turquoise","ARHGEF9",0.511101917959023
"HCC","turquoise","MARS1",0.511096186644252
"HCC","turquoise","EIF3J",0.510994880985216
"HCC","turquoise","NIPAL2",0.510478758812654
"HCC","turquoise","PDK1",0.510463343908921
"HCC","turquoise","TBC1D4",0.510362860088508
"HCC","turquoise","CYP51A1",0.510258161736368
"HCC","turquoise","TMEM135",0.510149131084928
"HCC","turquoise","NT5DC3",0.509870066943235
"HCC","turquoise","ACADSB",0.509696871877485
"HCC","turquoise","ARID3B",0.50957766415582
"HCC","turquoise","KPNA2",0.50956450045121
"HCC","turquoise","CORO1C",0.509341622050665
"HCC","turquoise","MBOAT1",0.509126166874973
"HCC","turquoise","GPRASP3",0.509087742124187
"HCC","turquoise","MANBA",0.508997116879349
"HCC","turquoise","LETMD1",0.508568246273494
"HCC","turquoise","IFRD1",0.508217831966348
"HCC","turquoise","PALS2",0.507943260175652
"HCC","turquoise","PDCD7",0.507594474088083
"HCC","turquoise","ARHGEF12",0.507485469658002
"HCC","turquoise","DET1",0.507304552896204
"HCC","turquoise","SF3A1",0.506777353502756
"HCC","turquoise","DNAJC7",0.506633989579348
"HCC","turquoise","SRP19",0.506436117830556
"HCC","turquoise","DUSP3",0.505939233851194
"HCC","turquoise","TCF20",0.5058743685412
"HCC","turquoise","EIF1AX",0.505765641968629
"HCC","turquoise","RND3",0.505613939140234
"HCC","turquoise","TRIM68",0.505573820877426
"HCC","turquoise","NCDN",0.505274484626078
"HCC","turquoise","PDCD4",0.505268901092537
"HCC","turquoise","CACUL1",0.505209860141053
"HCC","turquoise","SNRNP40",0.505138800102979
"HCC","turquoise","CSTF2",0.504131648219617
"HCC","turquoise","TRIM3",0.504128873894191
"HCC","turquoise","KANK1",0.50361044746746
"HCC","turquoise","UBE2J1",0.50207850737341
"HCC","turquoise","CCNL2",0.501780638780069
"HCC","turquoise","ASH2L",0.501508094026837
"HCC","turquoise","METTL25",0.501359688165523
"HCC","turquoise","ATG16L1",0.500981464914488
"HCC","turquoise","PRKCD",0.500537043575408
"HCC","turquoise","ERMP1",0.500285203237449
"HCC","turquoise","GTF2IRD1",0.500165394503018
"HCC","turquoise","ATG12",0.499726503157346
"HCC","turquoise","LINS1",0.499667914656931
"HCC","turquoise","INPP5F",0.499590944103735
"HCC","turquoise","ZNF436",0.499382693461845
"HCC","turquoise","MAFG",0.499025078005475
"HCC","turquoise","ASCC1",0.497909093258195
"HCC","turquoise","RHOQ",0.497726544630246
"HCC","turquoise","SREBF2",0.4977091637822
"HCC","turquoise","DEPDC5",0.497136152745937
"HCC","turquoise","SPNS1",0.497136009306723
"HCC","turquoise","BSDC1",0.496830405691013
"HCC","turquoise","PSKH1",0.496793417686422
"HCC","turquoise","KPNB1",0.496668645916826
"HCC","turquoise","OAT",0.495994426831435
"HCC","turquoise","PLAGL2",0.495865607148039
"HCC","turquoise","ZCCHC14",0.495411056524918
"HCC","turquoise","TSPAN3",0.495337600234422
"HCC","turquoise","ATG101",0.4952367278244
"HCC","turquoise","NUAK1",0.494835636060249
"HCC","turquoise","DCAF16",0.49455845273988
"HCC","turquoise","LYZ",0.494547803746821
"HCC","turquoise","SAT1",0.494395210486125
"HCC","turquoise","RNF20",0.494360403469146
"HCC","turquoise","NGRN",0.494271313391659
"HCC","turquoise","PSPH",0.494164591495619
"HCC","turquoise","XPO7",0.49391777021158
"HCC","turquoise","SF3B3",0.493569380596908
"HCC","turquoise","MOCS2",0.493406019731669
"HCC","turquoise","MTA3",0.493367533786852
"HCC","turquoise","METTL9",0.493320903077706
"HCC","turquoise","NDUFS1",0.493290382176639
"HCC","turquoise","RBM3",0.492797135087304
"HCC","turquoise","UNKL",0.49257936200411
"HCC","turquoise","KIAA1143",0.492465157939075
"HCC","turquoise","ZFP64",0.492026357381156
"HCC","turquoise","TMEM144",0.491913844798962
"HCC","turquoise","TES",0.491902744355602
"HCC","turquoise","RIC8B",0.491893581698405
"HCC","turquoise","LMO4",0.491881872531393
"HCC","turquoise","STAU1",0.49167008369124
"HCC","turquoise","TBC1D31",0.491537480255134
"HCC","turquoise","AKT2",0.491365917613117
"HCC","turquoise","GGT7",0.491191897103916
"HCC","turquoise","YWHAH",0.490391951424331
"HCC","turquoise","MACROH2A1",0.489853018071828
"HCC","turquoise","LTBP1",0.489821362139608
"HCC","turquoise","PRKCZ",0.48962577492814
"HCC","turquoise","ANO8",0.489369381575265
"HCC","turquoise","HMGN1",0.489282399423024
"HCC","turquoise","PRXL2C",0.489228316752778
"HCC","turquoise","E2F5",0.488681737950134
"HCC","turquoise","ZSWIM5",0.487882065878864
"HCC","turquoise","ARHGEF40",0.487587577934215
"HCC","turquoise","TSPAN7",0.487393896998619
"HCC","turquoise","APLF",0.48729073932395
"HCC","turquoise","TSPAN6",0.487228153959489
"HCC","turquoise","CHFR",0.487023899734012
"HCC","turquoise","P4HA1",0.486643276047697
"HCC","turquoise","CDYL2",0.486430646538485
"HCC","turquoise","CKS2",0.486191524006494
"HCC","turquoise","IQCK",0.485953440206274
"HCC","turquoise","CYP4X1",0.485866631292697
"HCC","turquoise","SPATS2",0.485040579671367
"HCC","turquoise","USP19",0.484935640761565
"HCC","turquoise","TSPAN12",0.484869183853767
"HCC","turquoise","UQCC1",0.484354551909458
"HCC","turquoise","CHPF2",0.483637977386838
"HCC","turquoise","XK",0.483365753571396
"HCC","turquoise","SNRNP200",0.482421737352461
"HCC","turquoise","ZNF614",0.482277662391428
"HCC","turquoise","KDM5C",0.48222186808356
"HCC","turquoise","CCPG1",0.482170986706941
"HCC","turquoise","APLN",0.481775290024809
"HCC","turquoise","CFAP44",0.481667527126092
"HCC","turquoise","EEF1AKMT2",0.481408138208092
"HCC","turquoise","CYCS",0.480546060003666
"HCC","turquoise","SNN",0.479539729351058
"HCC","turquoise","ZNF608",0.479536797374093
"HCC","turquoise","PDE4DIP",0.479110889498643
"HCC","turquoise","SLC36A1",0.478941773992142
"HCC","turquoise","NEK1",0.478799955327463
"HCC","turquoise","GDAP1",0.478650439634912
"HCC","turquoise","HMGXB3",0.478390427033964
"HCC","turquoise","MYO18A",0.478314440609846
"HCC","turquoise","HUS1",0.478280980925855
"HCC","turquoise","MBD5",0.478263009495085
"HCC","turquoise","LOX",0.478208967455022
"HCC","turquoise","FGFR1OP2",0.477766565723841
"HCC","turquoise","OGA",0.477748883997949
"HCC","turquoise","PIGW",0.477533118829312
"HCC","turquoise","IRAK1BP1",0.477312162883991
"HCC","turquoise","XPO4",0.477164057618893
"HCC","turquoise","ATP6V1B2",0.477091824833528
"HCC","turquoise","CREG1",0.47685714672567
"HCC","turquoise","ZDHHC2",0.476652758437047
"HCC","turquoise","ST6GAL1",0.476619686969925
"HCC","turquoise","GPR107",0.476038232736363
"HCC","turquoise","SGK3",0.475679915292581
"HCC","turquoise","NDST1",0.475000425968975
"HCC","turquoise","SH3BP5",0.474906374861897
"HCC","turquoise","PSPC1",0.474683378365245
"HCC","turquoise","FBXW8",0.474350027957289
"HCC","turquoise","TOMM70",0.473813311844357
"HCC","turquoise","MBD1",0.473357457627699
"HCC","turquoise","PRKCA",0.473354344355243
"HCC","turquoise","ZC3HAV1",0.473131861811404
"HCC","turquoise","PPIP5K1",0.472943584969388
"HCC","turquoise","ETV1",0.472855063878677
"HCC","turquoise","MBD6",0.472822980451516
"HCC","turquoise","GTF3C2",0.472172066637557
"HCC","turquoise","NPIPB5",0.471930622955895
"HCC","turquoise","ZNF646",0.471715642375988
"HCC","turquoise","CBX5",0.471710262839518
"HCC","turquoise","PLCB1",0.471505498262668
"HCC","turquoise","XRCC4",0.471400056137375
"HCC","turquoise","BCL9L",0.471080181463151
"HCC","turquoise","SSX2IP",0.470876802308098
"HCC","turquoise","RAB3GAP1",0.469920820198253
"HCC","turquoise","PDZD2",0.469695767650427
"HCC","turquoise","RHNO1",0.469432257756389
"HCC","turquoise","ZDHHC7",0.46936061147587
"HCC","turquoise","ZFAT",0.46889150151639
"HCC","turquoise","LLGL1",0.468634464834285
"HCC","turquoise","ARMCX6",0.467814729572288
"HCC","turquoise","RGS2",0.467691227446836
"HCC","turquoise","SYNRG",0.467020226037573
"HCC","turquoise","SEMA4C",0.466771878384831
"HCC","turquoise","SLC9A8",0.466657886271635
"HCC","turquoise","ANAPC1",0.466470370427305
"HCC","turquoise","TPM4",0.465965861561511
"HCC","turquoise","CERS6",0.465684612432977
"HCC","turquoise","ADAMTS5",0.465416700219097
"HCC","turquoise","WLS",0.465111366942995
"HCC","turquoise","PPP1R3B",0.464694496315195
"HCC","turquoise","EPB41L4B",0.464649415948406
"HCC","turquoise","MAP3K7CL",0.464585275102481
"HCC","turquoise","ADAMTSL4",0.464500432432402
"HCC","turquoise","PAIP2",0.464017558628478
"HCC","turquoise","CCDC85C",0.463704573446642
"HCC","turquoise","SLC26A2",0.463484162689709
"HCC","turquoise","ANKLE2",0.463186912635493
"HCC","turquoise","OFD1",0.462535743476958
"HCC","turquoise","MTCL2",0.462092676686532
"HCC","turquoise","USP37",0.461980499904063
"HCC","turquoise","MMD",0.461833514012372
"HCC","turquoise","MED28",0.46173030362859
"HCC","turquoise","SLC12A2",0.461606457798651
"HCC","turquoise","ZBED3",0.461381696610169
"HCC","turquoise","GIT2",0.461324705156997
"HCC","turquoise","DDX31",0.460989285059474
"HCC","turquoise","STAMBPL1",0.460767794060402
"HCC","turquoise","CLIP4",0.460739736376707
"HCC","turquoise","ATN1",0.460430725366544
"HCC","turquoise","SPATA25",0.460050988601927
"HCC","turquoise","P4HA2",0.459616218111907
"HCC","turquoise","ZNF609",0.459575672938171
"HCC","turquoise","LRRC8B",0.459517964513531
"HCC","turquoise","MLLT11",0.459451258425796
"HCC","turquoise","TNRC6B",0.458863296674666
"HCC","turquoise","ETF1",0.458736755174021
"HCC","turquoise","BAHCC1",0.458583171037846
"HCC","turquoise","MAMLD1",0.458078698530076
"HCC","turquoise","DCBLD1",0.458031599709814
"HCC","turquoise","EXOG",0.45771076539335
"HCC","turquoise","ACSM3",0.457565834362034
"HCC","turquoise","ZC3H8",0.456890105842679
"HCC","turquoise","CTDSP2",0.456677072158517
"HCC","turquoise","ZNF442",0.456467645652442
"HCC","turquoise","DOCK11",0.456366618785107
"HCC","turquoise","RIOK3",0.45604175950882
"HCC","turquoise","SFT2D1",0.455531228352701
"HCC","turquoise","SHROOM3",0.455348166479037
"HCC","turquoise","DNM1L",0.455195059265749
"HCC","turquoise","MPZL3",0.455045679471555
"HCC","turquoise","SNX24",0.45497964316125
"HCC","turquoise","USP47",0.454431641566688
"HCC","turquoise","TMEM50B",0.454081552854815
"HCC","turquoise","MAP1LC3B",0.453980212433318
"HCC","turquoise","ULK3",0.453875658848298
"HCC","turquoise","PFN2",0.453617016901048
"HCC","turquoise","MCUB",0.45353337751877
"HCC","turquoise","THRA",0.453071918518768
"HCC","turquoise","SEMA5B",0.452322024385906
"HCC","turquoise","DOP1B",0.451842472217601
"HCC","turquoise","GAR1",0.451740536252256
"HCC","turquoise","HSPA9",0.451195508144968
"HCC","turquoise","GALC",0.451174140993224
"HCC","turquoise","TSPAN13",0.450614406544822
"HCC","turquoise","GLIPR1",0.450537199043543
"HCC","turquoise","AGAP9",0.450503434582918
"HCC","turquoise","MCL1",0.450245705980975
"HCC","turquoise","SS18",0.450076703050021
"HCC","turquoise","HMGXB4",0.450003831633537
"HCC","turquoise","PHKA1",0.449362842139526
"HCC","turquoise","SHPRH",0.449098126133563
"HCC","turquoise","ITGA2",0.447819415368364
"HCC","turquoise","VHL",0.447241086150309
"HCC","turquoise","ZNF175",0.446980484948322
"HCC","turquoise","SMIM3",0.446292504633802
"HCC","turquoise","UTP6",0.446148057861197
"HCC","turquoise","PIK3CB",0.446018222234202
"HCC","turquoise","TRANK1",0.445346831728459
"HCC","turquoise","ZC3H6",0.445236884585404
"HCC","turquoise","CPSF7",0.445133108986321
"HCC","turquoise","CPAP",0.444172050585827
"HCC","turquoise","DDAH1",0.443611969990615
"HCC","turquoise","ABRAXAS1",0.443207584527328
"HCC","turquoise","YIPF6",0.443120226713931
"HCC","turquoise","RIC8A",0.443084674468477
"HCC","turquoise","LIMD1",0.443081303919176
"HCC","turquoise","NPL",0.4427850152257
"HCC","turquoise","NOL11",0.442526464370196
"HCC","turquoise","ACTN1",0.441777772864601
"HCC","turquoise","SUGP2",0.441704775918743
"HCC","turquoise","MAP3K13",0.441647863419938
"HCC","turquoise","SMCR8",0.441561132049377
"HCC","turquoise","ZIC2",0.440830828736675
"HCC","turquoise","PPARGC1B",0.440695073306883
"HCC","turquoise","ALG9",0.440591333796518
"HCC","turquoise","NPAS2",0.440426942807097
"HCC","turquoise","MSRB3",0.440277458963744
"HCC","turquoise","DNAJA1",0.439772470162912
"HCC","turquoise","SLC7A2",0.438791792212061
"HCC","turquoise","NFE2L1",0.438475658232047
"HCC","turquoise","KRABD4",0.43829979556749
"HCC","turquoise","PCOLCE2",0.437329099416507
"HCC","turquoise","MAP3K4",0.437057255982307
"HCC","turquoise","CASP9",0.43623606527326
"HCC","turquoise","NME2",0.436162660843286
"HCC","turquoise","RECK",0.435997791997522
"HCC","turquoise","ZNF286A",0.435815730758986
"HCC","turquoise","EYA3",0.43487082867029
"HCC","turquoise","EXOC7",0.434774140483196
"HCC","turquoise","BICC1",0.434324120272677
"HCC","turquoise","TMEM38B",0.434065455265952
"HCC","turquoise","ZNF100",0.432840632825534
"HCC","turquoise","GINS3",0.432480952396799
"HCC","turquoise","MID2",0.432396576980061
"HCC","turquoise","ZDHHC13",0.432235568778175
"HCC","turquoise","INTS12",0.431737734710705
"HCC","turquoise","HMCN1",0.4316022312426
"HCC","turquoise","CECR2",0.43160195530614
"HCC","turquoise","MDM2",0.431491326344783
"HCC","turquoise","SERAC1",0.430498893814011
"HCC","turquoise","SCRN1",0.430358537225359
"HCC","turquoise","WWTR1",0.430052742422786
"HCC","turquoise","CREM",0.429983701853656
"HCC","turquoise","DHFR2",0.429892317535007
"HCC","turquoise","ABCC4",0.429722271382726
"HCC","turquoise","COL5A2",0.429533945092876
"HCC","turquoise","SASH1",0.42931620934259
"HCC","turquoise","ME1",0.429227691368021
"HCC","turquoise","TBC1D15",0.429211295697352
"HCC","turquoise","NHSL1",0.429052611721814
"HCC","turquoise","TNS1",0.428959431243066
"HCC","turquoise","ARHGEF10L",0.428455477513996
"HCC","turquoise","MMP14",0.428161152551339
"HCC","turquoise","NELFCD",0.427963586404488
"HCC","turquoise","NOM1",0.427284882342946
"HCC","turquoise","PXN",0.427144756487914
"HCC","turquoise","PISD",0.426899845225482
"HCC","turquoise","SLC7A1",0.426650325968683
"HCC","turquoise","MTMR11",0.426130037272627
"HCC","turquoise","PSMD9",0.426110491023313
"HCC","turquoise","ZNF717",0.425002025103482
"HCC","turquoise","NPNT",0.424781020352816
"HCC","turquoise","KCTD7",0.424531122897758
"HCC","turquoise","PLXNC1",0.424495258924962
"HCC","turquoise","TUSC3",0.424376057517281
"HCC","turquoise","PHF20L1",0.423077532507921
"HCC","turquoise","DAAM2",0.422642459508715
"HCC","turquoise","TXNL4B",0.421313631687686
"HCC","turquoise","ITPR3",0.421155005199766
"HCC","turquoise","NTN1",0.420238903014064
"HCC","turquoise","KREMEN1",0.4195891669134
"HCC","turquoise","HS2ST1",0.419056589086828
"HCC","turquoise","DAGLA",0.41860697108255
"HCC","turquoise","PROSER1",0.418422752209773
"HCC","turquoise","PDE3A",0.417526665846085
"HCC","turquoise","ASAP2",0.417355987707765
"HCC","turquoise","NOL6",0.416898977445223
"HCC","turquoise","SNX7",0.416750417867826
"HCC","turquoise","RDH5",0.41660405704702
"HCC","turquoise","BLM",0.416208715028364
"HCC","turquoise","DNAJA4",0.416130964157061
"HCC","turquoise","SSH3",0.416034726233648
"HCC","turquoise","ZNF276",0.415621501912269
"HCC","turquoise","AHNAK",0.415427491406078
"HCC","turquoise","ZNF195",0.415380466793246
"HCC","turquoise","MAML3",0.415148741198648
"HCC","turquoise","SLC35G2",0.414125875249289
"HCC","turquoise","ZNF407",0.412536522758829
"HCC","turquoise","GSDME",0.412453768857124
"HCC","turquoise","CPT1A",0.411894528203229
"HCC","turquoise","MRPL44",0.411718565071633
"HCC","turquoise","SLC2A12",0.41132092083327
"HCC","turquoise","MEST",0.411073132989072
"HCC","turquoise","MID1IP1",0.411025350231259
"HCC","turquoise","CAMKMT",0.410950859308783
"HCC","turquoise","FAM120AOS",0.410903982893936
"HCC","turquoise","ACSL4",0.408976277720001
"HCC","turquoise","AP3M2",0.408801897979825
"HCC","turquoise","ZNF586",0.408343076109384
"HCC","turquoise","R3HDM2",0.408308915239561
"HCC","turquoise","SCMH1",0.40809568684011
"HCC","turquoise","ABHD2",0.407726361040952
"HCC","turquoise","ATP8B2",0.407015047421346
"HCC","turquoise","NOD1",0.406801517842944
"HCC","turquoise","ROBO1",0.406527561966763
"HCC","turquoise","FICD",0.406117990557965
"HCC","turquoise","BACH2",0.406036736025852
"HCC","turquoise","PAQR9",0.405616013104654
"HCC","turquoise","B3GLCT",0.405393869134594
"HCC","turquoise","KDELR3",0.405039645870614
"HCC","turquoise","MAN2B1",0.404800084398762
"HCC","turquoise","TMEM182",0.404150960019265
"HCC","turquoise","LRCH3",0.403708568835833
"HCC","turquoise","HPS4",0.403157010931873
"HCC","turquoise","ZNF44",0.402890082360534
"HCC","turquoise","OSBPL10",0.402698002073416
"HCC","turquoise","CYBRD1",0.402282594715729
"HCC","turquoise","FAM133B",0.402190444224683
"HCC","turquoise","JADE1",0.401576367678508
"HCC","turquoise","TTC28",0.400928276819328
"HCC","turquoise","BAZ2A",0.400919524570962
"HCC","turquoise","SLC41A1",0.40072361098422
"HCC","turquoise","CEP170B",0.399942044915065
"HCC","turquoise","RBM28",0.399851752054718
"HCC","turquoise","HMGCR",0.399549834508851
"HCC","turquoise","BICD1",0.398427229705593
"HCC","turquoise","ATP9A",0.397653053642399
"HCC","turquoise","ALG11",0.397242766305073
"HCC","turquoise","PTCD2",0.396365547468583
"HCC","turquoise","RNF10",0.395895285757017
"HCC","turquoise","KCTD10",0.395083368748132
"HCC","turquoise","LZTS2",0.394718648457116
"HCC","turquoise","RFC4",0.39410485900331
"HCC","turquoise","ZNF354A",0.394097738022996
"HCC","turquoise","CD24",0.393367710783153
"HCC","turquoise","KAT7",0.393271187861533
"HCC","turquoise","FKBP9",0.393107802409418
"HCC","turquoise","IL6R",0.393008408046728
"HCC","turquoise","ZNF268",0.392729768427125
"HCC","turquoise","PRNP",0.392333140486739
"HCC","turquoise","FASTKD1",0.392162943187333
"HCC","turquoise","CYP20A1",0.391398006125635
"HCC","turquoise","HIPK2",0.391008738507544
"HCC","turquoise","XXYLT1",0.39100096774032
"HCC","turquoise","PIGS",0.390707053189643
"HCC","turquoise","SLC41A3",0.39026158804419
"HCC","turquoise","PREX2",0.39021168309901
"HCC","turquoise","PPP2R1B",0.389863675204579
"HCC","turquoise","PPARG",0.389692821906388
"HCC","turquoise","MAP2",0.389633829018775
"HCC","turquoise","CMTM4",0.389390538451435
"HCC","turquoise","NUP214",0.388251238254731
"HCC","turquoise","TNFRSF10A",0.388244839745816
"HCC","turquoise","ZNF620",0.388128406937046
"HCC","turquoise","DPH2",0.387519927494191
"HCC","turquoise","LMLN",0.387411557971126
"HCC","turquoise","ATP1B3",0.386313379850669
"HCC","turquoise","RAD9A",0.385802596974966
"HCC","turquoise","BAZ1B",0.385225983423214
"HCC","turquoise","NDE1",0.383778851355966
"HCC","turquoise","ERICH1",0.38337130755677
"HCC","turquoise","LRP12",0.38197719781755
"HCC","turquoise","TPP1",0.38123131524048
"HCC","turquoise","ARMC10",0.380930607400054
"HCC","turquoise","IER3",0.380751868157071
"HCC","turquoise","TMEM184B",0.379777152448853
"HCC","turquoise","ABCB6",0.378144092248442
"HCC","turquoise","SLC35E2B",0.378131219752417
"HCC","turquoise","SSH2",0.378043556165269
"HCC","turquoise","NEB",0.377993910490511
"HCC","turquoise","POU5F1",0.377858423273709
"HCC","turquoise","ZNF800",0.377380298381931
"HCC","turquoise","EEF2K",0.376878970125485
"HCC","turquoise","ZNF350",0.376819185319048
"HCC","turquoise","FYCO1",0.376738116088605
"HCC","turquoise","ZNF658",0.376663460792055
"HCC","turquoise","SETD6",0.376002610074395
"HCC","turquoise","NCOA3",0.374475723304043
"HCC","turquoise","MCM8",0.374315871418508
"HCC","turquoise","FBXO36",0.373303342217577
"HCC","turquoise","RABGAP1",0.372160041450673
"HCC","turquoise","DUSP16",0.370884774461979
"HCC","turquoise","GAREM1",0.370692622096076
"HCC","turquoise","NCKAP5L",0.370572267030334
"HCC","turquoise","WASF3",0.370490626373494
"HCC","turquoise","LARP4B",0.370412046724372
"HCC","turquoise","ENOX2",0.369159255478439
"HCC","turquoise","LONRF2",0.367991486695422
"HCC","turquoise","TCF3",0.367645401015007
"HCC","turquoise","KDM4A",0.367639429664198
"HCC","turquoise","SUSD1",0.367570844601008
"HCC","turquoise","TCAIM",0.366921094766176
"HCC","turquoise","SMS",0.366746156139638
"HCC","turquoise","AVIL",0.366731375553828
"HCC","turquoise","FGD1",0.366519945606233
"HCC","turquoise","GALNT2",0.366413393981943
"HCC","turquoise","ARHGAP18",0.366277294366533
"HCC","turquoise","CIART",0.365260255573041
"HCC","turquoise","RAB14",0.364999244842935
"HCC","turquoise","ATP6V1H",0.363868396760023
"HCC","turquoise","MOSPD1",0.36338794423364
"HCC","turquoise","PARP16",0.36286236795264
"HCC","turquoise","ISCA1",0.362496584943133
"HCC","turquoise","TROAP",0.361608956771209
"HCC","turquoise","EHMT1",0.361457614928996
"HCC","turquoise","LHFPL2",0.36052552345765
"HCC","turquoise","NUMBL",0.360195150603855
"HCC","turquoise","RBBP8",0.360029561278515
"HCC","turquoise","FKBP11",0.359511787042506
"HCC","turquoise","ZNF248",0.359239375982827
"HCC","turquoise","GPD1L",0.358892836617741
"HCC","turquoise","GTF2F2",0.358871910653355
"HCC","turquoise","SMARCD1",0.358842202513048
"HCC","turquoise","PEG10",0.357682431888058
"HCC","turquoise","DBF4B",0.357579607179716
"HCC","turquoise","RNF207",0.356794802676889
"HCC","turquoise","DHX32",0.354953916259403
"HCC","turquoise","UGGT2",0.352395921529165
"HCC","turquoise","NDRG4",0.351652096082948
"HCC","turquoise","SLC25A12",0.351572864497973
"HCC","turquoise","RAB35",0.351523356336358
"HCC","turquoise","GABRE",0.351494569344366
"HCC","turquoise","DDX23",0.350831034853015
"HCC","turquoise","APPL2",0.350504297282808
"HCC","turquoise","NOL12",0.348268848837836
"HCC","turquoise","CIBAR1",0.348206426600436
"HCC","turquoise","CCNDBP1",0.347232433610903
"HCC","turquoise","POFUT1",0.346494331232828
"HCC","turquoise","NBR1",0.345734677703169
"HCC","turquoise","CASK",0.345624734171928
"HCC","turquoise","PAG1",0.345349616534224
"HCC","turquoise","ZNF219",0.344827710161431
"HCC","turquoise","CD109",0.344606054872784
"HCC","turquoise","LDLR",0.344082944247466
"HCC","turquoise","TPGS2",0.343262079554052
"HCC","turquoise","ZNF649",0.342761785554488
"HCC","turquoise","HIC2",0.34261674305725
"HCC","turquoise","GLUD1",0.342191179318206
"HCC","turquoise","TARS3",0.34113937766918
"HCC","turquoise","AKT1",0.341053690366113
"HCC","turquoise","FKBP5",0.340967825369867
"HCC","turquoise","PI4KA",0.340933631448466
"HCC","turquoise","PAK1",0.340490926169593
"HCC","turquoise","PRG4",0.339819111304074
"HCC","turquoise","P4HTM",0.337868728819503
"HCC","turquoise","FBXL7",0.336890239199133
"HCC","turquoise","PTPRD",0.336596415507481
"HCC","turquoise","SLC25A51",0.335825736221105
"HCC","turquoise","ZFHX4",0.335341407324329
"HCC","turquoise","MVB12B",0.334149311310484
"HCC","turquoise","FAM185A",0.333827337605134
"HCC","turquoise","KCTD1",0.333745638313762
"HCC","turquoise","FOXO4",0.333292639095919
"HCC","turquoise","REEP3",0.332985873646734
"HCC","turquoise","EFHD1",0.33291278814422
"HCC","turquoise","ERLIN1",0.332797408316579
"HCC","turquoise","CARMIL1",0.332302467676003
"HCC","turquoise","EXOSC3",0.332087129273306
"HCC","turquoise","CABLES2",0.331886313302328
"HCC","turquoise","STXBP6",0.331852133666456
"HCC","turquoise","MYADM",0.331414723099142
"HCC","turquoise","TCAF1",0.330927607974542
"HCC","turquoise","ZDHHC9",0.330837892403094
"HCC","turquoise","IFT57",0.330457278205304
"HCC","turquoise","NINL",0.329947517477361
"HCC","turquoise","CSNK1D",0.329900031462922
"HCC","turquoise","FAM204A",0.32984711176706
"HCC","turquoise","AACS",0.329436648931101
"HCC","turquoise","APP",0.328647328132187
"HCC","turquoise","MTNAP1",0.326969675879607
"HCC","turquoise","INTS9",0.326926057535812
"HCC","turquoise","PSME3",0.326121911496994
"HCC","turquoise","WASHC2C",0.325922282687469
"HCC","turquoise","NKIRAS2",0.325912514205999
"HCC","turquoise","SGSH",0.32588280368154
"HCC","turquoise","MIPOL1",0.324843800476449
"HCC","turquoise","ZNF547",0.32418011744633
"HCC","turquoise","SLC2A1",0.32282697132134
"HCC","turquoise","KIAA1549",0.322366348372469
"HCC","turquoise","SPRING1",0.322359765095432
"HCC","turquoise","CNOT4",0.319803482734483
"HCC","turquoise","NCK2",0.31975031927615
"HCC","turquoise","DYNC2I1",0.31953003406104
"HCC","turquoise","TRIM13",0.318547016825598
"HCC","turquoise","KMT5A",0.318310399495938
"HCC","turquoise","LAPTM4B",0.318033658004713
"HCC","turquoise","SH3PXD2B",0.317700169459975
"HCC","turquoise","MFSD6",0.317191732108262
"HCC","turquoise","STK39",0.315751126641605
"HCC","turquoise","RAB2A",0.315663817485018
"HCC","turquoise","STEAP2",0.314613032184433
"HCC","turquoise","S1PR3",0.313458065123718
"HCC","turquoise","PIK3C2B",0.313061097586342
"HCC","turquoise","INPPL1",0.312789220027532
"HCC","turquoise","HNMT",0.312402462241975
"HCC","turquoise","UBIAD1",0.311974460723227
"HCC","turquoise","KIF27",0.311361683896305
"HCC","turquoise","ITM2C",0.310552766159091
"HCC","turquoise","DIAPH2",0.310491169714056
"HCC","turquoise","RCC1",0.30986898064047
"HCC","turquoise","TMEM116",0.309694710313157
"HCC","turquoise","RBM17",0.309612291848525
"HCC","turquoise","GRAMD1A",0.309384813143152
"HCC","turquoise","ANTXR2",0.308803861189033
"HCC","turquoise","SPP1",0.307585742310402
"HCC","turquoise","DAG1",0.307027506931738
"HCC","turquoise","MAGEH1",0.306936983334991
"HCC","turquoise","RAB3IP",0.306577306326534
"HCC","turquoise","GPC3",0.306393055233245
"HCC","turquoise","GLRX3",0.306213555533698
"HCC","turquoise","DDOST",0.305956972038027
"HCC","turquoise","SERPINE2",0.305783776456018
"HCC","turquoise","SOCS7",0.305769900793863
"HCC","turquoise","ZNF227",0.305738004293904
"HCC","turquoise","KIAA1217",0.304119851386482
"HCC","turquoise","RASSF3",0.303557262029715
"HCC","turquoise","PCGF3",0.298706332316235
"HCC","turquoise","H1-0",0.298696947953426
"HCC","turquoise","ZNF574",0.298639430609587
"HCC","turquoise","SUFU",0.298428740787189
"HCC","turquoise","CPNE2",0.296100959695677
"HCC","turquoise","IFT172",0.295597376807204
"HCC","turquoise","PHF19",0.29531458152176
"HCC","turquoise","CCDC180",0.294384965984739
"HCC","turquoise","VWA7",0.294127815805154
"HCC","turquoise","TYW1B",0.292884614920502
"HCC","turquoise","BEX3",0.292756503074171
"HCC","turquoise","SLC6A6",0.289041395835491
"HCC","turquoise","ZNF81",0.286999990491215
"HCC","turquoise","RAB11FIP1",0.28663614775955
"HCC","turquoise","ILF3",0.285848111590634
"HCC","turquoise","ACLY",0.283556369045772
"HCC","turquoise","GON4L",0.283136026082531
"HCC","turquoise","GID8",0.281618407781057
"HCC","turquoise","UPF1",0.279788324929379
"HCC","turquoise","ZNF256",0.278954496980904
"HCC","turquoise","CCDC88C",0.278019746989346
"HCC","turquoise","CENPA",0.276777238349795
"HCC","turquoise","BICRA",0.273500902575726
"HCC","turquoise","KLHL42",0.272466636464863
"HCC","turquoise","CDCA4",0.272333778745281
"HCC","turquoise","RNASEH1",0.271375078844415
"HCC","turquoise","RAD52",0.267865686239992
"HCC","turquoise","LGALSL",0.266883239055467
"HCC","turquoise","SYNM",0.266377816056649
"HCC","turquoise","TFAP4",0.263634155821632
"HCC","turquoise","NADK",0.262615984809504
"HCC","turquoise","HIP1R",0.25868596343007
"HCC","turquoise","CRTC3",0.256926994496185
"HCC","turquoise","SH2B1",0.256727464496124
"HCC","turquoise","AKAP19",0.251838274902726
"HCC","turquoise","TRPC4AP",0.248349158783822
"HCC","turquoise","STRIP2",0.243898798393738
"HCC","turquoise","COPS7B",0.242818911264938
"HCC","turquoise","RPAP1",0.242658567411867
"HCC","turquoise","RAVER2",0.242176732427842
"HCC","turquoise","MTMR3",0.241221191398508
"HCC","turquoise","KIF3C",0.241113237123735
"HCC","turquoise","RPTOR",0.240853308202835
"HCC","turquoise","KLHL18",0.23986559389112
"HCC","turquoise","ELK1",0.235580480151403
"HCC","turquoise","MYO19",0.235404619651157
"HCC","turquoise","HNRNPL",0.235031539175379
"HCC","turquoise","EIF4G1",0.233171240990086
"HCC","turquoise","DPF2",0.232318592286077
"HCC","turquoise","IGFBP3",0.229848622576485
"HCC","turquoise","MIEF1",0.228783080788921
"HCC","turquoise","STK25",0.226144580949569
"HCC","turquoise","KSR1",0.224029369146566
"HCC","turquoise","UGDH",0.222184290840209
"HCC","turquoise","FNIP2",0.218463281754342
"HCC","turquoise","WDR5",0.214133205486427
"HCC","turquoise","ANKRD52",0.213069652504224
"HCC","turquoise","TCEAL9",0.211026431919881
"HCC","turquoise","HILPDA",0.208315375253957
"HCC","turquoise","MUS81",0.208042954433864
"HCC","turquoise","TLCD5",0.206990880215954
"HCC","turquoise","GPX7",0.201797742235798
"HCC","turquoise","LAMB1",0.199709220098906
"HCC","turquoise","ERVK3-1",0.198966419720094
"HCC","turquoise","CNTNAP1",0.193757840971205
"HCC","turquoise","ZNF577",0.190008420981733
"HCC","turquoise","MTCL1",0.187969865225403
"HCC","turquoise","CARD10",0.182543700088254
"HCC","turquoise","PIP4K2A",0.180674377734085
"HCC","turquoise","ODF2",0.178550826580404
"HCC","turquoise","GAB2",0.169601191869736
"HCC","turquoise","NUP62",0.165674225151762
"HCC","turquoise","FAM222A",0.165406969585856
"HCC","turquoise","MPZL1",0.160687613551164
"HCC","turquoise","CASP2",0.158836843955899
"HCC","turquoise","RAD18",0.158077219413085
"HCC","turquoise","FADS1",0.147030529907905
"HCC","turquoise","TRNP1",0.139529013279255
"HCC","turquoise","ZNF142",0.138248818053088
"HCC","turquoise","CIC",0.122945482809756
"HCC","turquoise","TP73",0.105442223566231
"HCC","turquoise","PLXNA3",0.0814787626644473
"HCC","yellow","GIMAP7",0.896572282695384
"HCC","yellow","CD53",0.878615680559679
"HCC","yellow","ETS1",0.866477109393542
"HCC","yellow","GIMAP6",0.849462814037691
"HCC","yellow","ANXA1",0.84000906068624
"HCC","yellow","LRRC8C",0.835421056117475
"HCC","yellow","SRGN",0.834378805053281
"HCC","yellow","FPR3",0.831585146024572
"HCC","yellow","PRKCH",0.828492900144754
"HCC","yellow","PTPRC",0.828371059992146
"HCC","yellow","ELK3",0.827296556124386
"HCC","yellow","RCSD1",0.820880149529328
"HCC","yellow","LBH",0.818326606900741
"HCC","yellow","ADGRA2",0.817921953625818
"HCC","yellow","F2R",0.816403623825768
"HCC","yellow","CSF2RB",0.816111067523963
"HCC","yellow","IFI16",0.815596289651062
"HCC","yellow","IGFBP7",0.813956938004629
"HCC","yellow","FLI1",0.813786586202709
"HCC","yellow","CYYR1",0.809826111139628
"HCC","yellow","DOCK2",0.808417371411329
"HCC","yellow","B2M",0.807473088775984
"HCC","yellow","ACTA2",0.806343762796241
"HCC","yellow","THBD",0.800899263849132
"HCC","yellow","DOCK10",0.799020835618426
"HCC","yellow","COL3A1",0.797208114420819
"HCC","yellow","SLFN11",0.796929868286762
"HCC","yellow","LHFPL6",0.795228969787562
"HCC","yellow","GEM",0.795100291401117
"HCC","yellow","EFNB2",0.794584926828823
"HCC","yellow","SAMD9L",0.793313054697961
"HCC","yellow","PLEK",0.792911016811838
"HCC","yellow","GNG2",0.789488887160265
"HCC","yellow","KCTD12",0.788126759989225
"HCC","yellow","GASK1B",0.77994646506269
"HCC","yellow","CTSS",0.778932308724918
"HCC","yellow","PEAR1",0.775480909852184
"HCC","yellow","STK17B",0.775464616907574
"HCC","yellow","EVI2B",0.774396222336503
"HCC","yellow","LDB2",0.774187915385235
"HCC","yellow","LOXL3",0.773169668498695
"HCC","yellow","FAR1",0.771702032589843
"HCC","yellow","GUCY1B1",0.771254670314997
"HCC","yellow","MYOF",0.768163972146272
"HCC","yellow","CD200",0.767924755867141
"HCC","yellow","KIRREL1",0.762820549048949
"HCC","yellow","CDH5",0.76238969769675
"HCC","yellow","KDR",0.760749955034817
"HCC","yellow","FILIP1L",0.758652567217459
"HCC","yellow","INTS6L",0.757094822039662
"HCC","yellow","SAMD9",0.756306349872678
"HCC","yellow","EMP1",0.75575268774227
"HCC","yellow","LPAR6",0.754820619693727
"HCC","yellow","ITM2A",0.754511812508632
"HCC","yellow","FYN",0.753076965005615
"HCC","yellow","FOS",0.750738179377059
"HCC","yellow","COL4A1",0.748344092321084
"HCC","yellow","GBP1",0.747457211957955
"HCC","yellow","TAGLN",0.746739292556038
"HCC","yellow","IRAK3",0.744744909100542
"HCC","yellow","ADAMTS1",0.741057563379828
"HCC","yellow","PTPRE",0.740767408768929
"HCC","yellow","DSE",0.734283980990257
"HCC","yellow","VEGFC",0.732450381627942
"HCC","yellow","VIM",0.731137346297555
"HCC","yellow","NRROS",0.729866789436636
"HCC","yellow","FGL2",0.728440519078894
"HCC","yellow","TEK",0.728008269835924
"HCC","yellow","CCND2",0.727273628606715
"HCC","yellow","ARHGEF6",0.726284298573752
"HCC","yellow","ALOX5",0.7233274105092
"HCC","yellow","ZEB2",0.720960296383582
"HCC","yellow","GIMAP2",0.720872988171096
"HCC","yellow","STX11",0.717032684724006
"HCC","yellow","CALCRL",0.716760834928171
"HCC","yellow","DOCK8",0.711231310450029
"HCC","yellow","TRIM22",0.70953613397784
"HCC","yellow","FSTL1",0.709408962746315
"HCC","yellow","CTTNBP2NL",0.707279165957828
"HCC","yellow","IL33",0.704359643279776
"HCC","yellow","CELF2",0.703050352156426
"HCC","yellow","PSMB10",0.701362271467311
"HCC","yellow","SLIT3",0.697031440170928
"HCC","yellow","IQGAP1",0.697010256151794
"HCC","yellow","COL12A1",0.696114144731479
"HCC","yellow","PLAT",0.696110596367887
"HCC","yellow","TCIM",0.695658943551831
"HCC","yellow","GUCY1A1",0.695456253801387
"HCC","yellow","TNFAIP2",0.694558537159932
"HCC","yellow","RGS5",0.692591215753914
"HCC","yellow","TM4SF18",0.689961093465749
"HCC","yellow","NIBAN1",0.689265575788008
"HCC","yellow","ASPN",0.688578581654842
"HCC","yellow","TLR4",0.688155234176708
"HCC","yellow","IFI44",0.687996165577545
"HCC","yellow","ICAM2",0.684897575153314
"HCC","yellow","ARMCX2",0.68204303778119
"HCC","yellow","ANTXR1",0.68170488053406
"HCC","yellow","HSPG2",0.68089713615436
"HCC","yellow","TLR2",0.678357343369824
"HCC","yellow","SCARF1",0.677419796022814
"HCC","yellow","SYNPO2",0.674973155780019
"HCC","yellow","SPRY1",0.673970257774053
"HCC","yellow","CCDC146",0.672770154905061
"HCC","yellow","CLEC1A",0.672038900395201
"HCC","yellow","CD163",0.671513363561471
"HCC","yellow","PTGER4",0.671123218521594
"HCC","yellow","RAB31",0.668327068575019
"HCC","yellow","NAMPT",0.667736771046626
"HCC","yellow","ADAM19",0.667564134435753
"HCC","yellow","SCLT1",0.666519706588011
"HCC","yellow","EDNRB",0.665096359125832
"HCC","yellow","CDC42EP3",0.664235031461956
"HCC","yellow","PLEKHG1",0.663353236033189
"HCC","yellow","PRDM1",0.662906951976394
"HCC","yellow","LMO2",0.662764315244258
"HCC","yellow","SLC25A36",0.661614664872122
"HCC","yellow","TBC1D2B",0.661388524540545
"HCC","yellow","EPB41L3",0.660125890655262
"HCC","yellow","GIMAP4",0.66006882267321
"HCC","yellow","WARS1",0.658505199946141
"HCC","yellow","SPARC",0.654844436132623
"HCC","yellow","SMOC2",0.654572424889544
"HCC","yellow","BTN3A1",0.65334878789363
"HCC","yellow","PTPRB",0.652991194589715
"HCC","yellow","SH2D3C",0.650796439321276
"HCC","yellow","LZTS1",0.648356012743211
"HCC","yellow","TNC",0.64636004429998
"HCC","yellow","PODXL",0.64529576072863
"HCC","yellow","RASGEF1B",0.645055418681788
"HCC","yellow","GNG11",0.644750118072295
"HCC","yellow","GNB4",0.643343472481396
"HCC","yellow","DCHS1",0.64059061210096
"HCC","yellow","SLC9A9",0.637997317510855
"HCC","yellow","CYLD",0.634621087591263
"HCC","yellow","ST8SIA4",0.633257393109899
"HCC","yellow","EVL",0.627972709192569
"HCC","yellow","SFMBT2",0.627452315465109
"HCC","yellow","DLL1",0.626606347737056
"HCC","yellow","GPNMB",0.626493877659727
"HCC","yellow","CD274",0.626048249139216
"HCC","yellow","SLFN5",0.625832925270388
"HCC","yellow","CD33",0.625313705864931
"HCC","yellow","COL6A3",0.62377245621653
"HCC","yellow","MYCT1",0.623502145506049
"HCC","yellow","MCAM",0.622713678477117
"HCC","yellow","SERPINB9",0.622012563269412
"HCC","yellow","HSPA2",0.621412608098117
"HCC","yellow","TRIM14",0.621264306279064
"HCC","yellow","ITPRIP",0.621015982832546
"HCC","yellow","OSTF1",0.619840261208452
"HCC","yellow","ICAM1",0.617299069744318
"HCC","yellow","MAFB",0.616885431349847
"HCC","yellow","IFIT2",0.616724421066178
"HCC","yellow","ERG",0.616494366560987
"HCC","yellow","NR4A1",0.614020686148176
"HCC","yellow","IFITM1",0.612882975034334
"HCC","yellow","JDP2",0.612700499791992
"HCC","yellow","SLC37A1",0.610903302182138
"HCC","yellow","FHL1",0.609498838168145
"HCC","yellow","CCL2",0.609091868723903
"HCC","yellow","SPART",0.606901349517542
"HCC","yellow","SYT11",0.605173197200848
"HCC","yellow","BTN2A2",0.604955173031017
"HCC","yellow","RIMKLB",0.604719584594068
"HCC","yellow","CTBP2",0.604474898746172
"HCC","yellow","TP53I11",0.599123177865396
"HCC","yellow","RGCC",0.598130025118749
"HCC","yellow","MAF",0.597526108311079
"HCC","yellow","TLR3",0.596619015865429
"HCC","yellow","TUBB6",0.594685245639987
"HCC","yellow","RIN2",0.594084259112713
"HCC","yellow","ATP8B4",0.593664019170603
"HCC","yellow","ADGRF5",0.592584859329879
"HCC","yellow","PREX1",0.59238777619499
"HCC","yellow","KLF4",0.591993351644564
"HCC","yellow","PXDN",0.591752624033056
"HCC","yellow","MECOM",0.591190647474354
"HCC","yellow","EGR1",0.589141604892075
"HCC","yellow","SELL",0.585004022043973
"HCC","yellow","DPYSL2",0.583091185973848
"HCC","yellow","VCAN",0.582256345649705
"HCC","yellow","CCN1",0.57491493560225
"HCC","yellow","MSN",0.574857514249345
"HCC","yellow","MTHFD2",0.574244294194356
"HCC","yellow","RAP2B",0.57371972328709
"HCC","yellow","BTN3A3",0.57357815835508
"HCC","yellow","CCL18",0.572319596044265
"HCC","yellow","SYNE1",0.57089479410408
"HCC","yellow","ZNFX1",0.570646558488496
"HCC","yellow","EMB",0.57029466231351
"HCC","yellow","C11orf21",0.567685964870225
"HCC","yellow","BCL2",0.567440832416728
"HCC","yellow","TGFB3",0.567211626833731
"HCC","yellow","IRF8",0.566673621827906
"HCC","yellow","MAP3K5",0.565400520921891
"HCC","yellow","SLC8A1",0.564268837618819
"HCC","yellow","OLFML2A",0.56285080830467
"HCC","yellow","OGFRL1",0.562797516003237
"HCC","yellow","CLIC2",0.560775664499883
"HCC","yellow","XAF1",0.559046454447631
"HCC","yellow","HECW2",0.559016673736887
"HCC","yellow","IFIT5",0.558377855440942
"HCC","yellow","CHST2",0.558136986085889
"HCC","yellow","FRZB",0.557486123466119
"HCC","yellow","MS4A14",0.55734567089939
"HCC","yellow","ID3",0.55470987517902
"HCC","yellow","TNFAIP8",0.554620825492203
"HCC","yellow","ADAMTS12",0.553600026500916
"HCC","yellow","RFLNB",0.553212053006127
"HCC","yellow","GPRIN3",0.552912346264116
"HCC","yellow","HCP5",0.551316927557231
"HCC","yellow","SEMA5A",0.549383558027496
"HCC","yellow","RHOJ",0.548420343439062
"HCC","yellow","REC8",0.547778860575029
"HCC","yellow","BBS5",0.545301732895155
"HCC","yellow","KCNE4",0.544994587155859
"HCC","yellow","FLT1",0.544934088037946
"HCC","yellow","LIFR",0.544792521944103
"HCC","yellow","PDGFRB",0.544395944788615
"HCC","yellow","MPC1",0.540143441203028
"HCC","yellow","NOTCH2",0.54013179685826
"HCC","yellow","LDLRAD3",0.535289023643581
"HCC","yellow","SOCS2",0.53212088883143
"HCC","yellow","OAS1",0.531306457379997
"HCC","yellow","RGL1",0.531003952688375
"HCC","yellow","EPHA2",0.52737515715049
"HCC","yellow","ARHGEF17",0.526408037851187
"HCC","yellow","PLGLB2",0.523981752620411
"HCC","yellow","BTG2",0.523371390314976
"HCC","yellow","LGMN",0.517652012742883
"HCC","yellow","HVCN1",0.517437608624127
"HCC","yellow","MACF1",0.515749851267259
"HCC","yellow","ELF4",0.515472962297234
"HCC","yellow","PRSS23",0.513813499506902
"HCC","yellow","SLC2A10",0.510500722594388
"HCC","yellow","VAV3",0.506514149889607
"HCC","yellow","HMOX1",0.505978480434893
"HCC","yellow","TMCC3",0.501595180377877
"HCC","yellow","HES1",0.500331943412654
"HCC","yellow","FCGR2A",0.498800246756962
"HCC","yellow","CD93",0.495426112626452
"HCC","yellow","FUT8",0.491864039871893
"HCC","yellow","KIAA1671",0.490832218670696
"HCC","yellow","RNF144B",0.490796468723153
"HCC","yellow","YBX3",0.489401520149395
"HCC","yellow","ANKRD6",0.488995510555364
"HCC","yellow","EIF4E3",0.487853166113846
"HCC","yellow","PLA2G5",0.487656430525843
"HCC","yellow","CCN2",0.487069139325683
"HCC","yellow","ADGRA3",0.485225312616076
"HCC","yellow","CACNA1C",0.483039687395123
"HCC","yellow","PTPN2",0.48249920693162
"HCC","yellow","ARRDC4",0.478658355484911
"HCC","yellow","THBS1",0.475342280232168
"HCC","yellow","TAP2",0.474993078643658
"HCC","yellow","ATF3",0.474100595296937
"HCC","yellow","GATA2",0.473872539207998
"HCC","yellow","GPR180",0.47194095853718
"HCC","yellow","NOTCH3",0.470293458312835
"HCC","yellow","RARG",0.46921635141735
"HCC","yellow","BEX4",0.469001694125404
"HCC","yellow","ZDHHC21",0.468719621742458
"HCC","yellow","GUCY1A2",0.468159592291038
"HCC","yellow","UNC5B",0.467983827430406
"HCC","yellow","PDGFB",0.467958818216104
"HCC","yellow","TNFRSF11B",0.466657166439238
"HCC","yellow","DLL4",0.465439105529437
"HCC","yellow","CDH13",0.46408272786146
"HCC","yellow","INPP4B",0.462769382098839
"HCC","yellow","PLK3",0.461950146853437
"HCC","yellow","ZC3H12D",0.460755675124783
"HCC","yellow","IFIT3",0.459881527301485
"HCC","yellow","MAN1C1",0.459485231661349
"HCC","yellow","TBRG1",0.457966566575102
"HCC","yellow","DDR2",0.457373854262595
"HCC","yellow","EML1",0.456892512366999
"HCC","yellow","HELZ2",0.456885841648531
"HCC","yellow","UACA",0.456746348967006
"HCC","yellow","EDNRA",0.456500604657378
"HCC","yellow","MYO1E",0.455006638985553
"HCC","yellow","RSAD2",0.454340133498697
"HCC","yellow","CYTH3",0.453886085117987
"HCC","yellow","NOS3",0.452399452168158
"HCC","yellow","NFATC2",0.450046081001203
"HCC","yellow","LYVE1",0.44975304627899
"HCC","yellow","ZDHHC8",0.447797453329702
"HCC","yellow","MX1",0.445952702785014
"HCC","yellow","ARHGEF7",0.444349520346111
"HCC","yellow","IKZF2",0.443475977313159
"HCC","yellow","OAS2",0.44333878108579
"HCC","yellow","PDE4B",0.440793488589691
"HCC","yellow","RNF152",0.437554341421871
"HCC","yellow","RPS6KA2",0.432024970271532
"HCC","yellow","IGFBP5",0.43148123330569
"HCC","yellow","PDLIM3",0.42847612442569
"HCC","yellow","ADAMTS4",0.422334206331434
"HCC","yellow","TSPAN32",0.421401428096421
"HCC","yellow","CCDC9B",0.416934950535731
"HCC","yellow","GLIS3",0.416915445996234
"HCC","yellow","ANO1",0.411680260957473
"HCC","yellow","CHD9",0.409750590997848
"HCC","yellow","DAB2IP",0.406929056190316
"HCC","yellow","NRN1",0.405736694765455
"HCC","yellow","CCDC25",0.394358709652057
"HCC","yellow","EPOR",0.391880259673959
"HCC","yellow","F2RL1",0.391187721854908
"HCC","yellow","FAM120B",0.389048506862078
"HCC","yellow","ANGPTL1",0.388773611831532
"HCC","yellow","FAM111A",0.377768532436523
"HCC","yellow","ZBTB47",0.376938052877261
"HCC","yellow","RAP1A",0.375040306097169
"HCC","yellow","SHE",0.374208333139907
"HCC","yellow","TRIM62",0.372812352767347
"HCC","yellow","PLXDC2",0.372254965853065
"HCC","yellow","SPNS2",0.371891082788126
"HCC","yellow","PDE7B",0.370808243733099
"HCC","yellow","SESN3",0.368375815891391
"HCC","yellow","IGF1R",0.365883013883996
"HCC","yellow","IFI44L",0.365869779878526
"HCC","yellow","KLF7",0.365780220171445
"HCC","yellow","TANC2",0.365643228560855
"HCC","yellow","APOLD1",0.365422476974088
"HCC","yellow","DCLK2",0.362231563524271
"HCC","yellow","MAFK",0.361629752081698
"HCC","yellow","ANK3",0.361603586824162
"HCC","yellow","C1orf52",0.360668000378752
"HCC","yellow","GIN1",0.36027903701728
"HCC","yellow","BIVM",0.358773612549105
"HCC","yellow","TNS2",0.349490105543275
"HCC","yellow","NCF2",0.346806592657594
"HCC","yellow","SEMA6A",0.341351060010952
"HCC","yellow","UBE2L6",0.340808204766077
"HCC","yellow","FAM234B",0.340741144944922
"HCC","yellow","ANGPTL2",0.338660886209499
"HCC","yellow","SOX9",0.335397624822376
"HCC","yellow","HERC6",0.334474861456576
"HCC","yellow","RASL12",0.328484684376185
"HCC","yellow","GOLGA8A",0.323560968374051
"HCC","yellow","KCNJ2",0.317100402279136
"HCC","yellow","RAB4B",0.314270775544115
"HCC","yellow","RABGAP1L",0.3107952614657
"HCC","yellow","CSRNP1",0.307730593564677
"HCC","yellow","TAF1C",0.304430489771895
"HCC","yellow","LOC102723566",0.295597520287037
"HCC","yellow","MICAL2",0.279622662466891
"HCC","yellow","THBS4",0.223110539062237
