"set","module","r","tier","disease","p_fwer","module_agg","p_module"
"KEGG_RIBOSOME","purple",0.929400496070088,"TierA","HF",0.000999000999000999,0.503423596423037,0.000999000999000999
"KEGG_AMINOACYL_TRNA_BIOSYNTHESIS","purple",-0.278695621015752,"TierA","HF",0.031968031968032,0.503423596423037,0.000999000999000999
"REACTOME_TRANSLATION","purple",0.206113668926642,"TierA","HF",0.435564435564436,0.503423596423037,0.000999000999000999
"REACTOME_EUKARYOTIC_TRANSLATION_INITIATION","purple",0.928346593489146,"TierA","HF",0.000999000999000999,0.503423596423037,0.000999000999000999
"REACTOME_EUKARYOTIC_TRANSLATION_ELONGATION","purple",0.920742053460412,"TierA","HF",0.000999000999000999,0.503423596423037,0.000999000999000999
"REACTOME_TRNA_AMINOACYLATION","purple",-0.222144107255083,"TierA","HF",0.263736263736264,0.503423596423037,0.000999000999000999
"REACTOME_CYTOSOLIC_TRNA_AMINOACYLATION","purple",-0.0221296175932991,"TierA","HF",1,0.503423596423037,0.000999000999000999
"REACTOME_RRNA_PROCESSING","purple",0.729044066147078,"TierA","HF",0.000999000999000999,0.503423596423037,0.000999000999000999
"REACTOME_SRP_DEPENDENT_COTRANSLATIONAL_PROTEIN_TARGETING_TO_MEMBRANE","purple",0.946496263286346,"TierA","HF",0.000999000999000999,0.503423596423037,0.000999000999000999
"REACTOME_RIBOSOME_ASSOCIATED_QUALITY_CONTROL","purple",0.820731717852329,"TierA","HF",0.000999000999000999,0.503423596423037,0.000999000999000999
"REACTOME_RIBOSOME_QUALITY_CONTROL_RQC_COMPLEX_EXTRACTS_AND_DEGRADES_NASCENT_PEPTIDE","purple",0.675320033744037,"TierA","HF",0.000999000999000999,0.503423596423037,0.000999000999000999
"REACTOME_MITOCHONDRIAL_TRANSLATION","purple",-0.122937170086867,"TierA","HF",0.995004995004995,0.503423596423037,0.000999000999000999
"REACTOME_MITOCHONDRIAL_TRANSLATION_ELONGATION","purple",-0.0834364986431518,"TierA","HF",1,0.503423596423037,0.000999000999000999
"REACTOME_MITOCHONDRIAL_TRNA_AMINOACYLATION","purple",-0.333570720791518,"TierA","HF",0.003996003996004,0.503423596423037,0.000999000999000999
"REACTOME_RRNA_PROCESSING_IN_THE_MITOCHONDRION","purple",-0.332245317983814,"TierA","HF",0.003996003996004,0.503423596423037,0.000999000999000999
"KEGG_RIBOSOME","lightgreen",0.256476161619421,"TierA","HF",0.0819180819180819,0.327452604361895,0.000999000999000999
"KEGG_AMINOACYL_TRNA_BIOSYNTHESIS","lightgreen",-0.518826033646591,"TierA","HF",0.000999000999000999,0.327452604361895,0.000999000999000999
"REACTOME_TRANSLATION","lightgreen",-0.399570216130819,"TierA","HF",0.000999000999000999,0.327452604361895,0.000999000999000999
"REACTOME_EUKARYOTIC_TRANSLATION_INITIATION","lightgreen",0.208067172951753,"TierA","HF",0.403596403596404,0.327452604361895,0.000999000999000999
"REACTOME_EUKARYOTIC_TRANSLATION_ELONGATION","lightgreen",0.234724529525787,"TierA","HF",0.172827172827173,0.327452604361895,0.000999000999000999
"REACTOME_TRNA_AMINOACYLATION","lightgreen",-0.480049638376799,"TierA","HF",0.000999000999000999,0.327452604361895,0.000999000999000999
"REACTOME_CYTOSOLIC_TRNA_AMINOACYLATION","lightgreen",-0.244543912778045,"TierA","HF",0.122877122877123,0.327452604361895,0.000999000999000999
"REACTOME_RRNA_PROCESSING","lightgreen",0.0224668743891191,"TierA","HF",1,0.327452604361895,0.000999000999000999
"REACTOME_SRP_DEPENDENT_COTRANSLATIONAL_PROTEIN_TARGETING_TO_MEMBRANE","lightgreen",0.268513533331242,"TierA","HF",0.048951048951049,0.327452604361895,0.000999000999000999
"REACTOME_RIBOSOME_ASSOCIATED_QUALITY_CONTROL","lightgreen",0.0107790805043871,"TierA","HF",1,0.327452604361895,0.000999000999000999
"REACTOME_RIBOSOME_QUALITY_CONTROL_RQC_COMPLEX_EXTRACTS_AND_DEGRADES_NASCENT_PEPTIDE","lightgreen",-0.0888361531127116,"TierA","HF",1,0.327452604361895,0.000999000999000999
"REACTOME_MITOCHONDRIAL_TRANSLATION","lightgreen",-0.51098129841635,"TierA","HF",0.000999000999000999,0.327452604361895,0.000999000999000999
"REACTOME_MITOCHONDRIAL_TRANSLATION_ELONGATION","lightgreen",-0.498343412218769,"TierA","HF",0.000999000999000999,0.327452604361895,0.000999000999000999
"REACTOME_MITOCHONDRIAL_TRNA_AMINOACYLATION","lightgreen",-0.588658973898342,"TierA","HF",0.000999000999000999,0.327452604361895,0.000999000999000999
"REACTOME_RRNA_PROCESSING_IN_THE_MITOCHONDRION","lightgreen",-0.58095207452829,"TierA","HF",0.000999000999000999,0.327452604361895,0.000999000999000999
"KEGG_RIBOSOME","tan",0.187697054630273,"TierA","HF",0.645354645354645,0.302045017114012,0.000999000999000999
"KEGG_AMINOACYL_TRNA_BIOSYNTHESIS","tan",-0.468003139293611,"TierA","HF",0.000999000999000999,0.302045017114012,0.000999000999000999
"REACTOME_TRANSLATION","tan",-0.417097662267863,"TierA","HF",0.000999000999000999,0.302045017114012,0.000999000999000999
"REACTOME_EUKARYOTIC_TRANSLATION_INITIATION","tan",0.151011919136033,"TierA","HF",0.936063936063936,0.302045017114012,0.000999000999000999
"REACTOME_EUKARYOTIC_TRANSLATION_ELONGATION","tan",0.166484802290949,"TierA","HF",0.843156843156843,0.302045017114012,0.000999000999000999
"REACTOME_TRNA_AMINOACYLATION","tan",-0.464989310629747,"TierA","HF",0.000999000999000999,0.302045017114012,0.000999000999000999
"REACTOME_CYTOSOLIC_TRNA_AMINOACYLATION","tan",-0.345374028199518,"TierA","HF",0.002997002997003,0.302045017114012,0.000999000999000999
"REACTOME_RRNA_PROCESSING","tan",-0.0229950273715008,"TierA","HF",1,0.302045017114012,0.000999000999000999
"REACTOME_SRP_DEPENDENT_COTRANSLATIONAL_PROTEIN_TARGETING_TO_MEMBRANE","tan",0.154039175088234,"TierA","HF",0.927072927072927,0.302045017114012,0.000999000999000999
"REACTOME_RIBOSOME_ASSOCIATED_QUALITY_CONTROL","tan",-0.0913338934448396,"TierA","HF",1,0.302045017114012,0.000999000999000999
"REACTOME_RIBOSOME_QUALITY_CONTROL_RQC_COMPLEX_EXTRACTS_AND_DEGRADES_NASCENT_PEPTIDE","tan",-0.182410203399597,"TierA","HF",0.7002997002997,0.302045017114012,0.000999000999000999
"REACTOME_MITOCHONDRIAL_TRANSLATION","tan",-0.472335724931552,"TierA","HF",0.000999000999000999,0.302045017114012,0.000999000999000999
"REACTOME_MITOCHONDRIAL_TRANSLATION_ELONGATION","tan",-0.46493804001262,"TierA","HF",0.000999000999000999,0.302045017114012,0.000999000999000999
"REACTOME_MITOCHONDRIAL_TRNA_AMINOACYLATION","tan",-0.481242240521137,"TierA","HF",0.000999000999000999,0.302045017114012,0.000999000999000999
"REACTOME_RRNA_PROCESSING_IN_THE_MITOCHONDRION","tan",-0.46072303549271,"TierA","HF",0.000999000999000999,0.302045017114012,0.000999000999000999
"KEGG_RIBOSOME","green",-0.151947907888125,"TierA","HF",0.932067932067932,0.251381507423734,0.000999000999000999
"KEGG_AMINOACYL_TRNA_BIOSYNTHESIS","green",-0.122381216244795,"TierA","HF",0.995004995004995,0.251381507423734,0.000999000999000999
"REACTOME_TRANSLATION","green",-0.435143161532083,"TierA","HF",0.000999000999000999,0.251381507423734,0.000999000999000999
"REACTOME_EUKARYOTIC_TRANSLATION_INITIATION","green",-0.159143439465751,"TierA","HF",0.901098901098901,0.251381507423734,0.000999000999000999
"REACTOME_EUKARYOTIC_TRANSLATION_ELONGATION","green",-0.188028682397381,"TierA","HF",0.638361638361638,0.251381507423734,0.000999000999000999
"REACTOME_TRNA_AMINOACYLATION","green",-0.208095876613061,"TierA","HF",0.403596403596404,0.251381507423734,0.000999000999000999
"REACTOME_CYTOSOLIC_TRNA_AMINOACYLATION","green",-0.214407337166865,"TierA","HF",0.343656343656344,0.251381507423734,0.000999000999000999
"REACTOME_RRNA_PROCESSING","green",-0.122626069827534,"TierA","HF",0.995004995004995,0.251381507423734,0.000999000999000999
"REACTOME_SRP_DEPENDENT_COTRANSLATIONAL_PROTEIN_TARGETING_TO_MEMBRANE","green",-0.10451803397186,"TierA","HF",0.999000999000999,0.251381507423734,0.000999000999000999
"REACTOME_RIBOSOME_ASSOCIATED_QUALITY_CONTROL","green",-0.307561059851735,"TierA","HF",0.00899100899100899,0.251381507423734,0.000999000999000999
"REACTOME_RIBOSOME_QUALITY_CONTROL_RQC_COMPLEX_EXTRACTS_AND_DEGRADES_NASCENT_PEPTIDE","green",-0.389487334241043,"TierA","HF",0.000999000999000999,0.251381507423734,0.000999000999000999
"REACTOME_MITOCHONDRIAL_TRANSLATION","green",-0.490643607634548,"TierA","HF",0.000999000999000999,0.251381507423734,0.000999000999000999
"REACTOME_MITOCHONDRIAL_TRANSLATION_ELONGATION","green",-0.516047845218977,"TierA","HF",0.000999000999000999,0.251381507423734,0.000999000999000999
"REACTOME_MITOCHONDRIAL_TRNA_AMINOACYLATION","green",-0.15197675409369,"TierA","HF",0.932067932067932,0.251381507423734,0.000999000999000999
"REACTOME_RRNA_PROCESSING_IN_THE_MITOCHONDRION","green",-0.208714285208565,"TierA","HF",0.397602397602398,0.251381507423734,0.000999000999000999
"KEGG_RIBOSOME","black",0.0635350306487213,"TierA","HF",1,0.176083101730294,0.000999000999000999
"KEGG_AMINOACYL_TRNA_BIOSYNTHESIS","black",-0.173555478752805,"TierA","HF",0.786213786213786,0.176083101730294,0.000999000999000999
"REACTOME_TRANSLATION","black",-0.212071093474088,"TierA","HF",0.367632367632368,0.176083101730294,0.000999000999000999
"REACTOME_EUKARYOTIC_TRANSLATION_INITIATION","black",0.0615792181140235,"TierA","HF",1,0.176083101730294,0.000999000999000999
"REACTOME_EUKARYOTIC_TRANSLATION_ELONGATION","black",0.0312777466694663,"TierA","HF",1,0.176083101730294,0.000999000999000999
"REACTOME_TRNA_AMINOACYLATION","black",-0.135073728589011,"TierA","HF",0.979020979020979,0.176083101730294,0.000999000999000999
"REACTOME_CYTOSOLIC_TRNA_AMINOACYLATION","black",0.0816082913691715,"TierA","HF",1,0.176083101730294,0.000999000999000999
"REACTOME_RRNA_PROCESSING","black",0.225600580243106,"TierA","HF",0.243756243756244,0.176083101730294,0.000999000999000999
"REACTOME_SRP_DEPENDENT_COTRANSLATIONAL_PROTEIN_TARGETING_TO_MEMBRANE","black",0.20644581626913,"TierA","HF",0.425574425574426,0.176083101730294,0.000999000999000999
"REACTOME_RIBOSOME_ASSOCIATED_QUALITY_CONTROL","black",0.00714385683565928,"TierA","HF",1,0.176083101730294,0.000999000999000999
"REACTOME_RIBOSOME_QUALITY_CONTROL_RQC_COMPLEX_EXTRACTS_AND_DEGRADES_NASCENT_PEPTIDE","black",-0.0505241367014092,"TierA","HF",1,0.176083101730294,0.000999000999000999
"REACTOME_MITOCHONDRIAL_TRANSLATION","black",-0.386495050855815,"TierA","HF",0.000999000999000999,0.176083101730294,0.000999000999000999
"REACTOME_MITOCHONDRIAL_TRANSLATION_ELONGATION","black",-0.387521935721291,"TierA","HF",0.000999000999000999,0.176083101730294,0.000999000999000999
"REACTOME_MITOCHONDRIAL_TRNA_AMINOACYLATION","black",-0.327593034579637,"TierA","HF",0.004995004995005,0.176083101730294,0.000999000999000999
"REACTOME_RRNA_PROCESSING_IN_THE_MITOCHONDRION","black",-0.291221527131071,"TierA","HF",0.013986013986014,0.176083101730294,0.000999000999000999
"KEGG_RIBOSOME","midnightblue",-0.0503542160136319,"TierA","HF",1,0.120251638828507,0.021978021978022
"KEGG_AMINOACYL_TRNA_BIOSYNTHESIS","midnightblue",0.22510344161376,"TierA","HF",0.244755244755245,0.120251638828507,0.021978021978022
"REACTOME_TRANSLATION","midnightblue",0.0838902365693247,"TierA","HF",1,0.120251638828507,0.021978021978022
"REACTOME_EUKARYOTIC_TRANSLATION_INITIATION","midnightblue",-0.0082951885498921,"TierA","HF",1,0.120251638828507,0.021978021978022
"REACTOME_EUKARYOTIC_TRANSLATION_ELONGATION","midnightblue",-0.0777016478143888,"TierA","HF",1,0.120251638828507,0.021978021978022
"REACTOME_TRNA_AMINOACYLATION","midnightblue",0.181482461958107,"TierA","HF",0.704295704295704,0.120251638828507,0.021978021978022
"REACTOME_CYTOSOLIC_TRNA_AMINOACYLATION","midnightblue",0.269793096219681,"TierA","HF",0.046953046953047,0.120251638828507,0.021978021978022
"REACTOME_RRNA_PROCESSING","midnightblue",0.28144314701204,"TierA","HF",0.026973026973027,0.120251638828507,0.021978021978022
"REACTOME_SRP_DEPENDENT_COTRANSLATIONAL_PROTEIN_TARGETING_TO_MEMBRANE","midnightblue",0.0847574306560364,"TierA","HF",1,0.120251638828507,0.021978021978022
"REACTOME_RIBOSOME_ASSOCIATED_QUALITY_CONTROL","midnightblue",0.109989621872812,"TierA","HF",0.997002997002997,0.120251638828507,0.021978021978022
"REACTOME_RIBOSOME_QUALITY_CONTROL_RQC_COMPLEX_EXTRACTS_AND_DEGRADES_NASCENT_PEPTIDE","midnightblue",0.103292036377853,"TierA","HF",0.999000999000999,0.120251638828507,0.021978021978022
"REACTOME_MITOCHONDRIAL_TRANSLATION","midnightblue",-0.0737278941759655,"TierA","HF",1,0.120251638828507,0.021978021978022
"REACTOME_MITOCHONDRIAL_TRANSLATION_ELONGATION","midnightblue",-0.0917202086916908,"TierA","HF",1,0.120251638828507,0.021978021978022
"REACTOME_MITOCHONDRIAL_TRNA_AMINOACYLATION","midnightblue",0.076496554569962,"TierA","HF",1,0.120251638828507,0.021978021978022
"REACTOME_RRNA_PROCESSING_IN_THE_MITOCHONDRION","midnightblue",0.0857274003324665,"TierA","HF",1,0.120251638828507,0.021978021978022
"KEGG_RIBOSOME","royalblue",0.0475732678131793,"TierA","HF",1,0.250638408478932,0.000999000999000999
"KEGG_AMINOACYL_TRNA_BIOSYNTHESIS","royalblue",-0.347538540907181,"TierA","HF",0.002997002997003,0.250638408478932,0.000999000999000999
"REACTOME_TRANSLATION","royalblue",-0.423636694426,"TierA","HF",0.000999000999000999,0.250638408478932,0.000999000999000999
"REACTOME_EUKARYOTIC_TRANSLATION_INITIATION","royalblue",0.00874131621889119,"TierA","HF",1,0.250638408478932,0.000999000999000999
"REACTOME_EUKARYOTIC_TRANSLATION_ELONGATION","royalblue",0.019328747838184,"TierA","HF",1,0.250638408478932,0.000999000999000999
"REACTOME_TRNA_AMINOACYLATION","royalblue",-0.365884298272771,"TierA","HF",0.000999000999000999,0.250638408478932,0.000999000999000999
"REACTOME_CYTOSOLIC_TRNA_AMINOACYLATION","royalblue",-0.293035202385777,"TierA","HF",0.013986013986014,0.250638408478932,0.000999000999000999
"REACTOME_RRNA_PROCESSING","royalblue",-0.13302290064936,"TierA","HF",0.984015984015984,0.250638408478932,0.000999000999000999
"REACTOME_SRP_DEPENDENT_COTRANSLATIONAL_PROTEIN_TARGETING_TO_MEMBRANE","royalblue",0.0503506776781139,"TierA","HF",1,0.250638408478932,0.000999000999000999
"REACTOME_RIBOSOME_ASSOCIATED_QUALITY_CONTROL","royalblue",-0.166423952949143,"TierA","HF",0.843156843156843,0.250638408478932,0.000999000999000999
"REACTOME_RIBOSOME_QUALITY_CONTROL_RQC_COMPLEX_EXTRACTS_AND_DEGRADES_NASCENT_PEPTIDE","royalblue",-0.264746552635629,"TierA","HF",0.0609390609390609,0.250638408478932,0.000999000999000999
"REACTOME_MITOCHONDRIAL_TRANSLATION","royalblue",-0.476950967841647,"TierA","HF",0.000999000999000999,0.250638408478932,0.000999000999000999
"REACTOME_MITOCHONDRIAL_TRANSLATION_ELONGATION","royalblue",-0.473258984667316,"TierA","HF",0.000999000999000999,0.250638408478932,0.000999000999000999
"REACTOME_MITOCHONDRIAL_TRNA_AMINOACYLATION","royalblue",-0.347479502605125,"TierA","HF",0.002997002997003,0.250638408478932,0.000999000999000999
"REACTOME_RRNA_PROCESSING_IN_THE_MITOCHONDRION","royalblue",-0.341604520295665,"TierA","HF",0.002997002997003,0.250638408478932,0.000999000999000999
"KEGG_RIBOSOME","brown",0.33080167990057,"TierA","HF",0.004995004995005,0.521656192133599,0.000999000999000999
"KEGG_AMINOACYL_TRNA_BIOSYNTHESIS","brown",-0.742440634371254,"TierA","HF",0.000999000999000999,0.521656192133599,0.000999000999000999
"REACTOME_TRANSLATION","brown",-0.730745089116266,"TierA","HF",0.000999000999000999,0.521656192133599,0.000999000999000999
"REACTOME_EUKARYOTIC_TRANSLATION_INITIATION","brown",0.245482998569705,"TierA","HF",0.11988011988012,0.521656192133599,0.000999000999000999
"REACTOME_EUKARYOTIC_TRANSLATION_ELONGATION","brown",0.297581024195443,"TierA","HF",0.00999000999000999,0.521656192133599,0.000999000999000999
"REACTOME_TRNA_AMINOACYLATION","brown",-0.728758700284415,"TierA","HF",0.000999000999000999,0.521656192133599,0.000999000999000999
"REACTOME_CYTOSOLIC_TRNA_AMINOACYLATION","brown",-0.481686024990354,"TierA","HF",0.000999000999000999,0.521656192133599,0.000999000999000999
"REACTOME_RRNA_PROCESSING","brown",-0.15531916649046,"TierA","HF",0.923076923076923,0.521656192133599,0.000999000999000999
"REACTOME_SRP_DEPENDENT_COTRANSLATIONAL_PROTEIN_TARGETING_TO_MEMBRANE","brown",0.330435837049141,"TierA","HF",0.004995004995005,0.521656192133599,0.000999000999000999
"REACTOME_RIBOSOME_ASSOCIATED_QUALITY_CONTROL","brown",-0.125392124034129,"TierA","HF",0.995004995004995,0.521656192133599,0.000999000999000999
"REACTOME_RIBOSOME_QUALITY_CONTROL_RQC_COMPLEX_EXTRACTS_AND_DEGRADES_NASCENT_PEPTIDE","brown",-0.330156614638782,"TierA","HF",0.004995004995005,0.521656192133599,0.000999000999000999
"REACTOME_MITOCHONDRIAL_TRANSLATION","brown",-0.871138604074608,"TierA","HF",0.000999000999000999,0.521656192133599,0.000999000999000999
"REACTOME_MITOCHONDRIAL_TRANSLATION_ELONGATION","brown",-0.857161989278768,"TierA","HF",0.000999000999000999,0.521656192133599,0.000999000999000999
"REACTOME_MITOCHONDRIAL_TRNA_AMINOACYLATION","brown",-0.789006005410416,"TierA","HF",0.000999000999000999,0.521656192133599,0.000999000999000999
"REACTOME_RRNA_PROCESSING_IN_THE_MITOCHONDRION","brown",-0.80873638959967,"TierA","HF",0.000999000999000999,0.521656192133599,0.000999000999000999
"KEGG_RIBOSOME","magenta",0.254102412044521,"TierA","HF",0.0959040959040959,0.367872170399378,0.000999000999000999
"KEGG_AMINOACYL_TRNA_BIOSYNTHESIS","magenta",-0.551729809456923,"TierA","HF",0.000999000999000999,0.367872170399378,0.000999000999000999
"REACTOME_TRANSLATION","magenta",-0.497192312890407,"TierA","HF",0.000999000999000999,0.367872170399378,0.000999000999000999
"REACTOME_EUKARYOTIC_TRANSLATION_INITIATION","magenta",0.205474976235521,"TierA","HF",0.437562437562438,0.367872170399378,0.000999000999000999
"REACTOME_EUKARYOTIC_TRANSLATION_ELONGATION","magenta",0.22642140469478,"TierA","HF",0.236763236763237,0.367872170399378,0.000999000999000999
"REACTOME_TRNA_AMINOACYLATION","magenta",-0.535662347091623,"TierA","HF",0.000999000999000999,0.367872170399378,0.000999000999000999
"REACTOME_CYTOSOLIC_TRNA_AMINOACYLATION","magenta",-0.441343508394468,"TierA","HF",0.000999000999000999,0.367872170399378,0.000999000999000999
"REACTOME_RRNA_PROCESSING","magenta",-0.0915722894739035,"TierA","HF",1,0.367872170399378,0.000999000999000999
"REACTOME_SRP_DEPENDENT_COTRANSLATIONAL_PROTEIN_TARGETING_TO_MEMBRANE","magenta",0.22807541677939,"TierA","HF",0.222777222777223,0.367872170399378,0.000999000999000999
"REACTOME_RIBOSOME_ASSOCIATED_QUALITY_CONTROL","magenta",-0.122128329655341,"TierA","HF",0.995004995004995,0.367872170399378,0.000999000999000999
"REACTOME_RIBOSOME_QUALITY_CONTROL_RQC_COMPLEX_EXTRACTS_AND_DEGRADES_NASCENT_PEPTIDE","magenta",-0.248591064026737,"TierA","HF",0.10989010989011,0.367872170399378,0.000999000999000999
"REACTOME_MITOCHONDRIAL_TRANSLATION","magenta",-0.554523850535937,"TierA","HF",0.000999000999000999,0.367872170399378,0.000999000999000999
"REACTOME_MITOCHONDRIAL_TRANSLATION_ELONGATION","magenta",-0.543391844246883,"TierA","HF",0.000999000999000999,0.367872170399378,0.000999000999000999
"REACTOME_MITOCHONDRIAL_TRNA_AMINOACYLATION","magenta",-0.519727552414594,"TierA","HF",0.000999000999000999,0.367872170399378,0.000999000999000999
"REACTOME_RRNA_PROCESSING_IN_THE_MITOCHONDRION","magenta",-0.498145438049639,"TierA","HF",0.000999000999000999,0.367872170399378,0.000999000999000999
"KEGG_RIBOSOME","darkgreen",-0.0582249460625412,"TierA","HF",1,0.0880901159872435,0.306693306693307
"KEGG_AMINOACYL_TRNA_BIOSYNTHESIS","darkgreen",0.0175333430746016,"TierA","HF",1,0.0880901159872435,0.306693306693307
"REACTOME_TRANSLATION","darkgreen",-0.154478773239521,"TierA","HF",0.925074925074925,0.0880901159872435,0.306693306693307
"REACTOME_EUKARYOTIC_TRANSLATION_INITIATION","darkgreen",-0.072585589122094,"TierA","HF",1,0.0880901159872435,0.306693306693307
"REACTOME_EUKARYOTIC_TRANSLATION_ELONGATION","darkgreen",-0.0596224223658822,"TierA","HF",1,0.0880901159872435,0.306693306693307
"REACTOME_TRNA_AMINOACYLATION","darkgreen",-0.0577662172397667,"TierA","HF",1,0.0880901159872435,0.306693306693307
"REACTOME_CYTOSOLIC_TRNA_AMINOACYLATION","darkgreen",-0.0323068920632084,"TierA","HF",1,0.0880901159872435,0.306693306693307
"REACTOME_RRNA_PROCESSING","darkgreen",-0.139936790450041,"TierA","HF",0.971028971028971,0.0880901159872435,0.306693306693307
"REACTOME_SRP_DEPENDENT_COTRANSLATIONAL_PROTEIN_TARGETING_TO_MEMBRANE","darkgreen",-0.0673891808614452,"TierA","HF",1,0.0880901159872435,0.306693306693307
"REACTOME_RIBOSOME_ASSOCIATED_QUALITY_CONTROL","darkgreen",-0.0638313488883909,"TierA","HF",1,0.0880901159872435,0.306693306693307
"REACTOME_RIBOSOME_QUALITY_CONTROL_RQC_COMPLEX_EXTRACTS_AND_DEGRADES_NASCENT_PEPTIDE","darkgreen",-0.119247454034417,"TierA","HF",0.996003996003996,0.0880901159872435,0.306693306693307
"REACTOME_MITOCHONDRIAL_TRANSLATION","darkgreen",-0.167942857155059,"TierA","HF",0.832167832167832,0.0880901159872435,0.306693306693307
"REACTOME_MITOCHONDRIAL_TRANSLATION_ELONGATION","darkgreen",-0.174528809437736,"TierA","HF",0.77022977022977,0.0880901159872435,0.306693306693307
"REACTOME_MITOCHONDRIAL_TRNA_AMINOACYLATION","darkgreen",-0.0318957750764811,"TierA","HF",1,0.0880901159872435,0.306693306693307
"REACTOME_RRNA_PROCESSING_IN_THE_MITOCHONDRION","darkgreen",-0.104061340737467,"TierA","HF",0.999000999000999,0.0880901159872435,0.306693306693307
"KEGG_RIBOSOME","red",-0.274003514461664,"TierA","HF",0.038961038961039,0.219591934410274,0.000999000999000999
"KEGG_AMINOACYL_TRNA_BIOSYNTHESIS","red",0.318494293657545,"TierA","HF",0.00599400599400599,0.219591934410274,0.000999000999000999
"REACTOME_TRANSLATION","red",0.193968858993202,"TierA","HF",0.573426573426573,0.219591934410274,0.000999000999000999
"REACTOME_EUKARYOTIC_TRANSLATION_INITIATION","red",-0.239417039698683,"TierA","HF",0.146853146853147,0.219591934410274,0.000999000999000999
"REACTOME_EUKARYOTIC_TRANSLATION_ELONGATION","red",-0.25725565861066,"TierA","HF",0.0799200799200799,0.219591934410274,0.000999000999000999
"REACTOME_TRNA_AMINOACYLATION","red",0.264100963905271,"TierA","HF",0.0609390609390609,0.219591934410274,0.000999000999000999
"REACTOME_CYTOSOLIC_TRNA_AMINOACYLATION","red",0.265885362629805,"TierA","HF",0.0549450549450549,0.219591934410274,0.000999000999000999
"REACTOME_RRNA_PROCESSING","red",-0.0807123619278981,"TierA","HF",1,0.219591934410274,0.000999000999000999
"REACTOME_SRP_DEPENDENT_COTRANSLATIONAL_PROTEIN_TARGETING_TO_MEMBRANE","red",-0.276203114799653,"TierA","HF",0.033966033966034,0.219591934410274,0.000999000999000999
"REACTOME_RIBOSOME_ASSOCIATED_QUALITY_CONTROL","red",-0.0373351116245131,"TierA","HF",1,0.219591934410274,0.000999000999000999
"REACTOME_RIBOSOME_QUALITY_CONTROL_RQC_COMPLEX_EXTRACTS_AND_DEGRADES_NASCENT_PEPTIDE","red",0.0416571482984492,"TierA","HF",1,0.219591934410274,0.000999000999000999
"REACTOME_MITOCHONDRIAL_TRANSLATION","red",0.262908082597217,"TierA","HF",0.0639360639360639,0.219591934410274,0.000999000999000999
"REACTOME_MITOCHONDRIAL_TRANSLATION_ELONGATION","red",0.247077485927142,"TierA","HF",0.115884115884116,0.219591934410274,0.000999000999000999
"REACTOME_MITOCHONDRIAL_TRNA_AMINOACYLATION","red",0.233160798174133,"TierA","HF",0.177822177822178,0.219591934410274,0.000999000999000999
"REACTOME_RRNA_PROCESSING_IN_THE_MITOCHONDRION","red",0.301699220848278,"TierA","HF",0.00999000999000999,0.219591934410274,0.000999000999000999
"KEGG_RIBOSOME","salmon",0.0691608469592981,"TierA","HF",1,0.240767928874936,0.000999000999000999
"KEGG_AMINOACYL_TRNA_BIOSYNTHESIS","salmon",-0.301429640142163,"TierA","HF",0.00999000999000999,0.240767928874936,0.000999000999000999
"REACTOME_TRANSLATION","salmon",-0.412199395855671,"TierA","HF",0.000999000999000999,0.240767928874936,0.000999000999000999
"REACTOME_EUKARYOTIC_TRANSLATION_INITIATION","salmon",0.0354226978464114,"TierA","HF",1,0.240767928874936,0.000999000999000999
"REACTOME_EUKARYOTIC_TRANSLATION_ELONGATION","salmon",0.0453509231188271,"TierA","HF",1,0.240767928874936,0.000999000999000999
"REACTOME_TRNA_AMINOACYLATION","salmon",-0.336614513110793,"TierA","HF",0.002997002997003,0.240767928874936,0.000999000999000999
"REACTOME_CYTOSOLIC_TRNA_AMINOACYLATION","salmon",-0.119292785136171,"TierA","HF",0.996003996003996,0.240767928874936,0.000999000999000999
"REACTOME_RRNA_PROCESSING","salmon",-0.0612154565289675,"TierA","HF",1,0.240767928874936,0.000999000999000999
"REACTOME_SRP_DEPENDENT_COTRANSLATIONAL_PROTEIN_TARGETING_TO_MEMBRANE","salmon",0.0896587704907511,"TierA","HF",1,0.240767928874936,0.000999000999000999
"REACTOME_RIBOSOME_ASSOCIATED_QUALITY_CONTROL","salmon",-0.0715486390466293,"TierA","HF",1,0.240767928874936,0.000999000999000999
"REACTOME_RIBOSOME_QUALITY_CONTROL_RQC_COMPLEX_EXTRACTS_AND_DEGRADES_NASCENT_PEPTIDE","salmon",-0.175636192706534,"TierA","HF",0.754245754245754,0.240767928874936,0.000999000999000999
"REACTOME_MITOCHONDRIAL_TRANSLATION","salmon",-0.517221663203461,"TierA","HF",0.000999000999000999,0.240767928874936,0.000999000999000999
"REACTOME_MITOCHONDRIAL_TRANSLATION_ELONGATION","salmon",-0.520964362586822,"TierA","HF",0.000999000999000999,0.240767928874936,0.000999000999000999
"REACTOME_MITOCHONDRIAL_TRNA_AMINOACYLATION","salmon",-0.435279270183481,"TierA","HF",0.000999000999000999,0.240767928874936,0.000999000999000999
"REACTOME_RRNA_PROCESSING_IN_THE_MITOCHONDRION","salmon",-0.420523776208063,"TierA","HF",0.000999000999000999,0.240767928874936,0.000999000999000999
"KEGG_RIBOSOME","blue",-0.393558795264245,"TierA","HF",0.000999000999000999,0.571441155957282,0.000999000999000999
"KEGG_AMINOACYL_TRNA_BIOSYNTHESIS","blue",0.825136213157699,"TierA","HF",0.000999000999000999,0.571441155957282,0.000999000999000999
"REACTOME_TRANSLATION","blue",0.780007730440903,"TierA","HF",0.000999000999000999,0.571441155957282,0.000999000999000999
"REACTOME_EUKARYOTIC_TRANSLATION_INITIATION","blue",-0.294611996834043,"TierA","HF",0.011988011988012,0.571441155957282,0.000999000999000999
"REACTOME_EUKARYOTIC_TRANSLATION_ELONGATION","blue",-0.358337779700211,"TierA","HF",0.000999000999000999,0.571441155957282,0.000999000999000999
"REACTOME_TRNA_AMINOACYLATION","blue",0.806717283120994,"TierA","HF",0.000999000999000999,0.571441155957282,0.000999000999000999
"REACTOME_CYTOSOLIC_TRNA_AMINOACYLATION","blue",0.588971096153287,"TierA","HF",0.000999000999000999,0.571441155957282,0.000999000999000999
"REACTOME_RRNA_PROCESSING","blue",0.179701881987933,"TierA","HF",0.716283716283716,0.571441155957282,0.000999000999000999
"REACTOME_SRP_DEPENDENT_COTRANSLATIONAL_PROTEIN_TARGETING_TO_MEMBRANE","blue",-0.352995955228936,"TierA","HF",0.002997002997003,0.571441155957282,0.000999000999000999
"REACTOME_RIBOSOME_ASSOCIATED_QUALITY_CONTROL","blue",0.118715859404528,"TierA","HF",0.996003996003996,0.571441155957282,0.000999000999000999
"REACTOME_RIBOSOME_QUALITY_CONTROL_RQC_COMPLEX_EXTRACTS_AND_DEGRADES_NASCENT_PEPTIDE","blue",0.332964450126996,"TierA","HF",0.003996003996004,0.571441155957282,0.000999000999000999
"REACTOME_MITOCHONDRIAL_TRANSLATION","blue",0.909739677228581,"TierA","HF",0.000999000999000999,0.571441155957282,0.000999000999000999
"REACTOME_MITOCHONDRIAL_TRANSLATION_ELONGATION","blue",0.892301287754222,"TierA","HF",0.000999000999000999,0.571441155957282,0.000999000999000999
"REACTOME_MITOCHONDRIAL_TRNA_AMINOACYLATION","blue",0.833998161116205,"TierA","HF",0.000999000999000999,0.571441155957282,0.000999000999000999
"REACTOME_RRNA_PROCESSING_IN_THE_MITOCHONDRION","blue",0.903859171840443,"TierA","HF",0.000999000999000999,0.571441155957282,0.000999000999000999
"KEGG_RIBOSOME","lightcyan",-0.338549907936231,"TierA","HF",0.002997002997003,0.401763010164766,0.000999000999000999
"KEGG_AMINOACYL_TRNA_BIOSYNTHESIS","lightcyan",0.523915321503732,"TierA","HF",0.000999000999000999,0.401763010164766,0.000999000999000999
"REACTOME_TRANSLATION","lightcyan",0.496236857952268,"TierA","HF",0.000999000999000999,0.401763010164766,0.000999000999000999
"REACTOME_EUKARYOTIC_TRANSLATION_INITIATION","lightcyan",-0.287794914352102,"TierA","HF",0.016983016983017,0.401763010164766,0.000999000999000999
"REACTOME_EUKARYOTIC_TRANSLATION_ELONGATION","lightcyan",-0.305397169364493,"TierA","HF",0.00899100899100899,0.401763010164766,0.000999000999000999
"REACTOME_TRNA_AMINOACYLATION","lightcyan",0.540762218149789,"TierA","HF",0.000999000999000999,0.401763010164766,0.000999000999000999
"REACTOME_CYTOSOLIC_TRNA_AMINOACYLATION","lightcyan",0.302575489715484,"TierA","HF",0.00999000999000999,0.401763010164766,0.000999000999000999
"REACTOME_RRNA_PROCESSING","lightcyan",-0.0142496763710357,"TierA","HF",1,0.401763010164766,0.000999000999000999
"REACTOME_SRP_DEPENDENT_COTRANSLATIONAL_PROTEIN_TARGETING_TO_MEMBRANE","lightcyan",-0.36354212090161,"TierA","HF",0.000999000999000999,0.401763010164766,0.000999000999000999
"REACTOME_RIBOSOME_ASSOCIATED_QUALITY_CONTROL","lightcyan",-0.0658279354582462,"TierA","HF",1,0.401763010164766,0.000999000999000999
"REACTOME_RIBOSOME_QUALITY_CONTROL_RQC_COMPLEX_EXTRACTS_AND_DEGRADES_NASCENT_PEPTIDE","lightcyan",0.10276190889946,"TierA","HF",0.999000999000999,0.401763010164766,0.000999000999000999
"REACTOME_MITOCHONDRIAL_TRANSLATION","lightcyan",0.694721171289172,"TierA","HF",0.000999000999000999,0.401763010164766,0.000999000999000999
"REACTOME_MITOCHONDRIAL_TRANSLATION_ELONGATION","lightcyan",0.692915530909889,"TierA","HF",0.000999000999000999,0.401763010164766,0.000999000999000999
"REACTOME_MITOCHONDRIAL_TRNA_AMINOACYLATION","lightcyan",0.626324773106522,"TierA","HF",0.000999000999000999,0.401763010164766,0.000999000999000999
"REACTOME_RRNA_PROCESSING_IN_THE_MITOCHONDRION","lightcyan",0.670870156561458,"TierA","HF",0.000999000999000999,0.401763010164766,0.000999000999000999
"KEGG_RIBOSOME","pink",-0.420812946833114,"TierA","HF",0.000999000999000999,0.417222271693775,0.000999000999000999
"KEGG_AMINOACYL_TRNA_BIOSYNTHESIS","pink",0.601292709911067,"TierA","HF",0.000999000999000999,0.417222271693775,0.000999000999000999
"REACTOME_TRANSLATION","pink",0.496114506277887,"TierA","HF",0.000999000999000999,0.417222271693775,0.000999000999000999
"REACTOME_EUKARYOTIC_TRANSLATION_INITIATION","pink",-0.33754076233088,"TierA","HF",0.002997002997003,0.417222271693775,0.000999000999000999
"REACTOME_EUKARYOTIC_TRANSLATION_ELONGATION","pink",-0.418272388193907,"TierA","HF",0.000999000999000999,0.417222271693775,0.000999000999000999
"REACTOME_TRNA_AMINOACYLATION","pink",0.598807640491531,"TierA","HF",0.000999000999000999,0.417222271693775,0.000999000999000999
"REACTOME_CYTOSOLIC_TRNA_AMINOACYLATION","pink",0.487346081249072,"TierA","HF",0.000999000999000999,0.417222271693775,0.000999000999000999
"REACTOME_RRNA_PROCESSING","pink",0.251562117390284,"TierA","HF",0.0999000999000999,0.417222271693775,0.000999000999000999
"REACTOME_SRP_DEPENDENT_COTRANSLATIONAL_PROTEIN_TARGETING_TO_MEMBRANE","pink",-0.280836677493145,"TierA","HF",0.028971028971029,0.417222271693775,0.000999000999000999
"REACTOME_RIBOSOME_ASSOCIATED_QUALITY_CONTROL","pink",0.0115590547571712,"TierA","HF",1,0.417222271693775,0.000999000999000999
"REACTOME_RIBOSOME_QUALITY_CONTROL_RQC_COMPLEX_EXTRACTS_AND_DEGRADES_NASCENT_PEPTIDE","pink",0.181153615091304,"TierA","HF",0.708291708291708,0.417222271693775,0.000999000999000999
"REACTOME_MITOCHONDRIAL_TRANSLATION","pink",0.519521044261727,"TierA","HF",0.000999000999000999,0.417222271693775,0.000999000999000999
"REACTOME_MITOCHONDRIAL_TRANSLATION_ELONGATION","pink",0.492539461373604,"TierA","HF",0.000999000999000999,0.417222271693775,0.000999000999000999
"REACTOME_MITOCHONDRIAL_TRNA_AMINOACYLATION","pink",0.536243667386352,"TierA","HF",0.000999000999000999,0.417222271693775,0.000999000999000999
"REACTOME_RRNA_PROCESSING_IN_THE_MITOCHONDRION","pink",0.624731402365575,"TierA","HF",0.000999000999000999,0.417222271693775,0.000999000999000999
"KEGG_RIBOSOME","turquoise",-0.494093947114907,"TierA","HF",0.000999000999000999,0.394885919806283,0.000999000999000999
"KEGG_AMINOACYL_TRNA_BIOSYNTHESIS","turquoise",0.657435624179187,"TierA","HF",0.000999000999000999,0.394885919806283,0.000999000999000999
"REACTOME_TRANSLATION","turquoise",0.321442252687769,"TierA","HF",0.00599400599400599,0.394885919806283,0.000999000999000999
"REACTOME_EUKARYOTIC_TRANSLATION_INITIATION","turquoise",-0.406075325378932,"TierA","HF",0.000999000999000999,0.394885919806283,0.000999000999000999
"REACTOME_EUKARYOTIC_TRANSLATION_ELONGATION","turquoise",-0.498603549781532,"TierA","HF",0.000999000999000999,0.394885919806283,0.000999000999000999
"REACTOME_TRNA_AMINOACYLATION","turquoise",0.556493746754213,"TierA","HF",0.000999000999000999,0.394885919806283,0.000999000999000999
"REACTOME_CYTOSOLIC_TRNA_AMINOACYLATION","turquoise",0.366130555709812,"TierA","HF",0.000999000999000999,0.394885919806283,0.000999000999000999
"REACTOME_RRNA_PROCESSING","turquoise",0.0592417695802355,"TierA","HF",1,0.394885919806283,0.000999000999000999
"REACTOME_SRP_DEPENDENT_COTRANSLATIONAL_PROTEIN_TARGETING_TO_MEMBRANE","turquoise",-0.415596995470786,"TierA","HF",0.000999000999000999,0.394885919806283,0.000999000999000999
"REACTOME_RIBOSOME_ASSOCIATED_QUALITY_CONTROL","turquoise",-0.151728744394801,"TierA","HF",0.934065934065934,0.394885919806283,0.000999000999000999
"REACTOME_RIBOSOME_QUALITY_CONTROL_RQC_COMPLEX_EXTRACTS_AND_DEGRADES_NASCENT_PEPTIDE","turquoise",-0.0245623520145589,"TierA","HF",1,0.394885919806283,0.000999000999000999
"REACTOME_MITOCHONDRIAL_TRANSLATION","turquoise",0.375481632404467,"TierA","HF",0.000999000999000999,0.394885919806283,0.000999000999000999
"REACTOME_MITOCHONDRIAL_TRANSLATION_ELONGATION","turquoise",0.33804435881853,"TierA","HF",0.002997002997003,0.394885919806283,0.000999000999000999
"REACTOME_MITOCHONDRIAL_TRNA_AMINOACYLATION","turquoise",0.62210153085095,"TierA","HF",0.000999000999000999,0.394885919806283,0.000999000999000999
"REACTOME_RRNA_PROCESSING_IN_THE_MITOCHONDRION","turquoise",0.636256411953565,"TierA","HF",0.000999000999000999,0.394885919806283,0.000999000999000999
"KEGG_RIBOSOME","cyan",-0.121645681513241,"TierA","HF",0.995004995004995,0.391269287824797,0.000999000999000999
"KEGG_AMINOACYL_TRNA_BIOSYNTHESIS","cyan",-0.417469277187085,"TierA","HF",0.000999000999000999,0.391269287824797,0.000999000999000999
"REACTOME_TRANSLATION","cyan",-0.608653402648904,"TierA","HF",0.000999000999000999,0.391269287824797,0.000999000999000999
"REACTOME_EUKARYOTIC_TRANSLATION_INITIATION","cyan",-0.186462882371674,"TierA","HF",0.656343656343656,0.391269287824797,0.000999000999000999
"REACTOME_EUKARYOTIC_TRANSLATION_ELONGATION","cyan",-0.129768421134612,"TierA","HF",0.99000999000999,0.391269287824797,0.000999000999000999
"REACTOME_TRNA_AMINOACYLATION","cyan",-0.446401313799456,"TierA","HF",0.000999000999000999,0.391269287824797,0.000999000999000999
"REACTOME_CYTOSOLIC_TRNA_AMINOACYLATION","cyan",-0.50279772100607,"TierA","HF",0.000999000999000999,0.391269287824797,0.000999000999000999
"REACTOME_RRNA_PROCESSING","cyan",-0.523415080720434,"TierA","HF",0.000999000999000999,0.391269287824797,0.000999000999000999
"REACTOME_SRP_DEPENDENT_COTRANSLATIONAL_PROTEIN_TARGETING_TO_MEMBRANE","cyan",-0.20786449800197,"TierA","HF",0.404595404595405,0.391269287824797,0.000999000999000999
"REACTOME_RIBOSOME_ASSOCIATED_QUALITY_CONTROL","cyan",-0.455805684098041,"TierA","HF",0.000999000999000999,0.391269287824797,0.000999000999000999
"REACTOME_RIBOSOME_QUALITY_CONTROL_RQC_COMPLEX_EXTRACTS_AND_DEGRADES_NASCENT_PEPTIDE","cyan",-0.56562203102234,"TierA","HF",0.000999000999000999,0.391269287824797,0.000999000999000999
"REACTOME_MITOCHONDRIAL_TRANSLATION","cyan",-0.501196169211174,"TierA","HF",0.000999000999000999,0.391269287824797,0.000999000999000999
"REACTOME_MITOCHONDRIAL_TRANSLATION_ELONGATION","cyan",-0.508303136180987,"TierA","HF",0.000999000999000999,0.391269287824797,0.000999000999000999
"REACTOME_MITOCHONDRIAL_TRNA_AMINOACYLATION","cyan",-0.301179584134793,"TierA","HF",0.00999000999000999,0.391269287824797,0.000999000999000999
"REACTOME_RRNA_PROCESSING_IN_THE_MITOCHONDRION","cyan",-0.392454434341173,"TierA","HF",0.000999000999000999,0.391269287824797,0.000999000999000999
"KEGG_RIBOSOME","darkturquoise",-0.376884087245475,"TierA","HF",0.000999000999000999,0.277806577429001,0.000999000999000999
"KEGG_AMINOACYL_TRNA_BIOSYNTHESIS","darkturquoise",0.216594518986115,"TierA","HF",0.320679320679321,0.277806577429001,0.000999000999000999
"REACTOME_TRANSLATION","darkturquoise",0.0907623364924419,"TierA","HF",1,0.277806577429001,0.000999000999000999
"REACTOME_EUKARYOTIC_TRANSLATION_INITIATION","darkturquoise",-0.354106015693769,"TierA","HF",0.002997002997003,0.277806577429001,0.000999000999000999
"REACTOME_EUKARYOTIC_TRANSLATION_ELONGATION","darkturquoise",-0.347151215978352,"TierA","HF",0.002997002997003,0.277806577429001,0.000999000999000999
"REACTOME_TRNA_AMINOACYLATION","darkturquoise",0.197672939105005,"TierA","HF",0.536463536463537,0.277806577429001,0.000999000999000999
"REACTOME_CYTOSOLIC_TRNA_AMINOACYLATION","darkturquoise",-0.0438952785891586,"TierA","HF",1,0.277806577429001,0.000999000999000999
"REACTOME_RRNA_PROCESSING","darkturquoise",-0.318909462172862,"TierA","HF",0.00599400599400599,0.277806577429001,0.000999000999000999
"REACTOME_SRP_DEPENDENT_COTRANSLATIONAL_PROTEIN_TARGETING_TO_MEMBRANE","darkturquoise",-0.430418107404216,"TierA","HF",0.000999000999000999,0.277806577429001,0.000999000999000999
"REACTOME_RIBOSOME_ASSOCIATED_QUALITY_CONTROL","darkturquoise",-0.288206159909464,"TierA","HF",0.015984015984016,0.277806577429001,0.000999000999000999
"REACTOME_RIBOSOME_QUALITY_CONTROL_RQC_COMPLEX_EXTRACTS_AND_DEGRADES_NASCENT_PEPTIDE","darkturquoise",-0.218529482147196,"TierA","HF",0.295704295704296,0.277806577429001,0.000999000999000999
"REACTOME_MITOCHONDRIAL_TRANSLATION","darkturquoise",0.297414728590208,"TierA","HF",0.00999000999000999,0.277806577429001,0.000999000999000999
"REACTOME_MITOCHONDRIAL_TRANSLATION_ELONGATION","darkturquoise",0.2783440921724,"TierA","HF",0.031968031968032,0.277806577429001,0.000999000999000999
"REACTOME_MITOCHONDRIAL_TRNA_AMINOACYLATION","darkturquoise",0.365539713135859,"TierA","HF",0.000999000999000999,0.277806577429001,0.000999000999000999
"REACTOME_RRNA_PROCESSING_IN_THE_MITOCHONDRION","darkturquoise",0.342670523812498,"TierA","HF",0.002997002997003,0.277806577429001,0.000999000999000999
"KEGG_RIBOSOME","grey60",-0.258426000596239,"TierA","HF",0.0789210789210789,0.249565820834024,0.000999000999000999
"KEGG_AMINOACYL_TRNA_BIOSYNTHESIS","grey60",-0.13038736893385,"TierA","HF",0.988011988011988,0.249565820834024,0.000999000999000999
"REACTOME_TRANSLATION","grey60",-0.311730752498959,"TierA","HF",0.00799200799200799,0.249565820834024,0.000999000999000999
"REACTOME_EUKARYOTIC_TRANSLATION_INITIATION","grey60",-0.285017758318103,"TierA","HF",0.01998001998002,0.249565820834024,0.000999000999000999
"REACTOME_EUKARYOTIC_TRANSLATION_ELONGATION","grey60",-0.242241601734774,"TierA","HF",0.135864135864136,0.249565820834024,0.000999000999000999
"REACTOME_TRNA_AMINOACYLATION","grey60",-0.164737999256046,"TierA","HF",0.853146853146853,0.249565820834024,0.000999000999000999
"REACTOME_CYTOSOLIC_TRNA_AMINOACYLATION","grey60",-0.292033756528291,"TierA","HF",0.013986013986014,0.249565820834024,0.000999000999000999
"REACTOME_RRNA_PROCESSING","grey60",-0.505756712029326,"TierA","HF",0.000999000999000999,0.249565820834024,0.000999000999000999
"REACTOME_SRP_DEPENDENT_COTRANSLATIONAL_PROTEIN_TARGETING_TO_MEMBRANE","grey60",-0.373641935812832,"TierA","HF",0.000999000999000999,0.249565820834024,0.000999000999000999
"REACTOME_RIBOSOME_ASSOCIATED_QUALITY_CONTROL","grey60",-0.414540475319642,"TierA","HF",0.000999000999000999,0.249565820834024,0.000999000999000999
"REACTOME_RIBOSOME_QUALITY_CONTROL_RQC_COMPLEX_EXTRACTS_AND_DEGRADES_NASCENT_PEPTIDE","grey60",-0.436263488682895,"TierA","HF",0.000999000999000999,0.249565820834024,0.000999000999000999
"REACTOME_MITOCHONDRIAL_TRANSLATION","grey60",-0.120469340428609,"TierA","HF",0.996003996003996,0.249565820834024,0.000999000999000999
"REACTOME_MITOCHONDRIAL_TRANSLATION_ELONGATION","grey60",-0.128202808677526,"TierA","HF",0.992007992007992,0.249565820834024,0.000999000999000999
"REACTOME_MITOCHONDRIAL_TRNA_AMINOACYLATION","grey60",0.000101242034810651,"TierA","HF",1,0.249565820834024,0.000999000999000999
"REACTOME_RRNA_PROCESSING_IN_THE_MITOCHONDRION","grey60",-0.0799360716584607,"TierA","HF",1,0.249565820834024,0.000999000999000999
"KEGG_RIBOSOME","yellow",-0.287054637932895,"TierA","HF",0.016983016983017,0.299050968921465,0.000999000999000999
"KEGG_AMINOACYL_TRNA_BIOSYNTHESIS","yellow",-0.0660090808729821,"TierA","HF",1,0.299050968921465,0.000999000999000999
"REACTOME_TRANSLATION","yellow",-0.460334397579431,"TierA","HF",0.000999000999000999,0.299050968921465,0.000999000999000999
"REACTOME_EUKARYOTIC_TRANSLATION_INITIATION","yellow",-0.306810945016554,"TierA","HF",0.00899100899100899,0.299050968921465,0.000999000999000999
"REACTOME_EUKARYOTIC_TRANSLATION_ELONGATION","yellow",-0.297151124662741,"TierA","HF",0.010989010989011,0.299050968921465,0.000999000999000999
"REACTOME_TRNA_AMINOACYLATION","yellow",-0.180411006348933,"TierA","HF",0.712287712287712,0.299050968921465,0.000999000999000999
"REACTOME_CYTOSOLIC_TRNA_AMINOACYLATION","yellow",-0.274583295229275,"TierA","HF",0.037962037962038,0.299050968921465,0.000999000999000999
"REACTOME_RRNA_PROCESSING","yellow",-0.435251223970105,"TierA","HF",0.000999000999000999,0.299050968921465,0.000999000999000999
"REACTOME_SRP_DEPENDENT_COTRANSLATIONAL_PROTEIN_TARGETING_TO_MEMBRANE","yellow",-0.386571333693559,"TierA","HF",0.000999000999000999,0.299050968921465,0.000999000999000999
"REACTOME_RIBOSOME_ASSOCIATED_QUALITY_CONTROL","yellow",-0.467282136281418,"TierA","HF",0.000999000999000999,0.299050968921465,0.000999000999000999
"REACTOME_RIBOSOME_QUALITY_CONTROL_RQC_COMPLEX_EXTRACTS_AND_DEGRADES_NASCENT_PEPTIDE","yellow",-0.517371539913212,"TierA","HF",0.000999000999000999,0.299050968921465,0.000999000999000999
"REACTOME_MITOCHONDRIAL_TRANSLATION","yellow",-0.342103731184939,"TierA","HF",0.002997002997003,0.299050968921465,0.000999000999000999
"REACTOME_MITOCHONDRIAL_TRANSLATION_ELONGATION","yellow",-0.35640343950832,"TierA","HF",0.000999000999000999,0.299050968921465,0.000999000999000999
"REACTOME_MITOCHONDRIAL_TRNA_AMINOACYLATION","yellow",-0.0168276408702922,"TierA","HF",1,0.299050968921465,0.000999000999000999
"REACTOME_RRNA_PROCESSING_IN_THE_MITOCHONDRION","yellow",-0.0915990007573262,"TierA","HF",1,0.299050968921465,0.000999000999000999
"KEGG_RIBOSOME","darkred",-0.369169945240627,"TierA","HF",0.000999000999000999,0.213777549849863,0.000999000999000999
"KEGG_AMINOACYL_TRNA_BIOSYNTHESIS","darkred",0.00898994505668097,"TierA","HF",1,0.213777549849863,0.000999000999000999
"REACTOME_TRANSLATION","darkred",-0.220050486874978,"TierA","HF",0.282717282717283,0.213777549849863,0.000999000999000999
"REACTOME_EUKARYOTIC_TRANSLATION_INITIATION","darkred",-0.383567338569663,"TierA","HF",0.000999000999000999,0.213777549849863,0.000999000999000999
"REACTOME_EUKARYOTIC_TRANSLATION_ELONGATION","darkred",-0.355965631676507,"TierA","HF",0.000999000999000999,0.213777549849863,0.000999000999000999
"REACTOME_TRNA_AMINOACYLATION","darkred",-0.028681575500063,"TierA","HF",1,0.213777549849863,0.000999000999000999
"REACTOME_CYTOSOLIC_TRNA_AMINOACYLATION","darkred",-0.0661273358335851,"TierA","HF",1,0.213777549849863,0.000999000999000999
"REACTOME_RRNA_PROCESSING","darkred",-0.410294397604834,"TierA","HF",0.000999000999000999,0.213777549849863,0.000999000999000999
"REACTOME_SRP_DEPENDENT_COTRANSLATIONAL_PROTEIN_TARGETING_TO_MEMBRANE","darkred",-0.460595161952347,"TierA","HF",0.000999000999000999,0.213777549849863,0.000999000999000999
"REACTOME_RIBOSOME_ASSOCIATED_QUALITY_CONTROL","darkred",-0.396592106187176,"TierA","HF",0.000999000999000999,0.213777549849863,0.000999000999000999
"REACTOME_RIBOSOME_QUALITY_CONTROL_RQC_COMPLEX_EXTRACTS_AND_DEGRADES_NASCENT_PEPTIDE","darkred",-0.356654108333943,"TierA","HF",0.000999000999000999,0.213777549849863,0.000999000999000999
"REACTOME_MITOCHONDRIAL_TRANSLATION","darkred",-0.033081114694749,"TierA","HF",1,0.213777549849863,0.000999000999000999
"REACTOME_MITOCHONDRIAL_TRANSLATION_ELONGATION","darkred",-0.036023381665128,"TierA","HF",1,0.213777549849863,0.000999000999000999
"REACTOME_MITOCHONDRIAL_TRNA_AMINOACYLATION","darkred",0.0242483365127735,"TierA","HF",1,0.213777549849863,0.000999000999000999
"REACTOME_RRNA_PROCESSING_IN_THE_MITOCHONDRION","darkred",0.0566223820448979,"TierA","HF",1,0.213777549849863,0.000999000999000999
"KEGG_RIBOSOME","greenyellow",-0.438924996564809,"TierA","HF",0.000999000999000999,0.343865839041305,0.000999000999000999
"KEGG_AMINOACYL_TRNA_BIOSYNTHESIS","greenyellow",0.469846504978566,"TierA","HF",0.000999000999000999,0.343865839041305,0.000999000999000999
"REACTOME_TRANSLATION","greenyellow",0.148633998317282,"TierA","HF",0.941058941058941,0.343865839041305,0.000999000999000999
"REACTOME_EUKARYOTIC_TRANSLATION_INITIATION","greenyellow",-0.395273746515264,"TierA","HF",0.000999000999000999,0.343865839041305,0.000999000999000999
"REACTOME_EUKARYOTIC_TRANSLATION_ELONGATION","greenyellow",-0.422972397437138,"TierA","HF",0.000999000999000999,0.343865839041305,0.000999000999000999
"REACTOME_TRNA_AMINOACYLATION","greenyellow",0.373616121711093,"TierA","HF",0.000999000999000999,0.343865839041305,0.000999000999000999
"REACTOME_CYTOSOLIC_TRNA_AMINOACYLATION","greenyellow",0.22640378270686,"TierA","HF",0.236763236763237,0.343865839041305,0.000999000999000999
"REACTOME_RRNA_PROCESSING","greenyellow",-0.234931763220533,"TierA","HF",0.171828171828172,0.343865839041305,0.000999000999000999
"REACTOME_SRP_DEPENDENT_COTRANSLATIONAL_PROTEIN_TARGETING_TO_MEMBRANE","greenyellow",-0.499130714922193,"TierA","HF",0.000999000999000999,0.343865839041305,0.000999000999000999
"REACTOME_RIBOSOME_ASSOCIATED_QUALITY_CONTROL","greenyellow",-0.240871401922054,"TierA","HF",0.140859140859141,0.343865839041305,0.000999000999000999
"REACTOME_RIBOSOME_QUALITY_CONTROL_RQC_COMPLEX_EXTRACTS_AND_DEGRADES_NASCENT_PEPTIDE","greenyellow",-0.144989284866772,"TierA","HF",0.954045954045954,0.343865839041305,0.000999000999000999
"REACTOME_MITOCHONDRIAL_TRANSLATION","greenyellow",0.311030527953029,"TierA","HF",0.00799200799200799,0.343865839041305,0.000999000999000999
"REACTOME_MITOCHONDRIAL_TRANSLATION_ELONGATION","greenyellow",0.295123192909261,"TierA","HF",0.010989010989011,0.343865839041305,0.000999000999000999
"REACTOME_MITOCHONDRIAL_TRNA_AMINOACYLATION","greenyellow",0.472040592542651,"TierA","HF",0.000999000999000999,0.343865839041305,0.000999000999000999
"REACTOME_RRNA_PROCESSING_IN_THE_MITOCHONDRION","greenyellow",0.484198559052063,"TierA","HF",0.000999000999000999,0.343865839041305,0.000999000999000999
"KEGG_RIBOSOME","lightyellow",-0.411783772003007,"TierA","HF",0.000999000999000999,0.359228794310023,0.000999000999000999
"KEGG_AMINOACYL_TRNA_BIOSYNTHESIS","lightyellow",0.441460008360209,"TierA","HF",0.000999000999000999,0.359228794310023,0.000999000999000999
"REACTOME_TRANSLATION","lightyellow",0.279627703010596,"TierA","HF",0.02997002997003,0.359228794310023,0.000999000999000999
"REACTOME_EUKARYOTIC_TRANSLATION_INITIATION","lightyellow",-0.366702222063013,"TierA","HF",0.000999000999000999,0.359228794310023,0.000999000999000999
"REACTOME_EUKARYOTIC_TRANSLATION_ELONGATION","lightyellow",-0.391317109572247,"TierA","HF",0.000999000999000999,0.359228794310023,0.000999000999000999
"REACTOME_TRNA_AMINOACYLATION","lightyellow",0.415456882147903,"TierA","HF",0.000999000999000999,0.359228794310023,0.000999000999000999
"REACTOME_CYTOSOLIC_TRNA_AMINOACYLATION","lightyellow",0.27548725427468,"TierA","HF",0.035964035964036,0.359228794310023,0.000999000999000999
"REACTOME_RRNA_PROCESSING","lightyellow",-0.162956368005017,"TierA","HF",0.861138861138861,0.359228794310023,0.000999000999000999
"REACTOME_SRP_DEPENDENT_COTRANSLATIONAL_PROTEIN_TARGETING_TO_MEMBRANE","lightyellow",-0.433746922817927,"TierA","HF",0.000999000999000999,0.359228794310023,0.000999000999000999
"REACTOME_RIBOSOME_ASSOCIATED_QUALITY_CONTROL","lightyellow",-0.19957040605953,"TierA","HF",0.513486513486514,0.359228794310023,0.000999000999000999
"REACTOME_RIBOSOME_QUALITY_CONTROL_RQC_COMPLEX_EXTRACTS_AND_DEGRADES_NASCENT_PEPTIDE","lightyellow",-0.059781686200633,"TierA","HF",1,0.359228794310023,0.000999000999000999
"REACTOME_MITOCHONDRIAL_TRANSLATION","lightyellow",0.463277842249202,"TierA","HF",0.000999000999000999,0.359228794310023,0.000999000999000999
"REACTOME_MITOCHONDRIAL_TRANSLATION_ELONGATION","lightyellow",0.459717435626759,"TierA","HF",0.000999000999000999,0.359228794310023,0.000999000999000999
"REACTOME_MITOCHONDRIAL_TRNA_AMINOACYLATION","lightyellow",0.462922797174438,"TierA","HF",0.000999000999000999,0.359228794310023,0.000999000999000999
"REACTOME_RRNA_PROCESSING_IN_THE_MITOCHONDRION","lightyellow",0.564623505085182,"TierA","HF",0.000999000999000999,0.359228794310023,0.000999000999000999
"KEGG_RIBOSOME","purple",0.929400496070087,"TierB","HF",0.000999000999000999,0.42690141915053,0.000999000999000999
"KEGG_AMINOACYL_TRNA_BIOSYNTHESIS","purple",-0.278695621015752,"TierB","HF",0.043956043956044,0.42690141915053,0.000999000999000999
"REACTOME_TRANSLATION","purple",0.206113668926642,"TierB","HF",0.556443556443556,0.42690141915053,0.000999000999000999
"REACTOME_EUKARYOTIC_TRANSLATION_INITIATION","purple",0.928346593489147,"TierB","HF",0.000999000999000999,0.42690141915053,0.000999000999000999
"REACTOME_EUKARYOTIC_TRANSLATION_ELONGATION","purple",0.920742053460412,"TierB","HF",0.000999000999000999,0.42690141915053,0.000999000999000999
"REACTOME_TRNA_AMINOACYLATION","purple",-0.222144107255083,"TierB","HF",0.355644355644356,0.42690141915053,0.000999000999000999
"REACTOME_CYTOSOLIC_TRNA_AMINOACYLATION","purple",-0.0221296175932991,"TierB","HF",1,0.42690141915053,0.000999000999000999
"REACTOME_RRNA_PROCESSING","purple",0.729044066147078,"TierB","HF",0.000999000999000999,0.42690141915053,0.000999000999000999
"REACTOME_SRP_DEPENDENT_COTRANSLATIONAL_PROTEIN_TARGETING_TO_MEMBRANE","purple",0.946496263286346,"TierB","HF",0.000999000999000999,0.42690141915053,0.000999000999000999
"REACTOME_RIBOSOME_ASSOCIATED_QUALITY_CONTROL","purple",0.820731717852329,"TierB","HF",0.000999000999000999,0.42690141915053,0.000999000999000999
"REACTOME_RIBOSOME_QUALITY_CONTROL_RQC_COMPLEX_EXTRACTS_AND_DEGRADES_NASCENT_PEPTIDE","purple",0.675320033744038,"TierB","HF",0.000999000999000999,0.42690141915053,0.000999000999000999
"REACTOME_MITOCHONDRIAL_TRANSLATION","purple",-0.122937170086866,"TierB","HF",0.999000999000999,0.42690141915053,0.000999000999000999
"REACTOME_MITOCHONDRIAL_TRANSLATION_ELONGATION","purple",-0.0834364986431518,"TierB","HF",1,0.42690141915053,0.000999000999000999
"REACTOME_MITOCHONDRIAL_TRNA_AMINOACYLATION","purple",-0.333570720791518,"TierB","HF",0.003996003996004,0.42690141915053,0.000999000999000999
"REACTOME_RRNA_PROCESSING_IN_THE_MITOCHONDRION","purple",-0.332245317983814,"TierB","HF",0.003996003996004,0.42690141915053,0.000999000999000999
"REACTOME_TRNA_PROCESSING","purple",-0.260808888351271,"TierB","HF",0.0959040959040959,0.42690141915053,0.000999000999000999
"REACTOME_TRNA_PROCESSING_IN_THE_NUCLEUS","purple",-0.149367506534672,"TierB","HF",0.98001998001998,0.42690141915053,0.000999000999000999
"REACTOME_TRNA_MODIFICATION_IN_THE_NUCLEUS_AND_CYTOSOL","purple",-0.295414313978591,"TierB","HF",0.014985014985015,0.42690141915053,0.000999000999000999
"REACTOME_RRNA_MODIFICATION_IN_THE_NUCLEUS_AND_CYTOSOL","purple",0.305869144734356,"TierB","HF",0.010989010989011,0.42690141915053,0.000999000999000999
"REACTOME_TRNA_MODIFICATION_IN_THE_MITOCHONDRION","purple",-0.292231786389942,"TierB","HF",0.018981018981019,0.42690141915053,0.000999000999000999
"REACTOME_TRNA_PROCESSING_IN_THE_MITOCHONDRION","purple",-0.109884215826729,"TierB","HF",1,0.42690141915053,0.000999000999000999
"KEGG_RIBOSOME","lightgreen",0.256476161619422,"TierB","HF",0.118881118881119,0.336460755700933,0.000999000999000999
"KEGG_AMINOACYL_TRNA_BIOSYNTHESIS","lightgreen",-0.518826033646591,"TierB","HF",0.000999000999000999,0.336460755700933,0.000999000999000999
"REACTOME_TRANSLATION","lightgreen",-0.399570216130819,"TierB","HF",0.000999000999000999,0.336460755700933,0.000999000999000999
"REACTOME_EUKARYOTIC_TRANSLATION_INITIATION","lightgreen",0.208067172951753,"TierB","HF",0.522477522477522,0.336460755700933,0.000999000999000999
"REACTOME_EUKARYOTIC_TRANSLATION_ELONGATION","lightgreen",0.234724529525787,"TierB","HF",0.247752247752248,0.336460755700933,0.000999000999000999
"REACTOME_TRNA_AMINOACYLATION","lightgreen",-0.480049638376799,"TierB","HF",0.000999000999000999,0.336460755700933,0.000999000999000999
"REACTOME_CYTOSOLIC_TRNA_AMINOACYLATION","lightgreen",-0.244543912778045,"TierB","HF",0.180819180819181,0.336460755700933,0.000999000999000999
"REACTOME_RRNA_PROCESSING","lightgreen",0.0224668743891191,"TierB","HF",1,0.336460755700933,0.000999000999000999
"REACTOME_SRP_DEPENDENT_COTRANSLATIONAL_PROTEIN_TARGETING_TO_MEMBRANE","lightgreen",0.268513533331242,"TierB","HF",0.0719280719280719,0.336460755700933,0.000999000999000999
"REACTOME_RIBOSOME_ASSOCIATED_QUALITY_CONTROL","lightgreen",0.0107790805043872,"TierB","HF",1,0.336460755700933,0.000999000999000999
"REACTOME_RIBOSOME_QUALITY_CONTROL_RQC_COMPLEX_EXTRACTS_AND_DEGRADES_NASCENT_PEPTIDE","lightgreen",-0.0888361531127113,"TierB","HF",1,0.336460755700933,0.000999000999000999
"REACTOME_MITOCHONDRIAL_TRANSLATION","lightgreen",-0.51098129841635,"TierB","HF",0.000999000999000999,0.336460755700933,0.000999000999000999
"REACTOME_MITOCHONDRIAL_TRANSLATION_ELONGATION","lightgreen",-0.498343412218769,"TierB","HF",0.000999000999000999,0.336460755700933,0.000999000999000999
"REACTOME_MITOCHONDRIAL_TRNA_AMINOACYLATION","lightgreen",-0.588658973898342,"TierB","HF",0.000999000999000999,0.336460755700933,0.000999000999000999
"REACTOME_RRNA_PROCESSING_IN_THE_MITOCHONDRION","lightgreen",-0.58095207452829,"TierB","HF",0.000999000999000999,0.336460755700933,0.000999000999000999
"REACTOME_TRNA_PROCESSING","lightgreen",-0.43954153503616,"TierB","HF",0.000999000999000999,0.336460755700933,0.000999000999000999
"REACTOME_TRNA_PROCESSING_IN_THE_NUCLEUS","lightgreen",-0.279465463918874,"TierB","HF",0.042957042957043,0.336460755700933,0.000999000999000999
"REACTOME_TRNA_MODIFICATION_IN_THE_NUCLEUS_AND_CYTOSOL","lightgreen",-0.477519421047244,"TierB","HF",0.000999000999000999,0.336460755700933,0.000999000999000999
"REACTOME_RRNA_MODIFICATION_IN_THE_NUCLEUS_AND_CYTOSOL","lightgreen",0.0268826686109656,"TierB","HF",1,0.336460755700933,0.000999000999000999
"REACTOME_TRNA_MODIFICATION_IN_THE_MITOCHONDRION","lightgreen",-0.456505066570692,"TierB","HF",0.000999000999000999,0.336460755700933,0.000999000999000999
"REACTOME_TRNA_PROCESSING_IN_THE_MITOCHONDRION","lightgreen",-0.473972649107235,"TierB","HF",0.000999000999000999,0.336460755700933,0.000999000999000999
"KEGG_RIBOSOME","tan",0.187697054630273,"TierB","HF",0.759240759240759,0.302886088680603,0.000999000999000999
"KEGG_AMINOACYL_TRNA_BIOSYNTHESIS","tan",-0.468003139293611,"TierB","HF",0.000999000999000999,0.302886088680603,0.000999000999000999
"REACTOME_TRANSLATION","tan",-0.417097662267863,"TierB","HF",0.000999000999000999,0.302886088680603,0.000999000999000999
"REACTOME_EUKARYOTIC_TRANSLATION_INITIATION","tan",0.151011919136032,"TierB","HF",0.977022977022977,0.302886088680603,0.000999000999000999
"REACTOME_EUKARYOTIC_TRANSLATION_ELONGATION","tan",0.16648480229095,"TierB","HF",0.912087912087912,0.302886088680603,0.000999000999000999
"REACTOME_TRNA_AMINOACYLATION","tan",-0.464989310629746,"TierB","HF",0.000999000999000999,0.302886088680603,0.000999000999000999
"REACTOME_CYTOSOLIC_TRNA_AMINOACYLATION","tan",-0.345374028199518,"TierB","HF",0.002997002997003,0.302886088680603,0.000999000999000999
"REACTOME_RRNA_PROCESSING","tan",-0.0229950273715011,"TierB","HF",1,0.302886088680603,0.000999000999000999
"REACTOME_SRP_DEPENDENT_COTRANSLATIONAL_PROTEIN_TARGETING_TO_MEMBRANE","tan",0.154039175088234,"TierB","HF",0.973026973026973,0.302886088680603,0.000999000999000999
"REACTOME_RIBOSOME_ASSOCIATED_QUALITY_CONTROL","tan",-0.0913338934448397,"TierB","HF",1,0.302886088680603,0.000999000999000999
"REACTOME_RIBOSOME_QUALITY_CONTROL_RQC_COMPLEX_EXTRACTS_AND_DEGRADES_NASCENT_PEPTIDE","tan",-0.182410203399596,"TierB","HF",0.806193806193806,0.302886088680603,0.000999000999000999
"REACTOME_MITOCHONDRIAL_TRANSLATION","tan",-0.472335724931552,"TierB","HF",0.000999000999000999,0.302886088680603,0.000999000999000999
"REACTOME_MITOCHONDRIAL_TRANSLATION_ELONGATION","tan",-0.46493804001262,"TierB","HF",0.000999000999000999,0.302886088680603,0.000999000999000999
"REACTOME_MITOCHONDRIAL_TRNA_AMINOACYLATION","tan",-0.481242240521137,"TierB","HF",0.000999000999000999,0.302886088680603,0.000999000999000999
"REACTOME_RRNA_PROCESSING_IN_THE_MITOCHONDRION","tan",-0.46072303549271,"TierB","HF",0.000999000999000999,0.302886088680603,0.000999000999000999
"REACTOME_TRNA_PROCESSING","tan",-0.391183778367069,"TierB","HF",0.000999000999000999,0.302886088680603,0.000999000999000999
"REACTOME_TRNA_PROCESSING_IN_THE_NUCLEUS","tan",-0.315761506162895,"TierB","HF",0.00699300699300699,0.302886088680603,0.000999000999000999
"REACTOME_TRNA_MODIFICATION_IN_THE_NUCLEUS_AND_CYTOSOL","tan",-0.323659600553258,"TierB","HF",0.00699300699300699,0.302886088680603,0.000999000999000999
"REACTOME_RRNA_MODIFICATION_IN_THE_NUCLEUS_AND_CYTOSOL","tan",0.0165487214866755,"TierB","HF",1,0.302886088680603,0.000999000999000999
"REACTOME_TRNA_MODIFICATION_IN_THE_MITOCHONDRION","tan",-0.382076967388436,"TierB","HF",0.000999000999000999,0.302886088680603,0.000999000999000999
"REACTOME_TRNA_PROCESSING_IN_THE_MITOCHONDRION","tan",-0.40070203162414,"TierB","HF",0.000999000999000999,0.302886088680603,0.000999000999000999
"KEGG_RIBOSOME","green",-0.151947907888125,"TierB","HF",0.976023976023976,0.215906074811933,0.000999000999000999
"KEGG_AMINOACYL_TRNA_BIOSYNTHESIS","green",-0.122381216244795,"TierB","HF",0.999000999000999,0.215906074811933,0.000999000999000999
"REACTOME_TRANSLATION","green",-0.435143161532083,"TierB","HF",0.000999000999000999,0.215906074811933,0.000999000999000999
"REACTOME_EUKARYOTIC_TRANSLATION_INITIATION","green",-0.159143439465751,"TierB","HF",0.955044955044955,0.215906074811933,0.000999000999000999
"REACTOME_EUKARYOTIC_TRANSLATION_ELONGATION","green",-0.188028682397381,"TierB","HF",0.756243756243756,0.215906074811933,0.000999000999000999
"REACTOME_TRNA_AMINOACYLATION","green",-0.208095876613061,"TierB","HF",0.522477522477522,0.215906074811933,0.000999000999000999
"REACTOME_CYTOSOLIC_TRNA_AMINOACYLATION","green",-0.214407337166865,"TierB","HF",0.447552447552448,0.215906074811933,0.000999000999000999
"REACTOME_RRNA_PROCESSING","green",-0.122626069827534,"TierB","HF",0.999000999000999,0.215906074811933,0.000999000999000999
"REACTOME_SRP_DEPENDENT_COTRANSLATIONAL_PROTEIN_TARGETING_TO_MEMBRANE","green",-0.104518033971859,"TierB","HF",1,0.215906074811933,0.000999000999000999
"REACTOME_RIBOSOME_ASSOCIATED_QUALITY_CONTROL","green",-0.307561059851735,"TierB","HF",0.010989010989011,0.215906074811933,0.000999000999000999
"REACTOME_RIBOSOME_QUALITY_CONTROL_RQC_COMPLEX_EXTRACTS_AND_DEGRADES_NASCENT_PEPTIDE","green",-0.389487334241042,"TierB","HF",0.000999000999000999,0.215906074811933,0.000999000999000999
"REACTOME_MITOCHONDRIAL_TRANSLATION","green",-0.490643607634548,"TierB","HF",0.000999000999000999,0.215906074811933,0.000999000999000999
"REACTOME_MITOCHONDRIAL_TRANSLATION_ELONGATION","green",-0.516047845218977,"TierB","HF",0.000999000999000999,0.215906074811933,0.000999000999000999
"REACTOME_MITOCHONDRIAL_TRNA_AMINOACYLATION","green",-0.15197675409369,"TierB","HF",0.976023976023976,0.215906074811933,0.000999000999000999
"REACTOME_RRNA_PROCESSING_IN_THE_MITOCHONDRION","green",-0.208714285208565,"TierB","HF",0.516483516483517,0.215906074811933,0.000999000999000999
"REACTOME_TRNA_PROCESSING","green",0.161386829993549,"TierB","HF",0.938061938061938,0.215906074811933,0.000999000999000999
"REACTOME_TRNA_PROCESSING_IN_THE_NUCLEUS","green",0.216361110658972,"TierB","HF",0.420579420579421,0.215906074811933,0.000999000999000999
"REACTOME_TRNA_MODIFICATION_IN_THE_NUCLEUS_AND_CYTOSOL","green",0.14839046138611,"TierB","HF",0.982017982017982,0.215906074811933,0.000999000999000999
"REACTOME_RRNA_MODIFICATION_IN_THE_NUCLEUS_AND_CYTOSOL","green",0.158170402577381,"TierB","HF",0.959040959040959,0.215906074811933,0.000999000999000999
"REACTOME_TRNA_MODIFICATION_IN_THE_MITOCHONDRION","green",0.032971097838135,"TierB","HF",1,0.215906074811933,0.000999000999000999
"REACTOME_TRNA_PROCESSING_IN_THE_MITOCHONDRION","green",-0.0460250572404385,"TierB","HF",1,0.215906074811933,0.000999000999000999
"KEGG_RIBOSOME","black",0.0635350306487211,"TierB","HF",1,0.172005636788983,0.000999000999000999
"KEGG_AMINOACYL_TRNA_BIOSYNTHESIS","black",-0.173555478752805,"TierB","HF",0.874125874125874,0.172005636788983,0.000999000999000999
"REACTOME_TRANSLATION","black",-0.212071093474088,"TierB","HF",0.477522477522478,0.172005636788983,0.000999000999000999
"REACTOME_EUKARYOTIC_TRANSLATION_INITIATION","black",0.0615792181140235,"TierB","HF",1,0.172005636788983,0.000999000999000999
"REACTOME_EUKARYOTIC_TRANSLATION_ELONGATION","black",0.0312777466694665,"TierB","HF",1,0.172005636788983,0.000999000999000999
"REACTOME_TRNA_AMINOACYLATION","black",-0.135073728589011,"TierB","HF",0.992007992007992,0.172005636788983,0.000999000999000999
"REACTOME_CYTOSOLIC_TRNA_AMINOACYLATION","black",0.0816082913691716,"TierB","HF",1,0.172005636788983,0.000999000999000999
"REACTOME_RRNA_PROCESSING","black",0.225600580243106,"TierB","HF",0.330669330669331,0.172005636788983,0.000999000999000999
"REACTOME_SRP_DEPENDENT_COTRANSLATIONAL_PROTEIN_TARGETING_TO_MEMBRANE","black",0.20644581626913,"TierB","HF",0.546453546453546,0.172005636788983,0.000999000999000999
"REACTOME_RIBOSOME_ASSOCIATED_QUALITY_CONTROL","black",0.00714385683565917,"TierB","HF",1,0.172005636788983,0.000999000999000999
"REACTOME_RIBOSOME_QUALITY_CONTROL_RQC_COMPLEX_EXTRACTS_AND_DEGRADES_NASCENT_PEPTIDE","black",-0.0505241367014088,"TierB","HF",1,0.172005636788983,0.000999000999000999
"REACTOME_MITOCHONDRIAL_TRANSLATION","black",-0.386495050855815,"TierB","HF",0.000999000999000999,0.172005636788983,0.000999000999000999
"REACTOME_MITOCHONDRIAL_TRANSLATION_ELONGATION","black",-0.38752193572129,"TierB","HF",0.000999000999000999,0.172005636788983,0.000999000999000999
"REACTOME_MITOCHONDRIAL_TRNA_AMINOACYLATION","black",-0.327593034579637,"TierB","HF",0.00599400599400599,0.172005636788983,0.000999000999000999
"REACTOME_RRNA_PROCESSING_IN_THE_MITOCHONDRION","black",-0.291221527131071,"TierB","HF",0.018981018981019,0.172005636788983,0.000999000999000999
"REACTOME_TRNA_PROCESSING","black",0.0300420328933553,"TierB","HF",1,0.172005636788983,0.000999000999000999
"REACTOME_TRNA_PROCESSING_IN_THE_NUCLEUS","black",0.137399809633168,"TierB","HF",0.991008991008991,0.172005636788983,0.000999000999000999
"REACTOME_TRNA_MODIFICATION_IN_THE_NUCLEUS_AND_CYTOSOL","black",0.0191306827981737,"TierB","HF",1,0.172005636788983,0.000999000999000999
"REACTOME_RRNA_MODIFICATION_IN_THE_NUCLEUS_AND_CYTOSOL","black",0.508562497726983,"TierB","HF",0.000999000999000999,0.172005636788983,0.000999000999000999
"REACTOME_TRNA_MODIFICATION_IN_THE_MITOCHONDRION","black",-0.116335786510399,"TierB","HF",0.999000999000999,0.172005636788983,0.000999000999000999
"REACTOME_TRNA_PROCESSING_IN_THE_MITOCHONDRION","black",-0.159401037052165,"TierB","HF",0.95004995004995,0.172005636788983,0.000999000999000999
"KEGG_RIBOSOME","midnightblue",-0.0503542160136321,"TierB","HF",1,0.189282768763654,0.000999000999000999
"KEGG_AMINOACYL_TRNA_BIOSYNTHESIS","midnightblue",0.22510344161376,"TierB","HF",0.333666333666334,0.189282768763654,0.000999000999000999
"REACTOME_TRANSLATION","midnightblue",0.0838902365693247,"TierB","HF",1,0.189282768763654,0.000999000999000999
"REACTOME_EUKARYOTIC_TRANSLATION_INITIATION","midnightblue",-0.00829518854989215,"TierB","HF",1,0.189282768763654,0.000999000999000999
"REACTOME_EUKARYOTIC_TRANSLATION_ELONGATION","midnightblue",-0.0777016478143887,"TierB","HF",1,0.189282768763654,0.000999000999000999
"REACTOME_TRNA_AMINOACYLATION","midnightblue",0.181482461958107,"TierB","HF",0.81018981018981,0.189282768763654,0.000999000999000999
"REACTOME_CYTOSOLIC_TRNA_AMINOACYLATION","midnightblue",0.269793096219681,"TierB","HF",0.0689310689310689,0.189282768763654,0.000999000999000999
"REACTOME_RRNA_PROCESSING","midnightblue",0.281443147012041,"TierB","HF",0.036963036963037,0.189282768763654,0.000999000999000999
"REACTOME_SRP_DEPENDENT_COTRANSLATIONAL_PROTEIN_TARGETING_TO_MEMBRANE","midnightblue",0.0847574306560364,"TierB","HF",1,0.189282768763654,0.000999000999000999
"REACTOME_RIBOSOME_ASSOCIATED_QUALITY_CONTROL","midnightblue",0.109989621872811,"TierB","HF",1,0.189282768763654,0.000999000999000999
"REACTOME_RIBOSOME_QUALITY_CONTROL_RQC_COMPLEX_EXTRACTS_AND_DEGRADES_NASCENT_PEPTIDE","midnightblue",0.103292036377853,"TierB","HF",1,0.189282768763654,0.000999000999000999
"REACTOME_MITOCHONDRIAL_TRANSLATION","midnightblue",-0.0737278941759655,"TierB","HF",1,0.189282768763654,0.000999000999000999
"REACTOME_MITOCHONDRIAL_TRANSLATION_ELONGATION","midnightblue",-0.0917202086916907,"TierB","HF",1,0.189282768763654,0.000999000999000999
"REACTOME_MITOCHONDRIAL_TRNA_AMINOACYLATION","midnightblue",0.076496554569962,"TierB","HF",1,0.189282768763654,0.000999000999000999
"REACTOME_RRNA_PROCESSING_IN_THE_MITOCHONDRION","midnightblue",0.0857274003324666,"TierB","HF",1,0.189282768763654,0.000999000999000999
"REACTOME_TRNA_PROCESSING","midnightblue",0.394532599696674,"TierB","HF",0.000999000999000999,0.189282768763654,0.000999000999000999
"REACTOME_TRNA_PROCESSING_IN_THE_NUCLEUS","midnightblue",0.435848457171364,"TierB","HF",0.000999000999000999,0.189282768763654,0.000999000999000999
"REACTOME_TRNA_MODIFICATION_IN_THE_NUCLEUS_AND_CYTOSOL","midnightblue",0.357570632982734,"TierB","HF",0.000999000999000999,0.189282768763654,0.000999000999000999
"REACTOME_RRNA_MODIFICATION_IN_THE_NUCLEUS_AND_CYTOSOL","midnightblue",0.554121199848878,"TierB","HF",0.000999000999000999,0.189282768763654,0.000999000999000999
"REACTOME_TRNA_MODIFICATION_IN_THE_MITOCHONDRION","midnightblue",0.202865022582863,"TierB","HF",0.595404595404595,0.189282768763654,0.000999000999000999
"REACTOME_TRNA_PROCESSING_IN_THE_MITOCHONDRION","midnightblue",0.226225649326617,"TierB","HF",0.322677322677323,0.189282768763654,0.000999000999000999
"KEGG_RIBOSOME","royalblue",0.0475732678131791,"TierB","HF",1,0.223779954139253,0.000999000999000999
"KEGG_AMINOACYL_TRNA_BIOSYNTHESIS","royalblue",-0.347538540907181,"TierB","HF",0.002997002997003,0.223779954139253,0.000999000999000999
"REACTOME_TRANSLATION","royalblue",-0.423636694426,"TierB","HF",0.000999000999000999,0.223779954139253,0.000999000999000999
"REACTOME_EUKARYOTIC_TRANSLATION_INITIATION","royalblue",0.00874131621889097,"TierB","HF",1,0.223779954139253,0.000999000999000999
"REACTOME_EUKARYOTIC_TRANSLATION_ELONGATION","royalblue",0.0193287478381839,"TierB","HF",1,0.223779954139253,0.000999000999000999
"REACTOME_TRNA_AMINOACYLATION","royalblue",-0.365884298272771,"TierB","HF",0.000999000999000999,0.223779954139253,0.000999000999000999
"REACTOME_CYTOSOLIC_TRNA_AMINOACYLATION","royalblue",-0.293035202385777,"TierB","HF",0.018981018981019,0.223779954139253,0.000999000999000999
"REACTOME_RRNA_PROCESSING","royalblue",-0.13302290064936,"TierB","HF",0.993006993006993,0.223779954139253,0.000999000999000999
"REACTOME_SRP_DEPENDENT_COTRANSLATIONAL_PROTEIN_TARGETING_TO_MEMBRANE","royalblue",0.0503506776781141,"TierB","HF",1,0.223779954139253,0.000999000999000999
"REACTOME_RIBOSOME_ASSOCIATED_QUALITY_CONTROL","royalblue",-0.166423952949143,"TierB","HF",0.912087912087912,0.223779954139253,0.000999000999000999
"REACTOME_RIBOSOME_QUALITY_CONTROL_RQC_COMPLEX_EXTRACTS_AND_DEGRADES_NASCENT_PEPTIDE","royalblue",-0.264746552635629,"TierB","HF",0.0859140859140859,0.223779954139253,0.000999000999000999
"REACTOME_MITOCHONDRIAL_TRANSLATION","royalblue",-0.476950967841647,"TierB","HF",0.000999000999000999,0.223779954139253,0.000999000999000999
"REACTOME_MITOCHONDRIAL_TRANSLATION_ELONGATION","royalblue",-0.473258984667316,"TierB","HF",0.000999000999000999,0.223779954139253,0.000999000999000999
"REACTOME_MITOCHONDRIAL_TRNA_AMINOACYLATION","royalblue",-0.347479502605125,"TierB","HF",0.002997002997003,0.223779954139253,0.000999000999000999
"REACTOME_RRNA_PROCESSING_IN_THE_MITOCHONDRION","royalblue",-0.341604520295665,"TierB","HF",0.002997002997003,0.223779954139253,0.000999000999000999
"REACTOME_TRNA_PROCESSING","royalblue",-0.1788857276385,"TierB","HF",0.829170829170829,0.223779954139253,0.000999000999000999
"REACTOME_TRNA_PROCESSING_IN_THE_NUCLEUS","royalblue",-0.140644726585203,"TierB","HF",0.989010989010989,0.223779954139253,0.000999000999000999
"REACTOME_TRNA_MODIFICATION_IN_THE_NUCLEUS_AND_CYTOSOL","royalblue",-0.160148099051523,"TierB","HF",0.947052947052947,0.223779954139253,0.000999000999000999
"REACTOME_RRNA_MODIFICATION_IN_THE_NUCLEUS_AND_CYTOSOL","royalblue",-0.0558607006946894,"TierB","HF",1,0.223779954139253,0.000999000999000999
"REACTOME_TRNA_MODIFICATION_IN_THE_MITOCHONDRION","royalblue",-0.195158083135874,"TierB","HF",0.689310689310689,0.223779954139253,0.000999000999000999
"REACTOME_TRNA_PROCESSING_IN_THE_MITOCHONDRION","royalblue",-0.209105572634547,"TierB","HF",0.512487512487512,0.223779954139253,0.000999000999000999
"KEGG_RIBOSOME","brown",0.33080167990057,"TierB","HF",0.00599400599400599,0.517397533335523,0.000999000999000999
"KEGG_AMINOACYL_TRNA_BIOSYNTHESIS","brown",-0.742440634371254,"TierB","HF",0.000999000999000999,0.517397533335523,0.000999000999000999
"REACTOME_TRANSLATION","brown",-0.730745089116266,"TierB","HF",0.000999000999000999,0.517397533335523,0.000999000999000999
"REACTOME_EUKARYOTIC_TRANSLATION_INITIATION","brown",0.245482998569705,"TierB","HF",0.176823176823177,0.517397533335523,0.000999000999000999
"REACTOME_EUKARYOTIC_TRANSLATION_ELONGATION","brown",0.297581024195443,"TierB","HF",0.013986013986014,0.517397533335523,0.000999000999000999
"REACTOME_TRNA_AMINOACYLATION","brown",-0.728758700284415,"TierB","HF",0.000999000999000999,0.517397533335523,0.000999000999000999
"REACTOME_CYTOSOLIC_TRNA_AMINOACYLATION","brown",-0.481686024990354,"TierB","HF",0.000999000999000999,0.517397533335523,0.000999000999000999
"REACTOME_RRNA_PROCESSING","brown",-0.15531916649046,"TierB","HF",0.973026973026973,0.517397533335523,0.000999000999000999
"REACTOME_SRP_DEPENDENT_COTRANSLATIONAL_PROTEIN_TARGETING_TO_MEMBRANE","brown",0.330435837049141,"TierB","HF",0.00599400599400599,0.517397533335523,0.000999000999000999
"REACTOME_RIBOSOME_ASSOCIATED_QUALITY_CONTROL","brown",-0.125392124034128,"TierB","HF",0.999000999000999,0.517397533335523,0.000999000999000999
"REACTOME_RIBOSOME_QUALITY_CONTROL_RQC_COMPLEX_EXTRACTS_AND_DEGRADES_NASCENT_PEPTIDE","brown",-0.330156614638781,"TierB","HF",0.00599400599400599,0.517397533335523,0.000999000999000999
"REACTOME_MITOCHONDRIAL_TRANSLATION","brown",-0.871138604074608,"TierB","HF",0.000999000999000999,0.517397533335523,0.000999000999000999
"REACTOME_MITOCHONDRIAL_TRANSLATION_ELONGATION","brown",-0.857161989278768,"TierB","HF",0.000999000999000999,0.517397533335523,0.000999000999000999
"REACTOME_MITOCHONDRIAL_TRNA_AMINOACYLATION","brown",-0.789006005410416,"TierB","HF",0.000999000999000999,0.517397533335523,0.000999000999000999
"REACTOME_RRNA_PROCESSING_IN_THE_MITOCHONDRION","brown",-0.80873638959967,"TierB","HF",0.000999000999000999,0.517397533335523,0.000999000999000999
"REACTOME_TRNA_PROCESSING","brown",-0.608204605023782,"TierB","HF",0.000999000999000999,0.517397533335523,0.000999000999000999
"REACTOME_TRNA_PROCESSING_IN_THE_NUCLEUS","brown",-0.455347378430656,"TierB","HF",0.000999000999000999,0.517397533335523,0.000999000999000999
"REACTOME_TRNA_MODIFICATION_IN_THE_NUCLEUS_AND_CYTOSOL","brown",-0.54004619865849,"TierB","HF",0.000999000999000999,0.517397533335523,0.000999000999000999
"REACTOME_RRNA_MODIFICATION_IN_THE_NUCLEUS_AND_CYTOSOL","brown",-0.166079328294454,"TierB","HF",0.915084915084915,0.517397533335523,0.000999000999000999
"REACTOME_TRNA_MODIFICATION_IN_THE_MITOCHONDRION","brown",-0.656909475695121,"TierB","HF",0.000999000999000999,0.517397533335523,0.000999000999000999
"REACTOME_TRNA_PROCESSING_IN_THE_MITOCHONDRION","brown",-0.613918331939494,"TierB","HF",0.000999000999000999,0.517397533335523,0.000999000999000999
"KEGG_RIBOSOME","magenta",0.254102412044521,"TierB","HF",0.134865134865135,0.361591743236506,0.000999000999000999
"KEGG_AMINOACYL_TRNA_BIOSYNTHESIS","magenta",-0.551729809456922,"TierB","HF",0.000999000999000999,0.361591743236506,0.000999000999000999
"REACTOME_TRANSLATION","magenta",-0.497192312890407,"TierB","HF",0.000999000999000999,0.361591743236506,0.000999000999000999
"REACTOME_EUKARYOTIC_TRANSLATION_INITIATION","magenta",0.205474976235521,"TierB","HF",0.558441558441558,0.361591743236506,0.000999000999000999
"REACTOME_EUKARYOTIC_TRANSLATION_ELONGATION","magenta",0.22642140469478,"TierB","HF",0.321678321678322,0.361591743236506,0.000999000999000999
"REACTOME_TRNA_AMINOACYLATION","magenta",-0.535662347091623,"TierB","HF",0.000999000999000999,0.361591743236506,0.000999000999000999
"REACTOME_CYTOSOLIC_TRNA_AMINOACYLATION","magenta",-0.441343508394468,"TierB","HF",0.000999000999000999,0.361591743236506,0.000999000999000999
"REACTOME_RRNA_PROCESSING","magenta",-0.0915722894739036,"TierB","HF",1,0.361591743236506,0.000999000999000999
"REACTOME_SRP_DEPENDENT_COTRANSLATIONAL_PROTEIN_TARGETING_TO_MEMBRANE","magenta",0.228075416779391,"TierB","HF",0.308691308691309,0.361591743236506,0.000999000999000999
"REACTOME_RIBOSOME_ASSOCIATED_QUALITY_CONTROL","magenta",-0.122128329655341,"TierB","HF",0.999000999000999,0.361591743236506,0.000999000999000999
"REACTOME_RIBOSOME_QUALITY_CONTROL_RQC_COMPLEX_EXTRACTS_AND_DEGRADES_NASCENT_PEPTIDE","magenta",-0.248591064026737,"TierB","HF",0.155844155844156,0.361591743236506,0.000999000999000999
"REACTOME_MITOCHONDRIAL_TRANSLATION","magenta",-0.554523850535937,"TierB","HF",0.000999000999000999,0.361591743236506,0.000999000999000999
"REACTOME_MITOCHONDRIAL_TRANSLATION_ELONGATION","magenta",-0.543391844246883,"TierB","HF",0.000999000999000999,0.361591743236506,0.000999000999000999
"REACTOME_MITOCHONDRIAL_TRNA_AMINOACYLATION","magenta",-0.519727552414594,"TierB","HF",0.000999000999000999,0.361591743236506,0.000999000999000999
"REACTOME_RRNA_PROCESSING_IN_THE_MITOCHONDRION","magenta",-0.498145438049639,"TierB","HF",0.000999000999000999,0.361591743236506,0.000999000999000999
"REACTOME_TRNA_PROCESSING","magenta",-0.433678319379882,"TierB","HF",0.000999000999000999,0.361591743236506,0.000999000999000999
"REACTOME_TRNA_PROCESSING_IN_THE_NUCLEUS","magenta",-0.348564444295953,"TierB","HF",0.002997002997003,0.361591743236506,0.000999000999000999
"REACTOME_TRNA_MODIFICATION_IN_THE_NUCLEUS_AND_CYTOSOL","magenta",-0.38549886684402,"TierB","HF",0.000999000999000999,0.361591743236506,0.000999000999000999
"REACTOME_RRNA_MODIFICATION_IN_THE_NUCLEUS_AND_CYTOSOL","magenta",-0.145405688756342,"TierB","HF",0.985014985014985,0.361591743236506,0.000999000999000999
"REACTOME_TRNA_MODIFICATION_IN_THE_MITOCHONDRION","magenta",-0.415783963589038,"TierB","HF",0.000999000999000999,0.361591743236506,0.000999000999000999
"REACTOME_TRNA_PROCESSING_IN_THE_MITOCHONDRION","magenta",-0.346412769110727,"TierB","HF",0.002997002997003,0.361591743236506,0.000999000999000999
"KEGG_RIBOSOME","darkgreen",-0.0582249460625412,"TierB","HF",1,0.0830960617283004,0.528471528471528
"KEGG_AMINOACYL_TRNA_BIOSYNTHESIS","darkgreen",0.0175333430746016,"TierB","HF",1,0.0830960617283004,0.528471528471528
"REACTOME_TRANSLATION","darkgreen",-0.154478773239522,"TierB","HF",0.973026973026973,0.0830960617283004,0.528471528471528
"REACTOME_EUKARYOTIC_TRANSLATION_INITIATION","darkgreen",-0.072585589122094,"TierB","HF",1,0.0830960617283004,0.528471528471528
"REACTOME_EUKARYOTIC_TRANSLATION_ELONGATION","darkgreen",-0.0596224223658821,"TierB","HF",1,0.0830960617283004,0.528471528471528
"REACTOME_TRNA_AMINOACYLATION","darkgreen",-0.0577662172397667,"TierB","HF",1,0.0830960617283004,0.528471528471528
"REACTOME_CYTOSOLIC_TRNA_AMINOACYLATION","darkgreen",-0.0323068920632082,"TierB","HF",1,0.0830960617283004,0.528471528471528
"REACTOME_RRNA_PROCESSING","darkgreen",-0.139936790450041,"TierB","HF",0.99000999000999,0.0830960617283004,0.528471528471528
"REACTOME_SRP_DEPENDENT_COTRANSLATIONAL_PROTEIN_TARGETING_TO_MEMBRANE","darkgreen",-0.0673891808614456,"TierB","HF",1,0.0830960617283004,0.528471528471528
"REACTOME_RIBOSOME_ASSOCIATED_QUALITY_CONTROL","darkgreen",-0.0638313488883906,"TierB","HF",1,0.0830960617283004,0.528471528471528
"REACTOME_RIBOSOME_QUALITY_CONTROL_RQC_COMPLEX_EXTRACTS_AND_DEGRADES_NASCENT_PEPTIDE","darkgreen",-0.119247454034416,"TierB","HF",0.999000999000999,0.0830960617283004,0.528471528471528
"REACTOME_MITOCHONDRIAL_TRANSLATION","darkgreen",-0.167942857155059,"TierB","HF",0.905094905094905,0.0830960617283004,0.528471528471528
"REACTOME_MITOCHONDRIAL_TRANSLATION_ELONGATION","darkgreen",-0.174528809437736,"TierB","HF",0.863136863136863,0.0830960617283004,0.528471528471528
"REACTOME_MITOCHONDRIAL_TRNA_AMINOACYLATION","darkgreen",-0.0318957750764811,"TierB","HF",1,0.0830960617283004,0.528471528471528
"REACTOME_RRNA_PROCESSING_IN_THE_MITOCHONDRION","darkgreen",-0.104061340737467,"TierB","HF",1,0.0830960617283004,0.528471528471528
"REACTOME_TRNA_PROCESSING","darkgreen",-4.72675605803919e-05,"TierB","HF",1,0.0830960617283004,0.528471528471528
"REACTOME_TRNA_PROCESSING_IN_THE_NUCLEUS","darkgreen",0.0459436754940906,"TierB","HF",1,0.0830960617283004,0.528471528471528
"REACTOME_TRNA_MODIFICATION_IN_THE_NUCLEUS_AND_CYTOSOL","darkgreen",0.0275869014120251,"TierB","HF",1,0.0830960617283004,0.528471528471528
"REACTOME_RRNA_MODIFICATION_IN_THE_NUCLEUS_AND_CYTOSOL","darkgreen",-0.0875591881070555,"TierB","HF",1,0.0830960617283004,0.528471528471528
"REACTOME_TRNA_MODIFICATION_IN_THE_MITOCHONDRION","darkgreen",-0.160475783176555,"TierB","HF",0.945054945054945,0.0830960617283004,0.528471528471528
"REACTOME_TRNA_PROCESSING_IN_THE_MITOCHONDRION","darkgreen",-0.10205274073535,"TierB","HF",1,0.0830960617283004,0.528471528471528
"KEGG_RIBOSOME","red",-0.274003514461664,"TierB","HF",0.0549450549450549,0.20040992489989,0.000999000999000999
"KEGG_AMINOACYL_TRNA_BIOSYNTHESIS","red",0.318494293657545,"TierB","HF",0.00699300699300699,0.20040992489989,0.000999000999000999
"REACTOME_TRANSLATION","red",0.193968858993202,"TierB","HF",0.696303696303696,0.20040992489989,0.000999000999000999
"REACTOME_EUKARYOTIC_TRANSLATION_INITIATION","red",-0.239417039698683,"TierB","HF",0.212787212787213,0.20040992489989,0.000999000999000999
"REACTOME_EUKARYOTIC_TRANSLATION_ELONGATION","red",-0.25725565861066,"TierB","HF",0.115884115884116,0.20040992489989,0.000999000999000999
"REACTOME_TRNA_AMINOACYLATION","red",0.264100963905271,"TierB","HF",0.0879120879120879,0.20040992489989,0.000999000999000999
"REACTOME_CYTOSOLIC_TRNA_AMINOACYLATION","red",0.265885362629805,"TierB","HF",0.0789210789210789,0.20040992489989,0.000999000999000999
"REACTOME_RRNA_PROCESSING","red",-0.080712361927898,"TierB","HF",1,0.20040992489989,0.000999000999000999
"REACTOME_SRP_DEPENDENT_COTRANSLATIONAL_PROTEIN_TARGETING_TO_MEMBRANE","red",-0.276203114799653,"TierB","HF",0.047952047952048,0.20040992489989,0.000999000999000999
"REACTOME_RIBOSOME_ASSOCIATED_QUALITY_CONTROL","red",-0.0373351116245132,"TierB","HF",1,0.20040992489989,0.000999000999000999
"REACTOME_RIBOSOME_QUALITY_CONTROL_RQC_COMPLEX_EXTRACTS_AND_DEGRADES_NASCENT_PEPTIDE","red",0.0416571482984491,"TierB","HF",1,0.20040992489989,0.000999000999000999
"REACTOME_MITOCHONDRIAL_TRANSLATION","red",0.262908082597217,"TierB","HF",0.0899100899100899,0.20040992489989,0.000999000999000999
"REACTOME_MITOCHONDRIAL_TRANSLATION_ELONGATION","red",0.247077485927142,"TierB","HF",0.165834165834166,0.20040992489989,0.000999000999000999
"REACTOME_MITOCHONDRIAL_TRNA_AMINOACYLATION","red",0.233160798174133,"TierB","HF",0.256743256743257,0.20040992489989,0.000999000999000999
"REACTOME_RRNA_PROCESSING_IN_THE_MITOCHONDRION","red",0.301699220848278,"TierB","HF",0.012987012987013,0.20040992489989,0.000999000999000999
"REACTOME_TRNA_PROCESSING","red",0.199829400111186,"TierB","HF",0.636363636363636,0.20040992489989,0.000999000999000999
"REACTOME_TRNA_PROCESSING_IN_THE_NUCLEUS","red",0.202780350992646,"TierB","HF",0.596403596403596,0.20040992489989,0.000999000999000999
"REACTOME_TRNA_MODIFICATION_IN_THE_NUCLEUS_AND_CYTOSOL","red",0.200709743153138,"TierB","HF",0.624375624375624,0.20040992489989,0.000999000999000999
"REACTOME_RRNA_MODIFICATION_IN_THE_NUCLEUS_AND_CYTOSOL","red",0.0840587134245517,"TierB","HF",1,0.20040992489989,0.000999000999000999
"REACTOME_TRNA_MODIFICATION_IN_THE_MITOCHONDRION","red",0.0879730066450359,"TierB","HF",1,0.20040992489989,0.000999000999000999
"REACTOME_TRNA_PROCESSING_IN_THE_MITOCHONDRION","red",0.139378192417021,"TierB","HF",0.991008991008991,0.20040992489989,0.000999000999000999
"KEGG_RIBOSOME","salmon",0.0691608469592981,"TierB","HF",1,0.242127375253819,0.000999000999000999
"KEGG_AMINOACYL_TRNA_BIOSYNTHESIS","salmon",-0.301429640142163,"TierB","HF",0.012987012987013,0.242127375253819,0.000999000999000999
"REACTOME_TRANSLATION","salmon",-0.412199395855671,"TierB","HF",0.000999000999000999,0.242127375253819,0.000999000999000999
"REACTOME_EUKARYOTIC_TRANSLATION_INITIATION","salmon",0.0354226978464114,"TierB","HF",1,0.242127375253819,0.000999000999000999
"REACTOME_EUKARYOTIC_TRANSLATION_ELONGATION","salmon",0.0453509231188274,"TierB","HF",1,0.242127375253819,0.000999000999000999
"REACTOME_TRNA_AMINOACYLATION","salmon",-0.336614513110793,"TierB","HF",0.002997002997003,0.242127375253819,0.000999000999000999
"REACTOME_CYTOSOLIC_TRNA_AMINOACYLATION","salmon",-0.119292785136171,"TierB","HF",0.999000999000999,0.242127375253819,0.000999000999000999
"REACTOME_RRNA_PROCESSING","salmon",-0.0612154565289675,"TierB","HF",1,0.242127375253819,0.000999000999000999
"REACTOME_SRP_DEPENDENT_COTRANSLATIONAL_PROTEIN_TARGETING_TO_MEMBRANE","salmon",0.089658770490751,"TierB","HF",1,0.242127375253819,0.000999000999000999
"REACTOME_RIBOSOME_ASSOCIATED_QUALITY_CONTROL","salmon",-0.0715486390466294,"TierB","HF",1,0.242127375253819,0.000999000999000999
"REACTOME_RIBOSOME_QUALITY_CONTROL_RQC_COMPLEX_EXTRACTS_AND_DEGRADES_NASCENT_PEPTIDE","salmon",-0.175636192706534,"TierB","HF",0.85014985014985,0.242127375253819,0.000999000999000999
"REACTOME_MITOCHONDRIAL_TRANSLATION","salmon",-0.517221663203461,"TierB","HF",0.000999000999000999,0.242127375253819,0.000999000999000999
"REACTOME_MITOCHONDRIAL_TRANSLATION_ELONGATION","salmon",-0.520964362586822,"TierB","HF",0.000999000999000999,0.242127375253819,0.000999000999000999
"REACTOME_MITOCHONDRIAL_TRNA_AMINOACYLATION","salmon",-0.435279270183481,"TierB","HF",0.000999000999000999,0.242127375253819,0.000999000999000999
"REACTOME_RRNA_PROCESSING_IN_THE_MITOCHONDRION","salmon",-0.420523776208063,"TierB","HF",0.000999000999000999,0.242127375253819,0.000999000999000999
"REACTOME_TRNA_PROCESSING","salmon",-0.234739052131582,"TierB","HF",0.247752247752248,0.242127375253819,0.000999000999000999
"REACTOME_TRNA_PROCESSING_IN_THE_NUCLEUS","salmon",-0.0899811625992592,"TierB","HF",1,0.242127375253819,0.000999000999000999
"REACTOME_TRNA_MODIFICATION_IN_THE_NUCLEUS_AND_CYTOSOL","salmon",-0.159164891878143,"TierB","HF",0.955044955044955,0.242127375253819,0.000999000999000999
"REACTOME_RRNA_MODIFICATION_IN_THE_NUCLEUS_AND_CYTOSOL","salmon",0.142953687552914,"TierB","HF",0.987012987012987,0.242127375253819,0.000999000999000999
"REACTOME_TRNA_MODIFICATION_IN_THE_MITOCHONDRION","salmon",-0.462273213187993,"TierB","HF",0.000999000999000999,0.242127375253819,0.000999000999000999
"REACTOME_TRNA_PROCESSING_IN_THE_MITOCHONDRION","salmon",-0.384043939856257,"TierB","HF",0.000999000999000999,0.242127375253819,0.000999000999000999
"KEGG_RIBOSOME","blue",-0.393558795264245,"TierB","HF",0.000999000999000999,0.581666483841504,0.000999000999000999
"KEGG_AMINOACYL_TRNA_BIOSYNTHESIS","blue",0.825136213157699,"TierB","HF",0.000999000999000999,0.581666483841504,0.000999000999000999
"REACTOME_TRANSLATION","blue",0.780007730440903,"TierB","HF",0.000999000999000999,0.581666483841504,0.000999000999000999
"REACTOME_EUKARYOTIC_TRANSLATION_INITIATION","blue",-0.294611996834043,"TierB","HF",0.015984015984016,0.581666483841504,0.000999000999000999
"REACTOME_EUKARYOTIC_TRANSLATION_ELONGATION","blue",-0.358337779700211,"TierB","HF",0.000999000999000999,0.581666483841504,0.000999000999000999
"REACTOME_TRNA_AMINOACYLATION","blue",0.806717283120994,"TierB","HF",0.000999000999000999,0.581666483841504,0.000999000999000999
"REACTOME_CYTOSOLIC_TRNA_AMINOACYLATION","blue",0.588971096153287,"TierB","HF",0.000999000999000999,0.581666483841504,0.000999000999000999
"REACTOME_RRNA_PROCESSING","blue",0.179701881987933,"TierB","HF",0.822177822177822,0.581666483841504,0.000999000999000999
"REACTOME_SRP_DEPENDENT_COTRANSLATIONAL_PROTEIN_TARGETING_TO_MEMBRANE","blue",-0.352995955228936,"TierB","HF",0.002997002997003,0.581666483841504,0.000999000999000999
"REACTOME_RIBOSOME_ASSOCIATED_QUALITY_CONTROL","blue",0.118715859404529,"TierB","HF",0.999000999000999,0.581666483841504,0.000999000999000999
"REACTOME_RIBOSOME_QUALITY_CONTROL_RQC_COMPLEX_EXTRACTS_AND_DEGRADES_NASCENT_PEPTIDE","blue",0.332964450126995,"TierB","HF",0.003996003996004,0.581666483841504,0.000999000999000999
"REACTOME_MITOCHONDRIAL_TRANSLATION","blue",0.909739677228581,"TierB","HF",0.000999000999000999,0.581666483841504,0.000999000999000999
"REACTOME_MITOCHONDRIAL_TRANSLATION_ELONGATION","blue",0.892301287754222,"TierB","HF",0.000999000999000999,0.581666483841504,0.000999000999000999
"REACTOME_MITOCHONDRIAL_TRNA_AMINOACYLATION","blue",0.833998161116205,"TierB","HF",0.000999000999000999,0.581666483841504,0.000999000999000999
"REACTOME_RRNA_PROCESSING_IN_THE_MITOCHONDRION","blue",0.903859171840443,"TierB","HF",0.000999000999000999,0.581666483841504,0.000999000999000999
"REACTOME_TRNA_PROCESSING","blue",0.716589519964145,"TierB","HF",0.000999000999000999,0.581666483841504,0.000999000999000999
"REACTOME_TRNA_PROCESSING_IN_THE_NUCLEUS","blue",0.586209567930252,"TierB","HF",0.000999000999000999,0.581666483841504,0.000999000999000999
"REACTOME_TRNA_MODIFICATION_IN_THE_NUCLEUS_AND_CYTOSOL","blue",0.577551259248211,"TierB","HF",0.000999000999000999,0.581666483841504,0.000999000999000999
"REACTOME_RRNA_MODIFICATION_IN_THE_NUCLEUS_AND_CYTOSOL","blue",0.244808091962028,"TierB","HF",0.180819180819181,0.581666483841504,0.000999000999000999
"REACTOME_TRNA_MODIFICATION_IN_THE_MITOCHONDRION","blue",0.773142733739301,"TierB","HF",0.000999000999000999,0.581666483841504,0.000999000999000999
"REACTOME_TRNA_PROCESSING_IN_THE_MITOCHONDRION","blue",0.745077648468411,"TierB","HF",0.000999000999000999,0.581666483841504,0.000999000999000999
"KEGG_RIBOSOME","lightcyan",-0.338549907936231,"TierB","HF",0.002997002997003,0.389887751861306,0.000999000999000999
"KEGG_AMINOACYL_TRNA_BIOSYNTHESIS","lightcyan",0.523915321503732,"TierB","HF",0.000999000999000999,0.389887751861306,0.000999000999000999
"REACTOME_TRANSLATION","lightcyan",0.496236857952268,"TierB","HF",0.000999000999000999,0.389887751861306,0.000999000999000999
"REACTOME_EUKARYOTIC_TRANSLATION_INITIATION","lightcyan",-0.287794914352101,"TierB","HF",0.022977022977023,0.389887751861306,0.000999000999000999
"REACTOME_EUKARYOTIC_TRANSLATION_ELONGATION","lightcyan",-0.305397169364493,"TierB","HF",0.010989010989011,0.389887751861306,0.000999000999000999
"REACTOME_TRNA_AMINOACYLATION","lightcyan",0.540762218149789,"TierB","HF",0.000999000999000999,0.389887751861306,0.000999000999000999
"REACTOME_CYTOSOLIC_TRNA_AMINOACYLATION","lightcyan",0.302575489715484,"TierB","HF",0.012987012987013,0.389887751861306,0.000999000999000999
"REACTOME_RRNA_PROCESSING","lightcyan",-0.0142496763710357,"TierB","HF",1,0.389887751861306,0.000999000999000999
"REACTOME_SRP_DEPENDENT_COTRANSLATIONAL_PROTEIN_TARGETING_TO_MEMBRANE","lightcyan",-0.36354212090161,"TierB","HF",0.000999000999000999,0.389887751861306,0.000999000999000999
"REACTOME_RIBOSOME_ASSOCIATED_QUALITY_CONTROL","lightcyan",-0.065827935458246,"TierB","HF",1,0.389887751861306,0.000999000999000999
"REACTOME_RIBOSOME_QUALITY_CONTROL_RQC_COMPLEX_EXTRACTS_AND_DEGRADES_NASCENT_PEPTIDE","lightcyan",0.102761908899459,"TierB","HF",1,0.389887751861306,0.000999000999000999
"REACTOME_MITOCHONDRIAL_TRANSLATION","lightcyan",0.694721171289172,"TierB","HF",0.000999000999000999,0.389887751861306,0.000999000999000999
"REACTOME_MITOCHONDRIAL_TRANSLATION_ELONGATION","lightcyan",0.692915530909889,"TierB","HF",0.000999000999000999,0.389887751861306,0.000999000999000999
"REACTOME_MITOCHONDRIAL_TRNA_AMINOACYLATION","lightcyan",0.626324773106522,"TierB","HF",0.000999000999000999,0.389887751861306,0.000999000999000999
"REACTOME_RRNA_PROCESSING_IN_THE_MITOCHONDRION","lightcyan",0.670870156561458,"TierB","HF",0.000999000999000999,0.389887751861306,0.000999000999000999
"REACTOME_TRNA_PROCESSING","lightcyan",0.418925482412291,"TierB","HF",0.000999000999000999,0.389887751861306,0.000999000999000999
"REACTOME_TRNA_PROCESSING_IN_THE_NUCLEUS","lightcyan",0.333194528988367,"TierB","HF",0.003996003996004,0.389887751861306,0.000999000999000999
"REACTOME_TRNA_MODIFICATION_IN_THE_NUCLEUS_AND_CYTOSOL","lightcyan",0.28927513402903,"TierB","HF",0.021978021978022,0.389887751861306,0.000999000999000999
"REACTOME_RRNA_MODIFICATION_IN_THE_NUCLEUS_AND_CYTOSOL","lightcyan",-0.083281854650401,"TierB","HF",1,0.389887751861306,0.000999000999000999
"REACTOME_TRNA_MODIFICATION_IN_THE_MITOCHONDRION","lightcyan",0.548648933489496,"TierB","HF",0.000999000999000999,0.389887751861306,0.000999000999000999
"REACTOME_TRNA_PROCESSING_IN_THE_MITOCHONDRION","lightcyan",0.487871703046361,"TierB","HF",0.000999000999000999,0.389887751861306,0.000999000999000999
"KEGG_RIBOSOME","pink",-0.420812946833114,"TierB","HF",0.000999000999000999,0.482442957404475,0.000999000999000999
"KEGG_AMINOACYL_TRNA_BIOSYNTHESIS","pink",0.601292709911067,"TierB","HF",0.000999000999000999,0.482442957404475,0.000999000999000999
"REACTOME_TRANSLATION","pink",0.496114506277887,"TierB","HF",0.000999000999000999,0.482442957404475,0.000999000999000999
"REACTOME_EUKARYOTIC_TRANSLATION_INITIATION","pink",-0.33754076233088,"TierB","HF",0.002997002997003,0.482442957404475,0.000999000999000999
"REACTOME_EUKARYOTIC_TRANSLATION_ELONGATION","pink",-0.418272388193908,"TierB","HF",0.000999000999000999,0.482442957404475,0.000999000999000999
"REACTOME_TRNA_AMINOACYLATION","pink",0.598807640491531,"TierB","HF",0.000999000999000999,0.482442957404475,0.000999000999000999
"REACTOME_CYTOSOLIC_TRNA_AMINOACYLATION","pink",0.487346081249072,"TierB","HF",0.000999000999000999,0.482442957404475,0.000999000999000999
"REACTOME_RRNA_PROCESSING","pink",0.251562117390284,"TierB","HF",0.143856143856144,0.482442957404475,0.000999000999000999
"REACTOME_SRP_DEPENDENT_COTRANSLATIONAL_PROTEIN_TARGETING_TO_MEMBRANE","pink",-0.280836677493145,"TierB","HF",0.03996003996004,0.482442957404475,0.000999000999000999
"REACTOME_RIBOSOME_ASSOCIATED_QUALITY_CONTROL","pink",0.0115590547571709,"TierB","HF",1,0.482442957404475,0.000999000999000999
"REACTOME_RIBOSOME_QUALITY_CONTROL_RQC_COMPLEX_EXTRACTS_AND_DEGRADES_NASCENT_PEPTIDE","pink",0.181153615091304,"TierB","HF",0.814185814185814,0.482442957404475,0.000999000999000999
"REACTOME_MITOCHONDRIAL_TRANSLATION","pink",0.519521044261727,"TierB","HF",0.000999000999000999,0.482442957404475,0.000999000999000999
"REACTOME_MITOCHONDRIAL_TRANSLATION_ELONGATION","pink",0.492539461373604,"TierB","HF",0.000999000999000999,0.482442957404475,0.000999000999000999
"REACTOME_MITOCHONDRIAL_TRNA_AMINOACYLATION","pink",0.536243667386352,"TierB","HF",0.000999000999000999,0.482442957404475,0.000999000999000999
"REACTOME_RRNA_PROCESSING_IN_THE_MITOCHONDRION","pink",0.624731402365575,"TierB","HF",0.000999000999000999,0.482442957404475,0.000999000999000999
"REACTOME_TRNA_PROCESSING","pink",0.744611133981698,"TierB","HF",0.000999000999000999,0.482442957404475,0.000999000999000999
"REACTOME_TRNA_PROCESSING_IN_THE_NUCLEUS","pink",0.661891267804791,"TierB","HF",0.000999000999000999,0.482442957404475,0.000999000999000999
"REACTOME_TRNA_MODIFICATION_IN_THE_NUCLEUS_AND_CYTOSOL","pink",0.636599249378207,"TierB","HF",0.000999000999000999,0.482442957404475,0.000999000999000999
"REACTOME_RRNA_MODIFICATION_IN_THE_NUCLEUS_AND_CYTOSOL","pink",0.587553962182968,"TierB","HF",0.000999000999000999,0.482442957404475,0.000999000999000999
"REACTOME_TRNA_MODIFICATION_IN_THE_MITOCHONDRION","pink",0.687395105509799,"TierB","HF",0.000999000999000999,0.482442957404475,0.000999000999000999
"REACTOME_TRNA_PROCESSING_IN_THE_MITOCHONDRION","pink",0.554917311229896,"TierB","HF",0.000999000999000999,0.482442957404475,0.000999000999000999
"KEGG_RIBOSOME","turquoise",-0.494093947114907,"TierB","HF",0.000999000999000999,0.46639263404987,0.000999000999000999
"KEGG_AMINOACYL_TRNA_BIOSYNTHESIS","turquoise",0.657435624179187,"TierB","HF",0.000999000999000999,0.46639263404987,0.000999000999000999
"REACTOME_TRANSLATION","turquoise",0.321442252687769,"TierB","HF",0.00699300699300699,0.46639263404987,0.000999000999000999
"REACTOME_EUKARYOTIC_TRANSLATION_INITIATION","turquoise",-0.406075325378932,"TierB","HF",0.000999000999000999,0.46639263404987,0.000999000999000999
"REACTOME_EUKARYOTIC_TRANSLATION_ELONGATION","turquoise",-0.498603549781532,"TierB","HF",0.000999000999000999,0.46639263404987,0.000999000999000999
"REACTOME_TRNA_AMINOACYLATION","turquoise",0.556493746754213,"TierB","HF",0.000999000999000999,0.46639263404987,0.000999000999000999
"REACTOME_CYTOSOLIC_TRNA_AMINOACYLATION","turquoise",0.366130555709812,"TierB","HF",0.000999000999000999,0.46639263404987,0.000999000999000999
"REACTOME_RRNA_PROCESSING","turquoise",0.0592417695802356,"TierB","HF",1,0.46639263404987,0.000999000999000999
"REACTOME_SRP_DEPENDENT_COTRANSLATIONAL_PROTEIN_TARGETING_TO_MEMBRANE","turquoise",-0.415596995470786,"TierB","HF",0.000999000999000999,0.46639263404987,0.000999000999000999
"REACTOME_RIBOSOME_ASSOCIATED_QUALITY_CONTROL","turquoise",-0.151728744394801,"TierB","HF",0.976023976023976,0.46639263404987,0.000999000999000999
"REACTOME_RIBOSOME_QUALITY_CONTROL_RQC_COMPLEX_EXTRACTS_AND_DEGRADES_NASCENT_PEPTIDE","turquoise",-0.0245623520145593,"TierB","HF",1,0.46639263404987,0.000999000999000999
"REACTOME_MITOCHONDRIAL_TRANSLATION","turquoise",0.375481632404467,"TierB","HF",0.000999000999000999,0.46639263404987,0.000999000999000999
"REACTOME_MITOCHONDRIAL_TRANSLATION_ELONGATION","turquoise",0.33804435881853,"TierB","HF",0.002997002997003,0.46639263404987,0.000999000999000999
"REACTOME_MITOCHONDRIAL_TRNA_AMINOACYLATION","turquoise",0.62210153085095,"TierB","HF",0.000999000999000999,0.46639263404987,0.000999000999000999
"REACTOME_RRNA_PROCESSING_IN_THE_MITOCHONDRION","turquoise",0.636256411953565,"TierB","HF",0.000999000999000999,0.46639263404987,0.000999000999000999
"REACTOME_TRNA_PROCESSING","turquoise",0.784433512167623,"TierB","HF",0.000999000999000999,0.46639263404987,0.000999000999000999
"REACTOME_TRNA_PROCESSING_IN_THE_NUCLEUS","turquoise",0.703437239940639,"TierB","HF",0.000999000999000999,0.46639263404987,0.000999000999000999
"REACTOME_TRNA_MODIFICATION_IN_THE_NUCLEUS_AND_CYTOSOL","turquoise",0.676385013783792,"TierB","HF",0.000999000999000999,0.46639263404987,0.000999000999000999
"REACTOME_RRNA_MODIFICATION_IN_THE_NUCLEUS_AND_CYTOSOL","turquoise",0.377887447736926,"TierB","HF",0.000999000999000999,0.46639263404987,0.000999000999000999
"REACTOME_TRNA_MODIFICATION_IN_THE_MITOCHONDRION","turquoise",0.707046194624603,"TierB","HF",0.000999000999000999,0.46639263404987,0.000999000999000999
"REACTOME_TRNA_PROCESSING_IN_THE_MITOCHONDRION","turquoise",0.621767109699434,"TierB","HF",0.000999000999000999,0.46639263404987,0.000999000999000999
"KEGG_RIBOSOME","cyan",-0.121645681513241,"TierB","HF",0.999000999000999,0.379842553380778,0.000999000999000999
"KEGG_AMINOACYL_TRNA_BIOSYNTHESIS","cyan",-0.417469277187085,"TierB","HF",0.000999000999000999,0.379842553380778,0.000999000999000999
"REACTOME_TRANSLATION","cyan",-0.608653402648903,"TierB","HF",0.000999000999000999,0.379842553380778,0.000999000999000999
"REACTOME_EUKARYOTIC_TRANSLATION_INITIATION","cyan",-0.186462882371674,"TierB","HF",0.769230769230769,0.379842553380778,0.000999000999000999
"REACTOME_EUKARYOTIC_TRANSLATION_ELONGATION","cyan",-0.129768421134612,"TierB","HF",0.997002997002997,0.379842553380778,0.000999000999000999
"REACTOME_TRNA_AMINOACYLATION","cyan",-0.446401313799456,"TierB","HF",0.000999000999000999,0.379842553380778,0.000999000999000999
"REACTOME_CYTOSOLIC_TRNA_AMINOACYLATION","cyan",-0.50279772100607,"TierB","HF",0.000999000999000999,0.379842553380778,0.000999000999000999
"REACTOME_RRNA_PROCESSING","cyan",-0.523415080720434,"TierB","HF",0.000999000999000999,0.379842553380778,0.000999000999000999
"REACTOME_SRP_DEPENDENT_COTRANSLATIONAL_PROTEIN_TARGETING_TO_MEMBRANE","cyan",-0.20786449800197,"TierB","HF",0.524475524475524,0.379842553380778,0.000999000999000999
"REACTOME_RIBOSOME_ASSOCIATED_QUALITY_CONTROL","cyan",-0.455805684098041,"TierB","HF",0.000999000999000999,0.379842553380778,0.000999000999000999
"REACTOME_RIBOSOME_QUALITY_CONTROL_RQC_COMPLEX_EXTRACTS_AND_DEGRADES_NASCENT_PEPTIDE","cyan",-0.565622031022341,"TierB","HF",0.000999000999000999,0.379842553380778,0.000999000999000999
"REACTOME_MITOCHONDRIAL_TRANSLATION","cyan",-0.501196169211174,"TierB","HF",0.000999000999000999,0.379842553380778,0.000999000999000999
"REACTOME_MITOCHONDRIAL_TRANSLATION_ELONGATION","cyan",-0.508303136180987,"TierB","HF",0.000999000999000999,0.379842553380778,0.000999000999000999
"REACTOME_MITOCHONDRIAL_TRNA_AMINOACYLATION","cyan",-0.301179584134793,"TierB","HF",0.012987012987013,0.379842553380778,0.000999000999000999
"REACTOME_RRNA_PROCESSING_IN_THE_MITOCHONDRION","cyan",-0.392454434341173,"TierB","HF",0.000999000999000999,0.379842553380778,0.000999000999000999
"REACTOME_TRNA_PROCESSING","cyan",-0.334936671653454,"TierB","HF",0.002997002997003,0.379842553380778,0.000999000999000999
"REACTOME_TRNA_PROCESSING_IN_THE_NUCLEUS","cyan",-0.27053639396843,"TierB","HF",0.0659340659340659,0.379842553380778,0.000999000999000999
"REACTOME_TRNA_MODIFICATION_IN_THE_NUCLEUS_AND_CYTOSOL","cyan",-0.324608062373217,"TierB","HF",0.00599400599400599,0.379842553380778,0.000999000999000999
"REACTOME_RRNA_MODIFICATION_IN_THE_NUCLEUS_AND_CYTOSOL","cyan",-0.504724950027316,"TierB","HF",0.000999000999000999,0.379842553380778,0.000999000999000999
"REACTOME_TRNA_MODIFICATION_IN_THE_MITOCHONDRION","cyan",-0.321446141294604,"TierB","HF",0.00699300699300699,0.379842553380778,0.000999000999000999
"REACTOME_TRNA_PROCESSING_IN_THE_MITOCHONDRION","cyan",-0.351402084307359,"TierB","HF",0.002997002997003,0.379842553380778,0.000999000999000999
"KEGG_RIBOSOME","darkturquoise",-0.376884087245475,"TierB","HF",0.000999000999000999,0.261050303830408,0.000999000999000999
"KEGG_AMINOACYL_TRNA_BIOSYNTHESIS","darkturquoise",0.216594518986115,"TierB","HF",0.417582417582418,0.261050303830408,0.000999000999000999
"REACTOME_TRANSLATION","darkturquoise",0.0907623364924419,"TierB","HF",1,0.261050303830408,0.000999000999000999
"REACTOME_EUKARYOTIC_TRANSLATION_INITIATION","darkturquoise",-0.354106015693769,"TierB","HF",0.002997002997003,0.261050303830408,0.000999000999000999
"REACTOME_EUKARYOTIC_TRANSLATION_ELONGATION","darkturquoise",-0.347151215978352,"TierB","HF",0.002997002997003,0.261050303830408,0.000999000999000999
"REACTOME_TRNA_AMINOACYLATION","darkturquoise",0.197672939105005,"TierB","HF",0.658341658341658,0.261050303830408,0.000999000999000999
"REACTOME_CYTOSOLIC_TRNA_AMINOACYLATION","darkturquoise",-0.0438952785891587,"TierB","HF",1,0.261050303830408,0.000999000999000999
"REACTOME_RRNA_PROCESSING","darkturquoise",-0.318909462172862,"TierB","HF",0.00699300699300699,0.261050303830408,0.000999000999000999
"REACTOME_SRP_DEPENDENT_COTRANSLATIONAL_PROTEIN_TARGETING_TO_MEMBRANE","darkturquoise",-0.430418107404216,"TierB","HF",0.000999000999000999,0.261050303830408,0.000999000999000999
"REACTOME_RIBOSOME_ASSOCIATED_QUALITY_CONTROL","darkturquoise",-0.288206159909464,"TierB","HF",0.021978021978022,0.261050303830408,0.000999000999000999
"REACTOME_RIBOSOME_QUALITY_CONTROL_RQC_COMPLEX_EXTRACTS_AND_DEGRADES_NASCENT_PEPTIDE","darkturquoise",-0.218529482147196,"TierB","HF",0.38961038961039,0.261050303830408,0.000999000999000999
"REACTOME_MITOCHONDRIAL_TRANSLATION","darkturquoise",0.297414728590208,"TierB","HF",0.013986013986014,0.261050303830408,0.000999000999000999
"REACTOME_MITOCHONDRIAL_TRANSLATION_ELONGATION","darkturquoise",0.2783440921724,"TierB","HF",0.045954045954046,0.261050303830408,0.000999000999000999
"REACTOME_MITOCHONDRIAL_TRNA_AMINOACYLATION","darkturquoise",0.365539713135859,"TierB","HF",0.000999000999000999,0.261050303830408,0.000999000999000999
"REACTOME_RRNA_PROCESSING_IN_THE_MITOCHONDRION","darkturquoise",0.342670523812498,"TierB","HF",0.002997002997003,0.261050303830408,0.000999000999000999
"REACTOME_TRNA_PROCESSING","darkturquoise",0.215731426658705,"TierB","HF",0.422577422577423,0.261050303830408,0.000999000999000999
"REACTOME_TRNA_PROCESSING_IN_THE_NUCLEUS","darkturquoise",0.142555514279034,"TierB","HF",0.987012987012987,0.261050303830408,0.000999000999000999
"REACTOME_TRNA_MODIFICATION_IN_THE_NUCLEUS_AND_CYTOSOL","darkturquoise",0.131184914381836,"TierB","HF",0.994005994005994,0.261050303830408,0.000999000999000999
"REACTOME_RRNA_MODIFICATION_IN_THE_NUCLEUS_AND_CYTOSOL","darkturquoise",-0.265774832435571,"TierB","HF",0.0789210789210789,0.261050303830408,0.000999000999000999
"REACTOME_TRNA_MODIFICATION_IN_THE_MITOCHONDRION","darkturquoise",0.320602672385142,"TierB","HF",0.00699300699300699,0.261050303830408,0.000999000999000999
"REACTOME_TRNA_PROCESSING_IN_THE_MITOCHONDRION","darkturquoise",0.239108358863265,"TierB","HF",0.215784215784216,0.261050303830408,0.000999000999000999
"KEGG_RIBOSOME","grey60",-0.258426000596239,"TierB","HF",0.113886113886114,0.242615131970532,0.000999000999000999
"KEGG_AMINOACYL_TRNA_BIOSYNTHESIS","grey60",-0.13038736893385,"TierB","HF",0.995004995004995,0.242615131970532,0.000999000999000999
"REACTOME_TRANSLATION","grey60",-0.311730752498959,"TierB","HF",0.00999000999000999,0.242615131970532,0.000999000999000999
"REACTOME_EUKARYOTIC_TRANSLATION_INITIATION","grey60",-0.285017758318102,"TierB","HF",0.028971028971029,0.242615131970532,0.000999000999000999
"REACTOME_EUKARYOTIC_TRANSLATION_ELONGATION","grey60",-0.242241601734774,"TierB","HF",0.196803196803197,0.242615131970532,0.000999000999000999
"REACTOME_TRNA_AMINOACYLATION","grey60",-0.164737999256046,"TierB","HF",0.92007992007992,0.242615131970532,0.000999000999000999
"REACTOME_CYTOSOLIC_TRNA_AMINOACYLATION","grey60",-0.292033756528291,"TierB","HF",0.018981018981019,0.242615131970532,0.000999000999000999
"REACTOME_RRNA_PROCESSING","grey60",-0.505756712029326,"TierB","HF",0.000999000999000999,0.242615131970532,0.000999000999000999
"REACTOME_SRP_DEPENDENT_COTRANSLATIONAL_PROTEIN_TARGETING_TO_MEMBRANE","grey60",-0.373641935812831,"TierB","HF",0.000999000999000999,0.242615131970532,0.000999000999000999
"REACTOME_RIBOSOME_ASSOCIATED_QUALITY_CONTROL","grey60",-0.414540475319643,"TierB","HF",0.000999000999000999,0.242615131970532,0.000999000999000999
"REACTOME_RIBOSOME_QUALITY_CONTROL_RQC_COMPLEX_EXTRACTS_AND_DEGRADES_NASCENT_PEPTIDE","grey60",-0.436263488682895,"TierB","HF",0.000999000999000999,0.242615131970532,0.000999000999000999
"REACTOME_MITOCHONDRIAL_TRANSLATION","grey60",-0.120469340428609,"TierB","HF",0.999000999000999,0.242615131970532,0.000999000999000999
"REACTOME_MITOCHONDRIAL_TRANSLATION_ELONGATION","grey60",-0.128202808677526,"TierB","HF",0.997002997002997,0.242615131970532,0.000999000999000999
"REACTOME_MITOCHONDRIAL_TRNA_AMINOACYLATION","grey60",0.000101242034810596,"TierB","HF",1,0.242615131970532,0.000999000999000999
"REACTOME_RRNA_PROCESSING_IN_THE_MITOCHONDRION","grey60",-0.0799360716584607,"TierB","HF",1,0.242615131970532,0.000999000999000999
"REACTOME_TRNA_PROCESSING","grey60",-0.183609810213616,"TierB","HF",0.8001998001998,0.242615131970532,0.000999000999000999
"REACTOME_TRNA_PROCESSING_IN_THE_NUCLEUS","grey60",-0.138344839840811,"TierB","HF",0.991008991008991,0.242615131970532,0.000999000999000999
"REACTOME_TRNA_MODIFICATION_IN_THE_NUCLEUS_AND_CYTOSOL","grey60",-0.233608094689699,"TierB","HF",0.254745254745255,0.242615131970532,0.000999000999000999
"REACTOME_RRNA_MODIFICATION_IN_THE_NUCLEUS_AND_CYTOSOL","grey60",-0.50816104262183,"TierB","HF",0.000999000999000999,0.242615131970532,0.000999000999000999
"REACTOME_TRNA_MODIFICATION_IN_THE_MITOCHONDRION","grey60",-0.131223750664204,"TierB","HF",0.994005994005994,0.242615131970532,0.000999000999000999
"REACTOME_TRNA_PROCESSING_IN_THE_MITOCHONDRION","grey60",-0.156482920840645,"TierB","HF",0.968031968031968,0.242615131970532,0.000999000999000999
"KEGG_RIBOSOME","yellow",-0.287054637932895,"TierB","HF",0.022977022977023,0.246972527816397,0.000999000999000999
"KEGG_AMINOACYL_TRNA_BIOSYNTHESIS","yellow",-0.0660090808729821,"TierB","HF",1,0.246972527816397,0.000999000999000999
"REACTOME_TRANSLATION","yellow",-0.460334397579431,"TierB","HF",0.000999000999000999,0.246972527816397,0.000999000999000999
"REACTOME_EUKARYOTIC_TRANSLATION_INITIATION","yellow",-0.306810945016554,"TierB","HF",0.010989010989011,0.246972527816397,0.000999000999000999
"REACTOME_EUKARYOTIC_TRANSLATION_ELONGATION","yellow",-0.297151124662741,"TierB","HF",0.014985014985015,0.246972527816397,0.000999000999000999
"REACTOME_TRNA_AMINOACYLATION","yellow",-0.180411006348932,"TierB","HF",0.818181818181818,0.246972527816397,0.000999000999000999
"REACTOME_CYTOSOLIC_TRNA_AMINOACYLATION","yellow",-0.274583295229275,"TierB","HF",0.0539460539460539,0.246972527816397,0.000999000999000999
"REACTOME_RRNA_PROCESSING","yellow",-0.435251223970105,"TierB","HF",0.000999000999000999,0.246972527816397,0.000999000999000999
"REACTOME_SRP_DEPENDENT_COTRANSLATIONAL_PROTEIN_TARGETING_TO_MEMBRANE","yellow",-0.386571333693558,"TierB","HF",0.000999000999000999,0.246972527816397,0.000999000999000999
"REACTOME_RIBOSOME_ASSOCIATED_QUALITY_CONTROL","yellow",-0.467282136281417,"TierB","HF",0.000999000999000999,0.246972527816397,0.000999000999000999
"REACTOME_RIBOSOME_QUALITY_CONTROL_RQC_COMPLEX_EXTRACTS_AND_DEGRADES_NASCENT_PEPTIDE","yellow",-0.517371539913212,"TierB","HF",0.000999000999000999,0.246972527816397,0.000999000999000999
"REACTOME_MITOCHONDRIAL_TRANSLATION","yellow",-0.342103731184939,"TierB","HF",0.002997002997003,0.246972527816397,0.000999000999000999
"REACTOME_MITOCHONDRIAL_TRANSLATION_ELONGATION","yellow",-0.35640343950832,"TierB","HF",0.000999000999000999,0.246972527816397,0.000999000999000999
"REACTOME_MITOCHONDRIAL_TRNA_AMINOACYLATION","yellow",-0.0168276408702922,"TierB","HF",1,0.246972527816397,0.000999000999000999
"REACTOME_RRNA_PROCESSING_IN_THE_MITOCHONDRION","yellow",-0.0915990007573262,"TierB","HF",1,0.246972527816397,0.000999000999000999
"REACTOME_TRNA_PROCESSING","yellow",-0.00919099078851421,"TierB","HF",1,0.246972527816397,0.000999000999000999
"REACTOME_TRNA_PROCESSING_IN_THE_NUCLEUS","yellow",0.0966929982043733,"TierB","HF",1,0.246972527816397,0.000999000999000999
"REACTOME_TRNA_MODIFICATION_IN_THE_NUCLEUS_AND_CYTOSOL","yellow",-0.0542581468993803,"TierB","HF",1,0.246972527816397,0.000999000999000999
"REACTOME_RRNA_MODIFICATION_IN_THE_NUCLEUS_AND_CYTOSOL","yellow",-0.321340499290109,"TierB","HF",0.00699300699300699,0.246972527816397,0.000999000999000999
"REACTOME_TRNA_MODIFICATION_IN_THE_MITOCHONDRION","yellow",-0.110065874049449,"TierB","HF",1,0.246972527816397,0.000999000999000999
"REACTOME_TRNA_PROCESSING_IN_THE_MITOCHONDRION","yellow",-0.109110041090524,"TierB","HF",1,0.246972527816397,0.000999000999000999
"KEGG_RIBOSOME","darkred",-0.369169945240627,"TierB","HF",0.000999000999000999,0.193499264918064,0.000999000999000999
"KEGG_AMINOACYL_TRNA_BIOSYNTHESIS","darkred",0.00898994505668096,"TierB","HF",1,0.193499264918064,0.000999000999000999
"REACTOME_TRANSLATION","darkred",-0.220050486874978,"TierB","HF",0.376623376623377,0.193499264918064,0.000999000999000999
"REACTOME_EUKARYOTIC_TRANSLATION_INITIATION","darkred",-0.383567338569663,"TierB","HF",0.000999000999000999,0.193499264918064,0.000999000999000999
"REACTOME_EUKARYOTIC_TRANSLATION_ELONGATION","darkred",-0.355965631676507,"TierB","HF",0.000999000999000999,0.193499264918064,0.000999000999000999
"REACTOME_TRNA_AMINOACYLATION","darkred",-0.0286815755000629,"TierB","HF",1,0.193499264918064,0.000999000999000999
"REACTOME_CYTOSOLIC_TRNA_AMINOACYLATION","darkred",-0.066127335833585,"TierB","HF",1,0.193499264918064,0.000999000999000999
"REACTOME_RRNA_PROCESSING","darkred",-0.410294397604834,"TierB","HF",0.000999000999000999,0.193499264918064,0.000999000999000999
"REACTOME_SRP_DEPENDENT_COTRANSLATIONAL_PROTEIN_TARGETING_TO_MEMBRANE","darkred",-0.460595161952347,"TierB","HF",0.000999000999000999,0.193499264918064,0.000999000999000999
"REACTOME_RIBOSOME_ASSOCIATED_QUALITY_CONTROL","darkred",-0.396592106187176,"TierB","HF",0.000999000999000999,0.193499264918064,0.000999000999000999
"REACTOME_RIBOSOME_QUALITY_CONTROL_RQC_COMPLEX_EXTRACTS_AND_DEGRADES_NASCENT_PEPTIDE","darkred",-0.356654108333942,"TierB","HF",0.000999000999000999,0.193499264918064,0.000999000999000999
"REACTOME_MITOCHONDRIAL_TRANSLATION","darkred",-0.0330811146947491,"TierB","HF",1,0.193499264918064,0.000999000999000999
"REACTOME_MITOCHONDRIAL_TRANSLATION_ELONGATION","darkred",-0.036023381665128,"TierB","HF",1,0.193499264918064,0.000999000999000999
"REACTOME_MITOCHONDRIAL_TRNA_AMINOACYLATION","darkred",0.0242483365127735,"TierB","HF",1,0.193499264918064,0.000999000999000999
"REACTOME_RRNA_PROCESSING_IN_THE_MITOCHONDRION","darkred",0.0566223820448979,"TierB","HF",1,0.193499264918064,0.000999000999000999
"REACTOME_TRNA_PROCESSING","darkred",-0.0869837503248221,"TierB","HF",1,0.193499264918064,0.000999000999000999
"REACTOME_TRNA_PROCESSING_IN_THE_NUCLEUS","darkred",0.0282712116601746,"TierB","HF",1,0.193499264918064,0.000999000999000999
"REACTOME_TRNA_MODIFICATION_IN_THE_NUCLEUS_AND_CYTOSOL","darkred",-0.135611543462603,"TierB","HF",0.992007992007992,0.193499264918064,0.000999000999000999
"REACTOME_RRNA_MODIFICATION_IN_THE_NUCLEUS_AND_CYTOSOL","darkred",-0.303675398386548,"TierB","HF",0.011988011988012,0.193499264918064,0.000999000999000999
"REACTOME_TRNA_MODIFICATION_IN_THE_MITOCHONDRION","darkred",-0.159853233149097,"TierB","HF",0.948051948051948,0.193499264918064,0.000999000999000999
"REACTOME_TRNA_PROCESSING_IN_THE_MITOCHONDRION","darkred",-0.142426178548147,"TierB","HF",0.987012987012987,0.193499264918064,0.000999000999000999
"KEGG_RIBOSOME","greenyellow",-0.438924996564809,"TierB","HF",0.000999000999000999,0.328605502433726,0.000999000999000999
"KEGG_AMINOACYL_TRNA_BIOSYNTHESIS","greenyellow",0.469846504978566,"TierB","HF",0.000999000999000999,0.328605502433726,0.000999000999000999
"REACTOME_TRANSLATION","greenyellow",0.148633998317282,"TierB","HF",0.981018981018981,0.328605502433726,0.000999000999000999
"REACTOME_EUKARYOTIC_TRANSLATION_INITIATION","greenyellow",-0.395273746515264,"TierB","HF",0.000999000999000999,0.328605502433726,0.000999000999000999
"REACTOME_EUKARYOTIC_TRANSLATION_ELONGATION","greenyellow",-0.422972397437138,"TierB","HF",0.000999000999000999,0.328605502433726,0.000999000999000999
"REACTOME_TRNA_AMINOACYLATION","greenyellow",0.373616121711093,"TierB","HF",0.000999000999000999,0.328605502433726,0.000999000999000999
"REACTOME_CYTOSOLIC_TRNA_AMINOACYLATION","greenyellow",0.22640378270686,"TierB","HF",0.321678321678322,0.328605502433726,0.000999000999000999
"REACTOME_RRNA_PROCESSING","greenyellow",-0.234931763220533,"TierB","HF",0.246753246753247,0.328605502433726,0.000999000999000999
"REACTOME_SRP_DEPENDENT_COTRANSLATIONAL_PROTEIN_TARGETING_TO_MEMBRANE","greenyellow",-0.499130714922193,"TierB","HF",0.000999000999000999,0.328605502433726,0.000999000999000999
"REACTOME_RIBOSOME_ASSOCIATED_QUALITY_CONTROL","greenyellow",-0.240871401922054,"TierB","HF",0.204795204795205,0.328605502433726,0.000999000999000999
"REACTOME_RIBOSOME_QUALITY_CONTROL_RQC_COMPLEX_EXTRACTS_AND_DEGRADES_NASCENT_PEPTIDE","greenyellow",-0.144989284866773,"TierB","HF",0.985014985014985,0.328605502433726,0.000999000999000999
"REACTOME_MITOCHONDRIAL_TRANSLATION","greenyellow",0.311030527953029,"TierB","HF",0.00999000999000999,0.328605502433726,0.000999000999000999
"REACTOME_MITOCHONDRIAL_TRANSLATION_ELONGATION","greenyellow",0.295123192909261,"TierB","HF",0.014985014985015,0.328605502433726,0.000999000999000999
"REACTOME_MITOCHONDRIAL_TRNA_AMINOACYLATION","greenyellow",0.472040592542651,"TierB","HF",0.000999000999000999,0.328605502433726,0.000999000999000999
"REACTOME_RRNA_PROCESSING_IN_THE_MITOCHONDRION","greenyellow",0.484198559052063,"TierB","HF",0.000999000999000999,0.328605502433726,0.000999000999000999
"REACTOME_TRNA_PROCESSING","greenyellow",0.354883947438056,"TierB","HF",0.001998001998002,0.328605502433726,0.000999000999000999
"REACTOME_TRNA_PROCESSING_IN_THE_NUCLEUS","greenyellow",0.360520892357937,"TierB","HF",0.000999000999000999,0.328605502433726,0.000999000999000999
"REACTOME_TRNA_MODIFICATION_IN_THE_NUCLEUS_AND_CYTOSOL","greenyellow",0.265385914081518,"TierB","HF",0.0809190809190809,0.328605502433726,0.000999000999000999
"REACTOME_RRNA_MODIFICATION_IN_THE_NUCLEUS_AND_CYTOSOL","greenyellow",-0.124368802282489,"TierB","HF",0.999000999000999,0.328605502433726,0.000999000999000999
"REACTOME_TRNA_MODIFICATION_IN_THE_MITOCHONDRION","greenyellow",0.295062783374489,"TierB","HF",0.015984015984016,0.328605502433726,0.000999000999000999
"REACTOME_TRNA_PROCESSING_IN_THE_MITOCHONDRION","greenyellow",0.342505625954179,"TierB","HF",0.002997002997003,0.328605502433726,0.000999000999000999
"KEGG_RIBOSOME","lightyellow",-0.411783772003007,"TierB","HF",0.000999000999000999,0.343388722908287,0.000999000999000999
"KEGG_AMINOACYL_TRNA_BIOSYNTHESIS","lightyellow",0.441460008360209,"TierB","HF",0.000999000999000999,0.343388722908287,0.000999000999000999
"REACTOME_TRANSLATION","lightyellow",0.279627703010596,"TierB","HF",0.041958041958042,0.343388722908287,0.000999000999000999
"REACTOME_EUKARYOTIC_TRANSLATION_INITIATION","lightyellow",-0.366702222063013,"TierB","HF",0.000999000999000999,0.343388722908287,0.000999000999000999
"REACTOME_EUKARYOTIC_TRANSLATION_ELONGATION","lightyellow",-0.391317109572248,"TierB","HF",0.000999000999000999,0.343388722908287,0.000999000999000999
"REACTOME_TRNA_AMINOACYLATION","lightyellow",0.415456882147903,"TierB","HF",0.000999000999000999,0.343388722908287,0.000999000999000999
"REACTOME_CYTOSOLIC_TRNA_AMINOACYLATION","lightyellow",0.27548725427468,"TierB","HF",0.050949050949051,0.343388722908287,0.000999000999000999
"REACTOME_RRNA_PROCESSING","lightyellow",-0.162956368005017,"TierB","HF",0.928071928071928,0.343388722908287,0.000999000999000999
"REACTOME_SRP_DEPENDENT_COTRANSLATIONAL_PROTEIN_TARGETING_TO_MEMBRANE","lightyellow",-0.433746922817927,"TierB","HF",0.000999000999000999,0.343388722908287,0.000999000999000999
"REACTOME_RIBOSOME_ASSOCIATED_QUALITY_CONTROL","lightyellow",-0.19957040605953,"TierB","HF",0.64035964035964,0.343388722908287,0.000999000999000999
"REACTOME_RIBOSOME_QUALITY_CONTROL_RQC_COMPLEX_EXTRACTS_AND_DEGRADES_NASCENT_PEPTIDE","lightyellow",-0.0597816862006333,"TierB","HF",1,0.343388722908287,0.000999000999000999
"REACTOME_MITOCHONDRIAL_TRANSLATION","lightyellow",0.463277842249202,"TierB","HF",0.000999000999000999,0.343388722908287,0.000999000999000999
"REACTOME_MITOCHONDRIAL_TRANSLATION_ELONGATION","lightyellow",0.459717435626759,"TierB","HF",0.000999000999000999,0.343388722908287,0.000999000999000999
"REACTOME_MITOCHONDRIAL_TRNA_AMINOACYLATION","lightyellow",0.462922797174438,"TierB","HF",0.000999000999000999,0.343388722908287,0.000999000999000999
"REACTOME_RRNA_PROCESSING_IN_THE_MITOCHONDRION","lightyellow",0.564623505085182,"TierB","HF",0.000999000999000999,0.343388722908287,0.000999000999000999
"REACTOME_TRNA_PROCESSING","lightyellow",0.352165890304577,"TierB","HF",0.002997002997003,0.343388722908287,0.000999000999000999
"REACTOME_TRNA_PROCESSING_IN_THE_NUCLEUS","lightyellow",0.285196561119859,"TierB","HF",0.028971028971029,0.343388722908287,0.000999000999000999
"REACTOME_TRNA_MODIFICATION_IN_THE_NUCLEUS_AND_CYTOSOL","lightyellow",0.267922378797115,"TierB","HF",0.0719280719280719,0.343388722908287,0.000999000999000999
"REACTOME_RRNA_MODIFICATION_IN_THE_NUCLEUS_AND_CYTOSOL","lightyellow",-0.106269631045984,"TierB","HF",1,0.343388722908287,0.000999000999000999
"REACTOME_TRNA_MODIFICATION_IN_THE_MITOCHONDRION","lightyellow",0.401924130305019,"TierB","HF",0.000999000999000999,0.343388722908287,0.000999000999000999
"REACTOME_TRNA_PROCESSING_IN_THE_MITOCHONDRION","lightyellow",0.409252674851129,"TierB","HF",0.000999000999000999,0.343388722908287,0.000999000999000999
"REACTOME_CARBOXYTERMINAL_POST_TRANSLATIONAL_MODIFICATIONS_OF_TUBULIN","purple",0.138574167922625,"TierC_v1","HF",1,0.3757224059031,0.000999000999000999
"HALLMARK_MYC_TARGETS_V1","purple",0.275625592824065,"TierC_v1","HF",0.102897102897103,0.3757224059031,0.000999000999000999
"REACTOME_CYTOSOLIC_TRNA_AMINOACYLATION","purple",-0.0221296175932992,"TierC_v1","HF",1,0.3757224059031,0.000999000999000999
"REACTOME_TRNA_AMINOACYLATION","purple",-0.222144107255083,"TierC_v1","HF",0.592407592407592,0.3757224059031,0.000999000999000999
"REACTOME_RIBOSOME_QUALITY_CONTROL_RQC_COMPLEX_EXTRACTS_AND_DEGRADES_NASCENT_PEPTIDE","purple",0.675320033744038,"TierC_v1","HF",0.000999000999000999,0.3757224059031,0.000999000999000999
"REACTOME_RIBOSOME_ASSOCIATED_QUALITY_CONTROL","purple",0.820731717852329,"TierC_v1","HF",0.000999000999000999,0.3757224059031,0.000999000999000999
"REACTOME_REGULATION_OF_PD_L1_CD274_POST_TRANSLATIONAL_MODIFICATION","purple",0.0462173061228799,"TierC_v1","HF",1,0.3757224059031,0.000999000999000999
"REACTOME_DENGUE_VIRUS_GENOME_TRANSLATION_AND_REPLICATION","purple",0.340184285726799,"TierC_v1","HF",0.00699300699300699,0.3757224059031,0.000999000999000999
"REACTOME_RESPIRATORY_SYNCYTIAL_VIRUS_RSV_GENOME_REPLICATION_TRANSCRIPTION_AND_TRANSLATION","purple",0.348203178719485,"TierC_v1","HF",0.00699300699300699,0.3757224059031,0.000999000999000999
"HALLMARK_MYC_TARGETS_V2","purple",0.0976463147946393,"TierC_v1","HF",1,0.3757224059031,0.000999000999000999
"REACTOME_EUKARYOTIC_TRANSLATION_ELONGATION","purple",0.920742053460412,"TierC_v1","HF",0.000999000999000999,0.3757224059031,0.000999000999000999
"REACTOME_SRP_DEPENDENT_COTRANSLATIONAL_PROTEIN_TARGETING_TO_MEMBRANE","purple",0.946496263286346,"TierC_v1","HF",0.000999000999000999,0.3757224059031,0.000999000999000999
"REACTOME_RRNA_PROCESSING","purple",0.729044066147078,"TierC_v1","HF",0.000999000999000999,0.3757224059031,0.000999000999000999
"REACTOME_SARS_COV_2_MODULATES_HOST_TRANSLATION_MACHINERY","purple",0.923776097837816,"TierC_v1","HF",0.000999000999000999,0.3757224059031,0.000999000999000999
"REACTOME_REGULATION_OF_CDH1_POSTTRANSLATIONAL_PROCESSING_AND_TRAFFICKING_TO_PLASMA_MEMBRANE","purple",0.3567685910772,"TierC_v1","HF",0.000999000999000999,0.3757224059031,0.000999000999000999
"REACTOME_TRANSLATION_OF_SARS_COV_2_STRUCTURAL_PROTEINS","purple",0.516581559298565,"TierC_v1","HF",0.000999000999000999,0.3757224059031,0.000999000999000999
"REACTOME_EUKARYOTIC_TRANSLATION_INITIATION","purple",0.928346593489146,"TierC_v1","HF",0.000999000999000999,0.3757224059031,0.000999000999000999
"REACTOME_TRANSLATION","purple",0.206113668926642,"TierC_v1","HF",0.799200799200799,0.3757224059031,0.000999000999000999
"REACTOME_SARS_COV_1_MODULATES_HOST_TRANSLATION_MACHINERY","purple",0.912939967616725,"TierC_v1","HF",0.000999000999000999,0.3757224059031,0.000999000999000999
"HALLMARK_MTORC1_SIGNALING","purple",0.227964624503374,"TierC_v1","HF",0.515484515484515,0.3757224059031,0.000999000999000999
"REACTOME_MITOCHONDRIAL_TRNA_AMINOACYLATION","purple",-0.333570720791518,"TierC_v1","HF",0.00999000999000999,0.3757224059031,0.000999000999000999
"REACTOME_TRANSLATION_OF_REPLICASE_AND_ASSEMBLY_OF_THE_REPLICATION_TRANSCRIPTION_COMPLEX","purple",-0.297580938076403,"TierC_v1","HF",0.027972027972028,0.3757224059031,0.000999000999000999
"REACTOME_REGULATION_OF_CDH1_MRNA_TRANSLATION_BY_MICRORNAS","purple",0.0881361003147184,"TierC_v1","HF",1,0.3757224059031,0.000999000999000999
"REACTOME_POST_TRANSLATIONAL_MODIFICATION_SYNTHESIS_OF_GPI_ANCHORED_PROTEINS","purple",0.168918299236393,"TierC_v1","HF",0.992007992007992,0.3757224059031,0.000999000999000999
"REACTOME_TRANSCRIPTIONAL_AND_POST_TRANSLATIONAL_REGULATION_OF_MITF_M_EXPRESSION_AND_ACTIVITY","purple",-0.00722915478845539,"TierC_v1","HF",1,0.3757224059031,0.000999000999000999
"REACTOME_REGULATION_OF_CDH11_MRNA_TRANSLATION_BY_MICRORNAS","purple",-0.241780585918643,"TierC_v1","HF",0.356643356643357,0.3757224059031,0.000999000999000999
"REACTOME_TRANSLATION_OF_SARS_COV_1_STRUCTURAL_PROTEINS","purple",0.44847001359534,"TierC_v1","HF",0.000999000999000999,0.3757224059031,0.000999000999000999
"REACTOME_REGULATION_OF_PTEN_MRNA_TRANSLATION","purple",-0.204963655795245,"TierC_v1","HF",0.809190809190809,0.3757224059031,0.000999000999000999
"REACTOME_MITOCHONDRIAL_TRANSLATION_ELONGATION","purple",-0.0834364986431518,"TierC_v1","HF",1,0.3757224059031,0.000999000999000999
"REACTOME_RRNA_PROCESSING_IN_THE_MITOCHONDRION","purple",-0.332245317983814,"TierC_v1","HF",0.00999000999000999,0.3757224059031,0.000999000999000999
"REACTOME_REGULATION_OF_NPAS4_MRNA_TRANSLATION","purple",-0.241780585918643,"TierC_v1","HF",0.356643356643357,0.3757224059031,0.000999000999000999
"REACTOME_MITOCHONDRIAL_TRANSLATION","purple",-0.122937170086867,"TierC_v1","HF",1,0.3757224059031,0.000999000999000999
"REACTOME_REGULATION_OF_PD_L1_CD274_TRANSLATION","purple",-0.172240545454569,"TierC_v1","HF",0.989010989010989,0.3757224059031,0.000999000999000999
"REACTOME_CARBOXYTERMINAL_POST_TRANSLATIONAL_MODIFICATIONS_OF_TUBULIN","lightgreen",0.0954859366506353,"TierC_v1","HF",1,0.233667921947882,0.000999000999000999
"HALLMARK_MYC_TARGETS_V1","lightgreen",-0.0379547901969475,"TierC_v1","HF",1,0.233667921947882,0.000999000999000999
"REACTOME_CYTOSOLIC_TRNA_AMINOACYLATION","lightgreen",-0.244543912778045,"TierC_v1","HF",0.321678321678322,0.233667921947882,0.000999000999000999
"REACTOME_TRNA_AMINOACYLATION","lightgreen",-0.480049638376799,"TierC_v1","HF",0.000999000999000999,0.233667921947882,0.000999000999000999
"REACTOME_RIBOSOME_QUALITY_CONTROL_RQC_COMPLEX_EXTRACTS_AND_DEGRADES_NASCENT_PEPTIDE","lightgreen",-0.0888361531127114,"TierC_v1","HF",1,0.233667921947882,0.000999000999000999
"REACTOME_RIBOSOME_ASSOCIATED_QUALITY_CONTROL","lightgreen",0.0107790805043873,"TierC_v1","HF",1,0.233667921947882,0.000999000999000999
"REACTOME_REGULATION_OF_PD_L1_CD274_POST_TRANSLATIONAL_MODIFICATION","lightgreen",-0.326841233874089,"TierC_v1","HF",0.010989010989011,0.233667921947882,0.000999000999000999
"REACTOME_DENGUE_VIRUS_GENOME_TRANSLATION_AND_REPLICATION","lightgreen",0.0303573381519129,"TierC_v1","HF",1,0.233667921947882,0.000999000999000999
"REACTOME_RESPIRATORY_SYNCYTIAL_VIRUS_RSV_GENOME_REPLICATION_TRANSCRIPTION_AND_TRANSLATION","lightgreen",0.0194766769840318,"TierC_v1","HF",1,0.233667921947882,0.000999000999000999
"HALLMARK_MYC_TARGETS_V2","lightgreen",0.0699942154205253,"TierC_v1","HF",1,0.233667921947882,0.000999000999000999
"REACTOME_EUKARYOTIC_TRANSLATION_ELONGATION","lightgreen",0.234724529525787,"TierC_v1","HF",0.428571428571429,0.233667921947882,0.000999000999000999
"REACTOME_SRP_DEPENDENT_COTRANSLATIONAL_PROTEIN_TARGETING_TO_MEMBRANE","lightgreen",0.268513533331242,"TierC_v1","HF",0.135864135864136,0.233667921947882,0.000999000999000999
"REACTOME_RRNA_PROCESSING","lightgreen",0.0224668743891191,"TierC_v1","HF",1,0.233667921947882,0.000999000999000999
"REACTOME_SARS_COV_2_MODULATES_HOST_TRANSLATION_MACHINERY","lightgreen",0.186628851711429,"TierC_v1","HF",0.946053946053946,0.233667921947882,0.000999000999000999
"REACTOME_REGULATION_OF_CDH1_POSTTRANSLATIONAL_PROCESSING_AND_TRAFFICKING_TO_PLASMA_MEMBRANE","lightgreen",0.130523332649988,"TierC_v1","HF",1,0.233667921947882,0.000999000999000999
"REACTOME_TRANSLATION_OF_SARS_COV_2_STRUCTURAL_PROTEINS","lightgreen",0.221770416467385,"TierC_v1","HF",0.595404595404595,0.233667921947882,0.000999000999000999
"REACTOME_EUKARYOTIC_TRANSLATION_INITIATION","lightgreen",0.208067172951753,"TierC_v1","HF",0.771228771228771,0.233667921947882,0.000999000999000999
"REACTOME_TRANSLATION","lightgreen",-0.399570216130819,"TierC_v1","HF",0.000999000999000999,0.233667921947882,0.000999000999000999
"REACTOME_SARS_COV_1_MODULATES_HOST_TRANSLATION_MACHINERY","lightgreen",0.231279859756527,"TierC_v1","HF",0.484515484515485,0.233667921947882,0.000999000999000999
"HALLMARK_MTORC1_SIGNALING","lightgreen",0.484351604936553,"TierC_v1","HF",0.000999000999000999,0.233667921947882,0.000999000999000999
"REACTOME_MITOCHONDRIAL_TRNA_AMINOACYLATION","lightgreen",-0.588658973898342,"TierC_v1","HF",0.000999000999000999,0.233667921947882,0.000999000999000999
"REACTOME_TRANSLATION_OF_REPLICASE_AND_ASSEMBLY_OF_THE_REPLICATION_TRANSCRIPTION_COMPLEX","lightgreen",-0.204117078733844,"TierC_v1","HF",0.822177822177822,0.233667921947882,0.000999000999000999
"REACTOME_REGULATION_OF_CDH1_MRNA_TRANSLATION_BY_MICRORNAS","lightgreen",0.545117031263496,"TierC_v1","HF",0.000999000999000999,0.233667921947882,0.000999000999000999
"REACTOME_POST_TRANSLATIONAL_MODIFICATION_SYNTHESIS_OF_GPI_ANCHORED_PROTEINS","lightgreen",0.292864655237364,"TierC_v1","HF",0.037962037962038,0.233667921947882,0.000999000999000999
"REACTOME_TRANSCRIPTIONAL_AND_POST_TRANSLATIONAL_REGULATION_OF_MITF_M_EXPRESSION_AND_ACTIVITY","lightgreen",-0.00345240081520273,"TierC_v1","HF",1,0.233667921947882,0.000999000999000999
"REACTOME_REGULATION_OF_CDH11_MRNA_TRANSLATION_BY_MICRORNAS","lightgreen",0.0935951160912495,"TierC_v1","HF",1,0.233667921947882,0.000999000999000999
"REACTOME_TRANSLATION_OF_SARS_COV_1_STRUCTURAL_PROTEINS","lightgreen",0.248605085710594,"TierC_v1","HF",0.284715284715285,0.233667921947882,0.000999000999000999
"REACTOME_REGULATION_OF_PTEN_MRNA_TRANSLATION","lightgreen",0.131564137645017,"TierC_v1","HF",1,0.233667921947882,0.000999000999000999
"REACTOME_MITOCHONDRIAL_TRANSLATION_ELONGATION","lightgreen",-0.498343412218769,"TierC_v1","HF",0.000999000999000999,0.233667921947882,0.000999000999000999
"REACTOME_RRNA_PROCESSING_IN_THE_MITOCHONDRION","lightgreen",-0.58095207452829,"TierC_v1","HF",0.000999000999000999,0.233667921947882,0.000999000999000999
"REACTOME_REGULATION_OF_NPAS4_MRNA_TRANSLATION","lightgreen",0.0935951160912495,"TierC_v1","HF",1,0.233667921947882,0.000999000999000999
"REACTOME_MITOCHONDRIAL_TRANSLATION","lightgreen",-0.51098129841635,"TierC_v1","HF",0.000999000999000999,0.233667921947882,0.000999000999000999
"REACTOME_REGULATION_OF_PD_L1_CD274_TRANSLATION","lightgreen",0.126979675729657,"TierC_v1","HF",1,0.233667921947882,0.000999000999000999
"REACTOME_CARBOXYTERMINAL_POST_TRANSLATIONAL_MODIFICATIONS_OF_TUBULIN","tan",-0.0224533235661292,"TierC_v1","HF",1,0.216442403945838,0.000999000999000999
"HALLMARK_MYC_TARGETS_V1","tan",-0.181679794702023,"TierC_v1","HF",0.97002997002997,0.216442403945838,0.000999000999000999
"REACTOME_CYTOSOLIC_TRNA_AMINOACYLATION","tan",-0.345374028199518,"TierC_v1","HF",0.00699300699300699,0.216442403945838,0.000999000999000999
"REACTOME_TRNA_AMINOACYLATION","tan",-0.464989310629746,"TierC_v1","HF",0.000999000999000999,0.216442403945838,0.000999000999000999
"REACTOME_RIBOSOME_QUALITY_CONTROL_RQC_COMPLEX_EXTRACTS_AND_DEGRADES_NASCENT_PEPTIDE","tan",-0.182410203399597,"TierC_v1","HF",0.968031968031968,0.216442403945838,0.000999000999000999
"REACTOME_RIBOSOME_ASSOCIATED_QUALITY_CONTROL","tan",-0.0913338934448397,"TierC_v1","HF",1,0.216442403945838,0.000999000999000999
"REACTOME_REGULATION_OF_PD_L1_CD274_POST_TRANSLATIONAL_MODIFICATION","tan",-0.35624808895448,"TierC_v1","HF",0.000999000999000999,0.216442403945838,0.000999000999000999
"REACTOME_DENGUE_VIRUS_GENOME_TRANSLATION_AND_REPLICATION","tan",-0.0769694444269916,"TierC_v1","HF",1,0.216442403945838,0.000999000999000999
"REACTOME_RESPIRATORY_SYNCYTIAL_VIRUS_RSV_GENOME_REPLICATION_TRANSCRIPTION_AND_TRANSLATION","tan",-0.0722265513412471,"TierC_v1","HF",1,0.216442403945838,0.000999000999000999
"HALLMARK_MYC_TARGETS_V2","tan",0.124513581732114,"TierC_v1","HF",1,0.216442403945838,0.000999000999000999
"REACTOME_EUKARYOTIC_TRANSLATION_ELONGATION","tan",0.16648480229095,"TierC_v1","HF",0.993006993006993,0.216442403945838,0.000999000999000999
"REACTOME_SRP_DEPENDENT_COTRANSLATIONAL_PROTEIN_TARGETING_TO_MEMBRANE","tan",0.154039175088234,"TierC_v1","HF",0.999000999000999,0.216442403945838,0.000999000999000999
"REACTOME_RRNA_PROCESSING","tan",-0.022995027371501,"TierC_v1","HF",1,0.216442403945838,0.000999000999000999
"REACTOME_SARS_COV_2_MODULATES_HOST_TRANSLATION_MACHINERY","tan",0.090338858268652,"TierC_v1","HF",1,0.216442403945838,0.000999000999000999
"REACTOME_REGULATION_OF_CDH1_POSTTRANSLATIONAL_PROCESSING_AND_TRAFFICKING_TO_PLASMA_MEMBRANE","tan",0.0586522605795242,"TierC_v1","HF",1,0.216442403945838,0.000999000999000999
"REACTOME_TRANSLATION_OF_SARS_COV_2_STRUCTURAL_PROTEINS","tan",0.186618809507084,"TierC_v1","HF",0.946053946053946,0.216442403945838,0.000999000999000999
"REACTOME_EUKARYOTIC_TRANSLATION_INITIATION","tan",0.151011919136033,"TierC_v1","HF",1,0.216442403945838,0.000999000999000999
"REACTOME_TRANSLATION","tan",-0.417097662267862,"TierC_v1","HF",0.000999000999000999,0.216442403945838,0.000999000999000999
"REACTOME_SARS_COV_1_MODULATES_HOST_TRANSLATION_MACHINERY","tan",0.143094928400232,"TierC_v1","HF",1,0.216442403945838,0.000999000999000999
"HALLMARK_MTORC1_SIGNALING","tan",0.275010732930954,"TierC_v1","HF",0.106893106893107,0.216442403945838,0.000999000999000999
"REACTOME_MITOCHONDRIAL_TRNA_AMINOACYLATION","tan",-0.481242240521137,"TierC_v1","HF",0.000999000999000999,0.216442403945838,0.000999000999000999
"REACTOME_TRANSLATION_OF_REPLICASE_AND_ASSEMBLY_OF_THE_REPLICATION_TRANSCRIPTION_COMPLEX","tan",-0.194751650745021,"TierC_v1","HF",0.889110889110889,0.216442403945838,0.000999000999000999
"REACTOME_REGULATION_OF_CDH1_MRNA_TRANSLATION_BY_MICRORNAS","tan",0.390651783736417,"TierC_v1","HF",0.000999000999000999,0.216442403945838,0.000999000999000999
"REACTOME_POST_TRANSLATIONAL_MODIFICATION_SYNTHESIS_OF_GPI_ANCHORED_PROTEINS","tan",0.41245808281181,"TierC_v1","HF",0.000999000999000999,0.216442403945838,0.000999000999000999
"REACTOME_TRANSCRIPTIONAL_AND_POST_TRANSLATIONAL_REGULATION_OF_MITF_M_EXPRESSION_AND_ACTIVITY","tan",0.26576890765193,"TierC_v1","HF",0.148851148851149,0.216442403945838,0.000999000999000999
"REACTOME_REGULATION_OF_CDH11_MRNA_TRANSLATION_BY_MICRORNAS","tan",0.0142526532060147,"TierC_v1","HF",1,0.216442403945838,0.000999000999000999
"REACTOME_TRANSLATION_OF_SARS_COV_1_STRUCTURAL_PROTEINS","tan",0.198236608360549,"TierC_v1","HF",0.868131868131868,0.216442403945838,0.000999000999000999
"REACTOME_REGULATION_OF_PTEN_MRNA_TRANSLATION","tan",0.0839677197627342,"TierC_v1","HF",1,0.216442403945838,0.000999000999000999
"REACTOME_MITOCHONDRIAL_TRANSLATION_ELONGATION","tan",-0.46493804001262,"TierC_v1","HF",0.000999000999000999,0.216442403945838,0.000999000999000999
"REACTOME_RRNA_PROCESSING_IN_THE_MITOCHONDRION","tan",-0.46072303549271,"TierC_v1","HF",0.000999000999000999,0.216442403945838,0.000999000999000999
"REACTOME_REGULATION_OF_NPAS4_MRNA_TRANSLATION","tan",0.0142526532060147,"TierC_v1","HF",1,0.216442403945838,0.000999000999000999
"REACTOME_MITOCHONDRIAL_TRANSLATION","tan",-0.472335724931552,"TierC_v1","HF",0.000999000999000999,0.216442403945838,0.000999000999000999
"REACTOME_REGULATION_OF_PD_L1_CD274_TRANSLATION","tan",0.105477833536432,"TierC_v1","HF",1,0.216442403945838,0.000999000999000999
"REACTOME_CARBOXYTERMINAL_POST_TRANSLATIONAL_MODIFICATIONS_OF_TUBULIN","green",-0.163394304238518,"TierC_v1","HF",0.996003996003996,0.211797618311991,0.000999000999000999
"HALLMARK_MYC_TARGETS_V1","green",-0.101686970887837,"TierC_v1","HF",1,0.211797618311991,0.000999000999000999
"REACTOME_CYTOSOLIC_TRNA_AMINOACYLATION","green",-0.214407337166865,"TierC_v1","HF",0.706293706293706,0.211797618311991,0.000999000999000999
"REACTOME_TRNA_AMINOACYLATION","green",-0.208095876613061,"TierC_v1","HF",0.77022977022977,0.211797618311991,0.000999000999000999
"REACTOME_RIBOSOME_QUALITY_CONTROL_RQC_COMPLEX_EXTRACTS_AND_DEGRADES_NASCENT_PEPTIDE","green",-0.389487334241043,"TierC_v1","HF",0.000999000999000999,0.211797618311991,0.000999000999000999
"REACTOME_RIBOSOME_ASSOCIATED_QUALITY_CONTROL","green",-0.307561059851735,"TierC_v1","HF",0.022977022977023,0.211797618311991,0.000999000999000999
"REACTOME_REGULATION_OF_PD_L1_CD274_POST_TRANSLATIONAL_MODIFICATION","green",-0.375679867820536,"TierC_v1","HF",0.000999000999000999,0.211797618311991,0.000999000999000999
"REACTOME_DENGUE_VIRUS_GENOME_TRANSLATION_AND_REPLICATION","green",-0.0776221284173464,"TierC_v1","HF",1,0.211797618311991,0.000999000999000999
"REACTOME_RESPIRATORY_SYNCYTIAL_VIRUS_RSV_GENOME_REPLICATION_TRANSCRIPTION_AND_TRANSLATION","green",-0.0023513814834714,"TierC_v1","HF",1,0.211797618311991,0.000999000999000999
"HALLMARK_MYC_TARGETS_V2","green",-0.289302588821804,"TierC_v1","HF",0.042957042957043,0.211797618311991,0.000999000999000999
"REACTOME_EUKARYOTIC_TRANSLATION_ELONGATION","green",-0.188028682397381,"TierC_v1","HF",0.94005994005994,0.211797618311991,0.000999000999000999
"REACTOME_SRP_DEPENDENT_COTRANSLATIONAL_PROTEIN_TARGETING_TO_MEMBRANE","green",-0.104518033971859,"TierC_v1","HF",1,0.211797618311991,0.000999000999000999
"REACTOME_RRNA_PROCESSING","green",-0.122626069827534,"TierC_v1","HF",1,0.211797618311991,0.000999000999000999
"REACTOME_SARS_COV_2_MODULATES_HOST_TRANSLATION_MACHINERY","green",-0.279204096453849,"TierC_v1","HF",0.0849150849150849,0.211797618311991,0.000999000999000999
"REACTOME_REGULATION_OF_CDH1_POSTTRANSLATIONAL_PROCESSING_AND_TRAFFICKING_TO_PLASMA_MEMBRANE","green",-0.364816139266197,"TierC_v1","HF",0.000999000999000999,0.211797618311991,0.000999000999000999
"REACTOME_TRANSLATION_OF_SARS_COV_2_STRUCTURAL_PROTEINS","green",-0.0645223430927546,"TierC_v1","HF",1,0.211797618311991,0.000999000999000999
"REACTOME_EUKARYOTIC_TRANSLATION_INITIATION","green",-0.159143439465751,"TierC_v1","HF",0.999000999000999,0.211797618311991,0.000999000999000999
"REACTOME_TRANSLATION","green",-0.435143161532083,"TierC_v1","HF",0.000999000999000999,0.211797618311991,0.000999000999000999
"REACTOME_SARS_COV_1_MODULATES_HOST_TRANSLATION_MACHINERY","green",-0.207545410503193,"TierC_v1","HF",0.778221778221778,0.211797618311991,0.000999000999000999
"HALLMARK_MTORC1_SIGNALING","green",0.357232897160355,"TierC_v1","HF",0.000999000999000999,0.211797618311991,0.000999000999000999
"REACTOME_MITOCHONDRIAL_TRNA_AMINOACYLATION","green",-0.15197675409369,"TierC_v1","HF",1,0.211797618311991,0.000999000999000999
"REACTOME_TRANSLATION_OF_REPLICASE_AND_ASSEMBLY_OF_THE_REPLICATION_TRANSCRIPTION_COMPLEX","green",0.349002817559744,"TierC_v1","HF",0.00699300699300699,0.211797618311991,0.000999000999000999
"REACTOME_REGULATION_OF_CDH1_MRNA_TRANSLATION_BY_MICRORNAS","green",-0.0483343373168065,"TierC_v1","HF",1,0.211797618311991,0.000999000999000999
"REACTOME_POST_TRANSLATIONAL_MODIFICATION_SYNTHESIS_OF_GPI_ANCHORED_PROTEINS","green",0.392895336378251,"TierC_v1","HF",0.000999000999000999,0.211797618311991,0.000999000999000999
"REACTOME_TRANSCRIPTIONAL_AND_POST_TRANSLATIONAL_REGULATION_OF_MITF_M_EXPRESSION_AND_ACTIVITY","green",0.0282496440341127,"TierC_v1","HF",1,0.211797618311991,0.000999000999000999
"REACTOME_REGULATION_OF_CDH11_MRNA_TRANSLATION_BY_MICRORNAS","green",-0.11600698262706,"TierC_v1","HF",1,0.211797618311991,0.000999000999000999
"REACTOME_TRANSLATION_OF_SARS_COV_1_STRUCTURAL_PROTEINS","green",0.0079287939507356,"TierC_v1","HF",1,0.211797618311991,0.000999000999000999
"REACTOME_REGULATION_OF_PTEN_MRNA_TRANSLATION","green",-0.0857720584495438,"TierC_v1","HF",1,0.211797618311991,0.000999000999000999
"REACTOME_MITOCHONDRIAL_TRANSLATION_ELONGATION","green",-0.516047845218977,"TierC_v1","HF",0.000999000999000999,0.211797618311991,0.000999000999000999
"REACTOME_RRNA_PROCESSING_IN_THE_MITOCHONDRION","green",-0.208714285208565,"TierC_v1","HF",0.765234765234765,0.211797618311991,0.000999000999000999
"REACTOME_REGULATION_OF_NPAS4_MRNA_TRANSLATION","green",-0.11600698262706,"TierC_v1","HF",1,0.211797618311991,0.000999000999000999
"REACTOME_MITOCHONDRIAL_TRANSLATION","green",-0.490643607634548,"TierC_v1","HF",0.000999000999000999,0.211797618311991,0.000999000999000999
"REACTOME_REGULATION_OF_PD_L1_CD274_TRANSLATION","green",-0.0653728359834231,"TierC_v1","HF",1,0.211797618311991,0.000999000999000999
"REACTOME_CARBOXYTERMINAL_POST_TRANSLATIONAL_MODIFICATIONS_OF_TUBULIN","black",0.0096196464045088,"TierC_v1","HF",1,0.22156566490029,0.000999000999000999
"HALLMARK_MYC_TARGETS_V1","black",0.252259352566837,"TierC_v1","HF",0.252747252747253,0.22156566490029,0.000999000999000999
"REACTOME_CYTOSOLIC_TRNA_AMINOACYLATION","black",0.0816082913691716,"TierC_v1","HF",1,0.22156566490029,0.000999000999000999
"REACTOME_TRNA_AMINOACYLATION","black",-0.135073728589011,"TierC_v1","HF",1,0.22156566490029,0.000999000999000999
"REACTOME_RIBOSOME_QUALITY_CONTROL_RQC_COMPLEX_EXTRACTS_AND_DEGRADES_NASCENT_PEPTIDE","black",-0.0505241367014089,"TierC_v1","HF",1,0.22156566490029,0.000999000999000999
"REACTOME_RIBOSOME_ASSOCIATED_QUALITY_CONTROL","black",0.00714385683565896,"TierC_v1","HF",1,0.22156566490029,0.000999000999000999
"REACTOME_REGULATION_OF_PD_L1_CD274_POST_TRANSLATIONAL_MODIFICATION","black",-0.0810681599458154,"TierC_v1","HF",1,0.22156566490029,0.000999000999000999
"REACTOME_DENGUE_VIRUS_GENOME_TRANSLATION_AND_REPLICATION","black",0.365948696589652,"TierC_v1","HF",0.000999000999000999,0.22156566490029,0.000999000999000999
"REACTOME_RESPIRATORY_SYNCYTIAL_VIRUS_RSV_GENOME_REPLICATION_TRANSCRIPTION_AND_TRANSLATION","black",0.347207628412003,"TierC_v1","HF",0.00699300699300699,0.22156566490029,0.000999000999000999
"HALLMARK_MYC_TARGETS_V2","black",0.146550016002828,"TierC_v1","HF",1,0.22156566490029,0.000999000999000999
"REACTOME_EUKARYOTIC_TRANSLATION_ELONGATION","black",0.0312777466694665,"TierC_v1","HF",1,0.22156566490029,0.000999000999000999
"REACTOME_SRP_DEPENDENT_COTRANSLATIONAL_PROTEIN_TARGETING_TO_MEMBRANE","black",0.206445816269131,"TierC_v1","HF",0.79020979020979,0.22156566490029,0.000999000999000999
"REACTOME_RRNA_PROCESSING","black",0.225600580243106,"TierC_v1","HF",0.552447552447552,0.22156566490029,0.000999000999000999
"REACTOME_SARS_COV_2_MODULATES_HOST_TRANSLATION_MACHINERY","black",0.0992493978722508,"TierC_v1","HF",1,0.22156566490029,0.000999000999000999
"REACTOME_REGULATION_OF_CDH1_POSTTRANSLATIONAL_PROCESSING_AND_TRAFFICKING_TO_PLASMA_MEMBRANE","black",-0.0195597030924823,"TierC_v1","HF",1,0.22156566490029,0.000999000999000999
"REACTOME_TRANSLATION_OF_SARS_COV_2_STRUCTURAL_PROTEINS","black",0.432350402124132,"TierC_v1","HF",0.000999000999000999,0.22156566490029,0.000999000999000999
"REACTOME_EUKARYOTIC_TRANSLATION_INITIATION","black",0.0615792181140237,"TierC_v1","HF",1,0.22156566490029,0.000999000999000999
"REACTOME_TRANSLATION","black",-0.212071093474088,"TierC_v1","HF",0.737262737262737,0.22156566490029,0.000999000999000999
"REACTOME_SARS_COV_1_MODULATES_HOST_TRANSLATION_MACHINERY","black",0.0338056546528093,"TierC_v1","HF",1,0.22156566490029,0.000999000999000999
"HALLMARK_MTORC1_SIGNALING","black",0.72552305228398,"TierC_v1","HF",0.000999000999000999,0.22156566490029,0.000999000999000999
"REACTOME_MITOCHONDRIAL_TRNA_AMINOACYLATION","black",-0.327593034579637,"TierC_v1","HF",0.010989010989011,0.22156566490029,0.000999000999000999
"REACTOME_TRANSLATION_OF_REPLICASE_AND_ASSEMBLY_OF_THE_REPLICATION_TRANSCRIPTION_COMPLEX","black",0.133609786335115,"TierC_v1","HF",1,0.22156566490029,0.000999000999000999
"REACTOME_REGULATION_OF_CDH1_MRNA_TRANSLATION_BY_MICRORNAS","black",-0.0640612775115369,"TierC_v1","HF",1,0.22156566490029,0.000999000999000999
"REACTOME_POST_TRANSLATIONAL_MODIFICATION_SYNTHESIS_OF_GPI_ANCHORED_PROTEINS","black",0.41427160102941,"TierC_v1","HF",0.000999000999000999,0.22156566490029,0.000999000999000999
"REACTOME_TRANSCRIPTIONAL_AND_POST_TRANSLATIONAL_REGULATION_OF_MITF_M_EXPRESSION_AND_ACTIVITY","black",-0.0980088221129051,"TierC_v1","HF",1,0.22156566490029,0.000999000999000999
"REACTOME_REGULATION_OF_CDH11_MRNA_TRANSLATION_BY_MICRORNAS","black",-0.387126147294577,"TierC_v1","HF",0.000999000999000999,0.22156566490029,0.000999000999000999
"REACTOME_TRANSLATION_OF_SARS_COV_1_STRUCTURAL_PROTEINS","black",0.306444726783537,"TierC_v1","HF",0.022977022977023,0.22156566490029,0.000999000999000999
"REACTOME_REGULATION_OF_PTEN_MRNA_TRANSLATION","black",-0.338999174116761,"TierC_v1","HF",0.00699300699300699,0.22156566490029,0.000999000999000999
"REACTOME_MITOCHONDRIAL_TRANSLATION_ELONGATION","black",-0.38752193572129,"TierC_v1","HF",0.000999000999000999,0.22156566490029,0.000999000999000999
"REACTOME_RRNA_PROCESSING_IN_THE_MITOCHONDRION","black",-0.291221527131071,"TierC_v1","HF",0.040959040959041,0.22156566490029,0.000999000999000999
"REACTOME_REGULATION_OF_NPAS4_MRNA_TRANSLATION","black",-0.387126147294577,"TierC_v1","HF",0.000999000999000999,0.22156566490029,0.000999000999000999
"REACTOME_MITOCHONDRIAL_TRANSLATION","black",-0.386495050855815,"TierC_v1","HF",0.000999000999000999,0.22156566490029,0.000999000999000999
"REACTOME_REGULATION_OF_PD_L1_CD274_TRANSLATION","black",-0.264721532730962,"TierC_v1","HF",0.157842157842158,0.22156566490029,0.000999000999000999
"REACTOME_CARBOXYTERMINAL_POST_TRANSLATIONAL_MODIFICATIONS_OF_TUBULIN","midnightblue",-0.0695174422090493,"TierC_v1","HF",1,0.201647411885425,0.000999000999000999
"HALLMARK_MYC_TARGETS_V1","midnightblue",0.446743933447085,"TierC_v1","HF",0.000999000999000999,0.201647411885425,0.000999000999000999
"REACTOME_CYTOSOLIC_TRNA_AMINOACYLATION","midnightblue",0.269793096219681,"TierC_v1","HF",0.131868131868132,0.201647411885425,0.000999000999000999
"REACTOME_TRNA_AMINOACYLATION","midnightblue",0.181482461958108,"TierC_v1","HF",0.971028971028971,0.201647411885425,0.000999000999000999
"REACTOME_RIBOSOME_QUALITY_CONTROL_RQC_COMPLEX_EXTRACTS_AND_DEGRADES_NASCENT_PEPTIDE","midnightblue",0.103292036377853,"TierC_v1","HF",1,0.201647411885425,0.000999000999000999
"REACTOME_RIBOSOME_ASSOCIATED_QUALITY_CONTROL","midnightblue",0.109989621872811,"TierC_v1","HF",1,0.201647411885425,0.000999000999000999
"REACTOME_REGULATION_OF_PD_L1_CD274_POST_TRANSLATIONAL_MODIFICATION","midnightblue",0.185370185937607,"TierC_v1","HF",0.952047952047952,0.201647411885425,0.000999000999000999
"REACTOME_DENGUE_VIRUS_GENOME_TRANSLATION_AND_REPLICATION","midnightblue",0.495718437120012,"TierC_v1","HF",0.000999000999000999,0.201647411885425,0.000999000999000999
"REACTOME_RESPIRATORY_SYNCYTIAL_VIRUS_RSV_GENOME_REPLICATION_TRANSCRIPTION_AND_TRANSLATION","midnightblue",0.498849311122421,"TierC_v1","HF",0.000999000999000999,0.201647411885425,0.000999000999000999
"HALLMARK_MYC_TARGETS_V2","midnightblue",0.0950379334697543,"TierC_v1","HF",1,0.201647411885425,0.000999000999000999
"REACTOME_EUKARYOTIC_TRANSLATION_ELONGATION","midnightblue",-0.0777016478143887,"TierC_v1","HF",1,0.201647411885425,0.000999000999000999
"REACTOME_SRP_DEPENDENT_COTRANSLATIONAL_PROTEIN_TARGETING_TO_MEMBRANE","midnightblue",0.0847574306560367,"TierC_v1","HF",1,0.201647411885425,0.000999000999000999
"REACTOME_RRNA_PROCESSING","midnightblue",0.281443147012041,"TierC_v1","HF",0.0789210789210789,0.201647411885425,0.000999000999000999
"REACTOME_SARS_COV_2_MODULATES_HOST_TRANSLATION_MACHINERY","midnightblue",0.00525321276258566,"TierC_v1","HF",1,0.201647411885425,0.000999000999000999
"REACTOME_REGULATION_OF_CDH1_POSTTRANSLATIONAL_PROCESSING_AND_TRAFFICKING_TO_PLASMA_MEMBRANE","midnightblue",-0.0756274444755487,"TierC_v1","HF",1,0.201647411885425,0.000999000999000999
"REACTOME_TRANSLATION_OF_SARS_COV_2_STRUCTURAL_PROTEINS","midnightblue",0.189001292987224,"TierC_v1","HF",0.936063936063936,0.201647411885425,0.000999000999000999
"REACTOME_EUKARYOTIC_TRANSLATION_INITIATION","midnightblue",-0.00829518854989223,"TierC_v1","HF",1,0.201647411885425,0.000999000999000999
"REACTOME_TRANSLATION","midnightblue",0.0838902365693246,"TierC_v1","HF",1,0.201647411885425,0.000999000999000999
"REACTOME_SARS_COV_1_MODULATES_HOST_TRANSLATION_MACHINERY","midnightblue",-0.0729181925680015,"TierC_v1","HF",1,0.201647411885425,0.000999000999000999
"HALLMARK_MTORC1_SIGNALING","midnightblue",0.473587179824054,"TierC_v1","HF",0.000999000999000999,0.201647411885425,0.000999000999000999
"REACTOME_MITOCHONDRIAL_TRNA_AMINOACYLATION","midnightblue",0.076496554569962,"TierC_v1","HF",1,0.201647411885425,0.000999000999000999
"REACTOME_TRANSLATION_OF_REPLICASE_AND_ASSEMBLY_OF_THE_REPLICATION_TRANSCRIPTION_COMPLEX","midnightblue",0.365760575440255,"TierC_v1","HF",0.000999000999000999,0.201647411885425,0.000999000999000999
"REACTOME_REGULATION_OF_CDH1_MRNA_TRANSLATION_BY_MICRORNAS","midnightblue",-0.359667597784077,"TierC_v1","HF",0.000999000999000999,0.201647411885425,0.000999000999000999
"REACTOME_POST_TRANSLATIONAL_MODIFICATION_SYNTHESIS_OF_GPI_ANCHORED_PROTEINS","midnightblue",0.0017886612458694,"TierC_v1","HF",1,0.201647411885425,0.000999000999000999
"REACTOME_TRANSCRIPTIONAL_AND_POST_TRANSLATIONAL_REGULATION_OF_MITF_M_EXPRESSION_AND_ACTIVITY","midnightblue",-0.156151039626767,"TierC_v1","HF",0.999000999000999,0.201647411885425,0.000999000999000999
"REACTOME_REGULATION_OF_CDH11_MRNA_TRANSLATION_BY_MICRORNAS","midnightblue",-0.441358921582417,"TierC_v1","HF",0.000999000999000999,0.201647411885425,0.000999000999000999
"REACTOME_TRANSLATION_OF_SARS_COV_1_STRUCTURAL_PROTEINS","midnightblue",0.0392443403385687,"TierC_v1","HF",1,0.201647411885425,0.000999000999000999
"REACTOME_REGULATION_OF_PTEN_MRNA_TRANSLATION","midnightblue",-0.435156116719364,"TierC_v1","HF",0.000999000999000999,0.201647411885425,0.000999000999000999
"REACTOME_MITOCHONDRIAL_TRANSLATION_ELONGATION","midnightblue",-0.0917202086916907,"TierC_v1","HF",1,0.201647411885425,0.000999000999000999
"REACTOME_RRNA_PROCESSING_IN_THE_MITOCHONDRION","midnightblue",0.0857274003324665,"TierC_v1","HF",1,0.201647411885425,0.000999000999000999
"REACTOME_REGULATION_OF_NPAS4_MRNA_TRANSLATION","midnightblue",-0.441358921582417,"TierC_v1","HF",0.000999000999000999,0.201647411885425,0.000999000999000999
"REACTOME_MITOCHONDRIAL_TRANSLATION","midnightblue",-0.0737278941759655,"TierC_v1","HF",1,0.201647411885425,0.000999000999000999
"REACTOME_REGULATION_OF_PD_L1_CD274_TRANSLATION","midnightblue",-0.277936927175732,"TierC_v1","HF",0.0899100899100899,0.201647411885425,0.000999000999000999
"REACTOME_CARBOXYTERMINAL_POST_TRANSLATIONAL_MODIFICATIONS_OF_TUBULIN","royalblue",0.00555362773212301,"TierC_v1","HF",1,0.206994126018739,0.000999000999000999
"HALLMARK_MYC_TARGETS_V1","royalblue",-0.248790087080618,"TierC_v1","HF",0.283716283716284,0.206994126018739,0.000999000999000999
"REACTOME_CYTOSOLIC_TRNA_AMINOACYLATION","royalblue",-0.293035202385777,"TierC_v1","HF",0.037962037962038,0.206994126018739,0.000999000999000999
"REACTOME_TRNA_AMINOACYLATION","royalblue",-0.365884298272771,"TierC_v1","HF",0.000999000999000999,0.206994126018739,0.000999000999000999
"REACTOME_RIBOSOME_QUALITY_CONTROL_RQC_COMPLEX_EXTRACTS_AND_DEGRADES_NASCENT_PEPTIDE","royalblue",-0.264746552635629,"TierC_v1","HF",0.157842157842158,0.206994126018739,0.000999000999000999
"REACTOME_RIBOSOME_ASSOCIATED_QUALITY_CONTROL","royalblue",-0.166423952949143,"TierC_v1","HF",0.993006993006993,0.206994126018739,0.000999000999000999
"REACTOME_REGULATION_OF_PD_L1_CD274_POST_TRANSLATIONAL_MODIFICATION","royalblue",-0.410815073804459,"TierC_v1","HF",0.000999000999000999,0.206994126018739,0.000999000999000999
"REACTOME_DENGUE_VIRUS_GENOME_TRANSLATION_AND_REPLICATION","royalblue",-0.169345978062507,"TierC_v1","HF",0.992007992007992,0.206994126018739,0.000999000999000999
"REACTOME_RESPIRATORY_SYNCYTIAL_VIRUS_RSV_GENOME_REPLICATION_TRANSCRIPTION_AND_TRANSLATION","royalblue",-0.0167414561451687,"TierC_v1","HF",1,0.206994126018739,0.000999000999000999
"HALLMARK_MYC_TARGETS_V2","royalblue",-0.308752439974788,"TierC_v1","HF",0.021978021978022,0.206994126018739,0.000999000999000999
"REACTOME_EUKARYOTIC_TRANSLATION_ELONGATION","royalblue",0.0193287478381838,"TierC_v1","HF",1,0.206994126018739,0.000999000999000999
"REACTOME_SRP_DEPENDENT_COTRANSLATIONAL_PROTEIN_TARGETING_TO_MEMBRANE","royalblue",0.0503506776781141,"TierC_v1","HF",1,0.206994126018739,0.000999000999000999
"REACTOME_RRNA_PROCESSING","royalblue",-0.13302290064936,"TierC_v1","HF",1,0.206994126018739,0.000999000999000999
"REACTOME_SARS_COV_2_MODULATES_HOST_TRANSLATION_MACHINERY","royalblue",-0.0240099544342328,"TierC_v1","HF",1,0.206994126018739,0.000999000999000999
"REACTOME_REGULATION_OF_CDH1_POSTTRANSLATIONAL_PROCESSING_AND_TRAFFICKING_TO_PLASMA_MEMBRANE","royalblue",-0.196125453547643,"TierC_v1","HF",0.883116883116883,0.206994126018739,0.000999000999000999
"REACTOME_TRANSLATION_OF_SARS_COV_2_STRUCTURAL_PROTEINS","royalblue",0.276339810839433,"TierC_v1","HF",0.0989010989010989,0.206994126018739,0.000999000999000999
"REACTOME_EUKARYOTIC_TRANSLATION_INITIATION","royalblue",0.00874131621889118,"TierC_v1","HF",1,0.206994126018739,0.000999000999000999
"REACTOME_TRANSLATION","royalblue",-0.423636694426,"TierC_v1","HF",0.000999000999000999,0.206994126018739,0.000999000999000999
"REACTOME_SARS_COV_1_MODULATES_HOST_TRANSLATION_MACHINERY","royalblue",0.0238189057514621,"TierC_v1","HF",1,0.206994126018739,0.000999000999000999
"HALLMARK_MTORC1_SIGNALING","royalblue",0.239219191873714,"TierC_v1","HF",0.380619380619381,0.206994126018739,0.000999000999000999
"REACTOME_MITOCHONDRIAL_TRNA_AMINOACYLATION","royalblue",-0.347479502605125,"TierC_v1","HF",0.00699300699300699,0.206994126018739,0.000999000999000999
"REACTOME_TRANSLATION_OF_REPLICASE_AND_ASSEMBLY_OF_THE_REPLICATION_TRANSCRIPTION_COMPLEX","royalblue",0.0696421113985876,"TierC_v1","HF",1,0.206994126018739,0.000999000999000999
"REACTOME_REGULATION_OF_CDH1_MRNA_TRANSLATION_BY_MICRORNAS","royalblue",0.15630342598446,"TierC_v1","HF",0.999000999000999,0.206994126018739,0.000999000999000999
"REACTOME_POST_TRANSLATIONAL_MODIFICATION_SYNTHESIS_OF_GPI_ANCHORED_PROTEINS","royalblue",0.507521296035926,"TierC_v1","HF",0.000999000999000999,0.206994126018739,0.000999000999000999
"REACTOME_TRANSCRIPTIONAL_AND_POST_TRANSLATIONAL_REGULATION_OF_MITF_M_EXPRESSION_AND_ACTIVITY","royalblue",0.0685466204085044,"TierC_v1","HF",1,0.206994126018739,0.000999000999000999
"REACTOME_REGULATION_OF_CDH11_MRNA_TRANSLATION_BY_MICRORNAS","royalblue",0.0662740756726361,"TierC_v1","HF",1,0.206994126018739,0.000999000999000999
"REACTOME_TRANSLATION_OF_SARS_COV_1_STRUCTURAL_PROTEINS","royalblue",0.48264619143101,"TierC_v1","HF",0.000999000999000999,0.206994126018739,0.000999000999000999
"REACTOME_REGULATION_OF_PTEN_MRNA_TRANSLATION","royalblue",0.0909494095310827,"TierC_v1","HF",1,0.206994126018739,0.000999000999000999
"REACTOME_MITOCHONDRIAL_TRANSLATION_ELONGATION","royalblue",-0.473258984667316,"TierC_v1","HF",0.000999000999000999,0.206994126018739,0.000999000999000999
"REACTOME_RRNA_PROCESSING_IN_THE_MITOCHONDRION","royalblue",-0.341604520295665,"TierC_v1","HF",0.00699300699300699,0.206994126018739,0.000999000999000999
"REACTOME_REGULATION_OF_NPAS4_MRNA_TRANSLATION","royalblue",0.0662740756726361,"TierC_v1","HF",1,0.206994126018739,0.000999000999000999
"REACTOME_MITOCHONDRIAL_TRANSLATION","royalblue",-0.476950967841647,"TierC_v1","HF",0.000999000999000999,0.206994126018739,0.000999000999000999
"REACTOME_REGULATION_OF_PD_L1_CD274_TRANSLATION","royalblue",0.0386726547737619,"TierC_v1","HF",1,0.206994126018739,0.000999000999000999
"REACTOME_CARBOXYTERMINAL_POST_TRANSLATIONAL_MODIFICATIONS_OF_TUBULIN","brown",0.26832588450399,"TierC_v1","HF",0.135864135864136,0.370178484468894,0.000999000999000999
"HALLMARK_MYC_TARGETS_V1","brown",-0.415139602627414,"TierC_v1","HF",0.000999000999000999,0.370178484468894,0.000999000999000999
"REACTOME_CYTOSOLIC_TRNA_AMINOACYLATION","brown",-0.481686024990354,"TierC_v1","HF",0.000999000999000999,0.370178484468894,0.000999000999000999
"REACTOME_TRNA_AMINOACYLATION","brown",-0.728758700284415,"TierC_v1","HF",0.000999000999000999,0.370178484468894,0.000999000999000999
"REACTOME_RIBOSOME_QUALITY_CONTROL_RQC_COMPLEX_EXTRACTS_AND_DEGRADES_NASCENT_PEPTIDE","brown",-0.330156614638781,"TierC_v1","HF",0.010989010989011,0.370178484468894,0.000999000999000999
"REACTOME_RIBOSOME_ASSOCIATED_QUALITY_CONTROL","brown",-0.125392124034128,"TierC_v1","HF",1,0.370178484468894,0.000999000999000999
"REACTOME_REGULATION_OF_PD_L1_CD274_POST_TRANSLATIONAL_MODIFICATION","brown",-0.703607866495112,"TierC_v1","HF",0.000999000999000999,0.370178484468894,0.000999000999000999
"REACTOME_DENGUE_VIRUS_GENOME_TRANSLATION_AND_REPLICATION","brown",-0.144094404412934,"TierC_v1","HF",1,0.370178484468894,0.000999000999000999
"REACTOME_RESPIRATORY_SYNCYTIAL_VIRUS_RSV_GENOME_REPLICATION_TRANSCRIPTION_AND_TRANSLATION","brown",-0.0699858970857565,"TierC_v1","HF",1,0.370178484468894,0.000999000999000999
"HALLMARK_MYC_TARGETS_V2","brown",-0.345621968847451,"TierC_v1","HF",0.00699300699300699,0.370178484468894,0.000999000999000999
"REACTOME_EUKARYOTIC_TRANSLATION_ELONGATION","brown",0.297581024195443,"TierC_v1","HF",0.027972027972028,0.370178484468894,0.000999000999000999
"REACTOME_SRP_DEPENDENT_COTRANSLATIONAL_PROTEIN_TARGETING_TO_MEMBRANE","brown",0.330435837049141,"TierC_v1","HF",0.010989010989011,0.370178484468894,0.000999000999000999
"REACTOME_RRNA_PROCESSING","brown",-0.15531916649046,"TierC_v1","HF",0.999000999000999,0.370178484468894,0.000999000999000999
"REACTOME_SARS_COV_2_MODULATES_HOST_TRANSLATION_MACHINERY","brown",0.173974919601393,"TierC_v1","HF",0.987012987012987,0.370178484468894,0.000999000999000999
"REACTOME_REGULATION_OF_CDH1_POSTTRANSLATIONAL_PROCESSING_AND_TRAFFICKING_TO_PLASMA_MEMBRANE","brown",0.0206164163169563,"TierC_v1","HF",1,0.370178484468894,0.000999000999000999
"REACTOME_TRANSLATION_OF_SARS_COV_2_STRUCTURAL_PROTEINS","brown",0.419166012709821,"TierC_v1","HF",0.000999000999000999,0.370178484468894,0.000999000999000999
"REACTOME_EUKARYOTIC_TRANSLATION_INITIATION","brown",0.245482998569705,"TierC_v1","HF",0.313686313686314,0.370178484468894,0.000999000999000999
"REACTOME_TRANSLATION","brown",-0.730745089116266,"TierC_v1","HF",0.000999000999000999,0.370178484468894,0.000999000999000999
"REACTOME_SARS_COV_1_MODULATES_HOST_TRANSLATION_MACHINERY","brown",0.298228855005145,"TierC_v1","HF",0.027972027972028,0.370178484468894,0.000999000999000999
"HALLMARK_MTORC1_SIGNALING","brown",0.470465088280544,"TierC_v1","HF",0.000999000999000999,0.370178484468894,0.000999000999000999
"REACTOME_MITOCHONDRIAL_TRNA_AMINOACYLATION","brown",-0.789006005410416,"TierC_v1","HF",0.000999000999000999,0.370178484468894,0.000999000999000999
"REACTOME_TRANSLATION_OF_REPLICASE_AND_ASSEMBLY_OF_THE_REPLICATION_TRANSCRIPTION_COMPLEX","brown",-0.21012765859983,"TierC_v1","HF",0.756243756243756,0.370178484468894,0.000999000999000999
"REACTOME_REGULATION_OF_CDH1_MRNA_TRANSLATION_BY_MICRORNAS","brown",0.415308408245485,"TierC_v1","HF",0.000999000999000999,0.370178484468894,0.000999000999000999
"REACTOME_POST_TRANSLATIONAL_MODIFICATION_SYNTHESIS_OF_GPI_ANCHORED_PROTEINS","brown",0.686327971746805,"TierC_v1","HF",0.000999000999000999,0.370178484468894,0.000999000999000999
"REACTOME_TRANSCRIPTIONAL_AND_POST_TRANSLATIONAL_REGULATION_OF_MITF_M_EXPRESSION_AND_ACTIVITY","brown",0.0615489887745579,"TierC_v1","HF",1,0.370178484468894,0.000999000999000999
"REACTOME_REGULATION_OF_CDH11_MRNA_TRANSLATION_BY_MICRORNAS","brown",0.0527374340093482,"TierC_v1","HF",1,0.370178484468894,0.000999000999000999
"REACTOME_TRANSLATION_OF_SARS_COV_1_STRUCTURAL_PROTEINS","brown",0.509159315739626,"TierC_v1","HF",0.000999000999000999,0.370178484468894,0.000999000999000999
"REACTOME_REGULATION_OF_PTEN_MRNA_TRANSLATION","brown",0.118223874514737,"TierC_v1","HF",1,0.370178484468894,0.000999000999000999
"REACTOME_MITOCHONDRIAL_TRANSLATION_ELONGATION","brown",-0.857161989278768,"TierC_v1","HF",0.000999000999000999,0.370178484468894,0.000999000999000999
"REACTOME_RRNA_PROCESSING_IN_THE_MITOCHONDRION","brown",-0.80873638959967,"TierC_v1","HF",0.000999000999000999,0.370178484468894,0.000999000999000999
"REACTOME_REGULATION_OF_NPAS4_MRNA_TRANSLATION","brown",0.0527374340093482,"TierC_v1","HF",1,0.370178484468894,0.000999000999000999
"REACTOME_MITOCHONDRIAL_TRANSLATION","brown",-0.871138604074608,"TierC_v1","HF",0.000999000999000999,0.370178484468894,0.000999000999000999
"REACTOME_REGULATION_OF_PD_L1_CD274_TRANSLATION","brown",0.0288914182150861,"TierC_v1","HF",1,0.370178484468894,0.000999000999000999
"REACTOME_CARBOXYTERMINAL_POST_TRANSLATIONAL_MODIFICATIONS_OF_TUBULIN","magenta",0.0559771625110955,"TierC_v1","HF",1,0.249333535058549,0.000999000999000999
"HALLMARK_MYC_TARGETS_V1","magenta",-0.370683367274724,"TierC_v1","HF",0.000999000999000999,0.249333535058549,0.000999000999000999
"REACTOME_CYTOSOLIC_TRNA_AMINOACYLATION","magenta",-0.441343508394468,"TierC_v1","HF",0.000999000999000999,0.249333535058549,0.000999000999000999
"REACTOME_TRNA_AMINOACYLATION","magenta",-0.535662347091623,"TierC_v1","HF",0.000999000999000999,0.249333535058549,0.000999000999000999
"REACTOME_RIBOSOME_QUALITY_CONTROL_RQC_COMPLEX_EXTRACTS_AND_DEGRADES_NASCENT_PEPTIDE","magenta",-0.248591064026737,"TierC_v1","HF",0.285714285714286,0.249333535058549,0.000999000999000999
"REACTOME_RIBOSOME_ASSOCIATED_QUALITY_CONTROL","magenta",-0.122128329655341,"TierC_v1","HF",1,0.249333535058549,0.000999000999000999
"REACTOME_REGULATION_OF_PD_L1_CD274_POST_TRANSLATIONAL_MODIFICATION","magenta",-0.529298482299408,"TierC_v1","HF",0.000999000999000999,0.249333535058549,0.000999000999000999
"REACTOME_DENGUE_VIRUS_GENOME_TRANSLATION_AND_REPLICATION","magenta",-0.116392572852659,"TierC_v1","HF",1,0.249333535058549,0.000999000999000999
"REACTOME_RESPIRATORY_SYNCYTIAL_VIRUS_RSV_GENOME_REPLICATION_TRANSCRIPTION_AND_TRANSLATION","magenta",-0.228755577586,"TierC_v1","HF",0.509490509490509,0.249333535058549,0.000999000999000999
"HALLMARK_MYC_TARGETS_V2","magenta",-0.290579943176136,"TierC_v1","HF",0.042957042957043,0.249333535058549,0.000999000999000999
"REACTOME_EUKARYOTIC_TRANSLATION_ELONGATION","magenta",0.226421404694779,"TierC_v1","HF",0.541458541458541,0.249333535058549,0.000999000999000999
"REACTOME_SRP_DEPENDENT_COTRANSLATIONAL_PROTEIN_TARGETING_TO_MEMBRANE","magenta",0.228075416779391,"TierC_v1","HF",0.515484515484515,0.249333535058549,0.000999000999000999
"REACTOME_RRNA_PROCESSING","magenta",-0.0915722894739035,"TierC_v1","HF",1,0.249333535058549,0.000999000999000999
"REACTOME_SARS_COV_2_MODULATES_HOST_TRANSLATION_MACHINERY","magenta",0.0854300131371577,"TierC_v1","HF",1,0.249333535058549,0.000999000999000999
"REACTOME_REGULATION_OF_CDH1_POSTTRANSLATIONAL_PROCESSING_AND_TRAFFICKING_TO_PLASMA_MEMBRANE","magenta",-0.00212021058972985,"TierC_v1","HF",1,0.249333535058549,0.000999000999000999
"REACTOME_TRANSLATION_OF_SARS_COV_2_STRUCTURAL_PROTEINS","magenta",0.0261939637074996,"TierC_v1","HF",1,0.249333535058549,0.000999000999000999
"REACTOME_EUKARYOTIC_TRANSLATION_INITIATION","magenta",0.205474976235521,"TierC_v1","HF",0.805194805194805,0.249333535058549,0.000999000999000999
"REACTOME_TRANSLATION","magenta",-0.497192312890407,"TierC_v1","HF",0.000999000999000999,0.249333535058549,0.000999000999000999
"REACTOME_SARS_COV_1_MODULATES_HOST_TRANSLATION_MACHINERY","magenta",0.189705111649795,"TierC_v1","HF",0.933066933066933,0.249333535058549,0.000999000999000999
"HALLMARK_MTORC1_SIGNALING","magenta",0.290803584143967,"TierC_v1","HF",0.040959040959041,0.249333535058549,0.000999000999000999
"REACTOME_MITOCHONDRIAL_TRNA_AMINOACYLATION","magenta",-0.519727552414594,"TierC_v1","HF",0.000999000999000999,0.249333535058549,0.000999000999000999
"REACTOME_TRANSLATION_OF_REPLICASE_AND_ASSEMBLY_OF_THE_REPLICATION_TRANSCRIPTION_COMPLEX","magenta",-0.104981739940696,"TierC_v1","HF",1,0.249333535058549,0.000999000999000999
"REACTOME_REGULATION_OF_CDH1_MRNA_TRANSLATION_BY_MICRORNAS","magenta",0.293009236732802,"TierC_v1","HF",0.037962037962038,0.249333535058549,0.000999000999000999
"REACTOME_POST_TRANSLATIONAL_MODIFICATION_SYNTHESIS_OF_GPI_ANCHORED_PROTEINS","magenta",0.618382491066776,"TierC_v1","HF",0.000999000999000999,0.249333535058549,0.000999000999000999
"REACTOME_TRANSCRIPTIONAL_AND_POST_TRANSLATIONAL_REGULATION_OF_MITF_M_EXPRESSION_AND_ACTIVITY","magenta",-0.0152955892271344,"TierC_v1","HF",1,0.249333535058549,0.000999000999000999
"REACTOME_REGULATION_OF_CDH11_MRNA_TRANSLATION_BY_MICRORNAS","magenta",0.0251916979343506,"TierC_v1","HF",1,0.249333535058549,0.000999000999000999
"REACTOME_TRANSLATION_OF_SARS_COV_1_STRUCTURAL_PROTEINS","magenta",0.109631256728849,"TierC_v1","HF",1,0.249333535058549,0.000999000999000999
"REACTOME_REGULATION_OF_PTEN_MRNA_TRANSLATION","magenta",0.0969186251211303,"TierC_v1","HF",1,0.249333535058549,0.000999000999000999
"REACTOME_MITOCHONDRIAL_TRANSLATION_ELONGATION","magenta",-0.543391844246883,"TierC_v1","HF",0.000999000999000999,0.249333535058549,0.000999000999000999
"REACTOME_RRNA_PROCESSING_IN_THE_MITOCHONDRION","magenta",-0.498145438049639,"TierC_v1","HF",0.000999000999000999,0.249333535058549,0.000999000999000999
"REACTOME_REGULATION_OF_NPAS4_MRNA_TRANSLATION","magenta",0.0251916979343506,"TierC_v1","HF",1,0.249333535058549,0.000999000999000999
"REACTOME_MITOCHONDRIAL_TRANSLATION","magenta",-0.554523850535938,"TierC_v1","HF",0.000999000999000999,0.249333535058549,0.000999000999000999
"REACTOME_REGULATION_OF_PD_L1_CD274_TRANSLATION","magenta",-0.0412139988286331,"TierC_v1","HF",1,0.249333535058549,0.000999000999000999
"REACTOME_CARBOXYTERMINAL_POST_TRANSLATIONAL_MODIFICATIONS_OF_TUBULIN","darkgreen",0.277520769951645,"TierC_v1","HF",0.0929070929070929,0.0968050326990851,0.396603396603397
"HALLMARK_MYC_TARGETS_V1","darkgreen",-0.108370140539708,"TierC_v1","HF",1,0.0968050326990851,0.396603396603397
"REACTOME_CYTOSOLIC_TRNA_AMINOACYLATION","darkgreen",-0.0323068920632084,"TierC_v1","HF",1,0.0968050326990851,0.396603396603397
"REACTOME_TRNA_AMINOACYLATION","darkgreen",-0.0577662172397667,"TierC_v1","HF",1,0.0968050326990851,0.396603396603397
"REACTOME_RIBOSOME_QUALITY_CONTROL_RQC_COMPLEX_EXTRACTS_AND_DEGRADES_NASCENT_PEPTIDE","darkgreen",-0.119247454034417,"TierC_v1","HF",1,0.0968050326990851,0.396603396603397
"REACTOME_RIBOSOME_ASSOCIATED_QUALITY_CONTROL","darkgreen",-0.0638313488883907,"TierC_v1","HF",1,0.0968050326990851,0.396603396603397
"REACTOME_REGULATION_OF_PD_L1_CD274_POST_TRANSLATIONAL_MODIFICATION","darkgreen",-0.0469987092380557,"TierC_v1","HF",1,0.0968050326990851,0.396603396603397
"REACTOME_DENGUE_VIRUS_GENOME_TRANSLATION_AND_REPLICATION","darkgreen",0.0797555906694866,"TierC_v1","HF",1,0.0968050326990851,0.396603396603397
"REACTOME_RESPIRATORY_SYNCYTIAL_VIRUS_RSV_GENOME_REPLICATION_TRANSCRIPTION_AND_TRANSLATION","darkgreen",0.0734440852643738,"TierC_v1","HF",1,0.0968050326990851,0.396603396603397
"HALLMARK_MYC_TARGETS_V2","darkgreen",-0.103511445417505,"TierC_v1","HF",1,0.0968050326990851,0.396603396603397
"REACTOME_EUKARYOTIC_TRANSLATION_ELONGATION","darkgreen",-0.0596224223658823,"TierC_v1","HF",1,0.0968050326990851,0.396603396603397
"REACTOME_SRP_DEPENDENT_COTRANSLATIONAL_PROTEIN_TARGETING_TO_MEMBRANE","darkgreen",-0.0673891808614453,"TierC_v1","HF",1,0.0968050326990851,0.396603396603397
"REACTOME_RRNA_PROCESSING","darkgreen",-0.139936790450041,"TierC_v1","HF",1,0.0968050326990851,0.396603396603397
"REACTOME_SARS_COV_2_MODULATES_HOST_TRANSLATION_MACHINERY","darkgreen",-0.0634793004089098,"TierC_v1","HF",1,0.0968050326990851,0.396603396603397
"REACTOME_REGULATION_OF_CDH1_POSTTRANSLATIONAL_PROCESSING_AND_TRAFFICKING_TO_PLASMA_MEMBRANE","darkgreen",-0.0554741616786907,"TierC_v1","HF",1,0.0968050326990851,0.396603396603397
"REACTOME_TRANSLATION_OF_SARS_COV_2_STRUCTURAL_PROTEINS","darkgreen",0.0432101194115241,"TierC_v1","HF",1,0.0968050326990851,0.396603396603397
"REACTOME_EUKARYOTIC_TRANSLATION_INITIATION","darkgreen",-0.0725855891220939,"TierC_v1","HF",1,0.0968050326990851,0.396603396603397
"REACTOME_TRANSLATION","darkgreen",-0.154478773239521,"TierC_v1","HF",0.999000999000999,0.0968050326990851,0.396603396603397
"REACTOME_SARS_COV_1_MODULATES_HOST_TRANSLATION_MACHINERY","darkgreen",-0.0391836703403165,"TierC_v1","HF",1,0.0968050326990851,0.396603396603397
"HALLMARK_MTORC1_SIGNALING","darkgreen",-0.022400106287897,"TierC_v1","HF",1,0.0968050326990851,0.396603396603397
"REACTOME_MITOCHONDRIAL_TRNA_AMINOACYLATION","darkgreen",-0.0318957750764811,"TierC_v1","HF",1,0.0968050326990851,0.396603396603397
"REACTOME_TRANSLATION_OF_REPLICASE_AND_ASSEMBLY_OF_THE_REPLICATION_TRANSCRIPTION_COMPLEX","darkgreen",0.0309960723379828,"TierC_v1","HF",1,0.0968050326990851,0.396603396603397
"REACTOME_REGULATION_OF_CDH1_MRNA_TRANSLATION_BY_MICRORNAS","darkgreen",-0.00369738797932501,"TierC_v1","HF",1,0.0968050326990851,0.396603396603397
"REACTOME_POST_TRANSLATIONAL_MODIFICATION_SYNTHESIS_OF_GPI_ANCHORED_PROTEINS","darkgreen",-0.300529743970603,"TierC_v1","HF",0.027972027972028,0.0968050326990851,0.396603396603397
"REACTOME_TRANSCRIPTIONAL_AND_POST_TRANSLATIONAL_REGULATION_OF_MITF_M_EXPRESSION_AND_ACTIVITY","darkgreen",0.142389845419306,"TierC_v1","HF",1,0.0968050326990851,0.396603396603397
"REACTOME_REGULATION_OF_CDH11_MRNA_TRANSLATION_BY_MICRORNAS","darkgreen",0.0969546648012484,"TierC_v1","HF",1,0.0968050326990851,0.396603396603397
"REACTOME_TRANSLATION_OF_SARS_COV_1_STRUCTURAL_PROTEINS","darkgreen",0.102232309628677,"TierC_v1","HF",1,0.0968050326990851,0.396603396603397
"REACTOME_REGULATION_OF_PTEN_MRNA_TRANSLATION","darkgreen",0.0671093618211765,"TierC_v1","HF",1,0.0968050326990851,0.396603396603397
"REACTOME_MITOCHONDRIAL_TRANSLATION_ELONGATION","darkgreen",-0.174528809437736,"TierC_v1","HF",0.987012987012987,0.0968050326990851,0.396603396603397
"REACTOME_RRNA_PROCESSING_IN_THE_MITOCHONDRION","darkgreen",-0.104061340737467,"TierC_v1","HF",1,0.0968050326990851,0.396603396603397
"REACTOME_REGULATION_OF_NPAS4_MRNA_TRANSLATION","darkgreen",0.0969546648012484,"TierC_v1","HF",1,0.0968050326990851,0.396603396603397
"REACTOME_MITOCHONDRIAL_TRANSLATION","darkgreen",-0.167942857155059,"TierC_v1","HF",0.993006993006993,0.0968050326990851,0.396603396603397
"REACTOME_REGULATION_OF_PD_L1_CD274_TRANSLATION","darkgreen",0.194760478430618,"TierC_v1","HF",0.889110889110889,0.0968050326990851,0.396603396603397
"REACTOME_CARBOXYTERMINAL_POST_TRANSLATIONAL_MODIFICATIONS_OF_TUBULIN","red",0.174603264746963,"TierC_v1","HF",0.987012987012987,0.18736921254604,0.000999000999000999
"HALLMARK_MYC_TARGETS_V1","red",0.179009133105612,"TierC_v1","HF",0.973026973026973,0.18736921254604,0.000999000999000999
"REACTOME_CYTOSOLIC_TRNA_AMINOACYLATION","red",0.265885362629805,"TierC_v1","HF",0.147852147852148,0.18736921254604,0.000999000999000999
"REACTOME_TRNA_AMINOACYLATION","red",0.264100963905271,"TierC_v1","HF",0.160839160839161,0.18736921254604,0.000999000999000999
"REACTOME_RIBOSOME_QUALITY_CONTROL_RQC_COMPLEX_EXTRACTS_AND_DEGRADES_NASCENT_PEPTIDE","red",0.0416571482984489,"TierC_v1","HF",1,0.18736921254604,0.000999000999000999
"REACTOME_RIBOSOME_ASSOCIATED_QUALITY_CONTROL","red",-0.0373351116245132,"TierC_v1","HF",1,0.18736921254604,0.000999000999000999
"REACTOME_REGULATION_OF_PD_L1_CD274_POST_TRANSLATIONAL_MODIFICATION","red",0.378080447075417,"TierC_v1","HF",0.000999000999000999,0.18736921254604,0.000999000999000999
"REACTOME_DENGUE_VIRUS_GENOME_TRANSLATION_AND_REPLICATION","red",0.216780268403847,"TierC_v1","HF",0.676323676323676,0.18736921254604,0.000999000999000999
"REACTOME_RESPIRATORY_SYNCYTIAL_VIRUS_RSV_GENOME_REPLICATION_TRANSCRIPTION_AND_TRANSLATION","red",0.141531351582996,"TierC_v1","HF",1,0.18736921254604,0.000999000999000999
"HALLMARK_MYC_TARGETS_V2","red",0.149966711609949,"TierC_v1","HF",1,0.18736921254604,0.000999000999000999
"REACTOME_EUKARYOTIC_TRANSLATION_ELONGATION","red",-0.25725565861066,"TierC_v1","HF",0.215784215784216,0.18736921254604,0.000999000999000999
"REACTOME_SRP_DEPENDENT_COTRANSLATIONAL_PROTEIN_TARGETING_TO_MEMBRANE","red",-0.276203114799653,"TierC_v1","HF",0.100899100899101,0.18736921254604,0.000999000999000999
"REACTOME_RRNA_PROCESSING","red",-0.0807123619278982,"TierC_v1","HF",1,0.18736921254604,0.000999000999000999
"REACTOME_SARS_COV_2_MODULATES_HOST_TRANSLATION_MACHINERY","red",-0.195806898611058,"TierC_v1","HF",0.886113886113886,0.18736921254604,0.000999000999000999
"REACTOME_REGULATION_OF_CDH1_POSTTRANSLATIONAL_PROCESSING_AND_TRAFFICKING_TO_PLASMA_MEMBRANE","red",-0.00210480372725442,"TierC_v1","HF",1,0.18736921254604,0.000999000999000999
"REACTOME_TRANSLATION_OF_SARS_COV_2_STRUCTURAL_PROTEINS","red",-0.110309320644792,"TierC_v1","HF",1,0.18736921254604,0.000999000999000999
"REACTOME_EUKARYOTIC_TRANSLATION_INITIATION","red",-0.239417039698683,"TierC_v1","HF",0.380619380619381,0.18736921254604,0.000999000999000999
"REACTOME_TRANSLATION","red",0.193968858993202,"TierC_v1","HF",0.897102897102897,0.18736921254604,0.000999000999000999
"REACTOME_SARS_COV_1_MODULATES_HOST_TRANSLATION_MACHINERY","red",-0.255097384595755,"TierC_v1","HF",0.236763236763237,0.18736921254604,0.000999000999000999
"HALLMARK_MTORC1_SIGNALING","red",-0.117417284741248,"TierC_v1","HF",1,0.18736921254604,0.000999000999000999
"REACTOME_MITOCHONDRIAL_TRNA_AMINOACYLATION","red",0.233160798174133,"TierC_v1","HF",0.444555444555445,0.18736921254604,0.000999000999000999
"REACTOME_TRANSLATION_OF_REPLICASE_AND_ASSEMBLY_OF_THE_REPLICATION_TRANSCRIPTION_COMPLEX","red",0.241863207330553,"TierC_v1","HF",0.353646353646354,0.18736921254604,0.000999000999000999
"REACTOME_REGULATION_OF_CDH1_MRNA_TRANSLATION_BY_MICRORNAS","red",-0.179312841820633,"TierC_v1","HF",0.973026973026973,0.18736921254604,0.000999000999000999
"REACTOME_POST_TRANSLATIONAL_MODIFICATION_SYNTHESIS_OF_GPI_ANCHORED_PROTEINS","red",-0.630347230339003,"TierC_v1","HF",0.000999000999000999,0.18736921254604,0.000999000999000999
"REACTOME_TRANSCRIPTIONAL_AND_POST_TRANSLATIONAL_REGULATION_OF_MITF_M_EXPRESSION_AND_ACTIVITY","red",-0.122374947955084,"TierC_v1","HF",1,0.18736921254604,0.000999000999000999
"REACTOME_REGULATION_OF_CDH11_MRNA_TRANSLATION_BY_MICRORNAS","red",0.0109278971365952,"TierC_v1","HF",1,0.18736921254604,0.000999000999000999
"REACTOME_TRANSLATION_OF_SARS_COV_1_STRUCTURAL_PROTEINS","red",-0.212986601237341,"TierC_v1","HF",0.725274725274725,0.18736921254604,0.000999000999000999
"REACTOME_REGULATION_OF_PTEN_MRNA_TRANSLATION","red",-0.0316038413746174,"TierC_v1","HF",1,0.18736921254604,0.000999000999000999
"REACTOME_MITOCHONDRIAL_TRANSLATION_ELONGATION","red",0.247077485927142,"TierC_v1","HF",0.302697302697303,0.18736921254604,0.000999000999000999
"REACTOME_RRNA_PROCESSING_IN_THE_MITOCHONDRION","red",0.301699220848278,"TierC_v1","HF",0.026973026973027,0.18736921254604,0.000999000999000999
"REACTOME_REGULATION_OF_NPAS4_MRNA_TRANSLATION","red",0.0109278971365952,"TierC_v1","HF",1,0.18736921254604,0.000999000999000999
"REACTOME_MITOCHONDRIAL_TRANSLATION","red",0.262908082597217,"TierC_v1","HF",0.164835164835165,0.18736921254604,0.000999000999000999
"REACTOME_REGULATION_OF_PD_L1_CD274_TRANSLATION","red",0.120751472809101,"TierC_v1","HF",1,0.18736921254604,0.000999000999000999
"REACTOME_CARBOXYTERMINAL_POST_TRANSLATIONAL_MODIFICATIONS_OF_TUBULIN","salmon",0.382607363313281,"TierC_v1","HF",0.000999000999000999,0.177680858537822,0.000999000999000999
"HALLMARK_MYC_TARGETS_V1","salmon",-0.0754692631763586,"TierC_v1","HF",1,0.177680858537822,0.000999000999000999
"REACTOME_CYTOSOLIC_TRNA_AMINOACYLATION","salmon",-0.119292785136171,"TierC_v1","HF",1,0.177680858537822,0.000999000999000999
"REACTOME_TRNA_AMINOACYLATION","salmon",-0.336614513110793,"TierC_v1","HF",0.00899100899100899,0.177680858537822,0.000999000999000999
"REACTOME_RIBOSOME_QUALITY_CONTROL_RQC_COMPLEX_EXTRACTS_AND_DEGRADES_NASCENT_PEPTIDE","salmon",-0.175636192706534,"TierC_v1","HF",0.983016983016983,0.177680858537822,0.000999000999000999
"REACTOME_RIBOSOME_ASSOCIATED_QUALITY_CONTROL","salmon",-0.0715486390466292,"TierC_v1","HF",1,0.177680858537822,0.000999000999000999
"REACTOME_REGULATION_OF_PD_L1_CD274_POST_TRANSLATIONAL_MODIFICATION","salmon",-0.215904911661915,"TierC_v1","HF",0.688311688311688,0.177680858537822,0.000999000999000999
"REACTOME_DENGUE_VIRUS_GENOME_TRANSLATION_AND_REPLICATION","salmon",0.196988973695221,"TierC_v1","HF",0.877122877122877,0.177680858537822,0.000999000999000999
"REACTOME_RESPIRATORY_SYNCYTIAL_VIRUS_RSV_GENOME_REPLICATION_TRANSCRIPTION_AND_TRANSLATION","salmon",0.161934656358071,"TierC_v1","HF",0.997002997002997,0.177680858537822,0.000999000999000999
"HALLMARK_MYC_TARGETS_V2","salmon",-0.0526058021984308,"TierC_v1","HF",1,0.177680858537822,0.000999000999000999
"REACTOME_EUKARYOTIC_TRANSLATION_ELONGATION","salmon",0.0453509231188271,"TierC_v1","HF",1,0.177680858537822,0.000999000999000999
"REACTOME_SRP_DEPENDENT_COTRANSLATIONAL_PROTEIN_TARGETING_TO_MEMBRANE","salmon",0.0896587704907513,"TierC_v1","HF",1,0.177680858537822,0.000999000999000999
"REACTOME_RRNA_PROCESSING","salmon",-0.0612154565289675,"TierC_v1","HF",1,0.177680858537822,0.000999000999000999
"REACTOME_SARS_COV_2_MODULATES_HOST_TRANSLATION_MACHINERY","salmon",0.0239448021634849,"TierC_v1","HF",1,0.177680858537822,0.000999000999000999
"REACTOME_REGULATION_OF_CDH1_POSTTRANSLATIONAL_PROCESSING_AND_TRAFFICKING_TO_PLASMA_MEMBRANE","salmon",-0.0135511596928544,"TierC_v1","HF",1,0.177680858537822,0.000999000999000999
"REACTOME_TRANSLATION_OF_SARS_COV_2_STRUCTURAL_PROTEINS","salmon",0.287216671141837,"TierC_v1","HF",0.04995004995005,0.177680858537822,0.000999000999000999
"REACTOME_EUKARYOTIC_TRANSLATION_INITIATION","salmon",0.0354226978464115,"TierC_v1","HF",1,0.177680858537822,0.000999000999000999
"REACTOME_TRANSLATION","salmon",-0.412199395855671,"TierC_v1","HF",0.000999000999000999,0.177680858537822,0.000999000999000999
"REACTOME_SARS_COV_1_MODULATES_HOST_TRANSLATION_MACHINERY","salmon",0.0466010742842363,"TierC_v1","HF",1,0.177680858537822,0.000999000999000999
"HALLMARK_MTORC1_SIGNALING","salmon",0.366566169244505,"TierC_v1","HF",0.000999000999000999,0.177680858537822,0.000999000999000999
"REACTOME_MITOCHONDRIAL_TRNA_AMINOACYLATION","salmon",-0.435279270183481,"TierC_v1","HF",0.000999000999000999,0.177680858537822,0.000999000999000999
"REACTOME_TRANSLATION_OF_REPLICASE_AND_ASSEMBLY_OF_THE_REPLICATION_TRANSCRIPTION_COMPLEX","salmon",0.0384145135063921,"TierC_v1","HF",1,0.177680858537822,0.000999000999000999
"REACTOME_REGULATION_OF_CDH1_MRNA_TRANSLATION_BY_MICRORNAS","salmon",0.183846134678757,"TierC_v1","HF",0.962037962037962,0.177680858537822,0.000999000999000999
"REACTOME_POST_TRANSLATIONAL_MODIFICATION_SYNTHESIS_OF_GPI_ANCHORED_PROTEINS","salmon",-0.0433511613999513,"TierC_v1","HF",1,0.177680858537822,0.000999000999000999
"REACTOME_TRANSCRIPTIONAL_AND_POST_TRANSLATIONAL_REGULATION_OF_MITF_M_EXPRESSION_AND_ACTIVITY","salmon",-0.09727198652424,"TierC_v1","HF",1,0.177680858537822,0.000999000999000999
"REACTOME_REGULATION_OF_CDH11_MRNA_TRANSLATION_BY_MICRORNAS","salmon",0.0103393376072287,"TierC_v1","HF",1,0.177680858537822,0.000999000999000999
"REACTOME_TRANSLATION_OF_SARS_COV_1_STRUCTURAL_PROTEINS","salmon",0.239607121402614,"TierC_v1","HF",0.380619380619381,0.177680858537822,0.000999000999000999
"REACTOME_REGULATION_OF_PTEN_MRNA_TRANSLATION","salmon",0.0329624746043544,"TierC_v1","HF",1,0.177680858537822,0.000999000999000999
"REACTOME_MITOCHONDRIAL_TRANSLATION_ELONGATION","salmon",-0.520964362586822,"TierC_v1","HF",0.000999000999000999,0.177680858537822,0.000999000999000999
"REACTOME_RRNA_PROCESSING_IN_THE_MITOCHONDRION","salmon",-0.420523776208063,"TierC_v1","HF",0.000999000999000999,0.177680858537822,0.000999000999000999
"REACTOME_REGULATION_OF_NPAS4_MRNA_TRANSLATION","salmon",0.0103393376072287,"TierC_v1","HF",1,0.177680858537822,0.000999000999000999
"REACTOME_MITOCHONDRIAL_TRANSLATION","salmon",-0.517221663203461,"TierC_v1","HF",0.000999000999000999,0.177680858537822,0.000999000999000999
"REACTOME_REGULATION_OF_PD_L1_CD274_TRANSLATION","salmon",0.14301697146458,"TierC_v1","HF",1,0.177680858537822,0.000999000999000999
"REACTOME_CARBOXYTERMINAL_POST_TRANSLATIONAL_MODIFICATIONS_OF_TUBULIN","blue",-0.292556076159652,"TierC_v1","HF",0.038961038961039,0.41735001932143,0.000999000999000999
"HALLMARK_MYC_TARGETS_V1","blue",0.494384052334308,"TierC_v1","HF",0.000999000999000999,0.41735001932143,0.000999000999000999
"REACTOME_CYTOSOLIC_TRNA_AMINOACYLATION","blue",0.588971096153287,"TierC_v1","HF",0.000999000999000999,0.41735001932143,0.000999000999000999
"REACTOME_TRNA_AMINOACYLATION","blue",0.806717283120993,"TierC_v1","HF",0.000999000999000999,0.41735001932143,0.000999000999000999
"REACTOME_RIBOSOME_QUALITY_CONTROL_RQC_COMPLEX_EXTRACTS_AND_DEGRADES_NASCENT_PEPTIDE","blue",0.332964450126995,"TierC_v1","HF",0.00999000999000999,0.41735001932143,0.000999000999000999
"REACTOME_RIBOSOME_ASSOCIATED_QUALITY_CONTROL","blue",0.118715859404528,"TierC_v1","HF",1,0.41735001932143,0.000999000999000999
"REACTOME_REGULATION_OF_PD_L1_CD274_POST_TRANSLATIONAL_MODIFICATION","blue",0.790116485338882,"TierC_v1","HF",0.000999000999000999,0.41735001932143,0.000999000999000999
"REACTOME_DENGUE_VIRUS_GENOME_TRANSLATION_AND_REPLICATION","blue",0.235284550911392,"TierC_v1","HF",0.425574425574426,0.41735001932143,0.000999000999000999
"REACTOME_RESPIRATORY_SYNCYTIAL_VIRUS_RSV_GENOME_REPLICATION_TRANSCRIPTION_AND_TRANSLATION","blue",0.172682829181105,"TierC_v1","HF",0.988011988011988,0.41735001932143,0.000999000999000999
"HALLMARK_MYC_TARGETS_V2","blue",0.382343204084134,"TierC_v1","HF",0.000999000999000999,0.41735001932143,0.000999000999000999
"REACTOME_EUKARYOTIC_TRANSLATION_ELONGATION","blue",-0.358337779700211,"TierC_v1","HF",0.000999000999000999,0.41735001932143,0.000999000999000999
"REACTOME_SRP_DEPENDENT_COTRANSLATIONAL_PROTEIN_TARGETING_TO_MEMBRANE","blue",-0.352995955228937,"TierC_v1","HF",0.003996003996004,0.41735001932143,0.000999000999000999
"REACTOME_RRNA_PROCESSING","blue",0.179701881987933,"TierC_v1","HF",0.973026973026973,0.41735001932143,0.000999000999000999
"REACTOME_SARS_COV_2_MODULATES_HOST_TRANSLATION_MACHINERY","blue",-0.218748134423534,"TierC_v1","HF",0.642357642357642,0.41735001932143,0.000999000999000999
"REACTOME_REGULATION_OF_CDH1_POSTTRANSLATIONAL_PROCESSING_AND_TRAFFICKING_TO_PLASMA_MEMBRANE","blue",0.0448914588837028,"TierC_v1","HF",1,0.41735001932143,0.000999000999000999
"REACTOME_TRANSLATION_OF_SARS_COV_2_STRUCTURAL_PROTEINS","blue",-0.371290661845273,"TierC_v1","HF",0.000999000999000999,0.41735001932143,0.000999000999000999
"REACTOME_EUKARYOTIC_TRANSLATION_INITIATION","blue",-0.294611996834043,"TierC_v1","HF",0.031968031968032,0.41735001932143,0.000999000999000999
"REACTOME_TRANSLATION","blue",0.780007730440903,"TierC_v1","HF",0.000999000999000999,0.41735001932143,0.000999000999000999
"REACTOME_SARS_COV_1_MODULATES_HOST_TRANSLATION_MACHINERY","blue",-0.355520446694068,"TierC_v1","HF",0.001998001998002,0.41735001932143,0.000999000999000999
"HALLMARK_MTORC1_SIGNALING","blue",-0.357394086915759,"TierC_v1","HF",0.000999000999000999,0.41735001932143,0.000999000999000999
"REACTOME_MITOCHONDRIAL_TRNA_AMINOACYLATION","blue",0.833998161116205,"TierC_v1","HF",0.000999000999000999,0.41735001932143,0.000999000999000999
"REACTOME_TRANSLATION_OF_REPLICASE_AND_ASSEMBLY_OF_THE_REPLICATION_TRANSCRIPTION_COMPLEX","blue",0.366626142699785,"TierC_v1","HF",0.000999000999000999,0.41735001932143,0.000999000999000999
"REACTOME_REGULATION_OF_CDH1_MRNA_TRANSLATION_BY_MICRORNAS","blue",-0.525939538617265,"TierC_v1","HF",0.000999000999000999,0.41735001932143,0.000999000999000999
"REACTOME_POST_TRANSLATIONAL_MODIFICATION_SYNTHESIS_OF_GPI_ANCHORED_PROTEINS","blue",-0.626948751381489,"TierC_v1","HF",0.000999000999000999,0.41735001932143,0.000999000999000999
"REACTOME_TRANSCRIPTIONAL_AND_POST_TRANSLATIONAL_REGULATION_OF_MITF_M_EXPRESSION_AND_ACTIVITY","blue",-0.018947041922288,"TierC_v1","HF",1,0.41735001932143,0.000999000999000999
"REACTOME_REGULATION_OF_CDH11_MRNA_TRANSLATION_BY_MICRORNAS","blue",-0.159095330986462,"TierC_v1","HF",0.999000999000999,0.41735001932143,0.000999000999000999
"REACTOME_TRANSLATION_OF_SARS_COV_1_STRUCTURAL_PROTEINS","blue",-0.496327309094545,"TierC_v1","HF",0.000999000999000999,0.41735001932143,0.000999000999000999
"REACTOME_REGULATION_OF_PTEN_MRNA_TRANSLATION","blue",-0.23371294598511,"TierC_v1","HF",0.441558441558442,0.41735001932143,0.000999000999000999
"REACTOME_MITOCHONDRIAL_TRANSLATION_ELONGATION","blue",0.892301287754222,"TierC_v1","HF",0.000999000999000999,0.41735001932143,0.000999000999000999
"REACTOME_RRNA_PROCESSING_IN_THE_MITOCHONDRION","blue",0.903859171840443,"TierC_v1","HF",0.000999000999000999,0.41735001932143,0.000999000999000999
"REACTOME_REGULATION_OF_NPAS4_MRNA_TRANSLATION","blue",-0.159095330986462,"TierC_v1","HF",0.999000999000999,0.41735001932143,0.000999000999000999
"REACTOME_MITOCHONDRIAL_TRANSLATION","blue",0.909739677228581,"TierC_v1","HF",0.000999000999000999,0.41735001932143,0.000999000999000999
"REACTOME_REGULATION_OF_PD_L1_CD274_TRANSLATION","blue",-0.117723928224683,"TierC_v1","HF",1,0.41735001932143,0.000999000999000999
"REACTOME_CARBOXYTERMINAL_POST_TRANSLATIONAL_MODIFICATIONS_OF_TUBULIN","lightcyan",-0.266082322491249,"TierC_v1","HF",0.147852147852148,0.292704958281962,0.000999000999000999
"HALLMARK_MYC_TARGETS_V1","lightcyan",0.0804055152574323,"TierC_v1","HF",1,0.292704958281962,0.000999000999000999
"REACTOME_CYTOSOLIC_TRNA_AMINOACYLATION","lightcyan",0.302575489715485,"TierC_v1","HF",0.025974025974026,0.292704958281962,0.000999000999000999
"REACTOME_TRNA_AMINOACYLATION","lightcyan",0.540762218149789,"TierC_v1","HF",0.000999000999000999,0.292704958281962,0.000999000999000999
"REACTOME_RIBOSOME_QUALITY_CONTROL_RQC_COMPLEX_EXTRACTS_AND_DEGRADES_NASCENT_PEPTIDE","lightcyan",0.102761908899459,"TierC_v1","HF",1,0.292704958281962,0.000999000999000999
"REACTOME_RIBOSOME_ASSOCIATED_QUALITY_CONTROL","lightcyan",-0.0658279354582463,"TierC_v1","HF",1,0.292704958281962,0.000999000999000999
"REACTOME_REGULATION_OF_PD_L1_CD274_POST_TRANSLATIONAL_MODIFICATION","lightcyan",0.404701753506876,"TierC_v1","HF",0.000999000999000999,0.292704958281962,0.000999000999000999
"REACTOME_DENGUE_VIRUS_GENOME_TRANSLATION_AND_REPLICATION","lightcyan",-0.148363460932272,"TierC_v1","HF",1,0.292704958281962,0.000999000999000999
"REACTOME_RESPIRATORY_SYNCYTIAL_VIRUS_RSV_GENOME_REPLICATION_TRANSCRIPTION_AND_TRANSLATION","lightcyan",-0.19683864951905,"TierC_v1","HF",0.877122877122877,0.292704958281962,0.000999000999000999
"HALLMARK_MYC_TARGETS_V2","lightcyan",0.250807211065585,"TierC_v1","HF",0.271728271728272,0.292704958281962,0.000999000999000999
"REACTOME_EUKARYOTIC_TRANSLATION_ELONGATION","lightcyan",-0.305397169364493,"TierC_v1","HF",0.022977022977023,0.292704958281962,0.000999000999000999
"REACTOME_SRP_DEPENDENT_COTRANSLATIONAL_PROTEIN_TARGETING_TO_MEMBRANE","lightcyan",-0.36354212090161,"TierC_v1","HF",0.000999000999000999,0.292704958281962,0.000999000999000999
"REACTOME_RRNA_PROCESSING","lightcyan",-0.0142496763710357,"TierC_v1","HF",1,0.292704958281962,0.000999000999000999
"REACTOME_SARS_COV_2_MODULATES_HOST_TRANSLATION_MACHINERY","lightcyan",-0.250914630099788,"TierC_v1","HF",0.271728271728272,0.292704958281962,0.000999000999000999
"REACTOME_REGULATION_OF_CDH1_POSTTRANSLATIONAL_PROCESSING_AND_TRAFFICKING_TO_PLASMA_MEMBRANE","lightcyan",0.044963823860805,"TierC_v1","HF",1,0.292704958281962,0.000999000999000999
"REACTOME_TRANSLATION_OF_SARS_COV_2_STRUCTURAL_PROTEINS","lightcyan",-0.452142683331356,"TierC_v1","HF",0.000999000999000999,0.292704958281962,0.000999000999000999
"REACTOME_EUKARYOTIC_TRANSLATION_INITIATION","lightcyan",-0.287794914352102,"TierC_v1","HF",0.047952047952048,0.292704958281962,0.000999000999000999
"REACTOME_TRANSLATION","lightcyan",0.496236857952268,"TierC_v1","HF",0.000999000999000999,0.292704958281962,0.000999000999000999
"REACTOME_SARS_COV_1_MODULATES_HOST_TRANSLATION_MACHINERY","lightcyan",-0.308109810681499,"TierC_v1","HF",0.022977022977023,0.292704958281962,0.000999000999000999
"HALLMARK_MTORC1_SIGNALING","lightcyan",-0.485242164314454,"TierC_v1","HF",0.000999000999000999,0.292704958281962,0.000999000999000999
"REACTOME_MITOCHONDRIAL_TRNA_AMINOACYLATION","lightcyan",0.626324773106522,"TierC_v1","HF",0.000999000999000999,0.292704958281962,0.000999000999000999
"REACTOME_TRANSLATION_OF_REPLICASE_AND_ASSEMBLY_OF_THE_REPLICATION_TRANSCRIPTION_COMPLEX","lightcyan",0.136728979121678,"TierC_v1","HF",1,0.292704958281962,0.000999000999000999
"REACTOME_REGULATION_OF_CDH1_MRNA_TRANSLATION_BY_MICRORNAS","lightcyan",-0.161575794355195,"TierC_v1","HF",0.998001998001998,0.292704958281962,0.000999000999000999
"REACTOME_POST_TRANSLATIONAL_MODIFICATION_SYNTHESIS_OF_GPI_ANCHORED_PROTEINS","lightcyan",-0.331923984682257,"TierC_v1","HF",0.00999000999000999,0.292704958281962,0.000999000999000999
"REACTOME_TRANSCRIPTIONAL_AND_POST_TRANSLATIONAL_REGULATION_OF_MITF_M_EXPRESSION_AND_ACTIVITY","lightcyan",0.102276216658144,"TierC_v1","HF",1,0.292704958281962,0.000999000999000999
"REACTOME_REGULATION_OF_CDH11_MRNA_TRANSLATION_BY_MICRORNAS","lightcyan",0.15247334594569,"TierC_v1","HF",1,0.292704958281962,0.000999000999000999
"REACTOME_TRANSLATION_OF_SARS_COV_1_STRUCTURAL_PROTEINS","lightcyan",-0.402513927460771,"TierC_v1","HF",0.000999000999000999,0.292704958281962,0.000999000999000999
"REACTOME_REGULATION_OF_PTEN_MRNA_TRANSLATION","lightcyan",0.0916359163488868,"TierC_v1","HF",1,0.292704958281962,0.000999000999000999
"REACTOME_MITOCHONDRIAL_TRANSLATION_ELONGATION","lightcyan",0.692915530909889,"TierC_v1","HF",0.000999000999000999,0.292704958281962,0.000999000999000999
"REACTOME_RRNA_PROCESSING_IN_THE_MITOCHONDRION","lightcyan",0.670870156561458,"TierC_v1","HF",0.000999000999000999,0.292704958281962,0.000999000999000999
"REACTOME_REGULATION_OF_NPAS4_MRNA_TRANSLATION","lightcyan",0.15247334594569,"TierC_v1","HF",1,0.292704958281962,0.000999000999000999
"REACTOME_MITOCHONDRIAL_TRANSLATION","lightcyan",0.694721171289172,"TierC_v1","HF",0.000999000999000999,0.292704958281962,0.000999000999000999
"REACTOME_REGULATION_OF_PD_L1_CD274_TRANSLATION","lightcyan",0.0751101646945481,"TierC_v1","HF",1,0.292704958281962,0.000999000999000999
"REACTOME_CARBOXYTERMINAL_POST_TRANSLATIONAL_MODIFICATIONS_OF_TUBULIN","pink",-0.355182749480208,"TierC_v1","HF",0.001998001998002,0.380062686266748,0.000999000999000999
"HALLMARK_MYC_TARGETS_V1","pink",0.601667177739267,"TierC_v1","HF",0.000999000999000999,0.380062686266748,0.000999000999000999
"REACTOME_CYTOSOLIC_TRNA_AMINOACYLATION","pink",0.487346081249072,"TierC_v1","HF",0.000999000999000999,0.380062686266748,0.000999000999000999
"REACTOME_TRNA_AMINOACYLATION","pink",0.598807640491531,"TierC_v1","HF",0.000999000999000999,0.380062686266748,0.000999000999000999
"REACTOME_RIBOSOME_QUALITY_CONTROL_RQC_COMPLEX_EXTRACTS_AND_DEGRADES_NASCENT_PEPTIDE","pink",0.181153615091304,"TierC_v1","HF",0.972027972027972,0.380062686266748,0.000999000999000999
"REACTOME_RIBOSOME_ASSOCIATED_QUALITY_CONTROL","pink",0.0115590547571706,"TierC_v1","HF",1,0.380062686266748,0.000999000999000999
"REACTOME_REGULATION_OF_PD_L1_CD274_POST_TRANSLATIONAL_MODIFICATION","pink",0.614606615803727,"TierC_v1","HF",0.000999000999000999,0.380062686266748,0.000999000999000999
"REACTOME_DENGUE_VIRUS_GENOME_TRANSLATION_AND_REPLICATION","pink",0.41426501774921,"TierC_v1","HF",0.000999000999000999,0.380062686266748,0.000999000999000999
"REACTOME_RESPIRATORY_SYNCYTIAL_VIRUS_RSV_GENOME_REPLICATION_TRANSCRIPTION_AND_TRANSLATION","pink",0.335136513284356,"TierC_v1","HF",0.00999000999000999,0.380062686266748,0.000999000999000999
"HALLMARK_MYC_TARGETS_V2","pink",0.340255477931177,"TierC_v1","HF",0.00699300699300699,0.380062686266748,0.000999000999000999
"REACTOME_EUKARYOTIC_TRANSLATION_ELONGATION","pink",-0.418272388193907,"TierC_v1","HF",0.000999000999000999,0.380062686266748,0.000999000999000999
"REACTOME_SRP_DEPENDENT_COTRANSLATIONAL_PROTEIN_TARGETING_TO_MEMBRANE","pink",-0.280836677493145,"TierC_v1","HF",0.0809190809190809,0.380062686266748,0.000999000999000999
"REACTOME_RRNA_PROCESSING","pink",0.251562117390284,"TierC_v1","HF",0.263736263736264,0.380062686266748,0.000999000999000999
"REACTOME_SARS_COV_2_MODULATES_HOST_TRANSLATION_MACHINERY","pink",-0.249319327974842,"TierC_v1","HF",0.280719280719281,0.380062686266748,0.000999000999000999
"REACTOME_REGULATION_OF_CDH1_POSTTRANSLATIONAL_PROCESSING_AND_TRAFFICKING_TO_PLASMA_MEMBRANE","pink",-0.142020651686367,"TierC_v1","HF",1,0.380062686266748,0.000999000999000999
"REACTOME_TRANSLATION_OF_SARS_COV_2_STRUCTURAL_PROTEINS","pink",-0.138879456260835,"TierC_v1","HF",1,0.380062686266748,0.000999000999000999
"REACTOME_EUKARYOTIC_TRANSLATION_INITIATION","pink",-0.33754076233088,"TierC_v1","HF",0.00899100899100899,0.380062686266748,0.000999000999000999
"REACTOME_TRANSLATION","pink",0.496114506277887,"TierC_v1","HF",0.000999000999000999,0.380062686266748,0.000999000999000999
"REACTOME_SARS_COV_1_MODULATES_HOST_TRANSLATION_MACHINERY","pink",-0.430027611315692,"TierC_v1","HF",0.000999000999000999,0.380062686266748,0.000999000999000999
"HALLMARK_MTORC1_SIGNALING","pink",0.187391574705338,"TierC_v1","HF",0.942057942057942,0.380062686266748,0.000999000999000999
"REACTOME_MITOCHONDRIAL_TRNA_AMINOACYLATION","pink",0.536243667386352,"TierC_v1","HF",0.000999000999000999,0.380062686266748,0.000999000999000999
"REACTOME_TRANSLATION_OF_REPLICASE_AND_ASSEMBLY_OF_THE_REPLICATION_TRANSCRIPTION_COMPLEX","pink",0.494150871830681,"TierC_v1","HF",0.000999000999000999,0.380062686266748,0.000999000999000999
"REACTOME_REGULATION_OF_CDH1_MRNA_TRANSLATION_BY_MICRORNAS","pink",-0.589694068999472,"TierC_v1","HF",0.000999000999000999,0.380062686266748,0.000999000999000999
"REACTOME_POST_TRANSLATIONAL_MODIFICATION_SYNTHESIS_OF_GPI_ANCHORED_PROTEINS","pink",-0.162068837873408,"TierC_v1","HF",0.997002997002997,0.380062686266748,0.000999000999000999
"REACTOME_TRANSCRIPTIONAL_AND_POST_TRANSLATIONAL_REGULATION_OF_MITF_M_EXPRESSION_AND_ACTIVITY","pink",-0.129307154938256,"TierC_v1","HF",1,0.380062686266748,0.000999000999000999
"REACTOME_REGULATION_OF_CDH11_MRNA_TRANSLATION_BY_MICRORNAS","pink",-0.470734945846882,"TierC_v1","HF",0.000999000999000999,0.380062686266748,0.000999000999000999
"REACTOME_TRANSLATION_OF_SARS_COV_1_STRUCTURAL_PROTEINS","pink",-0.329669221987709,"TierC_v1","HF",0.010989010989011,0.380062686266748,0.000999000999000999
"REACTOME_REGULATION_OF_PTEN_MRNA_TRANSLATION","pink",-0.494000583947217,"TierC_v1","HF",0.000999000999000999,0.380062686266748,0.000999000999000999
"REACTOME_MITOCHONDRIAL_TRANSLATION_ELONGATION","pink",0.492539461373604,"TierC_v1","HF",0.000999000999000999,0.380062686266748,0.000999000999000999
"REACTOME_RRNA_PROCESSING_IN_THE_MITOCHONDRION","pink",0.624731402365575,"TierC_v1","HF",0.000999000999000999,0.380062686266748,0.000999000999000999
"REACTOME_REGULATION_OF_NPAS4_MRNA_TRANSLATION","pink",-0.470734945846882,"TierC_v1","HF",0.000999000999000999,0.380062686266748,0.000999000999000999
"REACTOME_MITOCHONDRIAL_TRANSLATION","pink",0.519521044261727,"TierC_v1","HF",0.000999000999000999,0.380062686266748,0.000999000999000999
"REACTOME_REGULATION_OF_PD_L1_CD274_TRANSLATION","pink",-0.35672742293871,"TierC_v1","HF",0.000999000999000999,0.380062686266748,0.000999000999000999
"REACTOME_CARBOXYTERMINAL_POST_TRANSLATIONAL_MODIFICATIONS_OF_TUBULIN","turquoise",-0.380991577974093,"TierC_v1","HF",0.000999000999000999,0.328199310078335,0.000999000999000999
"HALLMARK_MYC_TARGETS_V1","turquoise",0.386646195506519,"TierC_v1","HF",0.000999000999000999,0.328199310078335,0.000999000999000999
"REACTOME_CYTOSOLIC_TRNA_AMINOACYLATION","turquoise",0.366130555709812,"TierC_v1","HF",0.000999000999000999,0.328199310078335,0.000999000999000999
"REACTOME_TRNA_AMINOACYLATION","turquoise",0.556493746754213,"TierC_v1","HF",0.000999000999000999,0.328199310078335,0.000999000999000999
"REACTOME_RIBOSOME_QUALITY_CONTROL_RQC_COMPLEX_EXTRACTS_AND_DEGRADES_NASCENT_PEPTIDE","turquoise",-0.0245623520145596,"TierC_v1","HF",1,0.328199310078335,0.000999000999000999
"REACTOME_RIBOSOME_ASSOCIATED_QUALITY_CONTROL","turquoise",-0.151728744394801,"TierC_v1","HF",1,0.328199310078335,0.000999000999000999
"REACTOME_REGULATION_OF_PD_L1_CD274_POST_TRANSLATIONAL_MODIFICATION","turquoise",0.400549174321692,"TierC_v1","HF",0.000999000999000999,0.328199310078335,0.000999000999000999
"REACTOME_DENGUE_VIRUS_GENOME_TRANSLATION_AND_REPLICATION","turquoise",0.182944899034927,"TierC_v1","HF",0.967032967032967,0.328199310078335,0.000999000999000999
"REACTOME_RESPIRATORY_SYNCYTIAL_VIRUS_RSV_GENOME_REPLICATION_TRANSCRIPTION_AND_TRANSLATION","turquoise",0.196709664587403,"TierC_v1","HF",0.88011988011988,0.328199310078335,0.000999000999000999
"HALLMARK_MYC_TARGETS_V2","turquoise",0.117313349962416,"TierC_v1","HF",1,0.328199310078335,0.000999000999000999
"REACTOME_EUKARYOTIC_TRANSLATION_ELONGATION","turquoise",-0.498603549781532,"TierC_v1","HF",0.000999000999000999,0.328199310078335,0.000999000999000999
"REACTOME_SRP_DEPENDENT_COTRANSLATIONAL_PROTEIN_TARGETING_TO_MEMBRANE","turquoise",-0.415596995470786,"TierC_v1","HF",0.000999000999000999,0.328199310078335,0.000999000999000999
"REACTOME_RRNA_PROCESSING","turquoise",0.0592417695802354,"TierC_v1","HF",1,0.328199310078335,0.000999000999000999
"REACTOME_SARS_COV_2_MODULATES_HOST_TRANSLATION_MACHINERY","turquoise",-0.441837125839857,"TierC_v1","HF",0.000999000999000999,0.328199310078335,0.000999000999000999
"REACTOME_REGULATION_OF_CDH1_POSTTRANSLATIONAL_PROCESSING_AND_TRAFFICKING_TO_PLASMA_MEMBRANE","turquoise",-0.270401736546058,"TierC_v1","HF",0.124875124875125,0.328199310078335,0.000999000999000999
"REACTOME_TRANSLATION_OF_SARS_COV_2_STRUCTURAL_PROTEINS","turquoise",-0.366840802665792,"TierC_v1","HF",0.000999000999000999,0.328199310078335,0.000999000999000999
"REACTOME_EUKARYOTIC_TRANSLATION_INITIATION","turquoise",-0.406075325378933,"TierC_v1","HF",0.000999000999000999,0.328199310078335,0.000999000999000999
"REACTOME_TRANSLATION","turquoise",0.321442252687769,"TierC_v1","HF",0.013986013986014,0.328199310078335,0.000999000999000999
"REACTOME_SARS_COV_1_MODULATES_HOST_TRANSLATION_MACHINERY","turquoise",-0.505616355888106,"TierC_v1","HF",0.000999000999000999,0.328199310078335,0.000999000999000999
"HALLMARK_MTORC1_SIGNALING","turquoise",0.0111767760307475,"TierC_v1","HF",1,0.328199310078335,0.000999000999000999
"REACTOME_MITOCHONDRIAL_TRNA_AMINOACYLATION","turquoise",0.62210153085095,"TierC_v1","HF",0.000999000999000999,0.328199310078335,0.000999000999000999
"REACTOME_TRANSLATION_OF_REPLICASE_AND_ASSEMBLY_OF_THE_REPLICATION_TRANSCRIPTION_COMPLEX","turquoise",0.625856511223889,"TierC_v1","HF",0.000999000999000999,0.328199310078335,0.000999000999000999
"REACTOME_REGULATION_OF_CDH1_MRNA_TRANSLATION_BY_MICRORNAS","turquoise",-0.513451288458478,"TierC_v1","HF",0.000999000999000999,0.328199310078335,0.000999000999000999
"REACTOME_POST_TRANSLATIONAL_MODIFICATION_SYNTHESIS_OF_GPI_ANCHORED_PROTEINS","turquoise",-0.276514935075522,"TierC_v1","HF",0.0989010989010989,0.328199310078335,0.000999000999000999
"REACTOME_TRANSCRIPTIONAL_AND_POST_TRANSLATIONAL_REGULATION_OF_MITF_M_EXPRESSION_AND_ACTIVITY","turquoise",-0.0557646918387754,"TierC_v1","HF",1,0.328199310078335,0.000999000999000999
"REACTOME_REGULATION_OF_CDH11_MRNA_TRANSLATION_BY_MICRORNAS","turquoise",-0.23793445110609,"TierC_v1","HF",0.393606393606394,0.328199310078335,0.000999000999000999
"REACTOME_TRANSLATION_OF_SARS_COV_1_STRUCTURAL_PROTEINS","turquoise",-0.428893895949318,"TierC_v1","HF",0.000999000999000999,0.328199310078335,0.000999000999000999
"REACTOME_REGULATION_OF_PTEN_MRNA_TRANSLATION","turquoise",-0.279565703159493,"TierC_v1","HF",0.0839160839160839,0.328199310078335,0.000999000999000999
"REACTOME_MITOCHONDRIAL_TRANSLATION_ELONGATION","turquoise",0.33804435881853,"TierC_v1","HF",0.00799200799200799,0.328199310078335,0.000999000999000999
"REACTOME_RRNA_PROCESSING_IN_THE_MITOCHONDRION","turquoise",0.636256411953565,"TierC_v1","HF",0.000999000999000999,0.328199310078335,0.000999000999000999
"REACTOME_REGULATION_OF_NPAS4_MRNA_TRANSLATION","turquoise",-0.23793445110609,"TierC_v1","HF",0.393606393606394,0.328199310078335,0.000999000999000999
"REACTOME_MITOCHONDRIAL_TRANSLATION","turquoise",0.375481632404467,"TierC_v1","HF",0.000999000999000999,0.328199310078335,0.000999000999000999
"REACTOME_REGULATION_OF_PD_L1_CD274_TRANSLATION","turquoise",-0.141874420509639,"TierC_v1","HF",1,0.328199310078335,0.000999000999000999
"REACTOME_CARBOXYTERMINAL_POST_TRANSLATIONAL_MODIFICATIONS_OF_TUBULIN","cyan",0.088287126377072,"TierC_v1","HF",1,0.344930931694832,0.000999000999000999
"HALLMARK_MYC_TARGETS_V1","cyan",-0.626700164104532,"TierC_v1","HF",0.000999000999000999,0.344930931694832,0.000999000999000999
"REACTOME_CYTOSOLIC_TRNA_AMINOACYLATION","cyan",-0.50279772100607,"TierC_v1","HF",0.000999000999000999,0.344930931694832,0.000999000999000999
"REACTOME_TRNA_AMINOACYLATION","cyan",-0.446401313799456,"TierC_v1","HF",0.000999000999000999,0.344930931694832,0.000999000999000999
"REACTOME_RIBOSOME_QUALITY_CONTROL_RQC_COMPLEX_EXTRACTS_AND_DEGRADES_NASCENT_PEPTIDE","cyan",-0.565622031022341,"TierC_v1","HF",0.000999000999000999,0.344930931694832,0.000999000999000999
"REACTOME_RIBOSOME_ASSOCIATED_QUALITY_CONTROL","cyan",-0.455805684098041,"TierC_v1","HF",0.000999000999000999,0.344930931694832,0.000999000999000999
"REACTOME_REGULATION_OF_PD_L1_CD274_POST_TRANSLATIONAL_MODIFICATION","cyan",-0.626006014014509,"TierC_v1","HF",0.000999000999000999,0.344930931694832,0.000999000999000999
"REACTOME_DENGUE_VIRUS_GENOME_TRANSLATION_AND_REPLICATION","cyan",-0.559865939835269,"TierC_v1","HF",0.000999000999000999,0.344930931694832,0.000999000999000999
"REACTOME_RESPIRATORY_SYNCYTIAL_VIRUS_RSV_GENOME_REPLICATION_TRANSCRIPTION_AND_TRANSLATION","cyan",-0.519469558560471,"TierC_v1","HF",0.000999000999000999,0.344930931694832,0.000999000999000999
"HALLMARK_MYC_TARGETS_V2","cyan",-0.526395625850178,"TierC_v1","HF",0.000999000999000999,0.344930931694832,0.000999000999000999
"REACTOME_EUKARYOTIC_TRANSLATION_ELONGATION","cyan",-0.129768421134613,"TierC_v1","HF",1,0.344930931694832,0.000999000999000999
"REACTOME_SRP_DEPENDENT_COTRANSLATIONAL_PROTEIN_TARGETING_TO_MEMBRANE","cyan",-0.20786449800197,"TierC_v1","HF",0.772227772227772,0.344930931694832,0.000999000999000999
"REACTOME_RRNA_PROCESSING","cyan",-0.523415080720434,"TierC_v1","HF",0.000999000999000999,0.344930931694832,0.000999000999000999
"REACTOME_SARS_COV_2_MODULATES_HOST_TRANSLATION_MACHINERY","cyan",-0.304477869751784,"TierC_v1","HF",0.022977022977023,0.344930931694832,0.000999000999000999
"REACTOME_REGULATION_OF_CDH1_POSTTRANSLATIONAL_PROCESSING_AND_TRAFFICKING_TO_PLASMA_MEMBRANE","cyan",-0.314721411891481,"TierC_v1","HF",0.015984015984016,0.344930931694832,0.000999000999000999
"REACTOME_TRANSLATION_OF_SARS_COV_2_STRUCTURAL_PROTEINS","cyan",-0.243072084370427,"TierC_v1","HF",0.345654345654346,0.344930931694832,0.000999000999000999
"REACTOME_EUKARYOTIC_TRANSLATION_INITIATION","cyan",-0.186462882371674,"TierC_v1","HF",0.948051948051948,0.344930931694832,0.000999000999000999
"REACTOME_TRANSLATION","cyan",-0.608653402648904,"TierC_v1","HF",0.000999000999000999,0.344930931694832,0.000999000999000999
"REACTOME_SARS_COV_1_MODULATES_HOST_TRANSLATION_MACHINERY","cyan",-0.138908969595553,"TierC_v1","HF",1,0.344930931694832,0.000999000999000999
"HALLMARK_MTORC1_SIGNALING","cyan",-0.140055736290977,"TierC_v1","HF",1,0.344930931694832,0.000999000999000999
"REACTOME_MITOCHONDRIAL_TRNA_AMINOACYLATION","cyan",-0.301179584134793,"TierC_v1","HF",0.026973026973027,0.344930931694832,0.000999000999000999
"REACTOME_TRANSLATION_OF_REPLICASE_AND_ASSEMBLY_OF_THE_REPLICATION_TRANSCRIPTION_COMPLEX","cyan",-0.00665907741166479,"TierC_v1","HF",1,0.344930931694832,0.000999000999000999
"REACTOME_REGULATION_OF_CDH1_MRNA_TRANSLATION_BY_MICRORNAS","cyan",0.314811446195417,"TierC_v1","HF",0.015984015984016,0.344930931694832,0.000999000999000999
"REACTOME_POST_TRANSLATIONAL_MODIFICATION_SYNTHESIS_OF_GPI_ANCHORED_PROTEINS","cyan",0.270660477648599,"TierC_v1","HF",0.122877122877123,0.344930931694832,0.000999000999000999
"REACTOME_TRANSCRIPTIONAL_AND_POST_TRANSLATIONAL_REGULATION_OF_MITF_M_EXPRESSION_AND_ACTIVITY","cyan",0.125522810629169,"TierC_v1","HF",1,0.344930931694832,0.000999000999000999
"REACTOME_REGULATION_OF_CDH11_MRNA_TRANSLATION_BY_MICRORNAS","cyan",0.352067806210897,"TierC_v1","HF",0.00599400599400599,0.344930931694832,0.000999000999000999
"REACTOME_TRANSLATION_OF_SARS_COV_1_STRUCTURAL_PROTEINS","cyan",0.000195960302252993,"TierC_v1","HF",1,0.344930931694832,0.000999000999000999
"REACTOME_REGULATION_OF_PTEN_MRNA_TRANSLATION","cyan",0.363994826545371,"TierC_v1","HF",0.000999000999000999,0.344930931694832,0.000999000999000999
"REACTOME_MITOCHONDRIAL_TRANSLATION_ELONGATION","cyan",-0.508303136180987,"TierC_v1","HF",0.000999000999000999,0.344930931694832,0.000999000999000999
"REACTOME_RRNA_PROCESSING_IN_THE_MITOCHONDRION","cyan",-0.392454434341173,"TierC_v1","HF",0.000999000999000999,0.344930931694832,0.000999000999000999
"REACTOME_REGULATION_OF_NPAS4_MRNA_TRANSLATION","cyan",0.352067806210897,"TierC_v1","HF",0.00599400599400599,0.344930931694832,0.000999000999000999
"REACTOME_MITOCHONDRIAL_TRANSLATION","cyan",-0.501196169211174,"TierC_v1","HF",0.000999000999000999,0.344930931694832,0.000999000999000999
"REACTOME_REGULATION_OF_PD_L1_CD274_TRANSLATION","cyan",0.178855675461297,"TierC_v1","HF",0.974025974025974,0.344930931694832,0.000999000999000999
"REACTOME_CARBOXYTERMINAL_POST_TRANSLATIONAL_MODIFICATIONS_OF_TUBULIN","darkturquoise",-0.194306588333237,"TierC_v1","HF",0.895104895104895,0.257692867009835,0.000999000999000999
"HALLMARK_MYC_TARGETS_V1","darkturquoise",-0.204155458984774,"TierC_v1","HF",0.821178821178821,0.257692867009835,0.000999000999000999
"REACTOME_CYTOSOLIC_TRNA_AMINOACYLATION","darkturquoise",-0.0438952785891587,"TierC_v1","HF",1,0.257692867009835,0.000999000999000999
"REACTOME_TRNA_AMINOACYLATION","darkturquoise",0.197672939105005,"TierC_v1","HF",0.871128871128871,0.257692867009835,0.000999000999000999
"REACTOME_RIBOSOME_QUALITY_CONTROL_RQC_COMPLEX_EXTRACTS_AND_DEGRADES_NASCENT_PEPTIDE","darkturquoise",-0.218529482147196,"TierC_v1","HF",0.643356643356643,0.257692867009835,0.000999000999000999
"REACTOME_RIBOSOME_ASSOCIATED_QUALITY_CONTROL","darkturquoise",-0.288206159909464,"TierC_v1","HF",0.043956043956044,0.257692867009835,0.000999000999000999
"REACTOME_REGULATION_OF_PD_L1_CD274_POST_TRANSLATIONAL_MODIFICATION","darkturquoise",0.0674453630785585,"TierC_v1","HF",1,0.257692867009835,0.000999000999000999
"REACTOME_DENGUE_VIRUS_GENOME_TRANSLATION_AND_REPLICATION","darkturquoise",-0.329068656727163,"TierC_v1","HF",0.010989010989011,0.257692867009835,0.000999000999000999
"REACTOME_RESPIRATORY_SYNCYTIAL_VIRUS_RSV_GENOME_REPLICATION_TRANSCRIPTION_AND_TRANSLATION","darkturquoise",-0.310764452208884,"TierC_v1","HF",0.017982017982018,0.257692867009835,0.000999000999000999
"HALLMARK_MYC_TARGETS_V2","darkturquoise",-0.132999593039209,"TierC_v1","HF",1,0.257692867009835,0.000999000999000999
"REACTOME_EUKARYOTIC_TRANSLATION_ELONGATION","darkturquoise",-0.347151215978353,"TierC_v1","HF",0.00699300699300699,0.257692867009835,0.000999000999000999
"REACTOME_SRP_DEPENDENT_COTRANSLATIONAL_PROTEIN_TARGETING_TO_MEMBRANE","darkturquoise",-0.430418107404216,"TierC_v1","HF",0.000999000999000999,0.257692867009835,0.000999000999000999
"REACTOME_RRNA_PROCESSING","darkturquoise",-0.318909462172862,"TierC_v1","HF",0.013986013986014,0.257692867009835,0.000999000999000999
"REACTOME_SARS_COV_2_MODULATES_HOST_TRANSLATION_MACHINERY","darkturquoise",-0.396233289287068,"TierC_v1","HF",0.000999000999000999,0.257692867009835,0.000999000999000999
"REACTOME_REGULATION_OF_CDH1_POSTTRANSLATIONAL_PROCESSING_AND_TRAFFICKING_TO_PLASMA_MEMBRANE","darkturquoise",-0.171622476745891,"TierC_v1","HF",0.99000999000999,0.257692867009835,0.000999000999000999
"REACTOME_TRANSLATION_OF_SARS_COV_2_STRUCTURAL_PROTEINS","darkturquoise",-0.454562215756385,"TierC_v1","HF",0.000999000999000999,0.257692867009835,0.000999000999000999
"REACTOME_EUKARYOTIC_TRANSLATION_INITIATION","darkturquoise",-0.354106015693769,"TierC_v1","HF",0.002997002997003,0.257692867009835,0.000999000999000999
"REACTOME_TRANSLATION","darkturquoise",0.0907623364924419,"TierC_v1","HF",1,0.257692867009835,0.000999000999000999
"REACTOME_SARS_COV_1_MODULATES_HOST_TRANSLATION_MACHINERY","darkturquoise",-0.358789430518524,"TierC_v1","HF",0.000999000999000999,0.257692867009835,0.000999000999000999
"HALLMARK_MTORC1_SIGNALING","darkturquoise",-0.503087826451229,"TierC_v1","HF",0.000999000999000999,0.257692867009835,0.000999000999000999
"REACTOME_MITOCHONDRIAL_TRNA_AMINOACYLATION","darkturquoise",0.365539713135858,"TierC_v1","HF",0.000999000999000999,0.257692867009835,0.000999000999000999
"REACTOME_TRANSLATION_OF_REPLICASE_AND_ASSEMBLY_OF_THE_REPLICATION_TRANSCRIPTION_COMPLEX","darkturquoise",0.181468525635169,"TierC_v1","HF",0.971028971028971,0.257692867009835,0.000999000999000999
"REACTOME_REGULATION_OF_CDH1_MRNA_TRANSLATION_BY_MICRORNAS","darkturquoise",-0.0927107654199784,"TierC_v1","HF",1,0.257692867009835,0.000999000999000999
"REACTOME_POST_TRANSLATIONAL_MODIFICATION_SYNTHESIS_OF_GPI_ANCHORED_PROTEINS","darkturquoise",-0.135104702608342,"TierC_v1","HF",1,0.257692867009835,0.000999000999000999
"REACTOME_TRANSCRIPTIONAL_AND_POST_TRANSLATIONAL_REGULATION_OF_MITF_M_EXPRESSION_AND_ACTIVITY","darkturquoise",0.221875736312055,"TierC_v1","HF",0.595404595404595,0.257692867009835,0.000999000999000999
"REACTOME_REGULATION_OF_CDH11_MRNA_TRANSLATION_BY_MICRORNAS","darkturquoise",0.245823340761192,"TierC_v1","HF",0.310689310689311,0.257692867009835,0.000999000999000999
"REACTOME_TRANSLATION_OF_SARS_COV_1_STRUCTURAL_PROTEINS","darkturquoise",-0.371946617500688,"TierC_v1","HF",0.000999000999000999,0.257692867009835,0.000999000999000999
"REACTOME_REGULATION_OF_PTEN_MRNA_TRANSLATION","darkturquoise",0.20709311170295,"TierC_v1","HF",0.783216783216783,0.257692867009835,0.000999000999000999
"REACTOME_MITOCHONDRIAL_TRANSLATION_ELONGATION","darkturquoise",0.2783440921724,"TierC_v1","HF",0.0879120879120879,0.257692867009835,0.000999000999000999
"REACTOME_RRNA_PROCESSING_IN_THE_MITOCHONDRION","darkturquoise",0.342670523812498,"TierC_v1","HF",0.00699300699300699,0.257692867009835,0.000999000999000999
"REACTOME_REGULATION_OF_NPAS4_MRNA_TRANSLATION","darkturquoise",0.245823340761192,"TierC_v1","HF",0.310689310689311,0.257692867009835,0.000999000999000999
"REACTOME_MITOCHONDRIAL_TRANSLATION","darkturquoise",0.297414728590207,"TierC_v1","HF",0.027972027972028,0.257692867009835,0.000999000999000999
"REACTOME_REGULATION_OF_PD_L1_CD274_TRANSLATION","darkturquoise",0.105363064288639,"TierC_v1","HF",1,0.257692867009835,0.000999000999000999
"REACTOME_CARBOXYTERMINAL_POST_TRANSLATIONAL_MODIFICATIONS_OF_TUBULIN","grey60",-0.00809695503930301,"TierC_v1","HF",1,0.301227783724367,0.000999000999000999
"HALLMARK_MYC_TARGETS_V1","grey60",-0.504235986165989,"TierC_v1","HF",0.000999000999000999,0.301227783724367,0.000999000999000999
"REACTOME_CYTOSOLIC_TRNA_AMINOACYLATION","grey60",-0.292033756528291,"TierC_v1","HF",0.03996003996004,0.301227783724367,0.000999000999000999
"REACTOME_TRNA_AMINOACYLATION","grey60",-0.164737999256046,"TierC_v1","HF",0.996003996003996,0.301227783724367,0.000999000999000999
"REACTOME_RIBOSOME_QUALITY_CONTROL_RQC_COMPLEX_EXTRACTS_AND_DEGRADES_NASCENT_PEPTIDE","grey60",-0.436263488682895,"TierC_v1","HF",0.000999000999000999,0.301227783724367,0.000999000999000999
"REACTOME_RIBOSOME_ASSOCIATED_QUALITY_CONTROL","grey60",-0.414540475319642,"TierC_v1","HF",0.000999000999000999,0.301227783724367,0.000999000999000999
"REACTOME_REGULATION_OF_PD_L1_CD274_POST_TRANSLATIONAL_MODIFICATION","grey60",-0.308471568268093,"TierC_v1","HF",0.022977022977023,0.301227783724367,0.000999000999000999
"REACTOME_DENGUE_VIRUS_GENOME_TRANSLATION_AND_REPLICATION","grey60",-0.486528851006293,"TierC_v1","HF",0.000999000999000999,0.301227783724367,0.000999000999000999
"REACTOME_RESPIRATORY_SYNCYTIAL_VIRUS_RSV_GENOME_REPLICATION_TRANSCRIPTION_AND_TRANSLATION","grey60",-0.470030104948455,"TierC_v1","HF",0.000999000999000999,0.301227783724367,0.000999000999000999
"HALLMARK_MYC_TARGETS_V2","grey60",-0.218244170540559,"TierC_v1","HF",0.652347652347652,0.301227783724367,0.000999000999000999
"REACTOME_EUKARYOTIC_TRANSLATION_ELONGATION","grey60",-0.242241601734774,"TierC_v1","HF",0.353646353646354,0.301227783724367,0.000999000999000999
"REACTOME_SRP_DEPENDENT_COTRANSLATIONAL_PROTEIN_TARGETING_TO_MEMBRANE","grey60",-0.373641935812832,"TierC_v1","HF",0.000999000999000999,0.301227783724367,0.000999000999000999
"REACTOME_RRNA_PROCESSING","grey60",-0.505756712029326,"TierC_v1","HF",0.000999000999000999,0.301227783724367,0.000999000999000999
"REACTOME_SARS_COV_2_MODULATES_HOST_TRANSLATION_MACHINERY","grey60",-0.374067479449952,"TierC_v1","HF",0.000999000999000999,0.301227783724367,0.000999000999000999
"REACTOME_REGULATION_OF_CDH1_POSTTRANSLATIONAL_PROCESSING_AND_TRAFFICKING_TO_PLASMA_MEMBRANE","grey60",-0.102476731398653,"TierC_v1","HF",1,0.301227783724367,0.000999000999000999
"REACTOME_TRANSLATION_OF_SARS_COV_2_STRUCTURAL_PROTEINS","grey60",-0.393463836148441,"TierC_v1","HF",0.000999000999000999,0.301227783724367,0.000999000999000999
"REACTOME_EUKARYOTIC_TRANSLATION_INITIATION","grey60",-0.285017758318103,"TierC_v1","HF",0.0609390609390609,0.301227783724367,0.000999000999000999
"REACTOME_TRANSLATION","grey60",-0.311730752498959,"TierC_v1","HF",0.016983016983017,0.301227783724367,0.000999000999000999
"REACTOME_SARS_COV_1_MODULATES_HOST_TRANSLATION_MACHINERY","grey60",-0.244178861306948,"TierC_v1","HF",0.326673326673327,0.301227783724367,0.000999000999000999
"HALLMARK_MTORC1_SIGNALING","grey60",-0.436045547533818,"TierC_v1","HF",0.000999000999000999,0.301227783724367,0.000999000999000999
"REACTOME_MITOCHONDRIAL_TRNA_AMINOACYLATION","grey60",0.000101242034810595,"TierC_v1","HF",1,0.301227783724367,0.000999000999000999
"REACTOME_TRANSLATION_OF_REPLICASE_AND_ASSEMBLY_OF_THE_REPLICATION_TRANSCRIPTION_COMPLEX","grey60",-0.052039884165347,"TierC_v1","HF",1,0.301227783724367,0.000999000999000999
"REACTOME_REGULATION_OF_CDH1_MRNA_TRANSLATION_BY_MICRORNAS","grey60",0.34463222186541,"TierC_v1","HF",0.00699300699300699,0.301227783724367,0.000999000999000999
"REACTOME_POST_TRANSLATIONAL_MODIFICATION_SYNTHESIS_OF_GPI_ANCHORED_PROTEINS","grey60",-0.114936832726135,"TierC_v1","HF",1,0.301227783724367,0.000999000999000999
"REACTOME_TRANSCRIPTIONAL_AND_POST_TRANSLATIONAL_REGULATION_OF_MITF_M_EXPRESSION_AND_ACTIVITY","grey60",0.330279583358792,"TierC_v1","HF",0.010989010989011,0.301227783724367,0.000999000999000999
"REACTOME_REGULATION_OF_CDH11_MRNA_TRANSLATION_BY_MICRORNAS","grey60",0.542139608103856,"TierC_v1","HF",0.000999000999000999,0.301227783724367,0.000999000999000999
"REACTOME_TRANSLATION_OF_SARS_COV_1_STRUCTURAL_PROTEINS","grey60",-0.183172297974165,"TierC_v1","HF",0.966033966033966,0.301227783724367,0.000999000999000999
"REACTOME_REGULATION_OF_PTEN_MRNA_TRANSLATION","grey60",0.518865161301738,"TierC_v1","HF",0.000999000999000999,0.301227783724367,0.000999000999000999
"REACTOME_MITOCHONDRIAL_TRANSLATION_ELONGATION","grey60",-0.128202808677526,"TierC_v1","HF",1,0.301227783724367,0.000999000999000999
"REACTOME_RRNA_PROCESSING_IN_THE_MITOCHONDRION","grey60",-0.0799360716584608,"TierC_v1","HF",1,0.301227783724367,0.000999000999000999
"REACTOME_REGULATION_OF_NPAS4_MRNA_TRANSLATION","grey60",0.542139608103856,"TierC_v1","HF",0.000999000999000999,0.301227783724367,0.000999000999000999
"REACTOME_MITOCHONDRIAL_TRANSLATION","grey60",-0.120469340428609,"TierC_v1","HF",1,0.301227783724367,0.000999000999000999
"REACTOME_REGULATION_OF_PD_L1_CD274_TRANSLATION","grey60",0.411797630518031,"TierC_v1","HF",0.000999000999000999,0.301227783724367,0.000999000999000999
"REACTOME_CARBOXYTERMINAL_POST_TRANSLATIONAL_MODIFICATIONS_OF_TUBULIN","yellow",-0.0247328119951201,"TierC_v1","HF",1,0.333247352762726,0.000999000999000999
"HALLMARK_MYC_TARGETS_V1","yellow",-0.51737945711205,"TierC_v1","HF",0.000999000999000999,0.333247352762726,0.000999000999000999
"REACTOME_CYTOSOLIC_TRNA_AMINOACYLATION","yellow",-0.274583295229275,"TierC_v1","HF",0.107892107892108,0.333247352762726,0.000999000999000999
"REACTOME_TRNA_AMINOACYLATION","yellow",-0.180411006348933,"TierC_v1","HF",0.972027972027972,0.333247352762726,0.000999000999000999
"REACTOME_RIBOSOME_QUALITY_CONTROL_RQC_COMPLEX_EXTRACTS_AND_DEGRADES_NASCENT_PEPTIDE","yellow",-0.517371539913212,"TierC_v1","HF",0.000999000999000999,0.333247352762726,0.000999000999000999
"REACTOME_RIBOSOME_ASSOCIATED_QUALITY_CONTROL","yellow",-0.467282136281418,"TierC_v1","HF",0.000999000999000999,0.333247352762726,0.000999000999000999
"REACTOME_REGULATION_OF_PD_L1_CD274_POST_TRANSLATIONAL_MODIFICATION","yellow",-0.422847587062205,"TierC_v1","HF",0.000999000999000999,0.333247352762726,0.000999000999000999
"REACTOME_DENGUE_VIRUS_GENOME_TRANSLATION_AND_REPLICATION","yellow",-0.449245727074807,"TierC_v1","HF",0.000999000999000999,0.333247352762726,0.000999000999000999
"REACTOME_RESPIRATORY_SYNCYTIAL_VIRUS_RSV_GENOME_REPLICATION_TRANSCRIPTION_AND_TRANSLATION","yellow",-0.370732417037791,"TierC_v1","HF",0.000999000999000999,0.333247352762726,0.000999000999000999
"HALLMARK_MYC_TARGETS_V2","yellow",-0.29062063435839,"TierC_v1","HF",0.042957042957043,0.333247352762726,0.000999000999000999
"REACTOME_EUKARYOTIC_TRANSLATION_ELONGATION","yellow",-0.297151124662741,"TierC_v1","HF",0.028971028971029,0.333247352762726,0.000999000999000999
"REACTOME_SRP_DEPENDENT_COTRANSLATIONAL_PROTEIN_TARGETING_TO_MEMBRANE","yellow",-0.386571333693558,"TierC_v1","HF",0.000999000999000999,0.333247352762726,0.000999000999000999
"REACTOME_RRNA_PROCESSING","yellow",-0.435251223970105,"TierC_v1","HF",0.000999000999000999,0.333247352762726,0.000999000999000999
"REACTOME_SARS_COV_2_MODULATES_HOST_TRANSLATION_MACHINERY","yellow",-0.434566288013546,"TierC_v1","HF",0.000999000999000999,0.333247352762726,0.000999000999000999
"REACTOME_REGULATION_OF_CDH1_POSTTRANSLATIONAL_PROCESSING_AND_TRAFFICKING_TO_PLASMA_MEMBRANE","yellow",-0.178747611193533,"TierC_v1","HF",0.976023976023976,0.333247352762726,0.000999000999000999
"REACTOME_TRANSLATION_OF_SARS_COV_2_STRUCTURAL_PROTEINS","yellow",-0.331415226104655,"TierC_v1","HF",0.00999000999000999,0.333247352762726,0.000999000999000999
"REACTOME_EUKARYOTIC_TRANSLATION_INITIATION","yellow",-0.306810945016554,"TierC_v1","HF",0.022977022977023,0.333247352762726,0.000999000999000999
"REACTOME_TRANSLATION","yellow",-0.460334397579431,"TierC_v1","HF",0.000999000999000999,0.333247352762726,0.000999000999000999
"REACTOME_SARS_COV_1_MODULATES_HOST_TRANSLATION_MACHINERY","yellow",-0.292845362714341,"TierC_v1","HF",0.037962037962038,0.333247352762726,0.000999000999000999
"HALLMARK_MTORC1_SIGNALING","yellow",-0.290551506210868,"TierC_v1","HF",0.042957042957043,0.333247352762726,0.000999000999000999
"REACTOME_MITOCHONDRIAL_TRNA_AMINOACYLATION","yellow",-0.0168276408702922,"TierC_v1","HF",1,0.333247352762726,0.000999000999000999
"REACTOME_TRANSLATION_OF_REPLICASE_AND_ASSEMBLY_OF_THE_REPLICATION_TRANSCRIPTION_COMPLEX","yellow",0.103255933514737,"TierC_v1","HF",1,0.333247352762726,0.000999000999000999
"REACTOME_REGULATION_OF_CDH1_MRNA_TRANSLATION_BY_MICRORNAS","yellow",0.403144487724332,"TierC_v1","HF",0.000999000999000999,0.333247352762726,0.000999000999000999
"REACTOME_POST_TRANSLATIONAL_MODIFICATION_SYNTHESIS_OF_GPI_ANCHORED_PROTEINS","yellow",-0.0759635614758629,"TierC_v1","HF",1,0.333247352762726,0.000999000999000999
"REACTOME_TRANSCRIPTIONAL_AND_POST_TRANSLATIONAL_REGULATION_OF_MITF_M_EXPRESSION_AND_ACTIVITY","yellow",0.209323684707895,"TierC_v1","HF",0.762237762237762,0.333247352762726,0.000999000999000999
"REACTOME_REGULATION_OF_CDH11_MRNA_TRANSLATION_BY_MICRORNAS","yellow",0.612475781210774,"TierC_v1","HF",0.000999000999000999,0.333247352762726,0.000999000999000999
"REACTOME_TRANSLATION_OF_SARS_COV_1_STRUCTURAL_PROTEINS","yellow",-0.0693610128404947,"TierC_v1","HF",1,0.333247352762726,0.000999000999000999
"REACTOME_REGULATION_OF_PTEN_MRNA_TRANSLATION","yellow",0.588347652768907,"TierC_v1","HF",0.000999000999000999,0.333247352762726,0.000999000999000999
"REACTOME_MITOCHONDRIAL_TRANSLATION_ELONGATION","yellow",-0.35640343950832,"TierC_v1","HF",0.000999000999000999,0.333247352762726,0.000999000999000999
"REACTOME_RRNA_PROCESSING_IN_THE_MITOCHONDRION","yellow",-0.0915990007573262,"TierC_v1","HF",1,0.333247352762726,0.000999000999000999
"REACTOME_REGULATION_OF_NPAS4_MRNA_TRANSLATION","yellow",0.612475781210774,"TierC_v1","HF",0.000999000999000999,0.333247352762726,0.000999000999000999
"REACTOME_MITOCHONDRIAL_TRANSLATION","yellow",-0.342103731184939,"TierC_v1","HF",0.00699300699300699,0.333247352762726,0.000999000999000999
"REACTOME_REGULATION_OF_PD_L1_CD274_TRANSLATION","yellow",0.58642930182276,"TierC_v1","HF",0.000999000999000999,0.333247352762726,0.000999000999000999
"REACTOME_CARBOXYTERMINAL_POST_TRANSLATIONAL_MODIFICATIONS_OF_TUBULIN","darkred",0.0880074027378263,"TierC_v1","HF",1,0.273750683554027,0.000999000999000999
"HALLMARK_MYC_TARGETS_V1","darkred",-0.406973770482592,"TierC_v1","HF",0.000999000999000999,0.273750683554027,0.000999000999000999
"REACTOME_CYTOSOLIC_TRNA_AMINOACYLATION","darkred",-0.066127335833585,"TierC_v1","HF",1,0.273750683554027,0.000999000999000999
"REACTOME_TRNA_AMINOACYLATION","darkred",-0.028681575500063,"TierC_v1","HF",1,0.273750683554027,0.000999000999000999
"REACTOME_RIBOSOME_QUALITY_CONTROL_RQC_COMPLEX_EXTRACTS_AND_DEGRADES_NASCENT_PEPTIDE","darkred",-0.356654108333942,"TierC_v1","HF",0.000999000999000999,0.273750683554027,0.000999000999000999
"REACTOME_RIBOSOME_ASSOCIATED_QUALITY_CONTROL","darkred",-0.396592106187176,"TierC_v1","HF",0.000999000999000999,0.273750683554027,0.000999000999000999
"REACTOME_REGULATION_OF_PD_L1_CD274_POST_TRANSLATIONAL_MODIFICATION","darkred",-0.11920378417209,"TierC_v1","HF",1,0.273750683554027,0.000999000999000999
"REACTOME_DENGUE_VIRUS_GENOME_TRANSLATION_AND_REPLICATION","darkred",-0.302486592325659,"TierC_v1","HF",0.025974025974026,0.273750683554027,0.000999000999000999
"REACTOME_RESPIRATORY_SYNCYTIAL_VIRUS_RSV_GENOME_REPLICATION_TRANSCRIPTION_AND_TRANSLATION","darkred",-0.294282954846594,"TierC_v1","HF",0.032967032967033,0.273750683554027,0.000999000999000999
"HALLMARK_MYC_TARGETS_V2","darkred",0.00914942300680178,"TierC_v1","HF",1,0.273750683554027,0.000999000999000999
"REACTOME_EUKARYOTIC_TRANSLATION_ELONGATION","darkred",-0.355965631676507,"TierC_v1","HF",0.000999000999000999,0.273750683554027,0.000999000999000999
"REACTOME_SRP_DEPENDENT_COTRANSLATIONAL_PROTEIN_TARGETING_TO_MEMBRANE","darkred",-0.460595161952347,"TierC_v1","HF",0.000999000999000999,0.273750683554027,0.000999000999000999
"REACTOME_RRNA_PROCESSING","darkred",-0.410294397604834,"TierC_v1","HF",0.000999000999000999,0.273750683554027,0.000999000999000999
"REACTOME_SARS_COV_2_MODULATES_HOST_TRANSLATION_MACHINERY","darkred",-0.391121289208245,"TierC_v1","HF",0.000999000999000999,0.273750683554027,0.000999000999000999
"REACTOME_REGULATION_OF_CDH1_POSTTRANSLATIONAL_PROCESSING_AND_TRAFFICKING_TO_PLASMA_MEMBRANE","darkred",0.0258982223135701,"TierC_v1","HF",1,0.273750683554027,0.000999000999000999
"REACTOME_TRANSLATION_OF_SARS_COV_2_STRUCTURAL_PROTEINS","darkred",-0.227512947288782,"TierC_v1","HF",0.524475524475524,0.273750683554027,0.000999000999000999
"REACTOME_EUKARYOTIC_TRANSLATION_INITIATION","darkred",-0.383567338569663,"TierC_v1","HF",0.000999000999000999,0.273750683554027,0.000999000999000999
"REACTOME_TRANSLATION","darkred",-0.220050486874978,"TierC_v1","HF",0.628371628371628,0.273750683554027,0.000999000999000999
"REACTOME_SARS_COV_1_MODULATES_HOST_TRANSLATION_MACHINERY","darkred",-0.349559787727378,"TierC_v1","HF",0.00599400599400599,0.273750683554027,0.000999000999000999
"HALLMARK_MTORC1_SIGNALING","darkred",-0.371297512217812,"TierC_v1","HF",0.000999000999000999,0.273750683554027,0.000999000999000999
"REACTOME_MITOCHONDRIAL_TRNA_AMINOACYLATION","darkred",0.0242483365127735,"TierC_v1","HF",1,0.273750683554027,0.000999000999000999
"REACTOME_TRANSLATION_OF_REPLICASE_AND_ASSEMBLY_OF_THE_REPLICATION_TRANSCRIPTION_COMPLEX","darkred",-0.0945840421008328,"TierC_v1","HF",1,0.273750683554027,0.000999000999000999
"REACTOME_REGULATION_OF_CDH1_MRNA_TRANSLATION_BY_MICRORNAS","darkred",0.445631718601979,"TierC_v1","HF",0.000999000999000999,0.273750683554027,0.000999000999000999
"REACTOME_POST_TRANSLATIONAL_MODIFICATION_SYNTHESIS_OF_GPI_ANCHORED_PROTEINS","darkred",-0.310647855243919,"TierC_v1","HF",0.017982017982018,0.273750683554027,0.000999000999000999
"REACTOME_TRANSCRIPTIONAL_AND_POST_TRANSLATIONAL_REGULATION_OF_MITF_M_EXPRESSION_AND_ACTIVITY","darkred",0.153743140830957,"TierC_v1","HF",0.999000999000999,0.273750683554027,0.000999000999000999
"REACTOME_REGULATION_OF_CDH11_MRNA_TRANSLATION_BY_MICRORNAS","darkred",0.653209676715914,"TierC_v1","HF",0.000999000999000999,0.273750683554027,0.000999000999000999
"REACTOME_TRANSLATION_OF_SARS_COV_1_STRUCTURAL_PROTEINS","darkred",-0.0323810870785572,"TierC_v1","HF",1,0.273750683554027,0.000999000999000999
"REACTOME_REGULATION_OF_PTEN_MRNA_TRANSLATION","darkred",0.61572005526251,"TierC_v1","HF",0.000999000999000999,0.273750683554027,0.000999000999000999
"REACTOME_MITOCHONDRIAL_TRANSLATION_ELONGATION","darkred",-0.036023381665128,"TierC_v1","HF",1,0.273750683554027,0.000999000999000999
"REACTOME_RRNA_PROCESSING_IN_THE_MITOCHONDRION","darkred",0.056622382044898,"TierC_v1","HF",1,0.273750683554027,0.000999000999000999
"REACTOME_REGULATION_OF_NPAS4_MRNA_TRANSLATION","darkred",0.653209676715914,"TierC_v1","HF",0.000999000999000999,0.273750683554027,0.000999000999000999
"REACTOME_MITOCHONDRIAL_TRANSLATION","darkred",-0.033081114694749,"TierC_v1","HF",1,0.273750683554027,0.000999000999000999
"REACTOME_REGULATION_OF_PD_L1_CD274_TRANSLATION","darkred",0.660648260954316,"TierC_v1","HF",0.000999000999000999,0.273750683554027,0.000999000999000999
"REACTOME_CARBOXYTERMINAL_POST_TRANSLATIONAL_MODIFICATIONS_OF_TUBULIN","greenyellow",-0.0428635313114524,"TierC_v1","HF",1,0.281305225589308,0.000999000999000999
"HALLMARK_MYC_TARGETS_V1","greenyellow",-0.0936888397656436,"TierC_v1","HF",1,0.281305225589308,0.000999000999000999
"REACTOME_CYTOSOLIC_TRNA_AMINOACYLATION","greenyellow",0.22640378270686,"TierC_v1","HF",0.541458541458541,0.281305225589308,0.000999000999000999
"REACTOME_TRNA_AMINOACYLATION","greenyellow",0.373616121711093,"TierC_v1","HF",0.000999000999000999,0.281305225589308,0.000999000999000999
"REACTOME_RIBOSOME_QUALITY_CONTROL_RQC_COMPLEX_EXTRACTS_AND_DEGRADES_NASCENT_PEPTIDE","greenyellow",-0.144989284866773,"TierC_v1","HF",1,0.281305225589308,0.000999000999000999
"REACTOME_RIBOSOME_ASSOCIATED_QUALITY_CONTROL","greenyellow",-0.240871401922055,"TierC_v1","HF",0.361638361638362,0.281305225589308,0.000999000999000999
"REACTOME_REGULATION_OF_PD_L1_CD274_POST_TRANSLATIONAL_MODIFICATION","greenyellow",0.20780578549051,"TierC_v1","HF",0.772227772227772,0.281305225589308,0.000999000999000999
"REACTOME_DENGUE_VIRUS_GENOME_TRANSLATION_AND_REPLICATION","greenyellow",-0.12982026300505,"TierC_v1","HF",1,0.281305225589308,0.000999000999000999
"REACTOME_RESPIRATORY_SYNCYTIAL_VIRUS_RSV_GENOME_REPLICATION_TRANSCRIPTION_AND_TRANSLATION","greenyellow",-0.0792410851925569,"TierC_v1","HF",1,0.281305225589308,0.000999000999000999
"HALLMARK_MYC_TARGETS_V2","greenyellow",0.070782712011199,"TierC_v1","HF",1,0.281305225589308,0.000999000999000999
"REACTOME_EUKARYOTIC_TRANSLATION_ELONGATION","greenyellow",-0.422972397437138,"TierC_v1","HF",0.000999000999000999,0.281305225589308,0.000999000999000999
"REACTOME_SRP_DEPENDENT_COTRANSLATIONAL_PROTEIN_TARGETING_TO_MEMBRANE","greenyellow",-0.499130714922194,"TierC_v1","HF",0.000999000999000999,0.281305225589308,0.000999000999000999
"REACTOME_RRNA_PROCESSING","greenyellow",-0.234931763220533,"TierC_v1","HF",0.427572427572428,0.281305225589308,0.000999000999000999
"REACTOME_SARS_COV_2_MODULATES_HOST_TRANSLATION_MACHINERY","greenyellow",-0.422640578035165,"TierC_v1","HF",0.000999000999000999,0.281305225589308,0.000999000999000999
"REACTOME_REGULATION_OF_CDH1_POSTTRANSLATIONAL_PROCESSING_AND_TRAFFICKING_TO_PLASMA_MEMBRANE","greenyellow",-0.00850008572098082,"TierC_v1","HF",1,0.281305225589308,0.000999000999000999
"REACTOME_TRANSLATION_OF_SARS_COV_2_STRUCTURAL_PROTEINS","greenyellow",-0.378386374601104,"TierC_v1","HF",0.000999000999000999,0.281305225589308,0.000999000999000999
"REACTOME_EUKARYOTIC_TRANSLATION_INITIATION","greenyellow",-0.395273746515265,"TierC_v1","HF",0.000999000999000999,0.281305225589308,0.000999000999000999
"REACTOME_TRANSLATION","greenyellow",0.148633998317282,"TierC_v1","HF",1,0.281305225589308,0.000999000999000999
"REACTOME_SARS_COV_1_MODULATES_HOST_TRANSLATION_MACHINERY","greenyellow",-0.410459519636793,"TierC_v1","HF",0.000999000999000999,0.281305225589308,0.000999000999000999
"HALLMARK_MTORC1_SIGNALING","greenyellow",-0.435280218107204,"TierC_v1","HF",0.000999000999000999,0.281305225589308,0.000999000999000999
"REACTOME_MITOCHONDRIAL_TRNA_AMINOACYLATION","greenyellow",0.472040592542651,"TierC_v1","HF",0.000999000999000999,0.281305225589308,0.000999000999000999
"REACTOME_TRANSLATION_OF_REPLICASE_AND_ASSEMBLY_OF_THE_REPLICATION_TRANSCRIPTION_COMPLEX","greenyellow",0.236467910730774,"TierC_v1","HF",0.410589410589411,0.281305225589308,0.000999000999000999
"REACTOME_REGULATION_OF_CDH1_MRNA_TRANSLATION_BY_MICRORNAS","greenyellow",0.0108278610095806,"TierC_v1","HF",1,0.281305225589308,0.000999000999000999
"REACTOME_POST_TRANSLATIONAL_MODIFICATION_SYNTHESIS_OF_GPI_ANCHORED_PROTEINS","greenyellow",-0.602255523180236,"TierC_v1","HF",0.000999000999000999,0.281305225589308,0.000999000999000999
"REACTOME_TRANSCRIPTIONAL_AND_POST_TRANSLATIONAL_REGULATION_OF_MITF_M_EXPRESSION_AND_ACTIVITY","greenyellow",0.0540019010259281,"TierC_v1","HF",1,0.281305225589308,0.000999000999000999
"REACTOME_REGULATION_OF_CDH11_MRNA_TRANSLATION_BY_MICRORNAS","greenyellow",0.403845935286697,"TierC_v1","HF",0.000999000999000999,0.281305225589308,0.000999000999000999
"REACTOME_TRANSLATION_OF_SARS_COV_1_STRUCTURAL_PROTEINS","greenyellow",-0.281766124827119,"TierC_v1","HF",0.0759240759240759,0.281305225589308,0.000999000999000999
"REACTOME_REGULATION_OF_PTEN_MRNA_TRANSLATION","greenyellow",0.329100746710664,"TierC_v1","HF",0.010989010989011,0.281305225589308,0.000999000999000999
"REACTOME_MITOCHONDRIAL_TRANSLATION_ELONGATION","greenyellow",0.295123192909261,"TierC_v1","HF",0.02997002997003,0.281305225589308,0.000999000999000999
"REACTOME_RRNA_PROCESSING_IN_THE_MITOCHONDRION","greenyellow",0.484198559052063,"TierC_v1","HF",0.000999000999000999,0.281305225589308,0.000999000999000999
"REACTOME_REGULATION_OF_NPAS4_MRNA_TRANSLATION","greenyellow",0.403845935286697,"TierC_v1","HF",0.000999000999000999,0.281305225589308,0.000999000999000999
"REACTOME_MITOCHONDRIAL_TRANSLATION","greenyellow",0.311030527953029,"TierC_v1","HF",0.017982017982018,0.281305225589308,0.000999000999000999
"REACTOME_REGULATION_OF_PD_L1_CD274_TRANSLATION","greenyellow",0.432275429435617,"TierC_v1","HF",0.000999000999000999,0.281305225589308,0.000999000999000999
"REACTOME_CARBOXYTERMINAL_POST_TRANSLATIONAL_MODIFICATIONS_OF_TUBULIN","lightyellow",0.0171675729697603,"TierC_v1","HF",1,0.254508155458867,0.000999000999000999
"HALLMARK_MYC_TARGETS_V1","lightyellow",-0.0564732301208538,"TierC_v1","HF",1,0.254508155458867,0.000999000999000999
"REACTOME_CYTOSOLIC_TRNA_AMINOACYLATION","lightyellow",0.27548725427468,"TierC_v1","HF",0.103896103896104,0.254508155458867,0.000999000999000999
"REACTOME_TRNA_AMINOACYLATION","lightyellow",0.415456882147903,"TierC_v1","HF",0.000999000999000999,0.254508155458867,0.000999000999000999
"REACTOME_RIBOSOME_QUALITY_CONTROL_RQC_COMPLEX_EXTRACTS_AND_DEGRADES_NASCENT_PEPTIDE","lightyellow",-0.0597816862006331,"TierC_v1","HF",1,0.254508155458867,0.000999000999000999
"REACTOME_RIBOSOME_ASSOCIATED_QUALITY_CONTROL","lightyellow",-0.19957040605953,"TierC_v1","HF",0.856143856143856,0.254508155458867,0.000999000999000999
"REACTOME_REGULATION_OF_PD_L1_CD274_POST_TRANSLATIONAL_MODIFICATION","lightyellow",0.286192646873243,"TierC_v1","HF",0.0549450549450549,0.254508155458867,0.000999000999000999
"REACTOME_DENGUE_VIRUS_GENOME_TRANSLATION_AND_REPLICATION","lightyellow",-0.0768905014023486,"TierC_v1","HF",1,0.254508155458867,0.000999000999000999
"REACTOME_RESPIRATORY_SYNCYTIAL_VIRUS_RSV_GENOME_REPLICATION_TRANSCRIPTION_AND_TRANSLATION","lightyellow",-0.0359772650725697,"TierC_v1","HF",1,0.254508155458867,0.000999000999000999
"HALLMARK_MYC_TARGETS_V2","lightyellow",0.219177943274004,"TierC_v1","HF",0.638361638361638,0.254508155458867,0.000999000999000999
"REACTOME_EUKARYOTIC_TRANSLATION_ELONGATION","lightyellow",-0.391317109572248,"TierC_v1","HF",0.000999000999000999,0.254508155458867,0.000999000999000999
"REACTOME_SRP_DEPENDENT_COTRANSLATIONAL_PROTEIN_TARGETING_TO_MEMBRANE","lightyellow",-0.433746922817927,"TierC_v1","HF",0.000999000999000999,0.254508155458867,0.000999000999000999
"REACTOME_RRNA_PROCESSING","lightyellow",-0.162956368005017,"TierC_v1","HF",0.996003996003996,0.254508155458867,0.000999000999000999
"REACTOME_SARS_COV_2_MODULATES_HOST_TRANSLATION_MACHINERY","lightyellow",-0.37578173408058,"TierC_v1","HF",0.000999000999000999,0.254508155458867,0.000999000999000999
"REACTOME_REGULATION_OF_CDH1_POSTTRANSLATIONAL_PROCESSING_AND_TRAFFICKING_TO_PLASMA_MEMBRANE","lightyellow",0.0981135924707084,"TierC_v1","HF",1,0.254508155458867,0.000999000999000999
"REACTOME_TRANSLATION_OF_SARS_COV_2_STRUCTURAL_PROTEINS","lightyellow",-0.361741692283425,"TierC_v1","HF",0.000999000999000999,0.254508155458867,0.000999000999000999
"REACTOME_EUKARYOTIC_TRANSLATION_INITIATION","lightyellow",-0.366702222063014,"TierC_v1","HF",0.000999000999000999,0.254508155458867,0.000999000999000999
"REACTOME_TRANSLATION","lightyellow",0.279627703010596,"TierC_v1","HF",0.0839160839160839,0.254508155458867,0.000999000999000999
"REACTOME_SARS_COV_1_MODULATES_HOST_TRANSLATION_MACHINERY","lightyellow",-0.419940056013232,"TierC_v1","HF",0.000999000999000999,0.254508155458867,0.000999000999000999
"HALLMARK_MTORC1_SIGNALING","lightyellow",-0.276181727692501,"TierC_v1","HF",0.100899100899101,0.254508155458867,0.000999000999000999
"REACTOME_MITOCHONDRIAL_TRNA_AMINOACYLATION","lightyellow",0.462922797174438,"TierC_v1","HF",0.000999000999000999,0.254508155458867,0.000999000999000999
"REACTOME_TRANSLATION_OF_REPLICASE_AND_ASSEMBLY_OF_THE_REPLICATION_TRANSCRIPTION_COMPLEX","lightyellow",0.21065811950954,"TierC_v1","HF",0.752247752247752,0.254508155458867,0.000999000999000999
"REACTOME_REGULATION_OF_CDH1_MRNA_TRANSLATION_BY_MICRORNAS","lightyellow",-0.104847296072138,"TierC_v1","HF",1,0.254508155458867,0.000999000999000999
"REACTOME_POST_TRANSLATIONAL_MODIFICATION_SYNTHESIS_OF_GPI_ANCHORED_PROTEINS","lightyellow",-0.278775580031271,"TierC_v1","HF",0.0859140859140859,0.254508155458867,0.000999000999000999
"REACTOME_TRANSCRIPTIONAL_AND_POST_TRANSLATIONAL_REGULATION_OF_MITF_M_EXPRESSION_AND_ACTIVITY","lightyellow",0.00779104168556264,"TierC_v1","HF",1,0.254508155458867,0.000999000999000999
"REACTOME_REGULATION_OF_CDH11_MRNA_TRANSLATION_BY_MICRORNAS","lightyellow",0.198328203253325,"TierC_v1","HF",0.866133866133866,0.254508155458867,0.000999000999000999
"REACTOME_TRANSLATION_OF_SARS_COV_1_STRUCTURAL_PROTEINS","lightyellow",-0.333689146774946,"TierC_v1","HF",0.00999000999000999,0.254508155458867,0.000999000999000999
"REACTOME_REGULATION_OF_PTEN_MRNA_TRANSLATION","lightyellow",0.118401883624264,"TierC_v1","HF",1,0.254508155458867,0.000999000999000999
"REACTOME_MITOCHONDRIAL_TRANSLATION_ELONGATION","lightyellow",0.459717435626759,"TierC_v1","HF",0.000999000999000999,0.254508155458867,0.000999000999000999
"REACTOME_RRNA_PROCESSING_IN_THE_MITOCHONDRION","lightyellow",0.564623505085182,"TierC_v1","HF",0.000999000999000999,0.254508155458867,0.000999000999000999
"REACTOME_REGULATION_OF_NPAS4_MRNA_TRANSLATION","lightyellow",0.198328203253325,"TierC_v1","HF",0.866133866133866,0.254508155458867,0.000999000999000999
"REACTOME_MITOCHONDRIAL_TRANSLATION","lightyellow",0.463277842249202,"TierC_v1","HF",0.000999000999000999,0.254508155458867,0.000999000999000999
"REACTOME_REGULATION_OF_PD_L1_CD274_TRANSLATION","lightyellow",0.189123559397891,"TierC_v1","HF",0.936063936063936,0.254508155458867,0.000999000999000999
"KEGG_RIBOSOME","tan",-0.126785966972638,"TierA","HCC",0.999000999000999,0.163441424813928,0.00999000999000999
"KEGG_AMINOACYL_TRNA_BIOSYNTHESIS","tan",0.24785616880188,"TierA","HCC",0.221778221778222,0.163441424813928,0.00999000999000999
"REACTOME_TRANSLATION","tan",0.176292442497944,"TierA","HCC",0.9000999000999,0.163441424813928,0.00999000999000999
"REACTOME_EUKARYOTIC_TRANSLATION_INITIATION","tan",0.137935667033646,"TierA","HCC",0.995004995004995,0.163441424813928,0.00999000999000999
"REACTOME_EUKARYOTIC_TRANSLATION_ELONGATION","tan",-0.0843967110079034,"TierA","HCC",1,0.163441424813928,0.00999000999000999
"REACTOME_TRNA_AMINOACYLATION","tan",0.331005537755244,"TierA","HCC",0.00799200799200799,0.163441424813928,0.00999000999000999
"REACTOME_CYTOSOLIC_TRNA_AMINOACYLATION","tan",0.310334913631541,"TierA","HCC",0.018981018981019,0.163441424813928,0.00999000999000999
"REACTOME_RRNA_PROCESSING","tan",-0.0749741616734081,"TierA","HCC",1,0.163441424813928,0.00999000999000999
"REACTOME_SRP_DEPENDENT_COTRANSLATIONAL_PROTEIN_TARGETING_TO_MEMBRANE","tan",0.160317001380206,"TierA","HCC",0.964035964035964,0.163441424813928,0.00999000999000999
"REACTOME_RIBOSOME_ASSOCIATED_QUALITY_CONTROL","tan",0.124900660503017,"TierA","HCC",0.999000999000999,0.163441424813928,0.00999000999000999
"REACTOME_RIBOSOME_QUALITY_CONTROL_RQC_COMPLEX_EXTRACTS_AND_DEGRADES_NASCENT_PEPTIDE","tan",0.145094929186189,"TierA","HCC",0.991008991008991,0.163441424813928,0.00999000999000999
"REACTOME_MITOCHONDRIAL_TRANSLATION","tan",-0.137397507367979,"TierA","HCC",0.995004995004995,0.163441424813928,0.00999000999000999
"REACTOME_MITOCHONDRIAL_TRANSLATION_ELONGATION","tan",-0.152277354988656,"TierA","HCC",0.98001998001998,0.163441424813928,0.00999000999000999
"REACTOME_MITOCHONDRIAL_TRNA_AMINOACYLATION","tan",0.112207897662046,"TierA","HCC",1,0.163441424813928,0.00999000999000999
"REACTOME_RRNA_PROCESSING_IN_THE_MITOCHONDRION","tan",-0.129844451746623,"TierA","HCC",0.998001998001998,0.163441424813928,0.00999000999000999
"KEGG_RIBOSOME","black",-0.468208513171909,"TierA","HCC",0.000999000999000999,0.238210957632082,0.000999000999000999
"KEGG_AMINOACYL_TRNA_BIOSYNTHESIS","black",0.168555518669573,"TierA","HCC",0.943056943056943,0.238210957632082,0.000999000999000999
"REACTOME_TRANSLATION","black",0.0192846772243738,"TierA","HCC",1,0.238210957632082,0.000999000999000999
"REACTOME_EUKARYOTIC_TRANSLATION_INITIATION","black",-0.234297739325527,"TierA","HCC",0.341658341658342,0.238210957632082,0.000999000999000999
"REACTOME_EUKARYOTIC_TRANSLATION_ELONGATION","black",-0.429562812414284,"TierA","HCC",0.000999000999000999,0.238210957632082,0.000999000999000999
"REACTOME_TRNA_AMINOACYLATION","black",0.254053227722811,"TierA","HCC",0.180819180819181,0.238210957632082,0.000999000999000999
"REACTOME_CYTOSOLIC_TRNA_AMINOACYLATION","black",0.294388883576311,"TierA","HCC",0.041958041958042,0.238210957632082,0.000999000999000999
"REACTOME_RRNA_PROCESSING","black",-0.596932411344364,"TierA","HCC",0.000999000999000999,0.238210957632082,0.000999000999000999
"REACTOME_SRP_DEPENDENT_COTRANSLATIONAL_PROTEIN_TARGETING_TO_MEMBRANE","black",-0.0627284793100552,"TierA","HCC",1,0.238210957632082,0.000999000999000999
"REACTOME_RIBOSOME_ASSOCIATED_QUALITY_CONTROL","black",-0.0839991867220665,"TierA","HCC",1,0.238210957632082,0.000999000999000999
"REACTOME_RIBOSOME_QUALITY_CONTROL_RQC_COMPLEX_EXTRACTS_AND_DEGRADES_NASCENT_PEPTIDE","black",-0.0586711513182817,"TierA","HCC",1,0.238210957632082,0.000999000999000999
"REACTOME_MITOCHONDRIAL_TRANSLATION","black",-0.24164598040121,"TierA","HCC",0.271728271728272,0.238210957632082,0.000999000999000999
"REACTOME_MITOCHONDRIAL_TRANSLATION_ELONGATION","black",-0.281326685293712,"TierA","HCC",0.0639360639360639,0.238210957632082,0.000999000999000999
"REACTOME_MITOCHONDRIAL_TRNA_AMINOACYLATION","black",-0.0583373994341368,"TierA","HCC",1,0.238210957632082,0.000999000999000999
"REACTOME_RRNA_PROCESSING_IN_THE_MITOCHONDRION","black",-0.321171698552615,"TierA","HCC",0.010989010989011,0.238210957632082,0.000999000999000999
"KEGG_RIBOSOME","royalblue",-0.327218476004296,"TierA","HCC",0.00899100899100899,0.249637092120426,0.000999000999000999
"KEGG_AMINOACYL_TRNA_BIOSYNTHESIS","royalblue",0.202517032951144,"TierA","HCC",0.663336663336663,0.249637092120426,0.000999000999000999
"REACTOME_TRANSLATION","royalblue",-0.101733807762266,"TierA","HCC",1,0.249637092120426,0.000999000999000999
"REACTOME_EUKARYOTIC_TRANSLATION_INITIATION","royalblue",-0.024760177017745,"TierA","HCC",1,0.249637092120426,0.000999000999000999
"REACTOME_EUKARYOTIC_TRANSLATION_ELONGATION","royalblue",-0.286850618883958,"TierA","HCC",0.04995004995005,0.249637092120426,0.000999000999000999
"REACTOME_TRNA_AMINOACYLATION","royalblue",0.239956831540018,"TierA","HCC",0.285714285714286,0.249637092120426,0.000999000999000999
"REACTOME_CYTOSOLIC_TRNA_AMINOACYLATION","royalblue",0.289210489717548,"TierA","HCC",0.047952047952048,0.249637092120426,0.000999000999000999
"REACTOME_RRNA_PROCESSING","royalblue",-0.467231023654862,"TierA","HCC",0.000999000999000999,0.249637092120426,0.000999000999000999
"REACTOME_SRP_DEPENDENT_COTRANSLATIONAL_PROTEIN_TARGETING_TO_MEMBRANE","royalblue",0.0565271536156398,"TierA","HCC",1,0.249637092120426,0.000999000999000999
"REACTOME_RIBOSOME_ASSOCIATED_QUALITY_CONTROL","royalblue",-0.147338910657546,"TierA","HCC",0.989010989010989,0.249637092120426,0.000999000999000999
"REACTOME_RIBOSOME_QUALITY_CONTROL_RQC_COMPLEX_EXTRACTS_AND_DEGRADES_NASCENT_PEPTIDE","royalblue",-0.166886160165434,"TierA","HCC",0.947052947052947,0.249637092120426,0.000999000999000999
"REACTOME_MITOCHONDRIAL_TRANSLATION","royalblue",-0.437815291611973,"TierA","HCC",0.000999000999000999,0.249637092120426,0.000999000999000999
"REACTOME_MITOCHONDRIAL_TRANSLATION_ELONGATION","royalblue",-0.463496981502532,"TierA","HCC",0.000999000999000999,0.249637092120426,0.000999000999000999
"REACTOME_MITOCHONDRIAL_TRNA_AMINOACYLATION","royalblue",-0.0790167765438785,"TierA","HCC",1,0.249637092120426,0.000999000999000999
"REACTOME_RRNA_PROCESSING_IN_THE_MITOCHONDRION","royalblue",-0.453996650177549,"TierA","HCC",0.000999000999000999,0.249637092120426,0.000999000999000999
"KEGG_RIBOSOME","lightyellow",-0.178424853296207,"TierA","HCC",0.888111888111888,0.182999927449133,0.00599400599400599
"KEGG_AMINOACYL_TRNA_BIOSYNTHESIS","lightyellow",0.35566593942948,"TierA","HCC",0.00599400599400599,0.182999927449133,0.00599400599400599
"REACTOME_TRANSLATION","lightyellow",0.146255817467076,"TierA","HCC",0.99000999000999,0.182999927449133,0.00599400599400599
"REACTOME_EUKARYOTIC_TRANSLATION_INITIATION","lightyellow",0.0642297134680972,"TierA","HCC",1,0.182999927449133,0.00599400599400599
"REACTOME_EUKARYOTIC_TRANSLATION_ELONGATION","lightyellow",-0.107381162692837,"TierA","HCC",1,0.182999927449133,0.00599400599400599
"REACTOME_TRNA_AMINOACYLATION","lightyellow",0.437401133519668,"TierA","HCC",0.000999000999000999,0.182999927449133,0.00599400599400599
"REACTOME_CYTOSOLIC_TRNA_AMINOACYLATION","lightyellow",0.474858968946897,"TierA","HCC",0.000999000999000999,0.182999927449133,0.00599400599400599
"REACTOME_RRNA_PROCESSING","lightyellow",-0.326457454153942,"TierA","HCC",0.00899100899100899,0.182999927449133,0.00599400599400599
"REACTOME_SRP_DEPENDENT_COTRANSLATIONAL_PROTEIN_TARGETING_TO_MEMBRANE","lightyellow",0.164907785159356,"TierA","HCC",0.954045954045954,0.182999927449133,0.00599400599400599
"REACTOME_RIBOSOME_ASSOCIATED_QUALITY_CONTROL","lightyellow",0.00899708311243338,"TierA","HCC",1,0.182999927449133,0.00599400599400599
"REACTOME_RIBOSOME_QUALITY_CONTROL_RQC_COMPLEX_EXTRACTS_AND_DEGRADES_NASCENT_PEPTIDE","lightyellow",-0.0223316170159538,"TierA","HCC",1,0.182999927449133,0.00599400599400599
"REACTOME_MITOCHONDRIAL_TRANSLATION","lightyellow",-0.148763709524557,"TierA","HCC",0.988011988011988,0.182999927449133,0.00599400599400599
"REACTOME_MITOCHONDRIAL_TRANSLATION_ELONGATION","lightyellow",-0.176785554762731,"TierA","HCC",0.898101898101898,0.182999927449133,0.00599400599400599
"REACTOME_MITOCHONDRIAL_TRNA_AMINOACYLATION","lightyellow",0.036840428797307,"TierA","HCC",1,0.182999927449133,0.00599400599400599
"REACTOME_RRNA_PROCESSING_IN_THE_MITOCHONDRION","lightyellow",-0.0956976903904553,"TierA","HCC",1,0.182999927449133,0.00599400599400599
"KEGG_RIBOSOME","salmon",-0.336813402387974,"TierA","HCC",0.00599400599400599,0.261993737773378,0.000999000999000999
"KEGG_AMINOACYL_TRNA_BIOSYNTHESIS","salmon",0.458000395944032,"TierA","HCC",0.000999000999000999,0.261993737773378,0.000999000999000999
"REACTOME_TRANSLATION","salmon",0.0549171682286481,"TierA","HCC",1,0.261993737773378,0.000999000999000999
"REACTOME_EUKARYOTIC_TRANSLATION_INITIATION","salmon",0.0378396372245362,"TierA","HCC",1,0.261993737773378,0.000999000999000999
"REACTOME_EUKARYOTIC_TRANSLATION_ELONGATION","salmon",-0.289064625770446,"TierA","HCC",0.047952047952048,0.261993737773378,0.000999000999000999
"REACTOME_TRNA_AMINOACYLATION","salmon",0.500724317446671,"TierA","HCC",0.000999000999000999,0.261993737773378,0.000999000999000999
"REACTOME_CYTOSOLIC_TRNA_AMINOACYLATION","salmon",0.494537640525637,"TierA","HCC",0.000999000999000999,0.261993737773378,0.000999000999000999
"REACTOME_RRNA_PROCESSING","salmon",-0.26773483161419,"TierA","HCC",0.106893106893107,0.261993737773378,0.000999000999000999
"REACTOME_SRP_DEPENDENT_COTRANSLATIONAL_PROTEIN_TARGETING_TO_MEMBRANE","salmon",0.0877430944796989,"TierA","HCC",1,0.261993737773378,0.000999000999000999
"REACTOME_RIBOSOME_ASSOCIATED_QUALITY_CONTROL","salmon",-0.096198124197467,"TierA","HCC",1,0.261993737773378,0.000999000999000999
"REACTOME_RIBOSOME_QUALITY_CONTROL_RQC_COMPLEX_EXTRACTS_AND_DEGRADES_NASCENT_PEPTIDE","salmon",-0.0937886415058301,"TierA","HCC",1,0.261993737773378,0.000999000999000999
"REACTOME_MITOCHONDRIAL_TRANSLATION","salmon",-0.342702720078197,"TierA","HCC",0.00599400599400599,0.261993737773378,0.000999000999000999
"REACTOME_MITOCHONDRIAL_TRANSLATION_ELONGATION","salmon",-0.354696116760603,"TierA","HCC",0.00599400599400599,0.261993737773378,0.000999000999000999
"REACTOME_MITOCHONDRIAL_TRNA_AMINOACYLATION","salmon",0.105458871954718,"TierA","HCC",1,0.261993737773378,0.000999000999000999
"REACTOME_RRNA_PROCESSING_IN_THE_MITOCHONDRION","salmon",-0.40968647848202,"TierA","HCC",0.000999000999000999,0.261993737773378,0.000999000999000999
"KEGG_RIBOSOME","turquoise",-0.474509571244263,"TierA","HCC",0.000999000999000999,0.350588580324463,0.000999000999000999
"KEGG_AMINOACYL_TRNA_BIOSYNTHESIS","turquoise",0.37706788578091,"TierA","HCC",0.000999000999000999,0.350588580324463,0.000999000999000999
"REACTOME_TRANSLATION","turquoise",0.00695053131940395,"TierA","HCC",1,0.350588580324463,0.000999000999000999
"REACTOME_EUKARYOTIC_TRANSLATION_INITIATION","turquoise",0.0111082740117371,"TierA","HCC",1,0.350588580324463,0.000999000999000999
"REACTOME_EUKARYOTIC_TRANSLATION_ELONGATION","turquoise",-0.425583561169021,"TierA","HCC",0.000999000999000999,0.350588580324463,0.000999000999000999
"REACTOME_TRNA_AMINOACYLATION","turquoise",0.471969098874466,"TierA","HCC",0.000999000999000999,0.350588580324463,0.000999000999000999
"REACTOME_CYTOSOLIC_TRNA_AMINOACYLATION","turquoise",0.663806600308957,"TierA","HCC",0.000999000999000999,0.350588580324463,0.000999000999000999
"REACTOME_RRNA_PROCESSING","turquoise",-0.534604613782499,"TierA","HCC",0.000999000999000999,0.350588580324463,0.000999000999000999
"REACTOME_SRP_DEPENDENT_COTRANSLATIONAL_PROTEIN_TARGETING_TO_MEMBRANE","turquoise",0.132437583802516,"TierA","HCC",0.997002997002997,0.350588580324463,0.000999000999000999
"REACTOME_RIBOSOME_ASSOCIATED_QUALITY_CONTROL","turquoise",-0.0272805762948246,"TierA","HCC",1,0.350588580324463,0.000999000999000999
"REACTOME_RIBOSOME_QUALITY_CONTROL_RQC_COMPLEX_EXTRACTS_AND_DEGRADES_NASCENT_PEPTIDE","turquoise",-0.059926248753593,"TierA","HCC",1,0.350588580324463,0.000999000999000999
"REACTOME_MITOCHONDRIAL_TRANSLATION","turquoise",-0.55776151749075,"TierA","HCC",0.000999000999000999,0.350588580324463,0.000999000999000999
"REACTOME_MITOCHONDRIAL_TRANSLATION_ELONGATION","turquoise",-0.585152461458774,"TierA","HCC",0.000999000999000999,0.350588580324463,0.000999000999000999
"REACTOME_MITOCHONDRIAL_TRNA_AMINOACYLATION","turquoise",-0.260375375545303,"TierA","HCC",0.142857142857143,0.350588580324463,0.000999000999000999
"REACTOME_RRNA_PROCESSING_IN_THE_MITOCHONDRION","turquoise",-0.670294805029921,"TierA","HCC",0.000999000999000999,0.350588580324463,0.000999000999000999
"KEGG_RIBOSOME","brown",0.00143479888388824,"TierA","HCC",1,0.317117065007841,0.000999000999000999
"KEGG_AMINOACYL_TRNA_BIOSYNTHESIS","brown",0.448497888935464,"TierA","HCC",0.000999000999000999,0.317117065007841,0.000999000999000999
"REACTOME_TRANSLATION","brown",0.576697749853935,"TierA","HCC",0.000999000999000999,0.317117065007841,0.000999000999000999
"REACTOME_EUKARYOTIC_TRANSLATION_INITIATION","brown",0.378311732971931,"TierA","HCC",0.000999000999000999,0.317117065007841,0.000999000999000999
"REACTOME_EUKARYOTIC_TRANSLATION_ELONGATION","brown",0.055793349579627,"TierA","HCC",1,0.317117065007841,0.000999000999000999
"REACTOME_TRNA_AMINOACYLATION","brown",0.539074321831951,"TierA","HCC",0.000999000999000999,0.317117065007841,0.000999000999000999
"REACTOME_CYTOSOLIC_TRNA_AMINOACYLATION","brown",0.653990696097711,"TierA","HCC",0.000999000999000999,0.317117065007841,0.000999000999000999
"REACTOME_RRNA_PROCESSING","brown",-0.187570950403737,"TierA","HCC",0.806193806193806,0.317117065007841,0.000999000999000999
"REACTOME_SRP_DEPENDENT_COTRANSLATIONAL_PROTEIN_TARGETING_TO_MEMBRANE","brown",0.52406528185912,"TierA","HCC",0.000999000999000999,0.317117065007841,0.000999000999000999
"REACTOME_RIBOSOME_ASSOCIATED_QUALITY_CONTROL","brown",0.462122527433683,"TierA","HCC",0.000999000999000999,0.317117065007841,0.000999000999000999
"REACTOME_RIBOSOME_QUALITY_CONTROL_RQC_COMPLEX_EXTRACTS_AND_DEGRADES_NASCENT_PEPTIDE","brown",0.468105932351118,"TierA","HCC",0.000999000999000999,0.317117065007841,0.000999000999000999
"REACTOME_MITOCHONDRIAL_TRANSLATION","brown",0.109431698782553,"TierA","HCC",1,0.317117065007841,0.000999000999000999
"REACTOME_MITOCHONDRIAL_TRANSLATION_ELONGATION","brown",0.0762035885729087,"TierA","HCC",1,0.317117065007841,0.000999000999000999
"REACTOME_MITOCHONDRIAL_TRNA_AMINOACYLATION","brown",-0.0342424212201785,"TierA","HCC",1,0.317117065007841,0.000999000999000999
"REACTOME_RRNA_PROCESSING_IN_THE_MITOCHONDRION","brown",-0.241213036339807,"TierA","HCC",0.276723276723277,0.317117065007841,0.000999000999000999
"KEGG_RIBOSOME","cyan",-0.0239835813391603,"TierA","HCC",1,0.260351227136825,0.000999000999000999
"KEGG_AMINOACYL_TRNA_BIOSYNTHESIS","cyan",0.535310965793378,"TierA","HCC",0.000999000999000999,0.260351227136825,0.000999000999000999
"REACTOME_TRANSLATION","cyan",0.396669936952306,"TierA","HCC",0.000999000999000999,0.260351227136825,0.000999000999000999
"REACTOME_EUKARYOTIC_TRANSLATION_INITIATION","cyan",0.32265456325464,"TierA","HCC",0.00999000999000999,0.260351227136825,0.000999000999000999
"REACTOME_EUKARYOTIC_TRANSLATION_ELONGATION","cyan",0.0135353300474939,"TierA","HCC",1,0.260351227136825,0.000999000999000999
"REACTOME_TRNA_AMINOACYLATION","cyan",0.585529161557135,"TierA","HCC",0.000999000999000999,0.260351227136825,0.000999000999000999
"REACTOME_CYTOSOLIC_TRNA_AMINOACYLATION","cyan",0.604343902851161,"TierA","HCC",0.000999000999000999,0.260351227136825,0.000999000999000999
"REACTOME_RRNA_PROCESSING","cyan",0.0218950183925196,"TierA","HCC",1,0.260351227136825,0.000999000999000999
"REACTOME_SRP_DEPENDENT_COTRANSLATIONAL_PROTEIN_TARGETING_TO_MEMBRANE","cyan",0.40510649763608,"TierA","HCC",0.000999000999000999,0.260351227136825,0.000999000999000999
"REACTOME_RIBOSOME_ASSOCIATED_QUALITY_CONTROL","cyan",0.287061875870713,"TierA","HCC",0.04995004995005,0.260351227136825,0.000999000999000999
"REACTOME_RIBOSOME_QUALITY_CONTROL_RQC_COMPLEX_EXTRACTS_AND_DEGRADES_NASCENT_PEPTIDE","cyan",0.287550755623274,"TierA","HCC",0.04995004995005,0.260351227136825,0.000999000999000999
"REACTOME_MITOCHONDRIAL_TRANSLATION","cyan",-0.0372180516353636,"TierA","HCC",1,0.260351227136825,0.000999000999000999
"REACTOME_MITOCHONDRIAL_TRANSLATION_ELONGATION","cyan",-0.0478701590037499,"TierA","HCC",1,0.260351227136825,0.000999000999000999
"REACTOME_MITOCHONDRIAL_TRNA_AMINOACYLATION","cyan",0.132055056498712,"TierA","HCC",0.997002997002997,0.260351227136825,0.000999000999000999
"REACTOME_RRNA_PROCESSING_IN_THE_MITOCHONDRION","cyan",-0.204483550596682,"TierA","HCC",0.645354645354645,0.260351227136825,0.000999000999000999
"KEGG_RIBOSOME","greenyellow",-0.0407471938492375,"TierA","HCC",1,0.148139358791584,0.037962037962038
"KEGG_AMINOACYL_TRNA_BIOSYNTHESIS","greenyellow",-0.0462624116568238,"TierA","HCC",1,0.148139358791584,0.037962037962038
"REACTOME_TRANSLATION","greenyellow",-0.147864182742468,"TierA","HCC",0.989010989010989,0.148139358791584,0.037962037962038
"REACTOME_EUKARYOTIC_TRANSLATION_INITIATION","greenyellow",0.00697957216481039,"TierA","HCC",1,0.148139358791584,0.037962037962038
"REACTOME_EUKARYOTIC_TRANSLATION_ELONGATION","greenyellow",-0.0271824425656223,"TierA","HCC",1,0.148139358791584,0.037962037962038
"REACTOME_TRNA_AMINOACYLATION","greenyellow",0.00918431373136709,"TierA","HCC",1,0.148139358791584,0.037962037962038
"REACTOME_CYTOSOLIC_TRNA_AMINOACYLATION","greenyellow",0.21087146430157,"TierA","HCC",0.598401598401598,0.148139358791584,0.037962037962038
"REACTOME_RRNA_PROCESSING","greenyellow",-0.326180810900492,"TierA","HCC",0.00899100899100899,0.148139358791584,0.037962037962038
"REACTOME_SRP_DEPENDENT_COTRANSLATIONAL_PROTEIN_TARGETING_TO_MEMBRANE","greenyellow",0.0675993887946952,"TierA","HCC",1,0.148139358791584,0.037962037962038
"REACTOME_RIBOSOME_ASSOCIATED_QUALITY_CONTROL","greenyellow",0.0193831949878382,"TierA","HCC",1,0.148139358791584,0.037962037962038
"REACTOME_RIBOSOME_QUALITY_CONTROL_RQC_COMPLEX_EXTRACTS_AND_DEGRADES_NASCENT_PEPTIDE","greenyellow",-0.00634584453363562,"TierA","HCC",1,0.148139358791584,0.037962037962038
"REACTOME_MITOCHONDRIAL_TRANSLATION","greenyellow",-0.30562808808146,"TierA","HCC",0.024975024975025,0.148139358791584,0.037962037962038
"REACTOME_MITOCHONDRIAL_TRANSLATION_ELONGATION","greenyellow",-0.308477643226368,"TierA","HCC",0.01998001998002,0.148139358791584,0.037962037962038
"REACTOME_MITOCHONDRIAL_TRNA_AMINOACYLATION","greenyellow",-0.361203734583922,"TierA","HCC",0.003996003996004,0.148139358791584,0.037962037962038
"REACTOME_RRNA_PROCESSING_IN_THE_MITOCHONDRION","greenyellow",-0.338180095753457,"TierA","HCC",0.00599400599400599,0.148139358791584,0.037962037962038
"KEGG_RIBOSOME","yellow",-0.396813199800327,"TierA","HCC",0.000999000999000999,0.327132457434413,0.000999000999000999
"KEGG_AMINOACYL_TRNA_BIOSYNTHESIS","yellow",0.116747785223579,"TierA","HCC",1,0.327132457434413,0.000999000999000999
"REACTOME_TRANSLATION","yellow",-0.173611562059713,"TierA","HCC",0.915084915084915,0.327132457434413,0.000999000999000999
"REACTOME_EUKARYOTIC_TRANSLATION_INITIATION","yellow",-0.112002489983416,"TierA","HCC",1,0.327132457434413,0.000999000999000999
"REACTOME_EUKARYOTIC_TRANSLATION_ELONGATION","yellow",-0.348051411086381,"TierA","HCC",0.00599400599400599,0.327132457434413,0.000999000999000999
"REACTOME_TRNA_AMINOACYLATION","yellow",0.213610119685862,"TierA","HCC",0.568431568431568,0.327132457434413,0.000999000999000999
"REACTOME_CYTOSOLIC_TRNA_AMINOACYLATION","yellow",0.439692496692977,"TierA","HCC",0.000999000999000999,0.327132457434413,0.000999000999000999
"REACTOME_RRNA_PROCESSING","yellow",-0.656340217212386,"TierA","HCC",0.000999000999000999,0.327132457434413,0.000999000999000999
"REACTOME_SRP_DEPENDENT_COTRANSLATIONAL_PROTEIN_TARGETING_TO_MEMBRANE","yellow",0.0269379257120706,"TierA","HCC",1,0.327132457434413,0.000999000999000999
"REACTOME_RIBOSOME_ASSOCIATED_QUALITY_CONTROL","yellow",-0.100718833826662,"TierA","HCC",1,0.327132457434413,0.000999000999000999
"REACTOME_RIBOSOME_QUALITY_CONTROL_RQC_COMPLEX_EXTRACTS_AND_DEGRADES_NASCENT_PEPTIDE","yellow",-0.130231204087319,"TierA","HCC",0.998001998001998,0.327132457434413,0.000999000999000999
"REACTOME_MITOCHONDRIAL_TRANSLATION","yellow",-0.560431130544209,"TierA","HCC",0.000999000999000999,0.327132457434413,0.000999000999000999
"REACTOME_MITOCHONDRIAL_TRANSLATION_ELONGATION","yellow",-0.58140024010116,"TierA","HCC",0.000999000999000999,0.327132457434413,0.000999000999000999
"REACTOME_MITOCHONDRIAL_TRNA_AMINOACYLATION","yellow",-0.401443793538826,"TierA","HCC",0.000999000999000999,0.327132457434413,0.000999000999000999
"REACTOME_RRNA_PROCESSING_IN_THE_MITOCHONDRION","yellow",-0.648954451961316,"TierA","HCC",0.000999000999000999,0.327132457434413,0.000999000999000999
"KEGG_RIBOSOME","red",0.250359700357259,"TierA","HCC",0.207792207792208,0.16784534626797,0.00799200799200799
"KEGG_AMINOACYL_TRNA_BIOSYNTHESIS","red",-0.341326979687077,"TierA","HCC",0.00599400599400599,0.16784534626797,0.00799200799200799
"REACTOME_TRANSLATION","red",-0.240115069354775,"TierA","HCC",0.285714285714286,0.16784534626797,0.00799200799200799
"REACTOME_EUKARYOTIC_TRANSLATION_INITIATION","red",-0.0506825421260381,"TierA","HCC",1,0.16784534626797,0.00799200799200799
"REACTOME_EUKARYOTIC_TRANSLATION_ELONGATION","red",0.220826283121319,"TierA","HCC",0.487512487512487,0.16784534626797,0.00799200799200799
"REACTOME_TRNA_AMINOACYLATION","red",-0.374401991804694,"TierA","HCC",0.000999000999000999,0.16784534626797,0.00799200799200799
"REACTOME_CYTOSOLIC_TRNA_AMINOACYLATION","red",-0.325190228088507,"TierA","HCC",0.00899100899100899,0.16784534626797,0.00799200799200799
"REACTOME_RRNA_PROCESSING","red",0.0823298155900111,"TierA","HCC",1,0.16784534626797,0.00799200799200799
"REACTOME_SRP_DEPENDENT_COTRANSLATIONAL_PROTEIN_TARGETING_TO_MEMBRANE","red",-0.102227192528999,"TierA","HCC",1,0.16784534626797,0.00799200799200799
"REACTOME_RIBOSOME_ASSOCIATED_QUALITY_CONTROL","red",-0.0603995242830582,"TierA","HCC",1,0.16784534626797,0.00799200799200799
"REACTOME_RIBOSOME_QUALITY_CONTROL_RQC_COMPLEX_EXTRACTS_AND_DEGRADES_NASCENT_PEPTIDE","red",-0.071066807385051,"TierA","HCC",1,0.16784534626797,0.00799200799200799
"REACTOME_MITOCHONDRIAL_TRANSLATION","red",0.0381224083826624,"TierA","HCC",1,0.16784534626797,0.00799200799200799
"REACTOME_MITOCHONDRIAL_TRANSLATION_ELONGATION","red",0.058415432040126,"TierA","HCC",1,0.16784534626797,0.00799200799200799
"REACTOME_MITOCHONDRIAL_TRNA_AMINOACYLATION","red",-0.168984614600637,"TierA","HCC",0.939060939060939,0.16784534626797,0.00799200799200799
"REACTOME_RRNA_PROCESSING_IN_THE_MITOCHONDRION","red",0.133231604669334,"TierA","HCC",0.997002997002997,0.16784534626797,0.00799200799200799
"KEGG_RIBOSOME","lightcyan",0.097361319738764,"TierA","HCC",1,0.165843537226548,0.00899100899100899
"KEGG_AMINOACYL_TRNA_BIOSYNTHESIS","lightcyan",-0.345774505566476,"TierA","HCC",0.00599400599400599,0.165843537226548,0.00899100899100899
"REACTOME_TRANSLATION","lightcyan",-0.276154976649946,"TierA","HCC",0.0779220779220779,0.165843537226548,0.00899100899100899
"REACTOME_EUKARYOTIC_TRANSLATION_INITIATION","lightcyan",-0.125361611097969,"TierA","HCC",0.999000999000999,0.165843537226548,0.00899100899100899
"REACTOME_EUKARYOTIC_TRANSLATION_ELONGATION","lightcyan",0.0925197129558818,"TierA","HCC",1,0.165843537226548,0.00899100899100899
"REACTOME_TRNA_AMINOACYLATION","lightcyan",-0.352031343280124,"TierA","HCC",0.00599400599400599,0.165843537226548,0.00899100899100899
"REACTOME_CYTOSOLIC_TRNA_AMINOACYLATION","lightcyan",-0.307400823896696,"TierA","HCC",0.01998001998002,0.165843537226548,0.00899100899100899
"REACTOME_RRNA_PROCESSING","lightcyan",-0.131887398222721,"TierA","HCC",0.997002997002997,0.165843537226548,0.00899100899100899
"REACTOME_SRP_DEPENDENT_COTRANSLATIONAL_PROTEIN_TARGETING_TO_MEMBRANE","lightcyan",-0.1418603076636,"TierA","HCC",0.992007992007992,0.165843537226548,0.00899100899100899
"REACTOME_RIBOSOME_ASSOCIATED_QUALITY_CONTROL","lightcyan",-0.156040261462189,"TierA","HCC",0.975024975024975,0.165843537226548,0.00899100899100899
"REACTOME_RIBOSOME_QUALITY_CONTROL_RQC_COMPLEX_EXTRACTS_AND_DEGRADES_NASCENT_PEPTIDE","lightcyan",-0.1588696217716,"TierA","HCC",0.967032967032967,0.165843537226548,0.00899100899100899
"REACTOME_MITOCHONDRIAL_TRANSLATION","lightcyan",-0.0555437010482457,"TierA","HCC",1,0.165843537226548,0.00899100899100899
"REACTOME_MITOCHONDRIAL_TRANSLATION_ELONGATION","lightcyan",-0.0432547456900923,"TierA","HCC",1,0.165843537226548,0.00899100899100899
"REACTOME_MITOCHONDRIAL_TRNA_AMINOACYLATION","lightcyan",-0.199126583730406,"TierA","HCC",0.705294705294705,0.165843537226548,0.00899100899100899
"REACTOME_RRNA_PROCESSING_IN_THE_MITOCHONDRION","lightcyan",-0.00446614562350911,"TierA","HCC",1,0.165843537226548,0.00899100899100899
"KEGG_RIBOSOME","midnightblue",0.0433977284871476,"TierA","HCC",1,0.192168395145665,0.002997002997003
"KEGG_AMINOACYL_TRNA_BIOSYNTHESIS","midnightblue",-0.363677919075547,"TierA","HCC",0.001998001998002,0.192168395145665,0.002997002997003
"REACTOME_TRANSLATION","midnightblue",-0.257004038302888,"TierA","HCC",0.164835164835165,0.192168395145665,0.002997002997003
"REACTOME_EUKARYOTIC_TRANSLATION_INITIATION","midnightblue",-0.273435161870676,"TierA","HCC",0.0869130869130869,0.192168395145665,0.002997002997003
"REACTOME_EUKARYOTIC_TRANSLATION_ELONGATION","midnightblue",0.0398172681464855,"TierA","HCC",1,0.192168395145665,0.002997002997003
"REACTOME_TRNA_AMINOACYLATION","midnightblue",-0.377331170549258,"TierA","HCC",0.000999000999000999,0.192168395145665,0.002997002997003
"REACTOME_CYTOSOLIC_TRNA_AMINOACYLATION","midnightblue",-0.451848709647001,"TierA","HCC",0.000999000999000999,0.192168395145665,0.002997002997003
"REACTOME_RRNA_PROCESSING","midnightblue",-0.102616134141931,"TierA","HCC",1,0.192168395145665,0.002997002997003
"REACTOME_SRP_DEPENDENT_COTRANSLATIONAL_PROTEIN_TARGETING_TO_MEMBRANE","midnightblue",-0.239066052571709,"TierA","HCC",0.295704295704296,0.192168395145665,0.002997002997003
"REACTOME_RIBOSOME_ASSOCIATED_QUALITY_CONTROL","midnightblue",-0.207994788674025,"TierA","HCC",0.623376623376623,0.192168395145665,0.002997002997003
"REACTOME_RIBOSOME_QUALITY_CONTROL_RQC_COMPLEX_EXTRACTS_AND_DEGRADES_NASCENT_PEPTIDE","midnightblue",-0.20813404787365,"TierA","HCC",0.623376623376623,0.192168395145665,0.002997002997003
"REACTOME_MITOCHONDRIAL_TRANSLATION","midnightblue",0.0774357889939048,"TierA","HCC",1,0.192168395145665,0.002997002997003
"REACTOME_MITOCHONDRIAL_TRANSLATION_ELONGATION","midnightblue",0.0768755693705603,"TierA","HCC",1,0.192168395145665,0.002997002997003
"REACTOME_MITOCHONDRIAL_TRNA_AMINOACYLATION","midnightblue",-0.000579031381678889,"TierA","HCC",1,0.192168395145665,0.002997002997003
"REACTOME_RRNA_PROCESSING_IN_THE_MITOCHONDRION","midnightblue",0.163312518098518,"TierA","HCC",0.959040959040959,0.192168395145665,0.002997002997003
"KEGG_RIBOSOME","green",-0.404167981037969,"TierA","HCC",0.000999000999000999,0.310478768598737,0.000999000999000999
"KEGG_AMINOACYL_TRNA_BIOSYNTHESIS","green",-0.0504556931216105,"TierA","HCC",1,0.310478768598737,0.000999000999000999
"REACTOME_TRANSLATION","green",-0.394590831735277,"TierA","HCC",0.000999000999000999,0.310478768598737,0.000999000999000999
"REACTOME_EUKARYOTIC_TRANSLATION_INITIATION","green",-0.206005433918814,"TierA","HCC",0.634365634365634,0.310478768598737,0.000999000999000999
"REACTOME_EUKARYOTIC_TRANSLATION_ELONGATION","green",-0.405068374599924,"TierA","HCC",0.000999000999000999,0.310478768598737,0.000999000999000999
"REACTOME_TRNA_AMINOACYLATION","green",-0.0297510061926984,"TierA","HCC",1,0.310478768598737,0.000999000999000999
"REACTOME_CYTOSOLIC_TRNA_AMINOACYLATION","green",0.10015340982427,"TierA","HCC",1,0.310478768598737,0.000999000999000999
"REACTOME_RRNA_PROCESSING","green",-0.272558500146508,"TierA","HCC",0.0899100899100899,0.310478768598737,0.000999000999000999
"REACTOME_SRP_DEPENDENT_COTRANSLATIONAL_PROTEIN_TARGETING_TO_MEMBRANE","green",-0.221473197565786,"TierA","HCC",0.477522477522478,0.310478768598737,0.000999000999000999
"REACTOME_RIBOSOME_ASSOCIATED_QUALITY_CONTROL","green",-0.26859663787486,"TierA","HCC",0.106893106893107,0.310478768598737,0.000999000999000999
"REACTOME_RIBOSOME_QUALITY_CONTROL_RQC_COMPLEX_EXTRACTS_AND_DEGRADES_NASCENT_PEPTIDE","green",-0.280540793837665,"TierA","HCC",0.0679320679320679,0.310478768598737,0.000999000999000999
"REACTOME_MITOCHONDRIAL_TRANSLATION","green",-0.609088162642112,"TierA","HCC",0.000999000999000999,0.310478768598737,0.000999000999000999
"REACTOME_MITOCHONDRIAL_TRANSLATION_ELONGATION","green",-0.596555279634658,"TierA","HCC",0.000999000999000999,0.310478768598737,0.000999000999000999
"REACTOME_MITOCHONDRIAL_TRNA_AMINOACYLATION","green",-0.306443921950884,"TierA","HCC",0.021978021978022,0.310478768598737,0.000999000999000999
"REACTOME_RRNA_PROCESSING_IN_THE_MITOCHONDRION","green",-0.511732304898021,"TierA","HCC",0.000999000999000999,0.310478768598737,0.000999000999000999
"KEGG_RIBOSOME","pink",0.106968858680043,"TierA","HCC",1,0.2468454680613,0.000999000999000999
"KEGG_AMINOACYL_TRNA_BIOSYNTHESIS","pink",-0.416797202155103,"TierA","HCC",0.000999000999000999,0.2468454680613,0.000999000999000999
"REACTOME_TRANSLATION","pink",-0.349426257031852,"TierA","HCC",0.00599400599400599,0.2468454680613,0.000999000999000999
"REACTOME_EUKARYOTIC_TRANSLATION_INITIATION","pink",-0.218198391473445,"TierA","HCC",0.513486513486514,0.2468454680613,0.000999000999000999
"REACTOME_EUKARYOTIC_TRANSLATION_ELONGATION","pink",0.0596444219968975,"TierA","HCC",1,0.2468454680613,0.000999000999000999
"REACTOME_TRNA_AMINOACYLATION","pink",-0.491461182848756,"TierA","HCC",0.000999000999000999,0.2468454680613,0.000999000999000999
"REACTOME_CYTOSOLIC_TRNA_AMINOACYLATION","pink",-0.58762225551822,"TierA","HCC",0.000999000999000999,0.2468454680613,0.000999000999000999
"REACTOME_RRNA_PROCESSING","pink",0.296352157241446,"TierA","HCC",0.035964035964036,0.2468454680613,0.000999000999000999
"REACTOME_SRP_DEPENDENT_COTRANSLATIONAL_PROTEIN_TARGETING_TO_MEMBRANE","pink",-0.357170520700444,"TierA","HCC",0.00599400599400599,0.2468454680613,0.000999000999000999
"REACTOME_RIBOSOME_ASSOCIATED_QUALITY_CONTROL","pink",-0.215499069441287,"TierA","HCC",0.546453546453546,0.2468454680613,0.000999000999000999
"REACTOME_RIBOSOME_QUALITY_CONTROL_RQC_COMPLEX_EXTRACTS_AND_DEGRADES_NASCENT_PEPTIDE","pink",-0.184185042517734,"TierA","HCC",0.839160839160839,0.2468454680613,0.000999000999000999
"REACTOME_MITOCHONDRIAL_TRANSLATION","pink",0.0492021989313132,"TierA","HCC",1,0.2468454680613,0.000999000999000999
"REACTOME_MITOCHONDRIAL_TRANSLATION_ELONGATION","pink",0.0874121341447828,"TierA","HCC",1,0.2468454680613,0.000999000999000999
"REACTOME_MITOCHONDRIAL_TRNA_AMINOACYLATION","pink",0.023072975949933,"TierA","HCC",1,0.2468454680613,0.000999000999000999
"REACTOME_RRNA_PROCESSING_IN_THE_MITOCHONDRION","pink",0.259669352288244,"TierA","HCC",0.143856143856144,0.2468454680613,0.000999000999000999
"KEGG_RIBOSOME","purple",0.0231463416118194,"TierA","HCC",1,0.227880160637848,0.000999000999000999
"KEGG_AMINOACYL_TRNA_BIOSYNTHESIS","purple",-0.285018318169674,"TierA","HCC",0.050949050949051,0.227880160637848,0.000999000999000999
"REACTOME_TRANSLATION","purple",-0.0565331460789336,"TierA","HCC",1,0.227880160637848,0.000999000999000999
"REACTOME_EUKARYOTIC_TRANSLATION_INITIATION","purple",-0.307850995971649,"TierA","HCC",0.01998001998002,0.227880160637848,0.000999000999000999
"REACTOME_EUKARYOTIC_TRANSLATION_ELONGATION","purple",0.0130782061026027,"TierA","HCC",1,0.227880160637848,0.000999000999000999
"REACTOME_TRNA_AMINOACYLATION","purple",-0.310485437898836,"TierA","HCC",0.018981018981019,0.227880160637848,0.000999000999000999
"REACTOME_CYTOSOLIC_TRNA_AMINOACYLATION","purple",-0.504046679635439,"TierA","HCC",0.000999000999000999,0.227880160637848,0.000999000999000999
"REACTOME_RRNA_PROCESSING","purple",-0.0116896161094317,"TierA","HCC",1,0.227880160637848,0.000999000999000999
"REACTOME_SRP_DEPENDENT_COTRANSLATIONAL_PROTEIN_TARGETING_TO_MEMBRANE","purple",-0.281598387396044,"TierA","HCC",0.0629370629370629,0.227880160637848,0.000999000999000999
"REACTOME_RIBOSOME_ASSOCIATED_QUALITY_CONTROL","purple",-0.137396222917222,"TierA","HCC",0.995004995004995,0.227880160637848,0.000999000999000999
"REACTOME_RIBOSOME_QUALITY_CONTROL_RQC_COMPLEX_EXTRACTS_AND_DEGRADES_NASCENT_PEPTIDE","purple",-0.084809815760479,"TierA","HCC",1,0.227880160637848,0.000999000999000999
"REACTOME_MITOCHONDRIAL_TRANSLATION","purple",0.356127923901843,"TierA","HCC",0.00599400599400599,0.227880160637848,0.000999000999000999
"REACTOME_MITOCHONDRIAL_TRANSLATION_ELONGATION","purple",0.347779705689532,"TierA","HCC",0.00599400599400599,0.227880160637848,0.000999000999000999
"REACTOME_MITOCHONDRIAL_TRNA_AMINOACYLATION","purple",0.255213781154624,"TierA","HCC",0.175824175824176,0.227880160637848,0.000999000999000999
"REACTOME_RRNA_PROCESSING_IN_THE_MITOCHONDRION","purple",0.443427831169591,"TierA","HCC",0.000999000999000999,0.227880160637848,0.000999000999000999
"KEGG_RIBOSOME","blue",0.488247075918468,"TierA","HCC",0.000999000999000999,0.350251423837701,0.000999000999000999
"KEGG_AMINOACYL_TRNA_BIOSYNTHESIS","blue",-0.350661726731939,"TierA","HCC",0.00599400599400599,0.350251423837701,0.000999000999000999
"REACTOME_TRANSLATION","blue",0.00523227211082346,"TierA","HCC",1,0.350251423837701,0.000999000999000999
"REACTOME_EUKARYOTIC_TRANSLATION_INITIATION","blue",0.0236719216359639,"TierA","HCC",1,0.350251423837701,0.000999000999000999
"REACTOME_EUKARYOTIC_TRANSLATION_ELONGATION","blue",0.441787675185459,"TierA","HCC",0.000999000999000999,0.350251423837701,0.000999000999000999
"REACTOME_TRNA_AMINOACYLATION","blue",-0.4482431621729,"TierA","HCC",0.000999000999000999,0.350251423837701,0.000999000999000999
"REACTOME_CYTOSOLIC_TRNA_AMINOACYLATION","blue",-0.64394080251127,"TierA","HCC",0.000999000999000999,0.350251423837701,0.000999000999000999
"REACTOME_RRNA_PROCESSING","blue",0.577066784845825,"TierA","HCC",0.000999000999000999,0.350251423837701,0.000999000999000999
"REACTOME_SRP_DEPENDENT_COTRANSLATIONAL_PROTEIN_TARGETING_TO_MEMBRANE","blue",-0.1093508062419,"TierA","HCC",1,0.350251423837701,0.000999000999000999
"REACTOME_RIBOSOME_ASSOCIATED_QUALITY_CONTROL","blue",0.0393413483928453,"TierA","HCC",1,0.350251423837701,0.000999000999000999
"REACTOME_RIBOSOME_QUALITY_CONTROL_RQC_COMPLEX_EXTRACTS_AND_DEGRADES_NASCENT_PEPTIDE","blue",0.0595595683571778,"TierA","HCC",1,0.350251423837701,0.000999000999000999
"REACTOME_MITOCHONDRIAL_TRANSLATION","blue",0.549812983984146,"TierA","HCC",0.000999000999000999,0.350251423837701,0.000999000999000999
"REACTOME_MITOCHONDRIAL_TRANSLATION_ELONGATION","blue",0.578875770880275,"TierA","HCC",0.000999000999000999,0.350251423837701,0.000999000999000999
"REACTOME_MITOCHONDRIAL_TRNA_AMINOACYLATION","blue",0.274654422510347,"TierA","HCC",0.0819180819180819,0.350251423837701,0.000999000999000999
"REACTOME_RRNA_PROCESSING_IN_THE_MITOCHONDRION","blue",0.66332503608617,"TierA","HCC",0.000999000999000999,0.350251423837701,0.000999000999000999
"KEGG_RIBOSOME","magenta",0.669600249981981,"TierA","HCC",0.000999000999000999,0.501159708264886,0.000999000999000999
"KEGG_AMINOACYL_TRNA_BIOSYNTHESIS","magenta",-0.0582388387200331,"TierA","HCC",1,0.501159708264886,0.000999000999000999
"REACTOME_TRANSLATION","magenta",0.579695027798023,"TierA","HCC",0.000999000999000999,0.501159708264886,0.000999000999000999
"REACTOME_EUKARYOTIC_TRANSLATION_INITIATION","magenta",0.391720886301832,"TierA","HCC",0.000999000999000999,0.501159708264886,0.000999000999000999
"REACTOME_EUKARYOTIC_TRANSLATION_ELONGATION","magenta",0.644290810010999,"TierA","HCC",0.000999000999000999,0.501159708264886,0.000999000999000999
"REACTOME_TRNA_AMINOACYLATION","magenta",-0.104102683771884,"TierA","HCC",1,0.501159708264886,0.000999000999000999
"REACTOME_CYTOSOLIC_TRNA_AMINOACYLATION","magenta",-0.266104321966721,"TierA","HCC",0.110889110889111,0.501159708264886,0.000999000999000999
"REACTOME_RRNA_PROCESSING","magenta",0.601502750824299,"TierA","HCC",0.000999000999000999,0.501159708264886,0.000999000999000999
"REACTOME_SRP_DEPENDENT_COTRANSLATIONAL_PROTEIN_TARGETING_TO_MEMBRANE","magenta",0.368806249933158,"TierA","HCC",0.001998001998002,0.501159708264886,0.000999000999000999
"REACTOME_RIBOSOME_ASSOCIATED_QUALITY_CONTROL","magenta",0.498248396417862,"TierA","HCC",0.000999000999000999,0.501159708264886,0.000999000999000999
"REACTOME_RIBOSOME_QUALITY_CONTROL_RQC_COMPLEX_EXTRACTS_AND_DEGRADES_NASCENT_PEPTIDE","magenta",0.540130779477738,"TierA","HCC",0.000999000999000999,0.501159708264886,0.000999000999000999
"REACTOME_MITOCHONDRIAL_TRANSLATION","magenta",0.882309411858011,"TierA","HCC",0.000999000999000999,0.501159708264886,0.000999000999000999
"REACTOME_MITOCHONDRIAL_TRANSLATION_ELONGATION","magenta",0.8861428899935,"TierA","HCC",0.000999000999000999,0.501159708264886,0.000999000999000999
"REACTOME_MITOCHONDRIAL_TRNA_AMINOACYLATION","magenta",0.350495188094138,"TierA","HCC",0.00599400599400599,0.501159708264886,0.000999000999000999
"REACTOME_RRNA_PROCESSING_IN_THE_MITOCHONDRION","magenta",0.676007138823113,"TierA","HCC",0.000999000999000999,0.501159708264886,0.000999000999000999
"KEGG_RIBOSOME","grey60",0.493009161618302,"TierA","HCC",0.000999000999000999,0.270835084826231,0.000999000999000999
"KEGG_AMINOACYL_TRNA_BIOSYNTHESIS","grey60",0.0233081457917541,"TierA","HCC",1,0.270835084826231,0.000999000999000999
"REACTOME_TRANSLATION","grey60",0.170591914273048,"TierA","HCC",0.931068931068931,0.270835084826231,0.000999000999000999
"REACTOME_EUKARYOTIC_TRANSLATION_INITIATION","grey60",0.359781751268372,"TierA","HCC",0.00599400599400599,0.270835084826231,0.000999000999000999
"REACTOME_EUKARYOTIC_TRANSLATION_ELONGATION","grey60",0.455143475963479,"TierA","HCC",0.000999000999000999,0.270835084826231,0.000999000999000999
"REACTOME_TRNA_AMINOACYLATION","grey60",-0.0514350671638656,"TierA","HCC",1,0.270835084826231,0.000999000999000999
"REACTOME_CYTOSOLIC_TRNA_AMINOACYLATION","grey60",-0.101644907562465,"TierA","HCC",1,0.270835084826231,0.000999000999000999
"REACTOME_RRNA_PROCESSING","grey60",0.661321466707671,"TierA","HCC",0.000999000999000999,0.270835084826231,0.000999000999000999
"REACTOME_SRP_DEPENDENT_COTRANSLATIONAL_PROTEIN_TARGETING_TO_MEMBRANE","grey60",0.184996430615409,"TierA","HCC",0.831168831168831,0.270835084826231,0.000999000999000999
"REACTOME_RIBOSOME_ASSOCIATED_QUALITY_CONTROL","grey60",0.204362990600224,"TierA","HCC",0.646353646353646,0.270835084826231,0.000999000999000999
"REACTOME_RIBOSOME_QUALITY_CONTROL_RQC_COMPLEX_EXTRACTS_AND_DEGRADES_NASCENT_PEPTIDE","grey60",0.164198271825059,"TierA","HCC",0.956043956043956,0.270835084826231,0.000999000999000999
"REACTOME_MITOCHONDRIAL_TRANSLATION","grey60",0.327469465055665,"TierA","HCC",0.00899100899100899,0.270835084826231,0.000999000999000999
"REACTOME_MITOCHONDRIAL_TRANSLATION_ELONGATION","grey60",0.356608897523531,"TierA","HCC",0.00599400599400599,0.270835084826231,0.000999000999000999
"REACTOME_MITOCHONDRIAL_TRNA_AMINOACYLATION","grey60",0.150213798208799,"TierA","HCC",0.987012987012987,0.270835084826231,0.000999000999000999
"REACTOME_RRNA_PROCESSING_IN_THE_MITOCHONDRION","grey60",0.358440528215823,"TierA","HCC",0.00599400599400599,0.270835084826231,0.000999000999000999
"KEGG_RIBOSOME","lightgreen",0.3889615467602,"TierA","HCC",0.000999000999000999,0.282270212837018,0.000999000999000999
"KEGG_AMINOACYL_TRNA_BIOSYNTHESIS","lightgreen",0.0604906460887945,"TierA","HCC",1,0.282270212837018,0.000999000999000999
"REACTOME_TRANSLATION","lightgreen",0.145259462070469,"TierA","HCC",0.99000999000999,0.282270212837018,0.000999000999000999
"REACTOME_EUKARYOTIC_TRANSLATION_INITIATION","lightgreen",0.171673093038932,"TierA","HCC",0.928071928071928,0.282270212837018,0.000999000999000999
"REACTOME_EUKARYOTIC_TRANSLATION_ELONGATION","lightgreen",0.360954873252074,"TierA","HCC",0.003996003996004,0.282270212837018,0.000999000999000999
"REACTOME_TRNA_AMINOACYLATION","lightgreen",-0.0348170806710294,"TierA","HCC",1,0.282270212837018,0.000999000999000999
"REACTOME_CYTOSOLIC_TRNA_AMINOACYLATION","lightgreen",-0.336469763123087,"TierA","HCC",0.00599400599400599,0.282270212837018,0.000999000999000999
"REACTOME_RRNA_PROCESSING","lightgreen",0.632297445079297,"TierA","HCC",0.000999000999000999,0.282270212837018,0.000999000999000999
"REACTOME_SRP_DEPENDENT_COTRANSLATIONAL_PROTEIN_TARGETING_TO_MEMBRANE","lightgreen",0.0282316133731295,"TierA","HCC",1,0.282270212837018,0.000999000999000999
"REACTOME_RIBOSOME_ASSOCIATED_QUALITY_CONTROL","lightgreen",0.047070895212427,"TierA","HCC",1,0.282270212837018,0.000999000999000999
"REACTOME_RIBOSOME_QUALITY_CONTROL_RQC_COMPLEX_EXTRACTS_AND_DEGRADES_NASCENT_PEPTIDE","lightgreen",0.0772413528332133,"TierA","HCC",1,0.282270212837018,0.000999000999000999
"REACTOME_MITOCHONDRIAL_TRANSLATION","lightgreen",0.425117935718645,"TierA","HCC",0.000999000999000999,0.282270212837018,0.000999000999000999
"REACTOME_MITOCHONDRIAL_TRANSLATION_ELONGATION","lightgreen",0.456658218222964,"TierA","HCC",0.000999000999000999,0.282270212837018,0.000999000999000999
"REACTOME_MITOCHONDRIAL_TRNA_AMINOACYLATION","lightgreen",0.554326900620079,"TierA","HCC",0.000999000999000999,0.282270212837018,0.000999000999000999
"REACTOME_RRNA_PROCESSING_IN_THE_MITOCHONDRION","lightgreen",0.51448236649093,"TierA","HCC",0.000999000999000999,0.282270212837018,0.000999000999000999
"KEGG_RIBOSOME","tan",-0.126785966972638,"TierB","HCC",1,0.161181350137034,0.018981018981019
"KEGG_AMINOACYL_TRNA_BIOSYNTHESIS","tan",0.24785616880188,"TierB","HCC",0.292707292707293,0.161181350137034,0.018981018981019
"REACTOME_TRANSLATION","tan",0.176292442497944,"TierB","HCC",0.96003996003996,0.161181350137034,0.018981018981019
"REACTOME_EUKARYOTIC_TRANSLATION_INITIATION","tan",0.137935667033647,"TierB","HCC",1,0.161181350137034,0.018981018981019
"REACTOME_EUKARYOTIC_TRANSLATION_ELONGATION","tan",-0.0843967110079035,"TierB","HCC",1,0.161181350137034,0.018981018981019
"REACTOME_TRNA_AMINOACYLATION","tan",0.331005537755244,"TierB","HCC",0.012987012987013,0.161181350137034,0.018981018981019
"REACTOME_CYTOSOLIC_TRNA_AMINOACYLATION","tan",0.310334913631541,"TierB","HCC",0.026973026973027,0.161181350137034,0.018981018981019
"REACTOME_RRNA_PROCESSING","tan",-0.0749741616734081,"TierB","HCC",1,0.161181350137034,0.018981018981019
"REACTOME_SRP_DEPENDENT_COTRANSLATIONAL_PROTEIN_TARGETING_TO_MEMBRANE","tan",0.160317001380205,"TierB","HCC",0.989010989010989,0.161181350137034,0.018981018981019
"REACTOME_RIBOSOME_ASSOCIATED_QUALITY_CONTROL","tan",0.124900660503017,"TierB","HCC",1,0.161181350137034,0.018981018981019
"REACTOME_RIBOSOME_QUALITY_CONTROL_RQC_COMPLEX_EXTRACTS_AND_DEGRADES_NASCENT_PEPTIDE","tan",0.145094929186189,"TierB","HCC",0.998001998001998,0.161181350137034,0.018981018981019
"REACTOME_MITOCHONDRIAL_TRANSLATION","tan",-0.137397507367979,"TierB","HCC",1,0.161181350137034,0.018981018981019
"REACTOME_MITOCHONDRIAL_TRANSLATION_ELONGATION","tan",-0.152277354988656,"TierB","HCC",0.994005994005994,0.161181350137034,0.018981018981019
"REACTOME_MITOCHONDRIAL_TRNA_AMINOACYLATION","tan",0.112207897662046,"TierB","HCC",1,0.161181350137034,0.018981018981019
"REACTOME_RRNA_PROCESSING_IN_THE_MITOCHONDRION","tan",-0.129844451746623,"TierB","HCC",1,0.161181350137034,0.018981018981019
"REACTOME_TRNA_PROCESSING","tan",0.143622026177627,"TierB","HCC",0.998001998001998,0.161181350137034,0.018981018981019
"REACTOME_TRNA_PROCESSING_IN_THE_NUCLEUS","tan",0.322762737545455,"TierB","HCC",0.017982017982018,0.161181350137034,0.018981018981019
"REACTOME_TRNA_MODIFICATION_IN_THE_NUCLEUS_AND_CYTOSOL","tan",-0.126403804208054,"TierB","HCC",1,0.161181350137034,0.018981018981019
"REACTOME_RRNA_MODIFICATION_IN_THE_NUCLEUS_AND_CYTOSOL","tan",0.0402824109517968,"TierB","HCC",1,0.161181350137034,0.018981018981019
"REACTOME_TRNA_MODIFICATION_IN_THE_MITOCHONDRION","tan",-0.282838774911603,"TierB","HCC",0.0769230769230769,0.161181350137034,0.018981018981019
"REACTOME_TRNA_PROCESSING_IN_THE_MITOCHONDRION","tan",-0.0172772268742538,"TierB","HCC",1,0.161181350137034,0.018981018981019
"KEGG_RIBOSOME","black",-0.468208513171909,"TierB","HCC",0.000999000999000999,0.263721491556866,0.000999000999000999
"KEGG_AMINOACYL_TRNA_BIOSYNTHESIS","black",0.168555518669573,"TierB","HCC",0.98001998001998,0.263721491556866,0.000999000999000999
"REACTOME_TRANSLATION","black",0.0192846772243736,"TierB","HCC",1,0.263721491556866,0.000999000999000999
"REACTOME_EUKARYOTIC_TRANSLATION_INITIATION","black",-0.234297739325526,"TierB","HCC",0.431568431568432,0.263721491556866,0.000999000999000999
"REACTOME_EUKARYOTIC_TRANSLATION_ELONGATION","black",-0.429562812414284,"TierB","HCC",0.000999000999000999,0.263721491556866,0.000999000999000999
"REACTOME_TRNA_AMINOACYLATION","black",0.254053227722811,"TierB","HCC",0.243756243756244,0.263721491556866,0.000999000999000999
"REACTOME_CYTOSOLIC_TRNA_AMINOACYLATION","black",0.294388883576311,"TierB","HCC",0.0599400599400599,0.263721491556866,0.000999000999000999
"REACTOME_RRNA_PROCESSING","black",-0.596932411344364,"TierB","HCC",0.000999000999000999,0.263721491556866,0.000999000999000999
"REACTOME_SRP_DEPENDENT_COTRANSLATIONAL_PROTEIN_TARGETING_TO_MEMBRANE","black",-0.0627284793100553,"TierB","HCC",1,0.263721491556866,0.000999000999000999
"REACTOME_RIBOSOME_ASSOCIATED_QUALITY_CONTROL","black",-0.0839991867220665,"TierB","HCC",1,0.263721491556866,0.000999000999000999
"REACTOME_RIBOSOME_QUALITY_CONTROL_RQC_COMPLEX_EXTRACTS_AND_DEGRADES_NASCENT_PEPTIDE","black",-0.0586711513182817,"TierB","HCC",1,0.263721491556866,0.000999000999000999
"REACTOME_MITOCHONDRIAL_TRANSLATION","black",-0.24164598040121,"TierB","HCC",0.354645354645355,0.263721491556866,0.000999000999000999
"REACTOME_MITOCHONDRIAL_TRANSLATION_ELONGATION","black",-0.281326685293712,"TierB","HCC",0.0889110889110889,0.263721491556866,0.000999000999000999
"REACTOME_MITOCHONDRIAL_TRNA_AMINOACYLATION","black",-0.0583373994341368,"TierB","HCC",1,0.263721491556866,0.000999000999000999
"REACTOME_RRNA_PROCESSING_IN_THE_MITOCHONDRION","black",-0.321171698552615,"TierB","HCC",0.018981018981019,0.263721491556866,0.000999000999000999
"REACTOME_TRNA_PROCESSING","black",-0.371796740393129,"TierB","HCC",0.001998001998002,0.263721491556866,0.000999000999000999
"REACTOME_TRNA_PROCESSING_IN_THE_NUCLEUS","black",-0.00889360159497899,"TierB","HCC",1,0.263721491556866,0.000999000999000999
"REACTOME_TRNA_MODIFICATION_IN_THE_NUCLEUS_AND_CYTOSOL","black",-0.514171721775388,"TierB","HCC",0.000999000999000999,0.263721491556866,0.000999000999000999
"REACTOME_RRNA_MODIFICATION_IN_THE_NUCLEUS_AND_CYTOSOL","black",-0.495138579406165,"TierB","HCC",0.000999000999000999,0.263721491556866,0.000999000999000999
"REACTOME_TRNA_MODIFICATION_IN_THE_MITOCHONDRION","black",-0.553199196001828,"TierB","HCC",0.000999000999000999,0.263721491556866,0.000999000999000999
"REACTOME_TRNA_PROCESSING_IN_THE_MITOCHONDRION","black",0.0217871190414651,"TierB","HCC",1,0.263721491556866,0.000999000999000999
"KEGG_RIBOSOME","royalblue",-0.327218476004296,"TierB","HCC",0.015984015984016,0.273459221312823,0.000999000999000999
"KEGG_AMINOACYL_TRNA_BIOSYNTHESIS","royalblue",0.202517032951144,"TierB","HCC",0.778221778221778,0.273459221312823,0.000999000999000999
"REACTOME_TRANSLATION","royalblue",-0.101733807762266,"TierB","HCC",1,0.273459221312823,0.000999000999000999
"REACTOME_EUKARYOTIC_TRANSLATION_INITIATION","royalblue",-0.0247601770177449,"TierB","HCC",1,0.273459221312823,0.000999000999000999
"REACTOME_EUKARYOTIC_TRANSLATION_ELONGATION","royalblue",-0.286850618883958,"TierB","HCC",0.0709290709290709,0.273459221312823,0.000999000999000999
"REACTOME_TRNA_AMINOACYLATION","royalblue",0.239956831540018,"TierB","HCC",0.372627372627373,0.273459221312823,0.000999000999000999
"REACTOME_CYTOSOLIC_TRNA_AMINOACYLATION","royalblue",0.289210489717548,"TierB","HCC",0.0669330669330669,0.273459221312823,0.000999000999000999
"REACTOME_RRNA_PROCESSING","royalblue",-0.467231023654862,"TierB","HCC",0.000999000999000999,0.273459221312823,0.000999000999000999
"REACTOME_SRP_DEPENDENT_COTRANSLATIONAL_PROTEIN_TARGETING_TO_MEMBRANE","royalblue",0.0565271536156398,"TierB","HCC",1,0.273459221312823,0.000999000999000999
"REACTOME_RIBOSOME_ASSOCIATED_QUALITY_CONTROL","royalblue",-0.147338910657546,"TierB","HCC",0.998001998001998,0.273459221312823,0.000999000999000999
"REACTOME_RIBOSOME_QUALITY_CONTROL_RQC_COMPLEX_EXTRACTS_AND_DEGRADES_NASCENT_PEPTIDE","royalblue",-0.166886160165434,"TierB","HCC",0.984015984015984,0.273459221312823,0.000999000999000999
"REACTOME_MITOCHONDRIAL_TRANSLATION","royalblue",-0.437815291611973,"TierB","HCC",0.000999000999000999,0.273459221312823,0.000999000999000999
"REACTOME_MITOCHONDRIAL_TRANSLATION_ELONGATION","royalblue",-0.463496981502532,"TierB","HCC",0.000999000999000999,0.273459221312823,0.000999000999000999
"REACTOME_MITOCHONDRIAL_TRNA_AMINOACYLATION","royalblue",-0.0790167765438785,"TierB","HCC",1,0.273459221312823,0.000999000999000999
"REACTOME_RRNA_PROCESSING_IN_THE_MITOCHONDRION","royalblue",-0.453996650177549,"TierB","HCC",0.000999000999000999,0.273459221312823,0.000999000999000999
"REACTOME_TRNA_PROCESSING","royalblue",-0.100388753239904,"TierB","HCC",1,0.273459221312823,0.000999000999000999
"REACTOME_TRNA_PROCESSING_IN_THE_NUCLEUS","royalblue",0.298256794874098,"TierB","HCC",0.043956043956044,0.273459221312823,0.000999000999000999
"REACTOME_TRNA_MODIFICATION_IN_THE_NUCLEUS_AND_CYTOSOL","royalblue",-0.457778294476238,"TierB","HCC",0.000999000999000999,0.273459221312823,0.000999000999000999
"REACTOME_RRNA_MODIFICATION_IN_THE_NUCLEUS_AND_CYTOSOL","royalblue",-0.370958991572088,"TierB","HCC",0.001998001998002,0.273459221312823,0.000999000999000999
"REACTOME_TRNA_MODIFICATION_IN_THE_MITOCHONDRION","royalblue",-0.597188489579297,"TierB","HCC",0.000999000999000999,0.273459221312823,0.000999000999000999
"REACTOME_TRNA_PROCESSING_IN_THE_MITOCHONDRION","royalblue",-0.17351594202126,"TierB","HCC",0.966033966033966,0.273459221312823,0.000999000999000999
"KEGG_RIBOSOME","lightyellow",-0.178424853296207,"TierB","HCC",0.95004995004995,0.210008544845821,0.001998001998002
"KEGG_AMINOACYL_TRNA_BIOSYNTHESIS","lightyellow",0.35566593942948,"TierB","HCC",0.00599400599400599,0.210008544845821,0.001998001998002
"REACTOME_TRANSLATION","lightyellow",0.146255817467076,"TierB","HCC",0.998001998001998,0.210008544845821,0.001998001998002
"REACTOME_EUKARYOTIC_TRANSLATION_INITIATION","lightyellow",0.0642297134680972,"TierB","HCC",1,0.210008544845821,0.001998001998002
"REACTOME_EUKARYOTIC_TRANSLATION_ELONGATION","lightyellow",-0.107381162692837,"TierB","HCC",1,0.210008544845821,0.001998001998002
"REACTOME_TRNA_AMINOACYLATION","lightyellow",0.437401133519667,"TierB","HCC",0.000999000999000999,0.210008544845821,0.001998001998002
"REACTOME_CYTOSOLIC_TRNA_AMINOACYLATION","lightyellow",0.474858968946897,"TierB","HCC",0.000999000999000999,0.210008544845821,0.001998001998002
"REACTOME_RRNA_PROCESSING","lightyellow",-0.326457454153942,"TierB","HCC",0.015984015984016,0.210008544845821,0.001998001998002
"REACTOME_SRP_DEPENDENT_COTRANSLATIONAL_PROTEIN_TARGETING_TO_MEMBRANE","lightyellow",0.164907785159356,"TierB","HCC",0.986013986013986,0.210008544845821,0.001998001998002
"REACTOME_RIBOSOME_ASSOCIATED_QUALITY_CONTROL","lightyellow",0.00899708311243328,"TierB","HCC",1,0.210008544845821,0.001998001998002
"REACTOME_RIBOSOME_QUALITY_CONTROL_RQC_COMPLEX_EXTRACTS_AND_DEGRADES_NASCENT_PEPTIDE","lightyellow",-0.022331617015954,"TierB","HCC",1,0.210008544845821,0.001998001998002
"REACTOME_MITOCHONDRIAL_TRANSLATION","lightyellow",-0.148763709524557,"TierB","HCC",0.996003996003996,0.210008544845821,0.001998001998002
"REACTOME_MITOCHONDRIAL_TRANSLATION_ELONGATION","lightyellow",-0.176785554762731,"TierB","HCC",0.959040959040959,0.210008544845821,0.001998001998002
"REACTOME_MITOCHONDRIAL_TRNA_AMINOACYLATION","lightyellow",0.036840428797307,"TierB","HCC",1,0.210008544845821,0.001998001998002
"REACTOME_RRNA_PROCESSING_IN_THE_MITOCHONDRION","lightyellow",-0.0956976903904553,"TierB","HCC",1,0.210008544845821,0.001998001998002
"REACTOME_TRNA_PROCESSING","lightyellow",-0.0351883713604392,"TierB","HCC",1,0.210008544845821,0.001998001998002
"REACTOME_TRNA_PROCESSING_IN_THE_NUCLEUS","lightyellow",0.288475026699059,"TierB","HCC",0.0709290709290709,0.210008544845821,0.001998001998002
"REACTOME_TRNA_MODIFICATION_IN_THE_NUCLEUS_AND_CYTOSOL","lightyellow",-0.340171806474722,"TierB","HCC",0.00999000999000999,0.210008544845821,0.001998001998002
"REACTOME_RRNA_MODIFICATION_IN_THE_NUCLEUS_AND_CYTOSOL","lightyellow",-0.310512711738597,"TierB","HCC",0.026973026973027,0.210008544845821,0.001998001998002
"REACTOME_TRNA_MODIFICATION_IN_THE_MITOCHONDRION","lightyellow",-0.432685427428054,"TierB","HCC",0.000999000999000999,0.210008544845821,0.001998001998002
"REACTOME_TRNA_PROCESSING_IN_THE_MITOCHONDRION","lightyellow",0.258147186324369,"TierB","HCC",0.217782217782218,0.210008544845821,0.001998001998002
"KEGG_RIBOSOME","salmon",-0.336813402387974,"TierB","HCC",0.00999000999000999,0.274080489656302,0.000999000999000999
"KEGG_AMINOACYL_TRNA_BIOSYNTHESIS","salmon",0.458000395944032,"TierB","HCC",0.000999000999000999,0.274080489656302,0.000999000999000999
"REACTOME_TRANSLATION","salmon",0.054917168228648,"TierB","HCC",1,0.274080489656302,0.000999000999000999
"REACTOME_EUKARYOTIC_TRANSLATION_INITIATION","salmon",0.0378396372245364,"TierB","HCC",1,0.274080489656302,0.000999000999000999
"REACTOME_EUKARYOTIC_TRANSLATION_ELONGATION","salmon",-0.289064625770446,"TierB","HCC",0.0669330669330669,0.274080489656302,0.000999000999000999
"REACTOME_TRNA_AMINOACYLATION","salmon",0.500724317446671,"TierB","HCC",0.000999000999000999,0.274080489656302,0.000999000999000999
"REACTOME_CYTOSOLIC_TRNA_AMINOACYLATION","salmon",0.494537640525637,"TierB","HCC",0.000999000999000999,0.274080489656302,0.000999000999000999
"REACTOME_RRNA_PROCESSING","salmon",-0.26773483161419,"TierB","HCC",0.154845154845155,0.274080489656302,0.000999000999000999
"REACTOME_SRP_DEPENDENT_COTRANSLATIONAL_PROTEIN_TARGETING_TO_MEMBRANE","salmon",0.0877430944796987,"TierB","HCC",1,0.274080489656302,0.000999000999000999
"REACTOME_RIBOSOME_ASSOCIATED_QUALITY_CONTROL","salmon",-0.0961981241974672,"TierB","HCC",1,0.274080489656302,0.000999000999000999
"REACTOME_RIBOSOME_QUALITY_CONTROL_RQC_COMPLEX_EXTRACTS_AND_DEGRADES_NASCENT_PEPTIDE","salmon",-0.0937886415058302,"TierB","HCC",1,0.274080489656302,0.000999000999000999
"REACTOME_MITOCHONDRIAL_TRANSLATION","salmon",-0.342702720078197,"TierB","HCC",0.00999000999000999,0.274080489656302,0.000999000999000999
"REACTOME_MITOCHONDRIAL_TRANSLATION_ELONGATION","salmon",-0.354696116760603,"TierB","HCC",0.00599400599400599,0.274080489656302,0.000999000999000999
"REACTOME_MITOCHONDRIAL_TRNA_AMINOACYLATION","salmon",0.105458871954718,"TierB","HCC",1,0.274080489656302,0.000999000999000999
"REACTOME_RRNA_PROCESSING_IN_THE_MITOCHONDRION","salmon",-0.40968647848202,"TierB","HCC",0.000999000999000999,0.274080489656302,0.000999000999000999
"REACTOME_TRNA_PROCESSING","salmon",0.145873548789788,"TierB","HCC",0.998001998001998,0.274080489656302,0.000999000999000999
"REACTOME_TRNA_PROCESSING_IN_THE_NUCLEUS","salmon",0.53180372187191,"TierB","HCC",0.000999000999000999,0.274080489656302,0.000999000999000999
"REACTOME_TRNA_MODIFICATION_IN_THE_NUCLEUS_AND_CYTOSOL","salmon",-0.37068812005075,"TierB","HCC",0.001998001998002,0.274080489656302,0.000999000999000999
"REACTOME_RRNA_MODIFICATION_IN_THE_NUCLEUS_AND_CYTOSOL","salmon",-0.110926063343513,"TierB","HCC",1,0.274080489656302,0.000999000999000999
"REACTOME_TRNA_MODIFICATION_IN_THE_MITOCHONDRION","salmon",-0.496641266809514,"TierB","HCC",0.000999000999000999,0.274080489656302,0.000999000999000999
"REACTOME_TRNA_PROCESSING_IN_THE_MITOCHONDRION","salmon",-0.169851495316201,"TierB","HCC",0.976023976023976,0.274080489656302,0.000999000999000999
"KEGG_RIBOSOME","turquoise",-0.474509571244263,"TierB","HCC",0.000999000999000999,0.369162947669138,0.000999000999000999
"KEGG_AMINOACYL_TRNA_BIOSYNTHESIS","turquoise",0.37706788578091,"TierB","HCC",0.000999000999000999,0.369162947669138,0.000999000999000999
"REACTOME_TRANSLATION","turquoise",0.00695053131940386,"TierB","HCC",1,0.369162947669138,0.000999000999000999
"REACTOME_EUKARYOTIC_TRANSLATION_INITIATION","turquoise",0.0111082740117373,"TierB","HCC",1,0.369162947669138,0.000999000999000999
"REACTOME_EUKARYOTIC_TRANSLATION_ELONGATION","turquoise",-0.42558356116902,"TierB","HCC",0.000999000999000999,0.369162947669138,0.000999000999000999
"REACTOME_TRNA_AMINOACYLATION","turquoise",0.471969098874466,"TierB","HCC",0.000999000999000999,0.369162947669138,0.000999000999000999
"REACTOME_CYTOSOLIC_TRNA_AMINOACYLATION","turquoise",0.663806600308957,"TierB","HCC",0.000999000999000999,0.369162947669138,0.000999000999000999
"REACTOME_RRNA_PROCESSING","turquoise",-0.534604613782499,"TierB","HCC",0.000999000999000999,0.369162947669138,0.000999000999000999
"REACTOME_SRP_DEPENDENT_COTRANSLATIONAL_PROTEIN_TARGETING_TO_MEMBRANE","turquoise",0.132437583802516,"TierB","HCC",1,0.369162947669138,0.000999000999000999
"REACTOME_RIBOSOME_ASSOCIATED_QUALITY_CONTROL","turquoise",-0.0272805762948248,"TierB","HCC",1,0.369162947669138,0.000999000999000999
"REACTOME_RIBOSOME_QUALITY_CONTROL_RQC_COMPLEX_EXTRACTS_AND_DEGRADES_NASCENT_PEPTIDE","turquoise",-0.0599262487535932,"TierB","HCC",1,0.369162947669138,0.000999000999000999
"REACTOME_MITOCHONDRIAL_TRANSLATION","turquoise",-0.557761517490749,"TierB","HCC",0.000999000999000999,0.369162947669138,0.000999000999000999
"REACTOME_MITOCHONDRIAL_TRANSLATION_ELONGATION","turquoise",-0.585152461458774,"TierB","HCC",0.000999000999000999,0.369162947669138,0.000999000999000999
"REACTOME_MITOCHONDRIAL_TRNA_AMINOACYLATION","turquoise",-0.260375375545303,"TierB","HCC",0.196803196803197,0.369162947669138,0.000999000999000999
"REACTOME_RRNA_PROCESSING_IN_THE_MITOCHONDRION","turquoise",-0.670294805029921,"TierB","HCC",0.000999000999000999,0.369162947669138,0.000999000999000999
"REACTOME_TRNA_PROCESSING","turquoise",0.0521186032670651,"TierB","HCC",1,0.369162947669138,0.000999000999000999
"REACTOME_TRNA_PROCESSING_IN_THE_NUCLEUS","turquoise",0.614161595218988,"TierB","HCC",0.000999000999000999,0.369162947669138,0.000999000999000999
"REACTOME_TRNA_MODIFICATION_IN_THE_NUCLEUS_AND_CYTOSOL","turquoise",-0.613774130425225,"TierB","HCC",0.000999000999000999,0.369162947669138,0.000999000999000999
"REACTOME_RRNA_MODIFICATION_IN_THE_NUCLEUS_AND_CYTOSOL","turquoise",-0.338605047072648,"TierB","HCC",0.00999000999000999,0.369162947669138,0.000999000999000999
"REACTOME_TRNA_MODIFICATION_IN_THE_MITOCHONDRION","turquoise",-0.690663326682351,"TierB","HCC",0.000999000999000999,0.369162947669138,0.000999000999000999
"REACTOME_TRNA_PROCESSING_IN_THE_MITOCHONDRION","turquoise",-0.184270493518691,"TierB","HCC",0.922077922077922,0.369162947669138,0.000999000999000999
"KEGG_RIBOSOME","brown",0.00143479888388823,"TierB","HCC",1,0.299630061826451,0.000999000999000999
"KEGG_AMINOACYL_TRNA_BIOSYNTHESIS","brown",0.448497888935464,"TierB","HCC",0.000999000999000999,0.299630061826451,0.000999000999000999
"REACTOME_TRANSLATION","brown",0.576697749853935,"TierB","HCC",0.000999000999000999,0.299630061826451,0.000999000999000999
"REACTOME_EUKARYOTIC_TRANSLATION_INITIATION","brown",0.378311732971931,"TierB","HCC",0.000999000999000999,0.299630061826451,0.000999000999000999
"REACTOME_EUKARYOTIC_TRANSLATION_ELONGATION","brown",0.0557933495796269,"TierB","HCC",1,0.299630061826451,0.000999000999000999
"REACTOME_TRNA_AMINOACYLATION","brown",0.539074321831951,"TierB","HCC",0.000999000999000999,0.299630061826451,0.000999000999000999
"REACTOME_CYTOSOLIC_TRNA_AMINOACYLATION","brown",0.653990696097711,"TierB","HCC",0.000999000999000999,0.299630061826451,0.000999000999000999
"REACTOME_RRNA_PROCESSING","brown",-0.187570950403737,"TierB","HCC",0.898101898101898,0.299630061826451,0.000999000999000999
"REACTOME_SRP_DEPENDENT_COTRANSLATIONAL_PROTEIN_TARGETING_TO_MEMBRANE","brown",0.52406528185912,"TierB","HCC",0.000999000999000999,0.299630061826451,0.000999000999000999
"REACTOME_RIBOSOME_ASSOCIATED_QUALITY_CONTROL","brown",0.462122527433683,"TierB","HCC",0.000999000999000999,0.299630061826451,0.000999000999000999
"REACTOME_RIBOSOME_QUALITY_CONTROL_RQC_COMPLEX_EXTRACTS_AND_DEGRADES_NASCENT_PEPTIDE","brown",0.468105932351118,"TierB","HCC",0.000999000999000999,0.299630061826451,0.000999000999000999
"REACTOME_MITOCHONDRIAL_TRANSLATION","brown",0.109431698782553,"TierB","HCC",1,0.299630061826451,0.000999000999000999
"REACTOME_MITOCHONDRIAL_TRANSLATION_ELONGATION","brown",0.0762035885729086,"TierB","HCC",1,0.299630061826451,0.000999000999000999
"REACTOME_MITOCHONDRIAL_TRNA_AMINOACYLATION","brown",-0.0342424212201785,"TierB","HCC",1,0.299630061826451,0.000999000999000999
"REACTOME_RRNA_PROCESSING_IN_THE_MITOCHONDRION","brown",-0.241213036339807,"TierB","HCC",0.360639360639361,0.299630061826451,0.000999000999000999
"REACTOME_TRNA_PROCESSING","brown",0.20802983133288,"TierB","HCC",0.728271728271728,0.299630061826451,0.000999000999000999
"REACTOME_TRNA_PROCESSING_IN_THE_NUCLEUS","brown",0.539067363566224,"TierB","HCC",0.000999000999000999,0.299630061826451,0.000999000999000999
"REACTOME_TRNA_MODIFICATION_IN_THE_NUCLEUS_AND_CYTOSOL","brown",-0.237853534347752,"TierB","HCC",0.397602397602398,0.299630061826451,0.000999000999000999
"REACTOME_RRNA_MODIFICATION_IN_THE_NUCLEUS_AND_CYTOSOL","brown",-0.0683451593089301,"TierB","HCC",1,0.299630061826451,0.000999000999000999
"REACTOME_TRNA_MODIFICATION_IN_THE_MITOCHONDRION","brown",-0.412074556516979,"TierB","HCC",0.000999000999000999,0.299630061826451,0.000999000999000999
"REACTOME_TRNA_PROCESSING_IN_THE_MITOCHONDRION","brown",-0.0701048781650974,"TierB","HCC",1,0.299630061826451,0.000999000999000999
"KEGG_RIBOSOME","cyan",-0.0239835813391604,"TierB","HCC",1,0.266993183600472,0.000999000999000999
"KEGG_AMINOACYL_TRNA_BIOSYNTHESIS","cyan",0.535310965793378,"TierB","HCC",0.000999000999000999,0.266993183600472,0.000999000999000999
"REACTOME_TRANSLATION","cyan",0.396669936952307,"TierB","HCC",0.000999000999000999,0.266993183600472,0.000999000999000999
"REACTOME_EUKARYOTIC_TRANSLATION_INITIATION","cyan",0.32265456325464,"TierB","HCC",0.017982017982018,0.266993183600472,0.000999000999000999
"REACTOME_EUKARYOTIC_TRANSLATION_ELONGATION","cyan",0.013535330047494,"TierB","HCC",1,0.266993183600472,0.000999000999000999
"REACTOME_TRNA_AMINOACYLATION","cyan",0.585529161557135,"TierB","HCC",0.000999000999000999,0.266993183600472,0.000999000999000999
"REACTOME_CYTOSOLIC_TRNA_AMINOACYLATION","cyan",0.604343902851161,"TierB","HCC",0.000999000999000999,0.266993183600472,0.000999000999000999
"REACTOME_RRNA_PROCESSING","cyan",0.0218950183925196,"TierB","HCC",1,0.266993183600472,0.000999000999000999
"REACTOME_SRP_DEPENDENT_COTRANSLATIONAL_PROTEIN_TARGETING_TO_MEMBRANE","cyan",0.40510649763608,"TierB","HCC",0.000999000999000999,0.266993183600472,0.000999000999000999
"REACTOME_RIBOSOME_ASSOCIATED_QUALITY_CONTROL","cyan",0.287061875870713,"TierB","HCC",0.0709290709290709,0.266993183600472,0.000999000999000999
"REACTOME_RIBOSOME_QUALITY_CONTROL_RQC_COMPLEX_EXTRACTS_AND_DEGRADES_NASCENT_PEPTIDE","cyan",0.287550755623274,"TierB","HCC",0.0709290709290709,0.266993183600472,0.000999000999000999
"REACTOME_MITOCHONDRIAL_TRANSLATION","cyan",-0.0372180516353636,"TierB","HCC",1,0.266993183600472,0.000999000999000999
"REACTOME_MITOCHONDRIAL_TRANSLATION_ELONGATION","cyan",-0.0478701590037499,"TierB","HCC",1,0.266993183600472,0.000999000999000999
"REACTOME_MITOCHONDRIAL_TRNA_AMINOACYLATION","cyan",0.132055056498712,"TierB","HCC",1,0.266993183600472,0.000999000999000999
"REACTOME_RRNA_PROCESSING_IN_THE_MITOCHONDRION","cyan",-0.204483550596682,"TierB","HCC",0.755244755244755,0.266993183600472,0.000999000999000999
"REACTOME_TRNA_PROCESSING","cyan",0.426920598795914,"TierB","HCC",0.000999000999000999,0.266993183600472,0.000999000999000999
"REACTOME_TRNA_PROCESSING_IN_THE_NUCLEUS","cyan",0.661656867721267,"TierB","HCC",0.000999000999000999,0.266993183600472,0.000999000999000999
"REACTOME_TRNA_MODIFICATION_IN_THE_NUCLEUS_AND_CYTOSOL","cyan",-0.0744598040838182,"TierB","HCC",1,0.266993183600472,0.000999000999000999
"REACTOME_RRNA_MODIFICATION_IN_THE_NUCLEUS_AND_CYTOSOL","cyan",0.180311369705743,"TierB","HCC",0.941058941058941,0.266993183600472,0.000999000999000999
"REACTOME_TRNA_MODIFICATION_IN_THE_MITOCHONDRION","cyan",-0.28195833539555,"TierB","HCC",0.0849150849150849,0.266993183600472,0.000999000999000999
"REACTOME_TRNA_PROCESSING_IN_THE_MITOCHONDRION","cyan",-0.0762814728552488,"TierB","HCC",1,0.266993183600472,0.000999000999000999
"KEGG_RIBOSOME","greenyellow",-0.0407471938492373,"TierB","HCC",1,0.18409749906281,0.00699300699300699
"KEGG_AMINOACYL_TRNA_BIOSYNTHESIS","greenyellow",-0.0462624116568238,"TierB","HCC",1,0.18409749906281,0.00699300699300699
"REACTOME_TRANSLATION","greenyellow",-0.147864182742468,"TierB","HCC",0.998001998001998,0.18409749906281,0.00699300699300699
"REACTOME_EUKARYOTIC_TRANSLATION_INITIATION","greenyellow",0.00697957216481033,"TierB","HCC",1,0.18409749906281,0.00699300699300699
"REACTOME_EUKARYOTIC_TRANSLATION_ELONGATION","greenyellow",-0.027182442565622,"TierB","HCC",1,0.18409749906281,0.00699300699300699
"REACTOME_TRNA_AMINOACYLATION","greenyellow",0.00918431373136709,"TierB","HCC",1,0.18409749906281,0.00699300699300699
"REACTOME_CYTOSOLIC_TRNA_AMINOACYLATION","greenyellow",0.21087146430157,"TierB","HCC",0.703296703296703,0.18409749906281,0.00699300699300699
"REACTOME_RRNA_PROCESSING","greenyellow",-0.326180810900492,"TierB","HCC",0.015984015984016,0.18409749906281,0.00699300699300699
"REACTOME_SRP_DEPENDENT_COTRANSLATIONAL_PROTEIN_TARGETING_TO_MEMBRANE","greenyellow",0.0675993887946951,"TierB","HCC",1,0.18409749906281,0.00699300699300699
"REACTOME_RIBOSOME_ASSOCIATED_QUALITY_CONTROL","greenyellow",0.0193831949878384,"TierB","HCC",1,0.18409749906281,0.00699300699300699
"REACTOME_RIBOSOME_QUALITY_CONTROL_RQC_COMPLEX_EXTRACTS_AND_DEGRADES_NASCENT_PEPTIDE","greenyellow",-0.00634584453363565,"TierB","HCC",1,0.18409749906281,0.00699300699300699
"REACTOME_MITOCHONDRIAL_TRANSLATION","greenyellow",-0.30562808808146,"TierB","HCC",0.034965034965035,0.18409749906281,0.00699300699300699
"REACTOME_MITOCHONDRIAL_TRANSLATION_ELONGATION","greenyellow",-0.308477643226368,"TierB","HCC",0.027972027972028,0.18409749906281,0.00699300699300699
"REACTOME_MITOCHONDRIAL_TRNA_AMINOACYLATION","greenyellow",-0.361203734583922,"TierB","HCC",0.003996003996004,0.18409749906281,0.00699300699300699
"REACTOME_RRNA_PROCESSING_IN_THE_MITOCHONDRION","greenyellow",-0.338180095753457,"TierB","HCC",0.00999000999000999,0.18409749906281,0.00699300699300699
"REACTOME_TRNA_PROCESSING","greenyellow",-0.335212310849388,"TierB","HCC",0.00999000999000999,0.18409749906281,0.00699300699300699
"REACTOME_TRNA_PROCESSING_IN_THE_NUCLEUS","greenyellow",-0.102720330994334,"TierB","HCC",1,0.18409749906281,0.00699300699300699
"REACTOME_TRNA_MODIFICATION_IN_THE_NUCLEUS_AND_CYTOSOL","greenyellow",-0.342804366171332,"TierB","HCC",0.00999000999000999,0.18409749906281,0.00699300699300699
"REACTOME_RRNA_MODIFICATION_IN_THE_NUCLEUS_AND_CYTOSOL","greenyellow",-0.34150840212103,"TierB","HCC",0.00999000999000999,0.18409749906281,0.00699300699300699
"REACTOME_TRNA_MODIFICATION_IN_THE_MITOCHONDRION","greenyellow",-0.368689166725315,"TierB","HCC",0.001998001998002,0.18409749906281,0.00699300699300699
"REACTOME_TRNA_PROCESSING_IN_THE_MITOCHONDRION","greenyellow",-0.153022521583846,"TierB","HCC",0.994005994005994,0.18409749906281,0.00699300699300699
"KEGG_RIBOSOME","yellow",-0.396813199800327,"TierB","HCC",0.000999000999000999,0.362490815760177,0.000999000999000999
"KEGG_AMINOACYL_TRNA_BIOSYNTHESIS","yellow",0.116747785223579,"TierB","HCC",1,0.362490815760177,0.000999000999000999
"REACTOME_TRANSLATION","yellow",-0.173611562059713,"TierB","HCC",0.966033966033966,0.362490815760177,0.000999000999000999
"REACTOME_EUKARYOTIC_TRANSLATION_INITIATION","yellow",-0.112002489983415,"TierB","HCC",1,0.362490815760177,0.000999000999000999
"REACTOME_EUKARYOTIC_TRANSLATION_ELONGATION","yellow",-0.348051411086381,"TierB","HCC",0.00799200799200799,0.362490815760177,0.000999000999000999
"REACTOME_TRNA_AMINOACYLATION","yellow",0.213610119685862,"TierB","HCC",0.677322677322677,0.362490815760177,0.000999000999000999
"REACTOME_CYTOSOLIC_TRNA_AMINOACYLATION","yellow",0.439692496692977,"TierB","HCC",0.000999000999000999,0.362490815760177,0.000999000999000999
"REACTOME_RRNA_PROCESSING","yellow",-0.656340217212386,"TierB","HCC",0.000999000999000999,0.362490815760177,0.000999000999000999
"REACTOME_SRP_DEPENDENT_COTRANSLATIONAL_PROTEIN_TARGETING_TO_MEMBRANE","yellow",0.0269379257120703,"TierB","HCC",1,0.362490815760177,0.000999000999000999
"REACTOME_RIBOSOME_ASSOCIATED_QUALITY_CONTROL","yellow",-0.100718833826661,"TierB","HCC",1,0.362490815760177,0.000999000999000999
"REACTOME_RIBOSOME_QUALITY_CONTROL_RQC_COMPLEX_EXTRACTS_AND_DEGRADES_NASCENT_PEPTIDE","yellow",-0.13023120408732,"TierB","HCC",1,0.362490815760177,0.000999000999000999
"REACTOME_MITOCHONDRIAL_TRANSLATION","yellow",-0.560431130544208,"TierB","HCC",0.000999000999000999,0.362490815760177,0.000999000999000999
"REACTOME_MITOCHONDRIAL_TRANSLATION_ELONGATION","yellow",-0.58140024010116,"TierB","HCC",0.000999000999000999,0.362490815760177,0.000999000999000999
"REACTOME_MITOCHONDRIAL_TRNA_AMINOACYLATION","yellow",-0.401443793538826,"TierB","HCC",0.000999000999000999,0.362490815760177,0.000999000999000999
"REACTOME_RRNA_PROCESSING_IN_THE_MITOCHONDRION","yellow",-0.648954451961316,"TierB","HCC",0.000999000999000999,0.362490815760177,0.000999000999000999
"REACTOME_TRNA_PROCESSING","yellow",-0.393947319088073,"TierB","HCC",0.000999000999000999,0.362490815760177,0.000999000999000999
"REACTOME_TRNA_PROCESSING_IN_THE_NUCLEUS","yellow",0.117957673073871,"TierB","HCC",1,0.362490815760177,0.000999000999000999
"REACTOME_TRNA_MODIFICATION_IN_THE_NUCLEUS_AND_CYTOSOL","yellow",-0.687688415179798,"TierB","HCC",0.000999000999000999,0.362490815760177,0.000999000999000999
"REACTOME_RRNA_MODIFICATION_IN_THE_NUCLEUS_AND_CYTOSOL","yellow",-0.56470589065815,"TierB","HCC",0.000999000999000999,0.362490815760177,0.000999000999000999
"REACTOME_TRNA_MODIFICATION_IN_THE_MITOCHONDRION","yellow",-0.721524373173277,"TierB","HCC",0.000999000999000999,0.362490815760177,0.000999000999000999
"REACTOME_TRNA_PROCESSING_IN_THE_MITOCHONDRION","yellow",-0.219496598274349,"TierB","HCC",0.598401598401598,0.362490815760177,0.000999000999000999
"KEGG_RIBOSOME","red",0.250359700357259,"TierB","HCC",0.270729270729271,0.175920180043545,0.00899100899100899
"KEGG_AMINOACYL_TRNA_BIOSYNTHESIS","red",-0.341326979687077,"TierB","HCC",0.00999000999000999,0.175920180043545,0.00899100899100899
"REACTOME_TRANSLATION","red",-0.240115069354775,"TierB","HCC",0.372627372627373,0.175920180043545,0.00899100899100899
"REACTOME_EUKARYOTIC_TRANSLATION_INITIATION","red",-0.0506825421260383,"TierB","HCC",1,0.175920180043545,0.00899100899100899
"REACTOME_EUKARYOTIC_TRANSLATION_ELONGATION","red",0.220826283121319,"TierB","HCC",0.584415584415584,0.175920180043545,0.00899100899100899
"REACTOME_TRNA_AMINOACYLATION","red",-0.374401991804694,"TierB","HCC",0.000999000999000999,0.175920180043545,0.00899100899100899
"REACTOME_CYTOSOLIC_TRNA_AMINOACYLATION","red",-0.325190228088507,"TierB","HCC",0.015984015984016,0.175920180043545,0.00899100899100899
"REACTOME_RRNA_PROCESSING","red",0.0823298155900111,"TierB","HCC",1,0.175920180043545,0.00899100899100899
"REACTOME_SRP_DEPENDENT_COTRANSLATIONAL_PROTEIN_TARGETING_TO_MEMBRANE","red",-0.102227192528999,"TierB","HCC",1,0.175920180043545,0.00899100899100899
"REACTOME_RIBOSOME_ASSOCIATED_QUALITY_CONTROL","red",-0.060399524283058,"TierB","HCC",1,0.175920180043545,0.00899100899100899
"REACTOME_RIBOSOME_QUALITY_CONTROL_RQC_COMPLEX_EXTRACTS_AND_DEGRADES_NASCENT_PEPTIDE","red",-0.0710668073850509,"TierB","HCC",1,0.175920180043545,0.00899100899100899
"REACTOME_MITOCHONDRIAL_TRANSLATION","red",0.0381224083826625,"TierB","HCC",1,0.175920180043545,0.00899100899100899
"REACTOME_MITOCHONDRIAL_TRANSLATION_ELONGATION","red",0.058415432040126,"TierB","HCC",1,0.175920180043545,0.00899100899100899
"REACTOME_MITOCHONDRIAL_TRNA_AMINOACYLATION","red",-0.168984614600636,"TierB","HCC",0.978021978021978,0.175920180043545,0.00899100899100899
"REACTOME_RRNA_PROCESSING_IN_THE_MITOCHONDRION","red",0.133231604669334,"TierB","HCC",1,0.175920180043545,0.00899100899100899
"REACTOME_TRNA_PROCESSING","red",-0.310325487342173,"TierB","HCC",0.026973026973027,0.175920180043545,0.00899100899100899
"REACTOME_TRNA_PROCESSING_IN_THE_NUCLEUS","red",-0.493015896144778,"TierB","HCC",0.000999000999000999,0.175920180043545,0.00899100899100899
"REACTOME_TRNA_MODIFICATION_IN_THE_NUCLEUS_AND_CYTOSOL","red",0.107170302035192,"TierB","HCC",1,0.175920180043545,0.00899100899100899
"REACTOME_RRNA_MODIFICATION_IN_THE_NUCLEUS_AND_CYTOSOL","red",-0.0618184483271274,"TierB","HCC",1,0.175920180043545,0.00899100899100899
"REACTOME_TRNA_MODIFICATION_IN_THE_MITOCHONDRION","red",0.184942648105032,"TierB","HCC",0.916083916083916,0.175920180043545,0.00899100899100899
"REACTOME_TRNA_PROCESSING_IN_THE_MITOCHONDRION","red",-0.0193708049405903,"TierB","HCC",1,0.175920180043545,0.00899100899100899
"KEGG_RIBOSOME","lightcyan",0.0973613197387642,"TierB","HCC",1,0.196655400916928,0.002997002997003
"KEGG_AMINOACYL_TRNA_BIOSYNTHESIS","lightcyan",-0.345774505566476,"TierB","HCC",0.00799200799200799,0.196655400916928,0.002997002997003
"REACTOME_TRANSLATION","lightcyan",-0.276154976649946,"TierB","HCC",0.108891108891109,0.196655400916928,0.002997002997003
"REACTOME_EUKARYOTIC_TRANSLATION_INITIATION","lightcyan",-0.12536161109797,"TierB","HCC",1,0.196655400916928,0.002997002997003
"REACTOME_EUKARYOTIC_TRANSLATION_ELONGATION","lightcyan",0.092519712955882,"TierB","HCC",1,0.196655400916928,0.002997002997003
"REACTOME_TRNA_AMINOACYLATION","lightcyan",-0.352031343280124,"TierB","HCC",0.00599400599400599,0.196655400916928,0.002997002997003
"REACTOME_CYTOSOLIC_TRNA_AMINOACYLATION","lightcyan",-0.307400823896696,"TierB","HCC",0.027972027972028,0.196655400916928,0.002997002997003
"REACTOME_RRNA_PROCESSING","lightcyan",-0.131887398222721,"TierB","HCC",1,0.196655400916928,0.002997002997003
"REACTOME_SRP_DEPENDENT_COTRANSLATIONAL_PROTEIN_TARGETING_TO_MEMBRANE","lightcyan",-0.1418603076636,"TierB","HCC",0.999000999000999,0.196655400916928,0.002997002997003
"REACTOME_RIBOSOME_ASSOCIATED_QUALITY_CONTROL","lightcyan",-0.156040261462188,"TierB","HCC",0.992007992007992,0.196655400916928,0.002997002997003
"REACTOME_RIBOSOME_QUALITY_CONTROL_RQC_COMPLEX_EXTRACTS_AND_DEGRADES_NASCENT_PEPTIDE","lightcyan",-0.1588696217716,"TierB","HCC",0.989010989010989,0.196655400916928,0.002997002997003
"REACTOME_MITOCHONDRIAL_TRANSLATION","lightcyan",-0.0555437010482457,"TierB","HCC",1,0.196655400916928,0.002997002997003
"REACTOME_MITOCHONDRIAL_TRANSLATION_ELONGATION","lightcyan",-0.0432547456900923,"TierB","HCC",1,0.196655400916928,0.002997002997003
"REACTOME_MITOCHONDRIAL_TRNA_AMINOACYLATION","lightcyan",-0.199126583730406,"TierB","HCC",0.819180819180819,0.196655400916928,0.002997002997003
"REACTOME_RRNA_PROCESSING_IN_THE_MITOCHONDRION","lightcyan",-0.00446614562350911,"TierB","HCC",1,0.196655400916928,0.002997002997003
"REACTOME_TRNA_PROCESSING","lightcyan",-0.528748735538964,"TierB","HCC",0.000999000999000999,0.196655400916928,0.002997002997003
"REACTOME_TRNA_PROCESSING_IN_THE_NUCLEUS","lightcyan",-0.570418764594626,"TierB","HCC",0.000999000999000999,0.196655400916928,0.002997002997003
"REACTOME_TRNA_MODIFICATION_IN_THE_NUCLEUS_AND_CYTOSOL","lightcyan",-0.108274301382496,"TierB","HCC",1,0.196655400916928,0.002997002997003
"REACTOME_RRNA_MODIFICATION_IN_THE_NUCLEUS_AND_CYTOSOL","lightcyan",-0.251910180770064,"TierB","HCC",0.256743256743257,0.196655400916928,0.002997002997003
"REACTOME_TRNA_MODIFICATION_IN_THE_MITOCHONDRION","lightcyan",-0.0691016075973384,"TierB","HCC",1,0.196655400916928,0.002997002997003
"REACTOME_TRNA_PROCESSING_IN_THE_MITOCHONDRION","lightcyan",-0.113656770973774,"TierB","HCC",1,0.196655400916928,0.002997002997003
"KEGG_RIBOSOME","midnightblue",0.0433977284871476,"TierB","HCC",1,0.213297831467298,0.001998001998002
"KEGG_AMINOACYL_TRNA_BIOSYNTHESIS","midnightblue",-0.363677919075547,"TierB","HCC",0.001998001998002,0.213297831467298,0.001998001998002
"REACTOME_TRANSLATION","midnightblue",-0.257004038302888,"TierB","HCC",0.222777222777223,0.213297831467298,0.001998001998002
"REACTOME_EUKARYOTIC_TRANSLATION_INITIATION","midnightblue",-0.273435161870676,"TierB","HCC",0.126873126873127,0.213297831467298,0.001998001998002
"REACTOME_EUKARYOTIC_TRANSLATION_ELONGATION","midnightblue",0.0398172681464857,"TierB","HCC",1,0.213297831467298,0.001998001998002
"REACTOME_TRNA_AMINOACYLATION","midnightblue",-0.377331170549258,"TierB","HCC",0.000999000999000999,0.213297831467298,0.001998001998002
"REACTOME_CYTOSOLIC_TRNA_AMINOACYLATION","midnightblue",-0.451848709647001,"TierB","HCC",0.000999000999000999,0.213297831467298,0.001998001998002
"REACTOME_RRNA_PROCESSING","midnightblue",-0.10261613414193,"TierB","HCC",1,0.213297831467298,0.001998001998002
"REACTOME_SRP_DEPENDENT_COTRANSLATIONAL_PROTEIN_TARGETING_TO_MEMBRANE","midnightblue",-0.239066052571709,"TierB","HCC",0.384615384615385,0.213297831467298,0.001998001998002
"REACTOME_RIBOSOME_ASSOCIATED_QUALITY_CONTROL","midnightblue",-0.207994788674024,"TierB","HCC",0.728271728271728,0.213297831467298,0.001998001998002
"REACTOME_RIBOSOME_QUALITY_CONTROL_RQC_COMPLEX_EXTRACTS_AND_DEGRADES_NASCENT_PEPTIDE","midnightblue",-0.208134047873649,"TierB","HCC",0.728271728271728,0.213297831467298,0.001998001998002
"REACTOME_MITOCHONDRIAL_TRANSLATION","midnightblue",0.0774357889939048,"TierB","HCC",1,0.213297831467298,0.001998001998002
"REACTOME_MITOCHONDRIAL_TRANSLATION_ELONGATION","midnightblue",0.0768755693705603,"TierB","HCC",1,0.213297831467298,0.001998001998002
"REACTOME_MITOCHONDRIAL_TRNA_AMINOACYLATION","midnightblue",-0.000579031381678919,"TierB","HCC",1,0.213297831467298,0.001998001998002
"REACTOME_RRNA_PROCESSING_IN_THE_MITOCHONDRION","midnightblue",0.163312518098518,"TierB","HCC",0.987012987012987,0.213297831467298,0.001998001998002
"REACTOME_TRNA_PROCESSING","midnightblue",-0.55826688421129,"TierB","HCC",0.000999000999000999,0.213297831467298,0.001998001998002
"REACTOME_TRNA_PROCESSING_IN_THE_NUCLEUS","midnightblue",-0.707009963692163,"TierB","HCC",0.000999000999000999,0.213297831467298,0.001998001998002
"REACTOME_TRNA_MODIFICATION_IN_THE_NUCLEUS_AND_CYTOSOL","midnightblue",-0.00946363039744327,"TierB","HCC",1,0.213297831467298,0.001998001998002
"REACTOME_RRNA_MODIFICATION_IN_THE_NUCLEUS_AND_CYTOSOL","midnightblue",-0.220564201590853,"TierB","HCC",0.586413586413586,0.213297831467298,0.001998001998002
"REACTOME_TRNA_MODIFICATION_IN_THE_MITOCHONDRION","midnightblue",0.0706644649865104,"TierB","HCC",1,0.213297831467298,0.001998001998002
"REACTOME_TRNA_PROCESSING_IN_THE_MITOCHONDRION","midnightblue",0.0307593887500114,"TierB","HCC",1,0.213297831467298,0.001998001998002
"KEGG_RIBOSOME","green",-0.404167981037969,"TierB","HCC",0.000999000999000999,0.281965064905086,0.000999000999000999
"KEGG_AMINOACYL_TRNA_BIOSYNTHESIS","green",-0.0504556931216106,"TierB","HCC",1,0.281965064905086,0.000999000999000999
"REACTOME_TRANSLATION","green",-0.394590831735277,"TierB","HCC",0.000999000999000999,0.281965064905086,0.000999000999000999
"REACTOME_EUKARYOTIC_TRANSLATION_INITIATION","green",-0.206005433918814,"TierB","HCC",0.743256743256743,0.281965064905086,0.000999000999000999
"REACTOME_EUKARYOTIC_TRANSLATION_ELONGATION","green",-0.405068374599924,"TierB","HCC",0.000999000999000999,0.281965064905086,0.000999000999000999
"REACTOME_TRNA_AMINOACYLATION","green",-0.0297510061926983,"TierB","HCC",1,0.281965064905086,0.000999000999000999
"REACTOME_CYTOSOLIC_TRNA_AMINOACYLATION","green",0.10015340982427,"TierB","HCC",1,0.281965064905086,0.000999000999000999
"REACTOME_RRNA_PROCESSING","green",-0.272558500146508,"TierB","HCC",0.133866133866134,0.281965064905086,0.000999000999000999
"REACTOME_SRP_DEPENDENT_COTRANSLATIONAL_PROTEIN_TARGETING_TO_MEMBRANE","green",-0.221473197565786,"TierB","HCC",0.576423576423576,0.281965064905086,0.000999000999000999
"REACTOME_RIBOSOME_ASSOCIATED_QUALITY_CONTROL","green",-0.26859663787486,"TierB","HCC",0.153846153846154,0.281965064905086,0.000999000999000999
"REACTOME_RIBOSOME_QUALITY_CONTROL_RQC_COMPLEX_EXTRACTS_AND_DEGRADES_NASCENT_PEPTIDE","green",-0.280540793837665,"TierB","HCC",0.0929070929070929,0.281965064905086,0.000999000999000999
"REACTOME_MITOCHONDRIAL_TRANSLATION","green",-0.609088162642112,"TierB","HCC",0.000999000999000999,0.281965064905086,0.000999000999000999
"REACTOME_MITOCHONDRIAL_TRANSLATION_ELONGATION","green",-0.596555279634658,"TierB","HCC",0.000999000999000999,0.281965064905086,0.000999000999000999
"REACTOME_MITOCHONDRIAL_TRNA_AMINOACYLATION","green",-0.306443921950884,"TierB","HCC",0.02997002997003,0.281965064905086,0.000999000999000999
"REACTOME_RRNA_PROCESSING_IN_THE_MITOCHONDRION","green",-0.511732304898021,"TierB","HCC",0.000999000999000999,0.281965064905086,0.000999000999000999
"REACTOME_TRNA_PROCESSING","green",-0.0177571505435162,"TierB","HCC",1,0.281965064905086,0.000999000999000999
"REACTOME_TRNA_PROCESSING_IN_THE_NUCLEUS","green",0.24175195403974,"TierB","HCC",0.354645354645355,0.281965064905086,0.000999000999000999
"REACTOME_TRNA_MODIFICATION_IN_THE_NUCLEUS_AND_CYTOSOL","green",-0.362687968352688,"TierB","HCC",0.001998001998002,0.281965064905086,0.000999000999000999
"REACTOME_RRNA_MODIFICATION_IN_THE_NUCLEUS_AND_CYTOSOL","green",-0.188882489568034,"TierB","HCC",0.892107892107892,0.281965064905086,0.000999000999000999
"REACTOME_TRNA_MODIFICATION_IN_THE_MITOCHONDRION","green",-0.27606471301346,"TierB","HCC",0.110889110889111,0.281965064905086,0.000999000999000999
"REACTOME_TRNA_PROCESSING_IN_THE_MITOCHONDRION","green",-0.176940558508314,"TierB","HCC",0.958041958041958,0.281965064905086,0.000999000999000999
"KEGG_RIBOSOME","pink",0.106968858680043,"TierB","HCC",1,0.248368676262818,0.000999000999000999
"KEGG_AMINOACYL_TRNA_BIOSYNTHESIS","pink",-0.416797202155103,"TierB","HCC",0.000999000999000999,0.248368676262818,0.000999000999000999
"REACTOME_TRANSLATION","pink",-0.349426257031852,"TierB","HCC",0.00799200799200799,0.248368676262818,0.000999000999000999
"REACTOME_EUKARYOTIC_TRANSLATION_INITIATION","pink",-0.218198391473446,"TierB","HCC",0.616383616383616,0.248368676262818,0.000999000999000999
"REACTOME_EUKARYOTIC_TRANSLATION_ELONGATION","pink",0.0596444219968976,"TierB","HCC",1,0.248368676262818,0.000999000999000999
"REACTOME_TRNA_AMINOACYLATION","pink",-0.491461182848756,"TierB","HCC",0.000999000999000999,0.248368676262818,0.000999000999000999
"REACTOME_CYTOSOLIC_TRNA_AMINOACYLATION","pink",-0.587622255518219,"TierB","HCC",0.000999000999000999,0.248368676262818,0.000999000999000999
"REACTOME_RRNA_PROCESSING","pink",0.296352157241446,"TierB","HCC",0.0539460539460539,0.248368676262818,0.000999000999000999
"REACTOME_SRP_DEPENDENT_COTRANSLATIONAL_PROTEIN_TARGETING_TO_MEMBRANE","pink",-0.357170520700444,"TierB","HCC",0.00599400599400599,0.248368676262818,0.000999000999000999
"REACTOME_RIBOSOME_ASSOCIATED_QUALITY_CONTROL","pink",-0.215499069441287,"TierB","HCC",0.65034965034965,0.248368676262818,0.000999000999000999
"REACTOME_RIBOSOME_QUALITY_CONTROL_RQC_COMPLEX_EXTRACTS_AND_DEGRADES_NASCENT_PEPTIDE","pink",-0.184185042517734,"TierB","HCC",0.922077922077922,0.248368676262818,0.000999000999000999
"REACTOME_MITOCHONDRIAL_TRANSLATION","pink",0.0492021989313132,"TierB","HCC",1,0.248368676262818,0.000999000999000999
"REACTOME_MITOCHONDRIAL_TRANSLATION_ELONGATION","pink",0.0874121341447829,"TierB","HCC",1,0.248368676262818,0.000999000999000999
"REACTOME_MITOCHONDRIAL_TRNA_AMINOACYLATION","pink",0.0230729759499329,"TierB","HCC",1,0.248368676262818,0.000999000999000999
"REACTOME_RRNA_PROCESSING_IN_THE_MITOCHONDRION","pink",0.259669352288244,"TierB","HCC",0.201798201798202,0.248368676262818,0.000999000999000999
"REACTOME_TRNA_PROCESSING","pink",-0.095195019347324,"TierB","HCC",1,0.248368676262818,0.000999000999000999
"REACTOME_TRNA_PROCESSING_IN_THE_NUCLEUS","pink",-0.448005673256831,"TierB","HCC",0.000999000999000999,0.248368676262818,0.000999000999000999
"REACTOME_TRNA_MODIFICATION_IN_THE_NUCLEUS_AND_CYTOSOL","pink",0.308460305376964,"TierB","HCC",0.027972027972028,0.248368676262818,0.000999000999000999
"REACTOME_RRNA_MODIFICATION_IN_THE_NUCLEUS_AND_CYTOSOL","pink",0.161473804792101,"TierB","HCC",0.989010989010989,0.248368676262818,0.000999000999000999
"REACTOME_TRNA_MODIFICATION_IN_THE_MITOCHONDRION","pink",0.456869850137808,"TierB","HCC",0.000999000999000999,0.248368676262818,0.000999000999000999
"REACTOME_TRNA_PROCESSING_IN_THE_MITOCHONDRION","pink",0.0430555276886438,"TierB","HCC",1,0.248368676262818,0.000999000999000999
"KEGG_RIBOSOME","purple",0.0231463416118194,"TierB","HCC",1,0.255615900453958,0.000999000999000999
"KEGG_AMINOACYL_TRNA_BIOSYNTHESIS","purple",-0.285018318169674,"TierB","HCC",0.0729270729270729,0.255615900453958,0.000999000999000999
"REACTOME_TRANSLATION","purple",-0.0565331460789336,"TierB","HCC",1,0.255615900453958,0.000999000999000999
"REACTOME_EUKARYOTIC_TRANSLATION_INITIATION","purple",-0.307850995971649,"TierB","HCC",0.027972027972028,0.255615900453958,0.000999000999000999
"REACTOME_EUKARYOTIC_TRANSLATION_ELONGATION","purple",0.0130782061026027,"TierB","HCC",1,0.255615900453958,0.000999000999000999
"REACTOME_TRNA_AMINOACYLATION","purple",-0.310485437898836,"TierB","HCC",0.026973026973027,0.255615900453958,0.000999000999000999
"REACTOME_CYTOSOLIC_TRNA_AMINOACYLATION","purple",-0.504046679635439,"TierB","HCC",0.000999000999000999,0.255615900453958,0.000999000999000999
"REACTOME_RRNA_PROCESSING","purple",-0.0116896161094317,"TierB","HCC",1,0.255615900453958,0.000999000999000999
"REACTOME_SRP_DEPENDENT_COTRANSLATIONAL_PROTEIN_TARGETING_TO_MEMBRANE","purple",-0.281598387396044,"TierB","HCC",0.0879120879120879,0.255615900453958,0.000999000999000999
"REACTOME_RIBOSOME_ASSOCIATED_QUALITY_CONTROL","purple",-0.137396222917222,"TierB","HCC",1,0.255615900453958,0.000999000999000999
"REACTOME_RIBOSOME_QUALITY_CONTROL_RQC_COMPLEX_EXTRACTS_AND_DEGRADES_NASCENT_PEPTIDE","purple",-0.0848098157604789,"TierB","HCC",1,0.255615900453958,0.000999000999000999
"REACTOME_MITOCHONDRIAL_TRANSLATION","purple",0.356127923901843,"TierB","HCC",0.00599400599400599,0.255615900453958,0.000999000999000999
"REACTOME_MITOCHONDRIAL_TRANSLATION_ELONGATION","purple",0.347779705689531,"TierB","HCC",0.00799200799200799,0.255615900453958,0.000999000999000999
"REACTOME_MITOCHONDRIAL_TRNA_AMINOACYLATION","purple",0.255213781154624,"TierB","HCC",0.238761238761239,0.255615900453958,0.000999000999000999
"REACTOME_RRNA_PROCESSING_IN_THE_MITOCHONDRION","purple",0.443427831169591,"TierB","HCC",0.000999000999000999,0.255615900453958,0.000999000999000999
"REACTOME_TRNA_PROCESSING","purple",-0.445222177338906,"TierB","HCC",0.000999000999000999,0.255615900453958,0.000999000999000999
"REACTOME_TRNA_PROCESSING_IN_THE_NUCLEUS","purple",-0.716366053477226,"TierB","HCC",0.000999000999000999,0.255615900453958,0.000999000999000999
"REACTOME_TRNA_MODIFICATION_IN_THE_NUCLEUS_AND_CYTOSOL","purple",0.158623802074649,"TierB","HCC",0.989010989010989,0.255615900453958,0.000999000999000999
"REACTOME_RRNA_MODIFICATION_IN_THE_NUCLEUS_AND_CYTOSOL","purple",-0.131098061553729,"TierB","HCC",1,0.255615900453958,0.000999000999000999
"REACTOME_TRNA_MODIFICATION_IN_THE_MITOCHONDRION","purple",0.248229767481917,"TierB","HCC",0.291708291708292,0.255615900453958,0.000999000999000999
"REACTOME_TRNA_PROCESSING_IN_THE_MITOCHONDRION","purple",0.250191638038966,"TierB","HCC",0.271728271728272,0.255615900453958,0.000999000999000999
"KEGG_RIBOSOME","blue",0.488247075918468,"TierB","HCC",0.000999000999000999,0.369899838540237,0.000999000999000999
"KEGG_AMINOACYL_TRNA_BIOSYNTHESIS","blue",-0.350661726731939,"TierB","HCC",0.00699300699300699,0.369899838540237,0.000999000999000999
"REACTOME_TRANSLATION","blue",0.00523227211082359,"TierB","HCC",1,0.369899838540237,0.000999000999000999
"REACTOME_EUKARYOTIC_TRANSLATION_INITIATION","blue",0.0236719216359637,"TierB","HCC",1,0.369899838540237,0.000999000999000999
"REACTOME_EUKARYOTIC_TRANSLATION_ELONGATION","blue",0.441787675185459,"TierB","HCC",0.000999000999000999,0.369899838540237,0.000999000999000999
"REACTOME_TRNA_AMINOACYLATION","blue",-0.4482431621729,"TierB","HCC",0.000999000999000999,0.369899838540237,0.000999000999000999
"REACTOME_CYTOSOLIC_TRNA_AMINOACYLATION","blue",-0.643940802511271,"TierB","HCC",0.000999000999000999,0.369899838540237,0.000999000999000999
"REACTOME_RRNA_PROCESSING","blue",0.577066784845825,"TierB","HCC",0.000999000999000999,0.369899838540237,0.000999000999000999
"REACTOME_SRP_DEPENDENT_COTRANSLATIONAL_PROTEIN_TARGETING_TO_MEMBRANE","blue",-0.1093508062419,"TierB","HCC",1,0.369899838540237,0.000999000999000999
"REACTOME_RIBOSOME_ASSOCIATED_QUALITY_CONTROL","blue",0.0393413483928454,"TierB","HCC",1,0.369899838540237,0.000999000999000999
"REACTOME_RIBOSOME_QUALITY_CONTROL_RQC_COMPLEX_EXTRACTS_AND_DEGRADES_NASCENT_PEPTIDE","blue",0.0595595683571779,"TierB","HCC",1,0.369899838540237,0.000999000999000999
"REACTOME_MITOCHONDRIAL_TRANSLATION","blue",0.549812983984146,"TierB","HCC",0.000999000999000999,0.369899838540237,0.000999000999000999
"REACTOME_MITOCHONDRIAL_TRANSLATION_ELONGATION","blue",0.578875770880276,"TierB","HCC",0.000999000999000999,0.369899838540237,0.000999000999000999
"REACTOME_MITOCHONDRIAL_TRNA_AMINOACYLATION","blue",0.274654422510347,"TierB","HCC",0.115884115884116,0.369899838540237,0.000999000999000999
"REACTOME_RRNA_PROCESSING_IN_THE_MITOCHONDRION","blue",0.66332503608617,"TierB","HCC",0.000999000999000999,0.369899838540237,0.000999000999000999
"REACTOME_TRNA_PROCESSING","blue",0.0210158520462107,"TierB","HCC",1,0.369899838540237,0.000999000999000999
"REACTOME_TRNA_PROCESSING_IN_THE_NUCLEUS","blue",-0.551206305981351,"TierB","HCC",0.000999000999000999,0.369899838540237,0.000999000999000999
"REACTOME_TRNA_MODIFICATION_IN_THE_NUCLEUS_AND_CYTOSOL","blue",0.641454482342432,"TierB","HCC",0.000999000999000999,0.369899838540237,0.000999000999000999
"REACTOME_RRNA_MODIFICATION_IN_THE_NUCLEUS_AND_CYTOSOL","blue",0.391020277200192,"TierB","HCC",0.000999000999000999,0.369899838540237,0.000999000999000999
"REACTOME_TRNA_MODIFICATION_IN_THE_MITOCHONDRION","blue",0.726446293657219,"TierB","HCC",0.000999000999000999,0.369899838540237,0.000999000999000999
"REACTOME_TRNA_PROCESSING_IN_THE_MITOCHONDRION","blue",0.182982040552054,"TierB","HCC",0.928071928071928,0.369899838540237,0.000999000999000999
"KEGG_RIBOSOME","magenta",0.669600249981981,"TierB","HCC",0.000999000999000999,0.469771413505908,0.000999000999000999
"KEGG_AMINOACYL_TRNA_BIOSYNTHESIS","magenta",-0.058238838720033,"TierB","HCC",1,0.469771413505908,0.000999000999000999
"REACTOME_TRANSLATION","magenta",0.579695027798023,"TierB","HCC",0.000999000999000999,0.469771413505908,0.000999000999000999
"REACTOME_EUKARYOTIC_TRANSLATION_INITIATION","magenta",0.391720886301832,"TierB","HCC",0.000999000999000999,0.469771413505908,0.000999000999000999
"REACTOME_EUKARYOTIC_TRANSLATION_ELONGATION","magenta",0.644290810010999,"TierB","HCC",0.000999000999000999,0.469771413505908,0.000999000999000999
"REACTOME_TRNA_AMINOACYLATION","magenta",-0.104102683771884,"TierB","HCC",1,0.469771413505908,0.000999000999000999
"REACTOME_CYTOSOLIC_TRNA_AMINOACYLATION","magenta",-0.266104321966722,"TierB","HCC",0.161838161838162,0.469771413505908,0.000999000999000999
"REACTOME_RRNA_PROCESSING","magenta",0.601502750824299,"TierB","HCC",0.000999000999000999,0.469771413505908,0.000999000999000999
"REACTOME_SRP_DEPENDENT_COTRANSLATIONAL_PROTEIN_TARGETING_TO_MEMBRANE","magenta",0.368806249933158,"TierB","HCC",0.001998001998002,0.469771413505908,0.000999000999000999
"REACTOME_RIBOSOME_ASSOCIATED_QUALITY_CONTROL","magenta",0.498248396417861,"TierB","HCC",0.000999000999000999,0.469771413505908,0.000999000999000999
"REACTOME_RIBOSOME_QUALITY_CONTROL_RQC_COMPLEX_EXTRACTS_AND_DEGRADES_NASCENT_PEPTIDE","magenta",0.540130779477738,"TierB","HCC",0.000999000999000999,0.469771413505908,0.000999000999000999
"REACTOME_MITOCHONDRIAL_TRANSLATION","magenta",0.882309411858011,"TierB","HCC",0.000999000999000999,0.469771413505908,0.000999000999000999
"REACTOME_MITOCHONDRIAL_TRANSLATION_ELONGATION","magenta",0.8861428899935,"TierB","HCC",0.000999000999000999,0.469771413505908,0.000999000999000999
"REACTOME_MITOCHONDRIAL_TRNA_AMINOACYLATION","magenta",0.350495188094138,"TierB","HCC",0.00699300699300699,0.469771413505908,0.000999000999000999
"REACTOME_RRNA_PROCESSING_IN_THE_MITOCHONDRION","magenta",0.676007138823113,"TierB","HCC",0.000999000999000999,0.469771413505908,0.000999000999000999
"REACTOME_TRNA_PROCESSING","magenta",0.22721225572582,"TierB","HCC",0.510489510489511,0.469771413505908,0.000999000999000999
"REACTOME_TRNA_PROCESSING_IN_THE_NUCLEUS","magenta",-0.227535190563941,"TierB","HCC",0.505494505494505,0.469771413505908,0.000999000999000999
"REACTOME_TRNA_MODIFICATION_IN_THE_NUCLEUS_AND_CYTOSOL","magenta",0.635909296424141,"TierB","HCC",0.000999000999000999,0.469771413505908,0.000999000999000999
"REACTOME_RRNA_MODIFICATION_IN_THE_NUCLEUS_AND_CYTOSOL","magenta",0.465714729311349,"TierB","HCC",0.000999000999000999,0.469771413505908,0.000999000999000999
"REACTOME_TRNA_MODIFICATION_IN_THE_MITOCHONDRION","magenta",0.590318322969319,"TierB","HCC",0.000999000999000999,0.469771413505908,0.000999000999000999
"REACTOME_TRNA_PROCESSING_IN_THE_MITOCHONDRION","magenta",0.201114264656205,"TierB","HCC",0.795204795204795,0.469771413505908,0.000999000999000999
"KEGG_RIBOSOME","grey60",0.493009161618302,"TierB","HCC",0.000999000999000999,0.315973834311381,0.000999000999000999
"KEGG_AMINOACYL_TRNA_BIOSYNTHESIS","grey60",0.0233081457917541,"TierB","HCC",1,0.315973834311381,0.000999000999000999
"REACTOME_TRANSLATION","grey60",0.170591914273048,"TierB","HCC",0.975024975024975,0.315973834311381,0.000999000999000999
"REACTOME_EUKARYOTIC_TRANSLATION_INITIATION","grey60",0.359781751268372,"TierB","HCC",0.00599400599400599,0.315973834311381,0.000999000999000999
"REACTOME_EUKARYOTIC_TRANSLATION_ELONGATION","grey60",0.455143475963478,"TierB","HCC",0.000999000999000999,0.315973834311381,0.000999000999000999
"REACTOME_TRNA_AMINOACYLATION","grey60",-0.0514350671638656,"TierB","HCC",1,0.315973834311381,0.000999000999000999
"REACTOME_CYTOSOLIC_TRNA_AMINOACYLATION","grey60",-0.101644907562465,"TierB","HCC",1,0.315973834311381,0.000999000999000999
"REACTOME_RRNA_PROCESSING","grey60",0.661321466707671,"TierB","HCC",0.000999000999000999,0.315973834311381,0.000999000999000999
"REACTOME_SRP_DEPENDENT_COTRANSLATIONAL_PROTEIN_TARGETING_TO_MEMBRANE","grey60",0.184996430615409,"TierB","HCC",0.916083916083916,0.315973834311381,0.000999000999000999
"REACTOME_RIBOSOME_ASSOCIATED_QUALITY_CONTROL","grey60",0.204362990600224,"TierB","HCC",0.756243756243756,0.315973834311381,0.000999000999000999
"REACTOME_RIBOSOME_QUALITY_CONTROL_RQC_COMPLEX_EXTRACTS_AND_DEGRADES_NASCENT_PEPTIDE","grey60",0.164198271825059,"TierB","HCC",0.986013986013986,0.315973834311381,0.000999000999000999
"REACTOME_MITOCHONDRIAL_TRANSLATION","grey60",0.327469465055665,"TierB","HCC",0.014985014985015,0.315973834311381,0.000999000999000999
"REACTOME_MITOCHONDRIAL_TRANSLATION_ELONGATION","grey60",0.356608897523531,"TierB","HCC",0.00599400599400599,0.315973834311381,0.000999000999000999
"REACTOME_MITOCHONDRIAL_TRNA_AMINOACYLATION","grey60",0.150213798208799,"TierB","HCC",0.996003996003996,0.315973834311381,0.000999000999000999
"REACTOME_RRNA_PROCESSING_IN_THE_MITOCHONDRION","grey60",0.358440528215823,"TierB","HCC",0.00599400599400599,0.315973834311381,0.000999000999000999
"REACTOME_TRNA_PROCESSING","grey60",0.585680275360849,"TierB","HCC",0.000999000999000999,0.315973834311381,0.000999000999000999
"REACTOME_TRNA_PROCESSING_IN_THE_NUCLEUS","grey60",0.240001392014509,"TierB","HCC",0.372627372627373,0.315973834311381,0.000999000999000999
"REACTOME_TRNA_MODIFICATION_IN_THE_NUCLEUS_AND_CYTOSOL","grey60",0.58263638754735,"TierB","HCC",0.000999000999000999,0.315973834311381,0.000999000999000999
"REACTOME_RRNA_MODIFICATION_IN_THE_NUCLEUS_AND_CYTOSOL","grey60",0.622467864277207,"TierB","HCC",0.000999000999000999,0.315973834311381,0.000999000999000999
"REACTOME_TRNA_MODIFICATION_IN_THE_MITOCHONDRION","grey60",0.540387832049173,"TierB","HCC",0.000999000999000999,0.315973834311381,0.000999000999000999
"REACTOME_TRNA_PROCESSING_IN_THE_MITOCHONDRION","grey60",-0.00175049689644138,"TierB","HCC",1,0.315973834311381,0.000999000999000999
"KEGG_RIBOSOME","lightgreen",0.388961546760199,"TierB","HCC",0.000999000999000999,0.305663781157933,0.000999000999000999
"KEGG_AMINOACYL_TRNA_BIOSYNTHESIS","lightgreen",0.0604906460887945,"TierB","HCC",1,0.305663781157933,0.000999000999000999
"REACTOME_TRANSLATION","lightgreen",0.145259462070469,"TierB","HCC",0.998001998001998,0.305663781157933,0.000999000999000999
"REACTOME_EUKARYOTIC_TRANSLATION_INITIATION","lightgreen",0.171673093038932,"TierB","HCC",0.971028971028971,0.305663781157933,0.000999000999000999
"REACTOME_EUKARYOTIC_TRANSLATION_ELONGATION","lightgreen",0.360954873252074,"TierB","HCC",0.003996003996004,0.305663781157933,0.000999000999000999
"REACTOME_TRNA_AMINOACYLATION","lightgreen",-0.0348170806710294,"TierB","HCC",1,0.305663781157933,0.000999000999000999
"REACTOME_CYTOSOLIC_TRNA_AMINOACYLATION","lightgreen",-0.336469763123087,"TierB","HCC",0.00999000999000999,0.305663781157933,0.000999000999000999
"REACTOME_RRNA_PROCESSING","lightgreen",0.632297445079297,"TierB","HCC",0.000999000999000999,0.305663781157933,0.000999000999000999
"REACTOME_SRP_DEPENDENT_COTRANSLATIONAL_PROTEIN_TARGETING_TO_MEMBRANE","lightgreen",0.0282316133731295,"TierB","HCC",1,0.305663781157933,0.000999000999000999
"REACTOME_RIBOSOME_ASSOCIATED_QUALITY_CONTROL","lightgreen",0.0470708952124269,"TierB","HCC",1,0.305663781157933,0.000999000999000999
"REACTOME_RIBOSOME_QUALITY_CONTROL_RQC_COMPLEX_EXTRACTS_AND_DEGRADES_NASCENT_PEPTIDE","lightgreen",0.0772413528332134,"TierB","HCC",1,0.305663781157933,0.000999000999000999
"REACTOME_MITOCHONDRIAL_TRANSLATION","lightgreen",0.425117935718645,"TierB","HCC",0.000999000999000999,0.305663781157933,0.000999000999000999
"REACTOME_MITOCHONDRIAL_TRANSLATION_ELONGATION","lightgreen",0.456658218222964,"TierB","HCC",0.000999000999000999,0.305663781157933,0.000999000999000999
"REACTOME_MITOCHONDRIAL_TRNA_AMINOACYLATION","lightgreen",0.554326900620079,"TierB","HCC",0.000999000999000999,0.305663781157933,0.000999000999000999
"REACTOME_RRNA_PROCESSING_IN_THE_MITOCHONDRION","lightgreen",0.51448236649093,"TierB","HCC",0.000999000999000999,0.305663781157933,0.000999000999000999
"REACTOME_TRNA_PROCESSING","lightgreen",0.297365371006618,"TierB","HCC",0.046953046953047,0.305663781157933,0.000999000999000999
"REACTOME_TRNA_PROCESSING_IN_THE_NUCLEUS","lightgreen",-0.121805932041309,"TierB","HCC",1,0.305663781157933,0.000999000999000999
"REACTOME_TRNA_MODIFICATION_IN_THE_NUCLEUS_AND_CYTOSOL","lightgreen",0.576210474551054,"TierB","HCC",0.000999000999000999,0.305663781157933,0.000999000999000999
"REACTOME_RRNA_MODIFICATION_IN_THE_NUCLEUS_AND_CYTOSOL","lightgreen",0.561904944105433,"TierB","HCC",0.000999000999000999,0.305663781157933,0.000999000999000999
"REACTOME_TRNA_MODIFICATION_IN_THE_MITOCHONDRION","lightgreen",0.527920239659779,"TierB","HCC",0.000999000999000999,0.305663781157933,0.000999000999000999
"REACTOME_TRNA_PROCESSING_IN_THE_MITOCHONDRION","lightgreen",0.099679250397128,"TierB","HCC",1,0.305663781157933,0.000999000999000999
"REACTOME_CARBOXYTERMINAL_POST_TRANSLATIONAL_MODIFICATIONS_OF_TUBULIN","tan",-0.263095346692906,"TierC_v1","HCC",0.266733266733267,0.235014122654485,0.000999000999000999
"HALLMARK_MYC_TARGETS_V1","tan",0.441708331132342,"TierC_v1","HCC",0.000999000999000999,0.235014122654485,0.000999000999000999
"REACTOME_CYTOSOLIC_TRNA_AMINOACYLATION","tan",0.310334913631541,"TierC_v1","HCC",0.045954045954046,0.235014122654485,0.000999000999000999
"REACTOME_TRNA_AMINOACYLATION","tan",0.331005537755244,"TierC_v1","HCC",0.016983016983017,0.235014122654485,0.000999000999000999
"REACTOME_RIBOSOME_QUALITY_CONTROL_RQC_COMPLEX_EXTRACTS_AND_DEGRADES_NASCENT_PEPTIDE","tan",0.145094929186189,"TierC_v1","HCC",1,0.235014122654485,0.000999000999000999
"REACTOME_RIBOSOME_ASSOCIATED_QUALITY_CONTROL","tan",0.124900660503017,"TierC_v1","HCC",1,0.235014122654485,0.000999000999000999
"REACTOME_REGULATION_OF_PD_L1_CD274_POST_TRANSLATIONAL_MODIFICATION","tan",0.513999396720935,"TierC_v1","HCC",0.000999000999000999,0.235014122654485,0.000999000999000999
"REACTOME_DENGUE_VIRUS_GENOME_TRANSLATION_AND_REPLICATION","tan",0.513102032980827,"TierC_v1","HCC",0.000999000999000999,0.235014122654485,0.000999000999000999
"REACTOME_RESPIRATORY_SYNCYTIAL_VIRUS_RSV_GENOME_REPLICATION_TRANSCRIPTION_AND_TRANSLATION","tan",0.395756037553404,"TierC_v1","HCC",0.000999000999000999,0.235014122654485,0.000999000999000999
"HALLMARK_MYC_TARGETS_V2","tan",0.0525347509705973,"TierC_v1","HCC",1,0.235014122654485,0.000999000999000999
"REACTOME_EUKARYOTIC_TRANSLATION_ELONGATION","tan",-0.0843967110079036,"TierC_v1","HCC",1,0.235014122654485,0.000999000999000999
"REACTOME_SRP_DEPENDENT_COTRANSLATIONAL_PROTEIN_TARGETING_TO_MEMBRANE","tan",0.160317001380206,"TierC_v1","HCC",0.999000999000999,0.235014122654485,0.000999000999000999
"REACTOME_RRNA_PROCESSING","tan",-0.0749741616734081,"TierC_v1","HCC",1,0.235014122654485,0.000999000999000999
"REACTOME_SARS_COV_2_MODULATES_HOST_TRANSLATION_MACHINERY","tan",-0.149131312591338,"TierC_v1","HCC",0.999000999000999,0.235014122654485,0.000999000999000999
"REACTOME_REGULATION_OF_CDH1_POSTTRANSLATIONAL_PROCESSING_AND_TRAFFICKING_TO_PLASMA_MEMBRANE","tan",0.197584184523336,"TierC_v1","HCC",0.923076923076923,0.235014122654485,0.000999000999000999
"REACTOME_TRANSLATION_OF_SARS_COV_2_STRUCTURAL_PROTEINS","tan",0.355495937042625,"TierC_v1","HCC",0.00699300699300699,0.235014122654485,0.000999000999000999
"REACTOME_EUKARYOTIC_TRANSLATION_INITIATION","tan",0.137935667033646,"TierC_v1","HCC",1,0.235014122654485,0.000999000999000999
"REACTOME_TRANSLATION","tan",0.176292442497944,"TierC_v1","HCC",0.994005994005994,0.235014122654485,0.000999000999000999
"REACTOME_SARS_COV_1_MODULATES_HOST_TRANSLATION_MACHINERY","tan",-0.0445255725749255,"TierC_v1","HCC",1,0.235014122654485,0.000999000999000999
"HALLMARK_MTORC1_SIGNALING","tan",0.281983770385864,"TierC_v1","HCC",0.133866133866134,0.235014122654485,0.000999000999000999
"REACTOME_MITOCHONDRIAL_TRNA_AMINOACYLATION","tan",0.112207897662046,"TierC_v1","HCC",1,0.235014122654485,0.000999000999000999
"REACTOME_TRANSLATION_OF_REPLICASE_AND_ASSEMBLY_OF_THE_REPLICATION_TRANSCRIPTION_COMPLEX","tan",0.315518618873396,"TierC_v1","HCC",0.038961038961039,0.235014122654485,0.000999000999000999
"REACTOME_REGULATION_OF_CDH1_MRNA_TRANSLATION_BY_MICRORNAS","tan",0.219769593118332,"TierC_v1","HCC",0.761238761238761,0.235014122654485,0.000999000999000999
"REACTOME_POST_TRANSLATIONAL_MODIFICATION_SYNTHESIS_OF_GPI_ANCHORED_PROTEINS","tan",-0.622718826421066,"TierC_v1","HCC",0.000999000999000999,0.235014122654485,0.000999000999000999
"REACTOME_TRANSCRIPTIONAL_AND_POST_TRANSLATIONAL_REGULATION_OF_MITF_M_EXPRESSION_AND_ACTIVITY","tan",0.571038216744396,"TierC_v1","HCC",0.000999000999000999,0.235014122654485,0.000999000999000999
"REACTOME_REGULATION_OF_CDH11_MRNA_TRANSLATION_BY_MICRORNAS","tan",-0.0988276107882139,"TierC_v1","HCC",1,0.235014122654485,0.000999000999000999
"REACTOME_TRANSLATION_OF_SARS_COV_1_STRUCTURAL_PROTEINS","tan",0.404022338339114,"TierC_v1","HCC",0.000999000999000999,0.235014122654485,0.000999000999000999
"REACTOME_REGULATION_OF_PTEN_MRNA_TRANSLATION","tan",0.0256299749794369,"TierC_v1","HCC",1,0.235014122654485,0.000999000999000999
"REACTOME_MITOCHONDRIAL_TRANSLATION_ELONGATION","tan",-0.152277354988656,"TierC_v1","HCC",0.999000999000999,0.235014122654485,0.000999000999000999
"REACTOME_RRNA_PROCESSING_IN_THE_MITOCHONDRION","tan",-0.129844451746623,"TierC_v1","HCC",1,0.235014122654485,0.000999000999000999
"REACTOME_REGULATION_OF_NPAS4_MRNA_TRANSLATION","tan",-0.0988276107882139,"TierC_v1","HCC",1,0.235014122654485,0.000999000999000999
"REACTOME_MITOCHONDRIAL_TRANSLATION","tan",-0.137397507367979,"TierC_v1","HCC",1,0.235014122654485,0.000999000999000999
"REACTOME_REGULATION_OF_PD_L1_CD274_TRANSLATION","tan",-0.113217347942345,"TierC_v1","HCC",1,0.235014122654485,0.000999000999000999
"REACTOME_CARBOXYTERMINAL_POST_TRANSLATIONAL_MODIFICATIONS_OF_TUBULIN","black",-0.626203405540289,"TierC_v1","HCC",0.000999000999000999,0.32547183892586,0.000999000999000999
"HALLMARK_MYC_TARGETS_V1","black",0.250107261880696,"TierC_v1","HCC",0.408591408591409,0.32547183892586,0.000999000999000999
"REACTOME_CYTOSOLIC_TRNA_AMINOACYLATION","black",0.294388883576311,"TierC_v1","HCC",0.0929070929070929,0.32547183892586,0.000999000999000999
"REACTOME_TRNA_AMINOACYLATION","black",0.254053227722811,"TierC_v1","HCC",0.353646353646354,0.32547183892586,0.000999000999000999
"REACTOME_RIBOSOME_QUALITY_CONTROL_RQC_COMPLEX_EXTRACTS_AND_DEGRADES_NASCENT_PEPTIDE","black",-0.0586711513182816,"TierC_v1","HCC",1,0.32547183892586,0.000999000999000999
"REACTOME_RIBOSOME_ASSOCIATED_QUALITY_CONTROL","black",-0.0839991867220664,"TierC_v1","HCC",1,0.32547183892586,0.000999000999000999
"REACTOME_REGULATION_OF_PD_L1_CD274_POST_TRANSLATIONAL_MODIFICATION","black",0.586609588346158,"TierC_v1","HCC",0.000999000999000999,0.32547183892586,0.000999000999000999
"REACTOME_DENGUE_VIRUS_GENOME_TRANSLATION_AND_REPLICATION","black",0.522345697868585,"TierC_v1","HCC",0.000999000999000999,0.32547183892586,0.000999000999000999
"REACTOME_RESPIRATORY_SYNCYTIAL_VIRUS_RSV_GENOME_REPLICATION_TRANSCRIPTION_AND_TRANSLATION","black",0.346384298448047,"TierC_v1","HCC",0.00699300699300699,0.32547183892586,0.000999000999000999
"HALLMARK_MYC_TARGETS_V2","black",-0.404425402137336,"TierC_v1","HCC",0.000999000999000999,0.32547183892586,0.000999000999000999
"REACTOME_EUKARYOTIC_TRANSLATION_ELONGATION","black",-0.429562812414284,"TierC_v1","HCC",0.000999000999000999,0.32547183892586,0.000999000999000999
"REACTOME_SRP_DEPENDENT_COTRANSLATIONAL_PROTEIN_TARGETING_TO_MEMBRANE","black",-0.0627284793100552,"TierC_v1","HCC",1,0.32547183892586,0.000999000999000999
"REACTOME_RRNA_PROCESSING","black",-0.596932411344364,"TierC_v1","HCC",0.000999000999000999,0.32547183892586,0.000999000999000999
"REACTOME_SARS_COV_2_MODULATES_HOST_TRANSLATION_MACHINERY","black",-0.541835758546909,"TierC_v1","HCC",0.000999000999000999,0.32547183892586,0.000999000999000999
"REACTOME_REGULATION_OF_CDH1_POSTTRANSLATIONAL_PROCESSING_AND_TRAFFICKING_TO_PLASMA_MEMBRANE","black",0.244500274258138,"TierC_v1","HCC",0.465534465534466,0.32547183892586,0.000999000999000999
"REACTOME_TRANSLATION_OF_SARS_COV_2_STRUCTURAL_PROTEINS","black",0.459349521376195,"TierC_v1","HCC",0.000999000999000999,0.32547183892586,0.000999000999000999
"REACTOME_EUKARYOTIC_TRANSLATION_INITIATION","black",-0.234297739325526,"TierC_v1","HCC",0.595404595404595,0.32547183892586,0.000999000999000999
"REACTOME_TRANSLATION","black",0.0192846772243738,"TierC_v1","HCC",1,0.32547183892586,0.000999000999000999
"REACTOME_SARS_COV_1_MODULATES_HOST_TRANSLATION_MACHINERY","black",-0.346282375125834,"TierC_v1","HCC",0.00699300699300699,0.32547183892586,0.000999000999000999
"HALLMARK_MTORC1_SIGNALING","black",0.435866594154983,"TierC_v1","HCC",0.000999000999000999,0.32547183892586,0.000999000999000999
"REACTOME_MITOCHONDRIAL_TRNA_AMINOACYLATION","black",-0.0583373994341368,"TierC_v1","HCC",1,0.32547183892586,0.000999000999000999
"REACTOME_TRANSLATION_OF_REPLICASE_AND_ASSEMBLY_OF_THE_REPLICATION_TRANSCRIPTION_COMPLEX","black",0.544867360004984,"TierC_v1","HCC",0.000999000999000999,0.32547183892586,0.000999000999000999
"REACTOME_REGULATION_OF_CDH1_MRNA_TRANSLATION_BY_MICRORNAS","black",-0.0951040149329781,"TierC_v1","HCC",1,0.32547183892586,0.000999000999000999
"REACTOME_POST_TRANSLATIONAL_MODIFICATION_SYNTHESIS_OF_GPI_ANCHORED_PROTEINS","black",-0.570100349026862,"TierC_v1","HCC",0.000999000999000999,0.32547183892586,0.000999000999000999
"REACTOME_TRANSCRIPTIONAL_AND_POST_TRANSLATIONAL_REGULATION_OF_MITF_M_EXPRESSION_AND_ACTIVITY","black",0.336599361580011,"TierC_v1","HCC",0.010989010989011,0.32547183892586,0.000999000999000999
"REACTOME_REGULATION_OF_CDH11_MRNA_TRANSLATION_BY_MICRORNAS","black",-0.281991356817616,"TierC_v1","HCC",0.133866133866134,0.32547183892586,0.000999000999000999
"REACTOME_TRANSLATION_OF_SARS_COV_1_STRUCTURAL_PROTEINS","black",0.499664894633384,"TierC_v1","HCC",0.000999000999000999,0.32547183892586,0.000999000999000999
"REACTOME_REGULATION_OF_PTEN_MRNA_TRANSLATION","black",-0.126333725758524,"TierC_v1","HCC",1,0.32547183892586,0.000999000999000999
"REACTOME_MITOCHONDRIAL_TRANSLATION_ELONGATION","black",-0.281326685293712,"TierC_v1","HCC",0.13986013986014,0.32547183892586,0.000999000999000999
"REACTOME_RRNA_PROCESSING_IN_THE_MITOCHONDRION","black",-0.321171698552615,"TierC_v1","HCC",0.028971028971029,0.32547183892586,0.000999000999000999
"REACTOME_REGULATION_OF_NPAS4_MRNA_TRANSLATION","black",-0.281991356817616,"TierC_v1","HCC",0.133866133866134,0.32547183892586,0.000999000999000999
"REACTOME_MITOCHONDRIAL_TRANSLATION","black",-0.24164598040121,"TierC_v1","HCC",0.507492507492508,0.32547183892586,0.000999000999000999
"REACTOME_REGULATION_OF_PD_L1_CD274_TRANSLATION","black",-0.303607754658488,"TierC_v1","HCC",0.0599400599400599,0.32547183892586,0.000999000999000999
"REACTOME_CARBOXYTERMINAL_POST_TRANSLATIONAL_MODIFICATIONS_OF_TUBULIN","royalblue",-0.433942896898678,"TierC_v1","HCC",0.000999000999000999,0.291175737900385,0.000999000999000999
"HALLMARK_MYC_TARGETS_V1","royalblue",0.398676213389398,"TierC_v1","HCC",0.000999000999000999,0.291175737900385,0.000999000999000999
"REACTOME_CYTOSOLIC_TRNA_AMINOACYLATION","royalblue",0.289210489717548,"TierC_v1","HCC",0.108891108891109,0.291175737900385,0.000999000999000999
"REACTOME_TRNA_AMINOACYLATION","royalblue",0.239956831540018,"TierC_v1","HCC",0.527472527472527,0.291175737900385,0.000999000999000999
"REACTOME_RIBOSOME_QUALITY_CONTROL_RQC_COMPLEX_EXTRACTS_AND_DEGRADES_NASCENT_PEPTIDE","royalblue",-0.166886160165434,"TierC_v1","HCC",0.998001998001998,0.291175737900385,0.000999000999000999
"REACTOME_RIBOSOME_ASSOCIATED_QUALITY_CONTROL","royalblue",-0.147338910657546,"TierC_v1","HCC",0.999000999000999,0.291175737900385,0.000999000999000999
"REACTOME_REGULATION_OF_PD_L1_CD274_POST_TRANSLATIONAL_MODIFICATION","royalblue",0.474055315791089,"TierC_v1","HCC",0.000999000999000999,0.291175737900385,0.000999000999000999
"REACTOME_DENGUE_VIRUS_GENOME_TRANSLATION_AND_REPLICATION","royalblue",0.514801406069365,"TierC_v1","HCC",0.000999000999000999,0.291175737900385,0.000999000999000999
"REACTOME_RESPIRATORY_SYNCYTIAL_VIRUS_RSV_GENOME_REPLICATION_TRANSCRIPTION_AND_TRANSLATION","royalblue",0.476744813914265,"TierC_v1","HCC",0.000999000999000999,0.291175737900385,0.000999000999000999
"HALLMARK_MYC_TARGETS_V2","royalblue",-0.301314468390431,"TierC_v1","HCC",0.0659340659340659,0.291175737900385,0.000999000999000999
"REACTOME_EUKARYOTIC_TRANSLATION_ELONGATION","royalblue",-0.286850618883958,"TierC_v1","HCC",0.115884115884116,0.291175737900385,0.000999000999000999
"REACTOME_SRP_DEPENDENT_COTRANSLATIONAL_PROTEIN_TARGETING_TO_MEMBRANE","royalblue",0.0565271536156399,"TierC_v1","HCC",1,0.291175737900385,0.000999000999000999
"REACTOME_RRNA_PROCESSING","royalblue",-0.467231023654862,"TierC_v1","HCC",0.000999000999000999,0.291175737900385,0.000999000999000999
"REACTOME_SARS_COV_2_MODULATES_HOST_TRANSLATION_MACHINERY","royalblue",-0.337550641503341,"TierC_v1","HCC",0.010989010989011,0.291175737900385,0.000999000999000999
"REACTOME_REGULATION_OF_CDH1_POSTTRANSLATIONAL_PROCESSING_AND_TRAFFICKING_TO_PLASMA_MEMBRANE","royalblue",0.336602442077133,"TierC_v1","HCC",0.010989010989011,0.291175737900385,0.000999000999000999
"REACTOME_TRANSLATION_OF_SARS_COV_2_STRUCTURAL_PROTEINS","royalblue",0.378373261107705,"TierC_v1","HCC",0.000999000999000999,0.291175737900385,0.000999000999000999
"REACTOME_EUKARYOTIC_TRANSLATION_INITIATION","royalblue",-0.0247601770177451,"TierC_v1","HCC",1,0.291175737900385,0.000999000999000999
"REACTOME_TRANSLATION","royalblue",-0.101733807762266,"TierC_v1","HCC",1,0.291175737900385,0.000999000999000999
"REACTOME_SARS_COV_1_MODULATES_HOST_TRANSLATION_MACHINERY","royalblue",-0.219934136239833,"TierC_v1","HCC",0.76023976023976,0.291175737900385,0.000999000999000999
"HALLMARK_MTORC1_SIGNALING","royalblue",0.461619290229692,"TierC_v1","HCC",0.000999000999000999,0.291175737900385,0.000999000999000999
"REACTOME_MITOCHONDRIAL_TRNA_AMINOACYLATION","royalblue",-0.0790167765438785,"TierC_v1","HCC",1,0.291175737900385,0.000999000999000999
"REACTOME_TRANSLATION_OF_REPLICASE_AND_ASSEMBLY_OF_THE_REPLICATION_TRANSCRIPTION_COMPLEX","royalblue",0.371086448958594,"TierC_v1","HCC",0.001998001998002,0.291175737900385,0.000999000999000999
"REACTOME_REGULATION_OF_CDH1_MRNA_TRANSLATION_BY_MICRORNAS","royalblue",-0.0391325984395324,"TierC_v1","HCC",1,0.291175737900385,0.000999000999000999
"REACTOME_POST_TRANSLATIONAL_MODIFICATION_SYNTHESIS_OF_GPI_ANCHORED_PROTEINS","royalblue",-0.530634429719245,"TierC_v1","HCC",0.000999000999000999,0.291175737900385,0.000999000999000999
"REACTOME_TRANSCRIPTIONAL_AND_POST_TRANSLATIONAL_REGULATION_OF_MITF_M_EXPRESSION_AND_ACTIVITY","royalblue",0.449075440693237,"TierC_v1","HCC",0.000999000999000999,0.291175737900385,0.000999000999000999
"REACTOME_REGULATION_OF_CDH11_MRNA_TRANSLATION_BY_MICRORNAS","royalblue",-0.162741471493856,"TierC_v1","HCC",0.998001998001998,0.291175737900385,0.000999000999000999
"REACTOME_TRANSLATION_OF_SARS_COV_1_STRUCTURAL_PROTEINS","royalblue",0.163694948497992,"TierC_v1","HCC",0.998001998001998,0.291175737900385,0.000999000999000999
"REACTOME_REGULATION_OF_PTEN_MRNA_TRANSLATION","royalblue",0.00983350505628032,"TierC_v1","HCC",1,0.291175737900385,0.000999000999000999
"REACTOME_MITOCHONDRIAL_TRANSLATION_ELONGATION","royalblue",-0.463496981502532,"TierC_v1","HCC",0.000999000999000999,0.291175737900385,0.000999000999000999
"REACTOME_RRNA_PROCESSING_IN_THE_MITOCHONDRION","royalblue",-0.453996650177549,"TierC_v1","HCC",0.000999000999000999,0.291175737900385,0.000999000999000999
"REACTOME_REGULATION_OF_NPAS4_MRNA_TRANSLATION","royalblue",-0.162741471493856,"TierC_v1","HCC",0.998001998001998,0.291175737900385,0.000999000999000999
"REACTOME_MITOCHONDRIAL_TRANSLATION","royalblue",-0.437815291611973,"TierC_v1","HCC",0.000999000999000999,0.291175737900385,0.000999000999000999
"REACTOME_REGULATION_OF_PD_L1_CD274_TRANSLATION","royalblue",-0.17142327789825,"TierC_v1","HCC",0.995004995004995,0.291175737900385,0.000999000999000999
"REACTOME_CARBOXYTERMINAL_POST_TRANSLATIONAL_MODIFICATIONS_OF_TUBULIN","lightyellow",-0.341925185200823,"TierC_v1","HCC",0.00999000999000999,0.276834307138964,0.000999000999000999
"HALLMARK_MYC_TARGETS_V1","lightyellow",0.380781584312897,"TierC_v1","HCC",0.000999000999000999,0.276834307138964,0.000999000999000999
"REACTOME_CYTOSOLIC_TRNA_AMINOACYLATION","lightyellow",0.474858968946897,"TierC_v1","HCC",0.000999000999000999,0.276834307138964,0.000999000999000999
"REACTOME_TRNA_AMINOACYLATION","lightyellow",0.437401133519668,"TierC_v1","HCC",0.000999000999000999,0.276834307138964,0.000999000999000999
"REACTOME_RIBOSOME_QUALITY_CONTROL_RQC_COMPLEX_EXTRACTS_AND_DEGRADES_NASCENT_PEPTIDE","lightyellow",-0.0223316170159538,"TierC_v1","HCC",1,0.276834307138964,0.000999000999000999
"REACTOME_RIBOSOME_ASSOCIATED_QUALITY_CONTROL","lightyellow",0.00899708311243279,"TierC_v1","HCC",1,0.276834307138964,0.000999000999000999
"REACTOME_REGULATION_OF_PD_L1_CD274_POST_TRANSLATIONAL_MODIFICATION","lightyellow",0.482009244128427,"TierC_v1","HCC",0.000999000999000999,0.276834307138964,0.000999000999000999
"REACTOME_DENGUE_VIRUS_GENOME_TRANSLATION_AND_REPLICATION","lightyellow",0.480837904277342,"TierC_v1","HCC",0.000999000999000999,0.276834307138964,0.000999000999000999
"REACTOME_RESPIRATORY_SYNCYTIAL_VIRUS_RSV_GENOME_REPLICATION_TRANSCRIPTION_AND_TRANSLATION","lightyellow",0.335756184358201,"TierC_v1","HCC",0.010989010989011,0.276834307138964,0.000999000999000999
"HALLMARK_MYC_TARGETS_V2","lightyellow",-0.0568538124662789,"TierC_v1","HCC",1,0.276834307138964,0.000999000999000999
"REACTOME_EUKARYOTIC_TRANSLATION_ELONGATION","lightyellow",-0.107381162692837,"TierC_v1","HCC",1,0.276834307138964,0.000999000999000999
"REACTOME_SRP_DEPENDENT_COTRANSLATIONAL_PROTEIN_TARGETING_TO_MEMBRANE","lightyellow",0.164907785159356,"TierC_v1","HCC",0.998001998001998,0.276834307138964,0.000999000999000999
"REACTOME_RRNA_PROCESSING","lightyellow",-0.326457454153942,"TierC_v1","HCC",0.021978021978022,0.276834307138964,0.000999000999000999
"REACTOME_SARS_COV_2_MODULATES_HOST_TRANSLATION_MACHINERY","lightyellow",-0.180895228260878,"TierC_v1","HCC",0.986013986013986,0.276834307138964,0.000999000999000999
"REACTOME_REGULATION_OF_CDH1_POSTTRANSLATIONAL_PROCESSING_AND_TRAFFICKING_TO_PLASMA_MEMBRANE","lightyellow",0.303607695750306,"TierC_v1","HCC",0.0599400599400599,0.276834307138964,0.000999000999000999
"REACTOME_TRANSLATION_OF_SARS_COV_2_STRUCTURAL_PROTEINS","lightyellow",0.362302976247535,"TierC_v1","HCC",0.002997002997003,0.276834307138964,0.000999000999000999
"REACTOME_EUKARYOTIC_TRANSLATION_INITIATION","lightyellow",0.0642297134680974,"TierC_v1","HCC",1,0.276834307138964,0.000999000999000999
"REACTOME_TRANSLATION","lightyellow",0.146255817467076,"TierC_v1","HCC",0.999000999000999,0.276834307138964,0.000999000999000999
"REACTOME_SARS_COV_1_MODULATES_HOST_TRANSLATION_MACHINERY","lightyellow",-0.0431198859506325,"TierC_v1","HCC",1,0.276834307138964,0.000999000999000999
"HALLMARK_MTORC1_SIGNALING","lightyellow",0.447062855706504,"TierC_v1","HCC",0.000999000999000999,0.276834307138964,0.000999000999000999
"REACTOME_MITOCHONDRIAL_TRNA_AMINOACYLATION","lightyellow",0.036840428797307,"TierC_v1","HCC",1,0.276834307138964,0.000999000999000999
"REACTOME_TRANSLATION_OF_REPLICASE_AND_ASSEMBLY_OF_THE_REPLICATION_TRANSCRIPTION_COMPLEX","lightyellow",0.456297057454732,"TierC_v1","HCC",0.000999000999000999,0.276834307138964,0.000999000999000999
"REACTOME_REGULATION_OF_CDH1_MRNA_TRANSLATION_BY_MICRORNAS","lightyellow",-0.16795768282682,"TierC_v1","HCC",0.998001998001998,0.276834307138964,0.000999000999000999
"REACTOME_POST_TRANSLATIONAL_MODIFICATION_SYNTHESIS_OF_GPI_ANCHORED_PROTEINS","lightyellow",-0.501633846339125,"TierC_v1","HCC",0.000999000999000999,0.276834307138964,0.000999000999000999
"REACTOME_TRANSCRIPTIONAL_AND_POST_TRANSLATIONAL_REGULATION_OF_MITF_M_EXPRESSION_AND_ACTIVITY","lightyellow",0.443102355406434,"TierC_v1","HCC",0.000999000999000999,0.276834307138964,0.000999000999000999
"REACTOME_REGULATION_OF_CDH11_MRNA_TRANSLATION_BY_MICRORNAS","lightyellow",-0.428392264529012,"TierC_v1","HCC",0.000999000999000999,0.276834307138964,0.000999000999000999
"REACTOME_TRANSLATION_OF_SARS_COV_1_STRUCTURAL_PROTEINS","lightyellow",0.326829951402706,"TierC_v1","HCC",0.021978021978022,0.276834307138964,0.000999000999000999
"REACTOME_REGULATION_OF_PTEN_MRNA_TRANSLATION","lightyellow",-0.320842356763797,"TierC_v1","HCC",0.028971028971029,0.276834307138964,0.000999000999000999
"REACTOME_MITOCHONDRIAL_TRANSLATION_ELONGATION","lightyellow",-0.176785554762731,"TierC_v1","HCC",0.994005994005994,0.276834307138964,0.000999000999000999
"REACTOME_RRNA_PROCESSING_IN_THE_MITOCHONDRION","lightyellow",-0.0956976903904553,"TierC_v1","HCC",1,0.276834307138964,0.000999000999000999
"REACTOME_REGULATION_OF_NPAS4_MRNA_TRANSLATION","lightyellow",-0.428392264529012,"TierC_v1","HCC",0.000999000999000999,0.276834307138964,0.000999000999000999
"REACTOME_MITOCHONDRIAL_TRANSLATION","lightyellow",-0.148763709524557,"TierC_v1","HCC",0.999000999000999,0.276834307138964,0.000999000999000999
"REACTOME_REGULATION_OF_PD_L1_CD274_TRANSLATION","lightyellow",-0.436023680663051,"TierC_v1","HCC",0.000999000999000999,0.276834307138964,0.000999000999000999
"REACTOME_CARBOXYTERMINAL_POST_TRANSLATIONAL_MODIFICATIONS_OF_TUBULIN","salmon",-0.367009727046704,"TierC_v1","HCC",0.001998001998002,0.318531263391608,0.000999000999000999
"HALLMARK_MYC_TARGETS_V1","salmon",0.61784273114085,"TierC_v1","HCC",0.000999000999000999,0.318531263391608,0.000999000999000999
"REACTOME_CYTOSOLIC_TRNA_AMINOACYLATION","salmon",0.494537640525637,"TierC_v1","HCC",0.000999000999000999,0.318531263391608,0.000999000999000999
"REACTOME_TRNA_AMINOACYLATION","salmon",0.500724317446671,"TierC_v1","HCC",0.000999000999000999,0.318531263391608,0.000999000999000999
"REACTOME_RIBOSOME_QUALITY_CONTROL_RQC_COMPLEX_EXTRACTS_AND_DEGRADES_NASCENT_PEPTIDE","salmon",-0.0937886415058304,"TierC_v1","HCC",1,0.318531263391608,0.000999000999000999
"REACTOME_RIBOSOME_ASSOCIATED_QUALITY_CONTROL","salmon",-0.0961981241974674,"TierC_v1","HCC",1,0.318531263391608,0.000999000999000999
"REACTOME_REGULATION_OF_PD_L1_CD274_POST_TRANSLATIONAL_MODIFICATION","salmon",0.558665664849825,"TierC_v1","HCC",0.000999000999000999,0.318531263391608,0.000999000999000999
"REACTOME_DENGUE_VIRUS_GENOME_TRANSLATION_AND_REPLICATION","salmon",0.678552322335019,"TierC_v1","HCC",0.000999000999000999,0.318531263391608,0.000999000999000999
"REACTOME_RESPIRATORY_SYNCYTIAL_VIRUS_RSV_GENOME_REPLICATION_TRANSCRIPTION_AND_TRANSLATION","salmon",0.631139833333514,"TierC_v1","HCC",0.000999000999000999,0.318531263391608,0.000999000999000999
"HALLMARK_MYC_TARGETS_V2","salmon",0.0393112593902085,"TierC_v1","HCC",1,0.318531263391608,0.000999000999000999
"REACTOME_EUKARYOTIC_TRANSLATION_ELONGATION","salmon",-0.289064625770446,"TierC_v1","HCC",0.108891108891109,0.318531263391608,0.000999000999000999
"REACTOME_SRP_DEPENDENT_COTRANSLATIONAL_PROTEIN_TARGETING_TO_MEMBRANE","salmon",0.0877430944796988,"TierC_v1","HCC",1,0.318531263391608,0.000999000999000999
"REACTOME_RRNA_PROCESSING","salmon",-0.26773483161419,"TierC_v1","HCC",0.231768231768232,0.318531263391608,0.000999000999000999
"REACTOME_SARS_COV_2_MODULATES_HOST_TRANSLATION_MACHINERY","salmon",-0.276065259177459,"TierC_v1","HCC",0.17982017982018,0.318531263391608,0.000999000999000999
"REACTOME_REGULATION_OF_CDH1_POSTTRANSLATIONAL_PROCESSING_AND_TRAFFICKING_TO_PLASMA_MEMBRANE","salmon",0.357038346174693,"TierC_v1","HCC",0.00699300699300699,0.318531263391608,0.000999000999000999
"REACTOME_TRANSLATION_OF_SARS_COV_2_STRUCTURAL_PROTEINS","salmon",0.455434738222842,"TierC_v1","HCC",0.000999000999000999,0.318531263391608,0.000999000999000999
"REACTOME_EUKARYOTIC_TRANSLATION_INITIATION","salmon",0.0378396372245363,"TierC_v1","HCC",1,0.318531263391608,0.000999000999000999
"REACTOME_TRANSLATION","salmon",0.0549171682286483,"TierC_v1","HCC",1,0.318531263391608,0.000999000999000999
"REACTOME_SARS_COV_1_MODULATES_HOST_TRANSLATION_MACHINERY","salmon",-0.216627615610505,"TierC_v1","HCC",0.792207792207792,0.318531263391608,0.000999000999000999
"HALLMARK_MTORC1_SIGNALING","salmon",0.551745615887471,"TierC_v1","HCC",0.000999000999000999,0.318531263391608,0.000999000999000999
"REACTOME_MITOCHONDRIAL_TRNA_AMINOACYLATION","salmon",0.105458871954718,"TierC_v1","HCC",1,0.318531263391608,0.000999000999000999
"REACTOME_TRANSLATION_OF_REPLICASE_AND_ASSEMBLY_OF_THE_REPLICATION_TRANSCRIPTION_COMPLEX","salmon",0.534720351518156,"TierC_v1","HCC",0.000999000999000999,0.318531263391608,0.000999000999000999
"REACTOME_REGULATION_OF_CDH1_MRNA_TRANSLATION_BY_MICRORNAS","salmon",0.173579757966092,"TierC_v1","HCC",0.995004995004995,0.318531263391608,0.000999000999000999
"REACTOME_POST_TRANSLATIONAL_MODIFICATION_SYNTHESIS_OF_GPI_ANCHORED_PROTEINS","salmon",-0.679154417773652,"TierC_v1","HCC",0.000999000999000999,0.318531263391608,0.000999000999000999
"REACTOME_TRANSCRIPTIONAL_AND_POST_TRANSLATIONAL_REGULATION_OF_MITF_M_EXPRESSION_AND_ACTIVITY","salmon",0.665696238503606,"TierC_v1","HCC",0.000999000999000999,0.318531263391608,0.000999000999000999
"REACTOME_REGULATION_OF_CDH11_MRNA_TRANSLATION_BY_MICRORNAS","salmon",-0.0925208018611409,"TierC_v1","HCC",1,0.318531263391608,0.000999000999000999
"REACTOME_TRANSLATION_OF_SARS_COV_1_STRUCTURAL_PROTEINS","salmon",0.256848056390125,"TierC_v1","HCC",0.324675324675325,0.318531263391608,0.000999000999000999
"REACTOME_REGULATION_OF_PTEN_MRNA_TRANSLATION","salmon",0.0292294225497818,"TierC_v1","HCC",1,0.318531263391608,0.000999000999000999
"REACTOME_MITOCHONDRIAL_TRANSLATION_ELONGATION","salmon",-0.354696116760603,"TierC_v1","HCC",0.00699300699300699,0.318531263391608,0.000999000999000999
"REACTOME_RRNA_PROCESSING_IN_THE_MITOCHONDRION","salmon",-0.40968647848202,"TierC_v1","HCC",0.000999000999000999,0.318531263391608,0.000999000999000999
"REACTOME_REGULATION_OF_NPAS4_MRNA_TRANSLATION","salmon",-0.0925208018611409,"TierC_v1","HCC",1,0.318531263391608,0.000999000999000999
"REACTOME_MITOCHONDRIAL_TRANSLATION","salmon",-0.342702720078197,"TierC_v1","HCC",0.00999000999000999,0.318531263391608,0.000999000999000999
"REACTOME_REGULATION_OF_PD_L1_CD274_TRANSLATION","salmon",-0.102736462061624,"TierC_v1","HCC",1,0.318531263391608,0.000999000999000999
"REACTOME_CARBOXYTERMINAL_POST_TRANSLATIONAL_MODIFICATIONS_OF_TUBULIN","turquoise",-0.455231334518327,"TierC_v1","HCC",0.000999000999000999,0.435970691584351,0.000999000999000999
"HALLMARK_MYC_TARGETS_V1","turquoise",0.809210191668992,"TierC_v1","HCC",0.000999000999000999,0.435970691584351,0.000999000999000999
"REACTOME_CYTOSOLIC_TRNA_AMINOACYLATION","turquoise",0.663806600308957,"TierC_v1","HCC",0.000999000999000999,0.435970691584351,0.000999000999000999
"REACTOME_TRNA_AMINOACYLATION","turquoise",0.471969098874466,"TierC_v1","HCC",0.000999000999000999,0.435970691584351,0.000999000999000999
"REACTOME_RIBOSOME_QUALITY_CONTROL_RQC_COMPLEX_EXTRACTS_AND_DEGRADES_NASCENT_PEPTIDE","turquoise",-0.0599262487535933,"TierC_v1","HCC",1,0.435970691584351,0.000999000999000999
"REACTOME_RIBOSOME_ASSOCIATED_QUALITY_CONTROL","turquoise",-0.027280576294825,"TierC_v1","HCC",1,0.435970691584351,0.000999000999000999
"REACTOME_REGULATION_OF_PD_L1_CD274_POST_TRANSLATIONAL_MODIFICATION","turquoise",0.774048386472084,"TierC_v1","HCC",0.000999000999000999,0.435970691584351,0.000999000999000999
"REACTOME_DENGUE_VIRUS_GENOME_TRANSLATION_AND_REPLICATION","turquoise",0.911758343721668,"TierC_v1","HCC",0.000999000999000999,0.435970691584351,0.000999000999000999
"REACTOME_RESPIRATORY_SYNCYTIAL_VIRUS_RSV_GENOME_REPLICATION_TRANSCRIPTION_AND_TRANSLATION","turquoise",0.777319787114611,"TierC_v1","HCC",0.000999000999000999,0.435970691584351,0.000999000999000999
"HALLMARK_MYC_TARGETS_V2","turquoise",-0.159836175406427,"TierC_v1","HCC",0.999000999000999,0.435970691584351,0.000999000999000999
"REACTOME_EUKARYOTIC_TRANSLATION_ELONGATION","turquoise",-0.425583561169021,"TierC_v1","HCC",0.000999000999000999,0.435970691584351,0.000999000999000999
"REACTOME_SRP_DEPENDENT_COTRANSLATIONAL_PROTEIN_TARGETING_TO_MEMBRANE","turquoise",0.132437583802516,"TierC_v1","HCC",1,0.435970691584351,0.000999000999000999
"REACTOME_RRNA_PROCESSING","turquoise",-0.534604613782499,"TierC_v1","HCC",0.000999000999000999,0.435970691584351,0.000999000999000999
"REACTOME_SARS_COV_2_MODULATES_HOST_TRANSLATION_MACHINERY","turquoise",-0.407283819851974,"TierC_v1","HCC",0.000999000999000999,0.435970691584351,0.000999000999000999
"REACTOME_REGULATION_OF_CDH1_POSTTRANSLATIONAL_PROCESSING_AND_TRAFFICKING_TO_PLASMA_MEMBRANE","turquoise",0.361139508113971,"TierC_v1","HCC",0.003996003996004,0.435970691584351,0.000999000999000999
"REACTOME_TRANSLATION_OF_SARS_COV_2_STRUCTURAL_PROTEINS","turquoise",0.754965632051963,"TierC_v1","HCC",0.000999000999000999,0.435970691584351,0.000999000999000999
"REACTOME_EUKARYOTIC_TRANSLATION_INITIATION","turquoise",0.0111082740117371,"TierC_v1","HCC",1,0.435970691584351,0.000999000999000999
"REACTOME_TRANSLATION","turquoise",0.00695053131940394,"TierC_v1","HCC",1,0.435970691584351,0.000999000999000999
"REACTOME_SARS_COV_1_MODULATES_HOST_TRANSLATION_MACHINERY","turquoise",-0.271026575684066,"TierC_v1","HCC",0.213786213786214,0.435970691584351,0.000999000999000999
"HALLMARK_MTORC1_SIGNALING","turquoise",0.858521244023455,"TierC_v1","HCC",0.000999000999000999,0.435970691584351,0.000999000999000999
"REACTOME_MITOCHONDRIAL_TRNA_AMINOACYLATION","turquoise",-0.260375375545303,"TierC_v1","HCC",0.287712287712288,0.435970691584351,0.000999000999000999
"REACTOME_TRANSLATION_OF_REPLICASE_AND_ASSEMBLY_OF_THE_REPLICATION_TRANSCRIPTION_COMPLEX","turquoise",0.704760617930726,"TierC_v1","HCC",0.000999000999000999,0.435970691584351,0.000999000999000999
"REACTOME_REGULATION_OF_CDH1_MRNA_TRANSLATION_BY_MICRORNAS","turquoise",0.161444369185249,"TierC_v1","HCC",0.998001998001998,0.435970691584351,0.000999000999000999
"REACTOME_POST_TRANSLATIONAL_MODIFICATION_SYNTHESIS_OF_GPI_ANCHORED_PROTEINS","turquoise",-0.847268559331835,"TierC_v1","HCC",0.000999000999000999,0.435970691584351,0.000999000999000999
"REACTOME_TRANSCRIPTIONAL_AND_POST_TRANSLATIONAL_REGULATION_OF_MITF_M_EXPRESSION_AND_ACTIVITY","turquoise",0.813857968445653,"TierC_v1","HCC",0.000999000999000999,0.435970691584351,0.000999000999000999
"REACTOME_REGULATION_OF_CDH11_MRNA_TRANSLATION_BY_MICRORNAS","turquoise",-0.125343353773236,"TierC_v1","HCC",1,0.435970691584351,0.000999000999000999
"REACTOME_TRANSLATION_OF_SARS_COV_1_STRUCTURAL_PROTEINS","turquoise",0.445519971377369,"TierC_v1","HCC",0.000999000999000999,0.435970691584351,0.000999000999000999
"REACTOME_REGULATION_OF_PTEN_MRNA_TRANSLATION","turquoise",0.0803399974896372,"TierC_v1","HCC",1,0.435970691584351,0.000999000999000999
"REACTOME_MITOCHONDRIAL_TRANSLATION_ELONGATION","turquoise",-0.585152461458774,"TierC_v1","HCC",0.000999000999000999,0.435970691584351,0.000999000999000999
"REACTOME_RRNA_PROCESSING_IN_THE_MITOCHONDRION","turquoise",-0.670294805029921,"TierC_v1","HCC",0.000999000999000999,0.435970691584351,0.000999000999000999
"REACTOME_REGULATION_OF_NPAS4_MRNA_TRANSLATION","turquoise",-0.125343353773236,"TierC_v1","HCC",1,0.435970691584351,0.000999000999000999
"REACTOME_MITOCHONDRIAL_TRANSLATION","turquoise",-0.557761517490749,"TierC_v1","HCC",0.000999000999000999,0.435970691584351,0.000999000999000999
"REACTOME_REGULATION_OF_PD_L1_CD274_TRANSLATION","turquoise",-0.135562384507344,"TierC_v1","HCC",1,0.435970691584351,0.000999000999000999
"REACTOME_CARBOXYTERMINAL_POST_TRANSLATIONAL_MODIFICATIONS_OF_TUBULIN","brown",-0.25156795874377,"TierC_v1","HCC",0.385614385614386,0.423776268546573,0.000999000999000999
"HALLMARK_MYC_TARGETS_V1","brown",0.732597234422054,"TierC_v1","HCC",0.000999000999000999,0.423776268546573,0.000999000999000999
"REACTOME_CYTOSOLIC_TRNA_AMINOACYLATION","brown",0.653990696097711,"TierC_v1","HCC",0.000999000999000999,0.423776268546573,0.000999000999000999
"REACTOME_TRNA_AMINOACYLATION","brown",0.539074321831951,"TierC_v1","HCC",0.000999000999000999,0.423776268546573,0.000999000999000999
"REACTOME_RIBOSOME_QUALITY_CONTROL_RQC_COMPLEX_EXTRACTS_AND_DEGRADES_NASCENT_PEPTIDE","brown",0.468105932351118,"TierC_v1","HCC",0.000999000999000999,0.423776268546573,0.000999000999000999
"REACTOME_RIBOSOME_ASSOCIATED_QUALITY_CONTROL","brown",0.462122527433683,"TierC_v1","HCC",0.000999000999000999,0.423776268546573,0.000999000999000999
"REACTOME_REGULATION_OF_PD_L1_CD274_POST_TRANSLATIONAL_MODIFICATION","brown",0.830345199860087,"TierC_v1","HCC",0.000999000999000999,0.423776268546573,0.000999000999000999
"REACTOME_DENGUE_VIRUS_GENOME_TRANSLATION_AND_REPLICATION","brown",0.756981104755004,"TierC_v1","HCC",0.000999000999000999,0.423776268546573,0.000999000999000999
"REACTOME_RESPIRATORY_SYNCYTIAL_VIRUS_RSV_GENOME_REPLICATION_TRANSCRIPTION_AND_TRANSLATION","brown",0.669340016904478,"TierC_v1","HCC",0.000999000999000999,0.423776268546573,0.000999000999000999
"HALLMARK_MYC_TARGETS_V2","brown",0.176932019865194,"TierC_v1","HCC",0.994005994005994,0.423776268546573,0.000999000999000999
"REACTOME_EUKARYOTIC_TRANSLATION_ELONGATION","brown",0.055793349579627,"TierC_v1","HCC",1,0.423776268546573,0.000999000999000999
"REACTOME_SRP_DEPENDENT_COTRANSLATIONAL_PROTEIN_TARGETING_TO_MEMBRANE","brown",0.52406528185912,"TierC_v1","HCC",0.000999000999000999,0.423776268546573,0.000999000999000999
"REACTOME_RRNA_PROCESSING","brown",-0.187570950403737,"TierC_v1","HCC",0.969030969030969,0.423776268546573,0.000999000999000999
"REACTOME_SARS_COV_2_MODULATES_HOST_TRANSLATION_MACHINERY","brown",0.0692477184181876,"TierC_v1","HCC",1,0.423776268546573,0.000999000999000999
"REACTOME_REGULATION_OF_CDH1_POSTTRANSLATIONAL_PROCESSING_AND_TRAFFICKING_TO_PLASMA_MEMBRANE","brown",0.514603866683632,"TierC_v1","HCC",0.000999000999000999,0.423776268546573,0.000999000999000999
"REACTOME_TRANSLATION_OF_SARS_COV_2_STRUCTURAL_PROTEINS","brown",0.633148577316759,"TierC_v1","HCC",0.000999000999000999,0.423776268546573,0.000999000999000999
"REACTOME_EUKARYOTIC_TRANSLATION_INITIATION","brown",0.378311732971931,"TierC_v1","HCC",0.000999000999000999,0.423776268546573,0.000999000999000999
"REACTOME_TRANSLATION","brown",0.576697749853935,"TierC_v1","HCC",0.000999000999000999,0.423776268546573,0.000999000999000999
"REACTOME_SARS_COV_1_MODULATES_HOST_TRANSLATION_MACHINERY","brown",0.136007565608379,"TierC_v1","HCC",1,0.423776268546573,0.000999000999000999
"HALLMARK_MTORC1_SIGNALING","brown",0.703491220207656,"TierC_v1","HCC",0.000999000999000999,0.423776268546573,0.000999000999000999
"REACTOME_MITOCHONDRIAL_TRNA_AMINOACYLATION","brown",-0.0342424212201785,"TierC_v1","HCC",1,0.423776268546573,0.000999000999000999
"REACTOME_TRANSLATION_OF_REPLICASE_AND_ASSEMBLY_OF_THE_REPLICATION_TRANSCRIPTION_COMPLEX","brown",0.62482238766026,"TierC_v1","HCC",0.000999000999000999,0.423776268546573,0.000999000999000999
"REACTOME_REGULATION_OF_CDH1_MRNA_TRANSLATION_BY_MICRORNAS","brown",-0.249557066684536,"TierC_v1","HCC",0.411588411588412,0.423776268546573,0.000999000999000999
"REACTOME_POST_TRANSLATIONAL_MODIFICATION_SYNTHESIS_OF_GPI_ANCHORED_PROTEINS","brown",-0.534794763358644,"TierC_v1","HCC",0.000999000999000999,0.423776268546573,0.000999000999000999
"REACTOME_TRANSCRIPTIONAL_AND_POST_TRANSLATIONAL_REGULATION_OF_MITF_M_EXPRESSION_AND_ACTIVITY","brown",0.534573040730756,"TierC_v1","HCC",0.000999000999000999,0.423776268546573,0.000999000999000999
"REACTOME_REGULATION_OF_CDH11_MRNA_TRANSLATION_BY_MICRORNAS","brown",-0.513268373327703,"TierC_v1","HCC",0.000999000999000999,0.423776268546573,0.000999000999000999
"REACTOME_TRANSLATION_OF_SARS_COV_1_STRUCTURAL_PROTEINS","brown",0.356664896524351,"TierC_v1","HCC",0.00699300699300699,0.423776268546573,0.000999000999000999
"REACTOME_REGULATION_OF_PTEN_MRNA_TRANSLATION","brown",-0.359179425549599,"TierC_v1","HCC",0.00599400599400599,0.423776268546573,0.000999000999000999
"REACTOME_MITOCHONDRIAL_TRANSLATION_ELONGATION","brown",0.0762035885729087,"TierC_v1","HCC",1,0.423776268546573,0.000999000999000999
"REACTOME_RRNA_PROCESSING_IN_THE_MITOCHONDRION","brown",-0.241213036339807,"TierC_v1","HCC",0.514485514485514,0.423776268546573,0.000999000999000999
"REACTOME_REGULATION_OF_NPAS4_MRNA_TRANSLATION","brown",-0.513268373327703,"TierC_v1","HCC",0.000999000999000999,0.423776268546573,0.000999000999000999
"REACTOME_MITOCHONDRIAL_TRANSLATION","brown",0.109431698782553,"TierC_v1","HCC",1,0.423776268546573,0.000999000999000999
"REACTOME_REGULATION_OF_PD_L1_CD274_TRANSLATION","brown",-0.517402764789888,"TierC_v1","HCC",0.000999000999000999,0.423776268546573,0.000999000999000999
"REACTOME_CARBOXYTERMINAL_POST_TRANSLATIONAL_MODIFICATIONS_OF_TUBULIN","cyan",-0.152367865780476,"TierC_v1","HCC",0.999000999000999,0.311761626214916,0.000999000999000999
"HALLMARK_MYC_TARGETS_V1","cyan",0.710560668756143,"TierC_v1","HCC",0.000999000999000999,0.311761626214916,0.000999000999000999
"REACTOME_CYTOSOLIC_TRNA_AMINOACYLATION","cyan",0.604343902851161,"TierC_v1","HCC",0.000999000999000999,0.311761626214916,0.000999000999000999
"REACTOME_TRNA_AMINOACYLATION","cyan",0.585529161557135,"TierC_v1","HCC",0.000999000999000999,0.311761626214916,0.000999000999000999
"REACTOME_RIBOSOME_QUALITY_CONTROL_RQC_COMPLEX_EXTRACTS_AND_DEGRADES_NASCENT_PEPTIDE","cyan",0.287550755623274,"TierC_v1","HCC",0.114885114885115,0.311761626214916,0.000999000999000999
"REACTOME_RIBOSOME_ASSOCIATED_QUALITY_CONTROL","cyan",0.287061875870713,"TierC_v1","HCC",0.114885114885115,0.311761626214916,0.000999000999000999
"REACTOME_REGULATION_OF_PD_L1_CD274_POST_TRANSLATIONAL_MODIFICATION","cyan",0.58007109452101,"TierC_v1","HCC",0.000999000999000999,0.311761626214916,0.000999000999000999
"REACTOME_DENGUE_VIRUS_GENOME_TRANSLATION_AND_REPLICATION","cyan",0.661001431521076,"TierC_v1","HCC",0.000999000999000999,0.311761626214916,0.000999000999000999
"REACTOME_RESPIRATORY_SYNCYTIAL_VIRUS_RSV_GENOME_REPLICATION_TRANSCRIPTION_AND_TRANSLATION","cyan",0.602107193707227,"TierC_v1","HCC",0.000999000999000999,0.311761626214916,0.000999000999000999
"HALLMARK_MYC_TARGETS_V2","cyan",0.294196045476507,"TierC_v1","HCC",0.0939060939060939,0.311761626214916,0.000999000999000999
"REACTOME_EUKARYOTIC_TRANSLATION_ELONGATION","cyan",0.0135353300474937,"TierC_v1","HCC",1,0.311761626214916,0.000999000999000999
"REACTOME_SRP_DEPENDENT_COTRANSLATIONAL_PROTEIN_TARGETING_TO_MEMBRANE","cyan",0.40510649763608,"TierC_v1","HCC",0.000999000999000999,0.311761626214916,0.000999000999000999
"REACTOME_RRNA_PROCESSING","cyan",0.0218950183925196,"TierC_v1","HCC",1,0.311761626214916,0.000999000999000999
"REACTOME_SARS_COV_2_MODULATES_HOST_TRANSLATION_MACHINERY","cyan",0.136132051966384,"TierC_v1","HCC",1,0.311761626214916,0.000999000999000999
"REACTOME_REGULATION_OF_CDH1_POSTTRANSLATIONAL_PROCESSING_AND_TRAFFICKING_TO_PLASMA_MEMBRANE","cyan",0.34058678743734,"TierC_v1","HCC",0.00999000999000999,0.311761626214916,0.000999000999000999
"REACTOME_TRANSLATION_OF_SARS_COV_2_STRUCTURAL_PROTEINS","cyan",0.44234092208249,"TierC_v1","HCC",0.000999000999000999,0.311761626214916,0.000999000999000999
"REACTOME_EUKARYOTIC_TRANSLATION_INITIATION","cyan",0.32265456325464,"TierC_v1","HCC",0.025974025974026,0.311761626214916,0.000999000999000999
"REACTOME_TRANSLATION","cyan",0.396669936952307,"TierC_v1","HCC",0.000999000999000999,0.311761626214916,0.000999000999000999
"REACTOME_SARS_COV_1_MODULATES_HOST_TRANSLATION_MACHINERY","cyan",0.0920105560394541,"TierC_v1","HCC",1,0.311761626214916,0.000999000999000999
"HALLMARK_MTORC1_SIGNALING","cyan",0.545393490115466,"TierC_v1","HCC",0.000999000999000999,0.311761626214916,0.000999000999000999
"REACTOME_MITOCHONDRIAL_TRNA_AMINOACYLATION","cyan",0.132055056498712,"TierC_v1","HCC",1,0.311761626214916,0.000999000999000999
"REACTOME_TRANSLATION_OF_REPLICASE_AND_ASSEMBLY_OF_THE_REPLICATION_TRANSCRIPTION_COMPLEX","cyan",0.333868077236005,"TierC_v1","HCC",0.011988011988012,0.311761626214916,0.000999000999000999
"REACTOME_REGULATION_OF_CDH1_MRNA_TRANSLATION_BY_MICRORNAS","cyan",0.0400094471625674,"TierC_v1","HCC",1,0.311761626214916,0.000999000999000999
"REACTOME_POST_TRANSLATIONAL_MODIFICATION_SYNTHESIS_OF_GPI_ANCHORED_PROTEINS","cyan",-0.530514904406891,"TierC_v1","HCC",0.000999000999000999,0.311761626214916,0.000999000999000999
"REACTOME_TRANSCRIPTIONAL_AND_POST_TRANSLATIONAL_REGULATION_OF_MITF_M_EXPRESSION_AND_ACTIVITY","cyan",0.576412925276363,"TierC_v1","HCC",0.000999000999000999,0.311761626214916,0.000999000999000999
"REACTOME_REGULATION_OF_CDH11_MRNA_TRANSLATION_BY_MICRORNAS","cyan",-0.206070912902989,"TierC_v1","HCC",0.868131868131868,0.311761626214916,0.000999000999000999
"REACTOME_TRANSLATION_OF_SARS_COV_1_STRUCTURAL_PROTEINS","cyan",0.184995024609008,"TierC_v1","HCC",0.972027972027972,0.311761626214916,0.000999000999000999
"REACTOME_REGULATION_OF_PTEN_MRNA_TRANSLATION","cyan",-0.0982613160738696,"TierC_v1","HCC",1,0.311761626214916,0.000999000999000999
"REACTOME_MITOCHONDRIAL_TRANSLATION_ELONGATION","cyan",-0.0478701590037499,"TierC_v1","HCC",1,0.311761626214916,0.000999000999000999
"REACTOME_RRNA_PROCESSING_IN_THE_MITOCHONDRION","cyan",-0.204483550596682,"TierC_v1","HCC",0.879120879120879,0.311761626214916,0.000999000999000999
"REACTOME_REGULATION_OF_NPAS4_MRNA_TRANSLATION","cyan",-0.206070912902989,"TierC_v1","HCC",0.868131868131868,0.311761626214916,0.000999000999000999
"REACTOME_MITOCHONDRIAL_TRANSLATION","cyan",-0.0372180516353636,"TierC_v1","HCC",1,0.311761626214916,0.000999000999000999
"REACTOME_REGULATION_OF_PD_L1_CD274_TRANSLATION","cyan",-0.209188177198137,"TierC_v1","HCC",0.841158841158841,0.311761626214916,0.000999000999000999
"REACTOME_CARBOXYTERMINAL_POST_TRANSLATIONAL_MODIFICATIONS_OF_TUBULIN","greenyellow",-0.125783284259422,"TierC_v1","HCC",1,0.156853918320977,0.046953046953047
"HALLMARK_MYC_TARGETS_V1","greenyellow",0.0905874514346509,"TierC_v1","HCC",1,0.156853918320977,0.046953046953047
"REACTOME_CYTOSOLIC_TRNA_AMINOACYLATION","greenyellow",0.21087146430157,"TierC_v1","HCC",0.831168831168831,0.156853918320977,0.046953046953047
"REACTOME_TRNA_AMINOACYLATION","greenyellow",0.0091843137313671,"TierC_v1","HCC",1,0.156853918320977,0.046953046953047
"REACTOME_RIBOSOME_QUALITY_CONTROL_RQC_COMPLEX_EXTRACTS_AND_DEGRADES_NASCENT_PEPTIDE","greenyellow",-0.00634584453363558,"TierC_v1","HCC",1,0.156853918320977,0.046953046953047
"REACTOME_RIBOSOME_ASSOCIATED_QUALITY_CONTROL","greenyellow",0.019383194987838,"TierC_v1","HCC",1,0.156853918320977,0.046953046953047
"REACTOME_REGULATION_OF_PD_L1_CD274_POST_TRANSLATIONAL_MODIFICATION","greenyellow",0.0954198136535491,"TierC_v1","HCC",1,0.156853918320977,0.046953046953047
"REACTOME_DENGUE_VIRUS_GENOME_TRANSLATION_AND_REPLICATION","greenyellow",0.0960928046771367,"TierC_v1","HCC",1,0.156853918320977,0.046953046953047
"REACTOME_RESPIRATORY_SYNCYTIAL_VIRUS_RSV_GENOME_REPLICATION_TRANSCRIPTION_AND_TRANSLATION","greenyellow",0.0986219186207919,"TierC_v1","HCC",1,0.156853918320977,0.046953046953047
"HALLMARK_MYC_TARGETS_V2","greenyellow",-0.2046765123783,"TierC_v1","HCC",0.879120879120879,0.156853918320977,0.046953046953047
"REACTOME_EUKARYOTIC_TRANSLATION_ELONGATION","greenyellow",-0.0271824425656222,"TierC_v1","HCC",1,0.156853918320977,0.046953046953047
"REACTOME_SRP_DEPENDENT_COTRANSLATIONAL_PROTEIN_TARGETING_TO_MEMBRANE","greenyellow",0.0675993887946953,"TierC_v1","HCC",1,0.156853918320977,0.046953046953047
"REACTOME_RRNA_PROCESSING","greenyellow",-0.326180810900492,"TierC_v1","HCC",0.021978021978022,0.156853918320977,0.046953046953047
"REACTOME_SARS_COV_2_MODULATES_HOST_TRANSLATION_MACHINERY","greenyellow",-0.0603934927693482,"TierC_v1","HCC",1,0.156853918320977,0.046953046953047
"REACTOME_REGULATION_OF_CDH1_POSTTRANSLATIONAL_PROCESSING_AND_TRAFFICKING_TO_PLASMA_MEMBRANE","greenyellow",-0.0128518620513035,"TierC_v1","HCC",1,0.156853918320977,0.046953046953047
"REACTOME_TRANSLATION_OF_SARS_COV_2_STRUCTURAL_PROTEINS","greenyellow",0.196750686486801,"TierC_v1","HCC",0.926073926073926,0.156853918320977,0.046953046953047
"REACTOME_EUKARYOTIC_TRANSLATION_INITIATION","greenyellow",0.00697957216481045,"TierC_v1","HCC",1,0.156853918320977,0.046953046953047
"REACTOME_TRANSLATION","greenyellow",-0.147864182742468,"TierC_v1","HCC",0.999000999000999,0.156853918320977,0.046953046953047
"REACTOME_SARS_COV_1_MODULATES_HOST_TRANSLATION_MACHINERY","greenyellow",0.011138431537719,"TierC_v1","HCC",1,0.156853918320977,0.046953046953047
"HALLMARK_MTORC1_SIGNALING","greenyellow",0.255755574768889,"TierC_v1","HCC",0.332667332667333,0.156853918320977,0.046953046953047
"REACTOME_MITOCHONDRIAL_TRNA_AMINOACYLATION","greenyellow",-0.361203734583922,"TierC_v1","HCC",0.003996003996004,0.156853918320977,0.046953046953047
"REACTOME_TRANSLATION_OF_REPLICASE_AND_ASSEMBLY_OF_THE_REPLICATION_TRANSCRIPTION_COMPLEX","greenyellow",0.159553189269261,"TierC_v1","HCC",0.999000999000999,0.156853918320977,0.046953046953047
"REACTOME_REGULATION_OF_CDH1_MRNA_TRANSLATION_BY_MICRORNAS","greenyellow",-0.175232516588666,"TierC_v1","HCC",0.994005994005994,0.156853918320977,0.046953046953047
"REACTOME_POST_TRANSLATIONAL_MODIFICATION_SYNTHESIS_OF_GPI_ANCHORED_PROTEINS","greenyellow",-0.0357834414263671,"TierC_v1","HCC",1,0.156853918320977,0.046953046953047
"REACTOME_TRANSCRIPTIONAL_AND_POST_TRANSLATIONAL_REGULATION_OF_MITF_M_EXPRESSION_AND_ACTIVITY","greenyellow",0.232099246077266,"TierC_v1","HCC",0.62037962037962,0.156853918320977,0.046953046953047
"REACTOME_REGULATION_OF_CDH11_MRNA_TRANSLATION_BY_MICRORNAS","greenyellow",-0.243294077212736,"TierC_v1","HCC",0.480519480519481,0.156853918320977,0.046953046953047
"REACTOME_TRANSLATION_OF_SARS_COV_1_STRUCTURAL_PROTEINS","greenyellow",0.238679665201368,"TierC_v1","HCC",0.545454545454545,0.156853918320977,0.046953046953047
"REACTOME_REGULATION_OF_PTEN_MRNA_TRANSLATION","greenyellow",-0.217778179081495,"TierC_v1","HCC",0.782217782217782,0.156853918320977,0.046953046953047
"REACTOME_MITOCHONDRIAL_TRANSLATION_ELONGATION","greenyellow",-0.308477643226368,"TierC_v1","HCC",0.047952047952048,0.156853918320977,0.046953046953047
"REACTOME_RRNA_PROCESSING_IN_THE_MITOCHONDRION","greenyellow",-0.338180095753457,"TierC_v1","HCC",0.00999000999000999,0.156853918320977,0.046953046953047
"REACTOME_REGULATION_OF_NPAS4_MRNA_TRANSLATION","greenyellow",-0.243294077212736,"TierC_v1","HCC",0.480519480519481,0.156853918320977,0.046953046953047
"REACTOME_MITOCHONDRIAL_TRANSLATION","greenyellow",-0.30562808808146,"TierC_v1","HCC",0.0569430569430569,0.156853918320977,0.046953046953047
"REACTOME_REGULATION_OF_PD_L1_CD274_TRANSLATION","greenyellow",-0.247312303516727,"TierC_v1","HCC",0.438561438561439,0.156853918320977,0.046953046953047
"REACTOME_CARBOXYTERMINAL_POST_TRANSLATIONAL_MODIFICATIONS_OF_TUBULIN","yellow",-0.497708965331964,"TierC_v1","HCC",0.000999000999000999,0.366043096200905,0.000999000999000999
"HALLMARK_MYC_TARGETS_V1","yellow",0.418849180671121,"TierC_v1","HCC",0.000999000999000999,0.366043096200905,0.000999000999000999
"REACTOME_CYTOSOLIC_TRNA_AMINOACYLATION","yellow",0.439692496692977,"TierC_v1","HCC",0.000999000999000999,0.366043096200905,0.000999000999000999
"REACTOME_TRNA_AMINOACYLATION","yellow",0.213610119685862,"TierC_v1","HCC",0.814185814185814,0.366043096200905,0.000999000999000999
"REACTOME_RIBOSOME_QUALITY_CONTROL_RQC_COMPLEX_EXTRACTS_AND_DEGRADES_NASCENT_PEPTIDE","yellow",-0.13023120408732,"TierC_v1","HCC",1,0.366043096200905,0.000999000999000999
"REACTOME_RIBOSOME_ASSOCIATED_QUALITY_CONTROL","yellow",-0.100718833826662,"TierC_v1","HCC",1,0.366043096200905,0.000999000999000999
"REACTOME_REGULATION_OF_PD_L1_CD274_POST_TRANSLATIONAL_MODIFICATION","yellow",0.500570987794859,"TierC_v1","HCC",0.000999000999000999,0.366043096200905,0.000999000999000999
"REACTOME_DENGUE_VIRUS_GENOME_TRANSLATION_AND_REPLICATION","yellow",0.571948121379205,"TierC_v1","HCC",0.000999000999000999,0.366043096200905,0.000999000999000999
"REACTOME_RESPIRATORY_SYNCYTIAL_VIRUS_RSV_GENOME_REPLICATION_TRANSCRIPTION_AND_TRANSLATION","yellow",0.473990972983119,"TierC_v1","HCC",0.000999000999000999,0.366043096200905,0.000999000999000999
"HALLMARK_MYC_TARGETS_V2","yellow",-0.393521649969816,"TierC_v1","HCC",0.000999000999000999,0.366043096200905,0.000999000999000999
"REACTOME_EUKARYOTIC_TRANSLATION_ELONGATION","yellow",-0.34805141108638,"TierC_v1","HCC",0.00699300699300699,0.366043096200905,0.000999000999000999
"REACTOME_SRP_DEPENDENT_COTRANSLATIONAL_PROTEIN_TARGETING_TO_MEMBRANE","yellow",0.0269379257120704,"TierC_v1","HCC",1,0.366043096200905,0.000999000999000999
"REACTOME_RRNA_PROCESSING","yellow",-0.656340217212386,"TierC_v1","HCC",0.000999000999000999,0.366043096200905,0.000999000999000999
"REACTOME_SARS_COV_2_MODULATES_HOST_TRANSLATION_MACHINERY","yellow",-0.424727144754546,"TierC_v1","HCC",0.000999000999000999,0.366043096200905,0.000999000999000999
"REACTOME_REGULATION_OF_CDH1_POSTTRANSLATIONAL_PROCESSING_AND_TRAFFICKING_TO_PLASMA_MEMBRANE","yellow",0.16378383255751,"TierC_v1","HCC",0.998001998001998,0.366043096200905,0.000999000999000999
"REACTOME_TRANSLATION_OF_SARS_COV_2_STRUCTURAL_PROTEINS","yellow",0.539207097931597,"TierC_v1","HCC",0.000999000999000999,0.366043096200905,0.000999000999000999
"REACTOME_EUKARYOTIC_TRANSLATION_INITIATION","yellow",-0.112002489983415,"TierC_v1","HCC",1,0.366043096200905,0.000999000999000999
"REACTOME_TRANSLATION","yellow",-0.173611562059713,"TierC_v1","HCC",0.995004995004995,0.366043096200905,0.000999000999000999
"REACTOME_SARS_COV_1_MODULATES_HOST_TRANSLATION_MACHINERY","yellow",-0.235665218034788,"TierC_v1","HCC",0.575424575424575,0.366043096200905,0.000999000999000999
"HALLMARK_MTORC1_SIGNALING","yellow",0.606434540289595,"TierC_v1","HCC",0.000999000999000999,0.366043096200905,0.000999000999000999
"REACTOME_MITOCHONDRIAL_TRNA_AMINOACYLATION","yellow",-0.401443793538826,"TierC_v1","HCC",0.000999000999000999,0.366043096200905,0.000999000999000999
"REACTOME_TRANSLATION_OF_REPLICASE_AND_ASSEMBLY_OF_THE_REPLICATION_TRANSCRIPTION_COMPLEX","yellow",0.521188528075364,"TierC_v1","HCC",0.000999000999000999,0.366043096200905,0.000999000999000999
"REACTOME_REGULATION_OF_CDH1_MRNA_TRANSLATION_BY_MICRORNAS","yellow",-0.0171582687666523,"TierC_v1","HCC",1,0.366043096200905,0.000999000999000999
"REACTOME_POST_TRANSLATIONAL_MODIFICATION_SYNTHESIS_OF_GPI_ANCHORED_PROTEINS","yellow",-0.553345308891904,"TierC_v1","HCC",0.000999000999000999,0.366043096200905,0.000999000999000999
"REACTOME_TRANSCRIPTIONAL_AND_POST_TRANSLATIONAL_REGULATION_OF_MITF_M_EXPRESSION_AND_ACTIVITY","yellow",0.578310479372012,"TierC_v1","HCC",0.000999000999000999,0.366043096200905,0.000999000999000999
"REACTOME_REGULATION_OF_CDH11_MRNA_TRANSLATION_BY_MICRORNAS","yellow",-0.218099751860573,"TierC_v1","HCC",0.778221778221778,0.366043096200905,0.000999000999000999
"REACTOME_TRANSLATION_OF_SARS_COV_1_STRUCTURAL_PROTEINS","yellow",0.459092620403392,"TierC_v1","HCC",0.000999000999000999,0.366043096200905,0.000999000999000999
"REACTOME_REGULATION_OF_PTEN_MRNA_TRANSLATION","yellow",-0.066277508421153,"TierC_v1","HCC",1,0.366043096200905,0.000999000999000999
"REACTOME_MITOCHONDRIAL_TRANSLATION_ELONGATION","yellow",-0.58140024010116,"TierC_v1","HCC",0.000999000999000999,0.366043096200905,0.000999000999000999
"REACTOME_RRNA_PROCESSING_IN_THE_MITOCHONDRION","yellow",-0.648954451961316,"TierC_v1","HCC",0.000999000999000999,0.366043096200905,0.000999000999000999
"REACTOME_REGULATION_OF_NPAS4_MRNA_TRANSLATION","yellow",-0.218099751860573,"TierC_v1","HCC",0.778221778221778,0.366043096200905,0.000999000999000999
"REACTOME_MITOCHONDRIAL_TRANSLATION","yellow",-0.560431130544209,"TierC_v1","HCC",0.000999000999000999,0.366043096200905,0.000999000999000999
"REACTOME_REGULATION_OF_PD_L1_CD274_TRANSLATION","yellow",-0.228016368787816,"TierC_v1","HCC",0.666333666333666,0.366043096200905,0.000999000999000999
"REACTOME_CARBOXYTERMINAL_POST_TRANSLATIONAL_MODIFICATIONS_OF_TUBULIN","red",0.231969632265447,"TierC_v1","HCC",0.62037962037962,0.234093880787246,0.000999000999000999
"HALLMARK_MYC_TARGETS_V1","red",-0.502021174195839,"TierC_v1","HCC",0.000999000999000999,0.234093880787246,0.000999000999000999
"REACTOME_CYTOSOLIC_TRNA_AMINOACYLATION","red",-0.325190228088507,"TierC_v1","HCC",0.021978021978022,0.234093880787246,0.000999000999000999
"REACTOME_TRNA_AMINOACYLATION","red",-0.374401991804694,"TierC_v1","HCC",0.000999000999000999,0.234093880787246,0.000999000999000999
"REACTOME_RIBOSOME_QUALITY_CONTROL_RQC_COMPLEX_EXTRACTS_AND_DEGRADES_NASCENT_PEPTIDE","red",-0.0710668073850507,"TierC_v1","HCC",1,0.234093880787246,0.000999000999000999
"REACTOME_RIBOSOME_ASSOCIATED_QUALITY_CONTROL","red",-0.0603995242830582,"TierC_v1","HCC",1,0.234093880787246,0.000999000999000999
"REACTOME_REGULATION_OF_PD_L1_CD274_POST_TRANSLATIONAL_MODIFICATION","red",-0.532096515207121,"TierC_v1","HCC",0.000999000999000999,0.234093880787246,0.000999000999000999
"REACTOME_DENGUE_VIRUS_GENOME_TRANSLATION_AND_REPLICATION","red",-0.582105800938222,"TierC_v1","HCC",0.000999000999000999,0.234093880787246,0.000999000999000999
"REACTOME_RESPIRATORY_SYNCYTIAL_VIRUS_RSV_GENOME_REPLICATION_TRANSCRIPTION_AND_TRANSLATION","red",-0.463412678759197,"TierC_v1","HCC",0.000999000999000999,0.234093880787246,0.000999000999000999
"HALLMARK_MYC_TARGETS_V2","red",-0.0901732211611588,"TierC_v1","HCC",1,0.234093880787246,0.000999000999000999
"REACTOME_EUKARYOTIC_TRANSLATION_ELONGATION","red",0.220826283121319,"TierC_v1","HCC",0.757242757242757,0.234093880787246,0.000999000999000999
"REACTOME_SRP_DEPENDENT_COTRANSLATIONAL_PROTEIN_TARGETING_TO_MEMBRANE","red",-0.102227192528999,"TierC_v1","HCC",1,0.234093880787246,0.000999000999000999
"REACTOME_RRNA_PROCESSING","red",0.0823298155900111,"TierC_v1","HCC",1,0.234093880787246,0.000999000999000999
"REACTOME_SARS_COV_2_MODULATES_HOST_TRANSLATION_MACHINERY","red",0.19720667158741,"TierC_v1","HCC",0.925074925074925,0.234093880787246,0.000999000999000999
"REACTOME_REGULATION_OF_CDH1_POSTTRANSLATIONAL_PROCESSING_AND_TRAFFICKING_TO_PLASMA_MEMBRANE","red",-0.30691763928637,"TierC_v1","HCC",0.0529470529470529,0.234093880787246,0.000999000999000999
"REACTOME_TRANSLATION_OF_SARS_COV_2_STRUCTURAL_PROTEINS","red",-0.385206702004653,"TierC_v1","HCC",0.000999000999000999,0.234093880787246,0.000999000999000999
"REACTOME_EUKARYOTIC_TRANSLATION_INITIATION","red",-0.050682542126038,"TierC_v1","HCC",1,0.234093880787246,0.000999000999000999
"REACTOME_TRANSLATION","red",-0.240115069354775,"TierC_v1","HCC",0.527472527472527,0.234093880787246,0.000999000999000999
"REACTOME_SARS_COV_1_MODULATES_HOST_TRANSLATION_MACHINERY","red",0.149813499380232,"TierC_v1","HCC",0.999000999000999,0.234093880787246,0.000999000999000999
"HALLMARK_MTORC1_SIGNALING","red",-0.392260110019446,"TierC_v1","HCC",0.000999000999000999,0.234093880787246,0.000999000999000999
"REACTOME_MITOCHONDRIAL_TRNA_AMINOACYLATION","red",-0.168984614600637,"TierC_v1","HCC",0.996003996003996,0.234093880787246,0.000999000999000999
"REACTOME_TRANSLATION_OF_REPLICASE_AND_ASSEMBLY_OF_THE_REPLICATION_TRANSCRIPTION_COMPLEX","red",-0.402973370988794,"TierC_v1","HCC",0.000999000999000999,0.234093880787246,0.000999000999000999
"REACTOME_REGULATION_OF_CDH1_MRNA_TRANSLATION_BY_MICRORNAS","red",-0.204372644021785,"TierC_v1","HCC",0.879120879120879,0.234093880787246,0.000999000999000999
"REACTOME_POST_TRANSLATIONAL_MODIFICATION_SYNTHESIS_OF_GPI_ANCHORED_PROTEINS","red",0.579283093527676,"TierC_v1","HCC",0.000999000999000999,0.234093880787246,0.000999000999000999
"REACTOME_TRANSCRIPTIONAL_AND_POST_TRANSLATIONAL_REGULATION_OF_MITF_M_EXPRESSION_AND_ACTIVITY","red",-0.381828468740397,"TierC_v1","HCC",0.000999000999000999,0.234093880787246,0.000999000999000999
"REACTOME_REGULATION_OF_CDH11_MRNA_TRANSLATION_BY_MICRORNAS","red",-0.023959417886608,"TierC_v1","HCC",1,0.234093880787246,0.000999000999000999
"REACTOME_TRANSLATION_OF_SARS_COV_1_STRUCTURAL_PROTEINS","red",-0.184369230782105,"TierC_v1","HCC",0.977022977022977,0.234093880787246,0.000999000999000999
"REACTOME_REGULATION_OF_PTEN_MRNA_TRANSLATION","red",-0.148030391221333,"TierC_v1","HCC",0.999000999000999,0.234093880787246,0.000999000999000999
"REACTOME_MITOCHONDRIAL_TRANSLATION_ELONGATION","red",0.058415432040126,"TierC_v1","HCC",1,0.234093880787246,0.000999000999000999
"REACTOME_RRNA_PROCESSING_IN_THE_MITOCHONDRION","red",0.133231604669334,"TierC_v1","HCC",1,0.234093880787246,0.000999000999000999
"REACTOME_REGULATION_OF_NPAS4_MRNA_TRANSLATION","red",-0.023959417886608,"TierC_v1","HCC",1,0.234093880787246,0.000999000999000999
"REACTOME_MITOCHONDRIAL_TRANSLATION","red",0.0381224083826625,"TierC_v1","HCC",1,0.234093880787246,0.000999000999000999
"REACTOME_REGULATION_OF_PD_L1_CD274_TRANSLATION","red",-0.0171448721434977,"TierC_v1","HCC",1,0.234093880787246,0.000999000999000999
"REACTOME_CARBOXYTERMINAL_POST_TRANSLATIONAL_MODIFICATIONS_OF_TUBULIN","lightcyan",-0.0404069819427656,"TierC_v1","HCC",1,0.184681135982777,0.00999000999000999
"HALLMARK_MYC_TARGETS_V1","lightcyan",-0.451371331748417,"TierC_v1","HCC",0.000999000999000999,0.184681135982777,0.00999000999000999
"REACTOME_CYTOSOLIC_TRNA_AMINOACYLATION","lightcyan",-0.307400823896696,"TierC_v1","HCC",0.04995004995005,0.184681135982777,0.00999000999000999
"REACTOME_TRNA_AMINOACYLATION","lightcyan",-0.352031343280124,"TierC_v1","HCC",0.00699300699300699,0.184681135982777,0.00999000999000999
"REACTOME_RIBOSOME_QUALITY_CONTROL_RQC_COMPLEX_EXTRACTS_AND_DEGRADES_NASCENT_PEPTIDE","lightcyan",-0.1588696217716,"TierC_v1","HCC",0.999000999000999,0.184681135982777,0.00999000999000999
"REACTOME_RIBOSOME_ASSOCIATED_QUALITY_CONTROL","lightcyan",-0.156040261462188,"TierC_v1","HCC",0.999000999000999,0.184681135982777,0.00999000999000999
"REACTOME_REGULATION_OF_PD_L1_CD274_POST_TRANSLATIONAL_MODIFICATION","lightcyan",-0.367784880085876,"TierC_v1","HCC",0.001998001998002,0.184681135982777,0.00999000999000999
"REACTOME_DENGUE_VIRUS_GENOME_TRANSLATION_AND_REPLICATION","lightcyan",-0.409871787522666,"TierC_v1","HCC",0.000999000999000999,0.184681135982777,0.00999000999000999
"REACTOME_RESPIRATORY_SYNCYTIAL_VIRUS_RSV_GENOME_REPLICATION_TRANSCRIPTION_AND_TRANSLATION","lightcyan",-0.323020545790352,"TierC_v1","HCC",0.022977022977023,0.184681135982777,0.00999000999000999
"HALLMARK_MYC_TARGETS_V2","lightcyan",-0.285337756108016,"TierC_v1","HCC",0.118881118881119,0.184681135982777,0.00999000999000999
"REACTOME_EUKARYOTIC_TRANSLATION_ELONGATION","lightcyan",0.092519712955882,"TierC_v1","HCC",1,0.184681135982777,0.00999000999000999
"REACTOME_SRP_DEPENDENT_COTRANSLATIONAL_PROTEIN_TARGETING_TO_MEMBRANE","lightcyan",-0.1418603076636,"TierC_v1","HCC",1,0.184681135982777,0.00999000999000999
"REACTOME_RRNA_PROCESSING","lightcyan",-0.131887398222721,"TierC_v1","HCC",1,0.184681135982777,0.00999000999000999
"REACTOME_SARS_COV_2_MODULATES_HOST_TRANSLATION_MACHINERY","lightcyan",-0.0346149284758507,"TierC_v1","HCC",1,0.184681135982777,0.00999000999000999
"REACTOME_REGULATION_OF_CDH1_POSTTRANSLATIONAL_PROCESSING_AND_TRAFFICKING_TO_PLASMA_MEMBRANE","lightcyan",-0.332596046541253,"TierC_v1","HCC",0.014985014985015,0.184681135982777,0.00999000999000999
"REACTOME_TRANSLATION_OF_SARS_COV_2_STRUCTURAL_PROTEINS","lightcyan",-0.31475273328886,"TierC_v1","HCC",0.038961038961039,0.184681135982777,0.00999000999000999
"REACTOME_EUKARYOTIC_TRANSLATION_INITIATION","lightcyan",-0.125361611097969,"TierC_v1","HCC",1,0.184681135982777,0.00999000999000999
"REACTOME_TRANSLATION","lightcyan",-0.276154976649946,"TierC_v1","HCC",0.178821178821179,0.184681135982777,0.00999000999000999
"REACTOME_SARS_COV_1_MODULATES_HOST_TRANSLATION_MACHINERY","lightcyan",0.0261027514567536,"TierC_v1","HCC",1,0.184681135982777,0.00999000999000999
"HALLMARK_MTORC1_SIGNALING","lightcyan",-0.322757706706255,"TierC_v1","HCC",0.025974025974026,0.184681135982777,0.00999000999000999
"REACTOME_MITOCHONDRIAL_TRNA_AMINOACYLATION","lightcyan",-0.199126583730406,"TierC_v1","HCC",0.917082917082917,0.184681135982777,0.00999000999000999
"REACTOME_TRANSLATION_OF_REPLICASE_AND_ASSEMBLY_OF_THE_REPLICATION_TRANSCRIPTION_COMPLEX","lightcyan",-0.278970385160799,"TierC_v1","HCC",0.163836163836164,0.184681135982777,0.00999000999000999
"REACTOME_REGULATION_OF_CDH1_MRNA_TRANSLATION_BY_MICRORNAS","lightcyan",-0.0940499305443481,"TierC_v1","HCC",1,0.184681135982777,0.00999000999000999
"REACTOME_POST_TRANSLATIONAL_MODIFICATION_SYNTHESIS_OF_GPI_ANCHORED_PROTEINS","lightcyan",0.345459287611555,"TierC_v1","HCC",0.00799200799200799,0.184681135982777,0.00999000999000999
"REACTOME_TRANSCRIPTIONAL_AND_POST_TRANSLATIONAL_REGULATION_OF_MITF_M_EXPRESSION_AND_ACTIVITY","lightcyan",-0.197815982605173,"TierC_v1","HCC",0.922077922077922,0.184681135982777,0.00999000999000999
"REACTOME_REGULATION_OF_CDH11_MRNA_TRANSLATION_BY_MICRORNAS","lightcyan",-0.024581891055448,"TierC_v1","HCC",1,0.184681135982777,0.00999000999000999
"REACTOME_TRANSLATION_OF_SARS_COV_1_STRUCTURAL_PROTEINS","lightcyan",-0.0839850382992367,"TierC_v1","HCC",1,0.184681135982777,0.00999000999000999
"REACTOME_REGULATION_OF_PTEN_MRNA_TRANSLATION","lightcyan",-0.0699963201673965,"TierC_v1","HCC",1,0.184681135982777,0.00999000999000999
"REACTOME_MITOCHONDRIAL_TRANSLATION_ELONGATION","lightcyan",-0.0432547456900923,"TierC_v1","HCC",1,0.184681135982777,0.00999000999000999
"REACTOME_RRNA_PROCESSING_IN_THE_MITOCHONDRION","lightcyan",-0.00446614562350911,"TierC_v1","HCC",1,0.184681135982777,0.00999000999000999
"REACTOME_REGULATION_OF_NPAS4_MRNA_TRANSLATION","lightcyan",-0.024581891055448,"TierC_v1","HCC",1,0.184681135982777,0.00999000999000999
"REACTOME_MITOCHONDRIAL_TRANSLATION","lightcyan",-0.0555437010482457,"TierC_v1","HCC",1,0.184681135982777,0.00999000999000999
"REACTOME_REGULATION_OF_PD_L1_CD274_TRANSLATION","lightcyan",-0.0219020781721789,"TierC_v1","HCC",1,0.184681135982777,0.00999000999000999
"REACTOME_CARBOXYTERMINAL_POST_TRANSLATIONAL_MODIFICATIONS_OF_TUBULIN","midnightblue",-0.0814375331481032,"TierC_v1","HCC",1,0.224000331501055,0.000999000999000999
"HALLMARK_MYC_TARGETS_V1","midnightblue",-0.639244426490858,"TierC_v1","HCC",0.000999000999000999,0.224000331501055,0.000999000999000999
"REACTOME_CYTOSOLIC_TRNA_AMINOACYLATION","midnightblue",-0.451848709647001,"TierC_v1","HCC",0.000999000999000999,0.224000331501055,0.000999000999000999
"REACTOME_TRNA_AMINOACYLATION","midnightblue",-0.377331170549258,"TierC_v1","HCC",0.000999000999000999,0.224000331501055,0.000999000999000999
"REACTOME_RIBOSOME_QUALITY_CONTROL_RQC_COMPLEX_EXTRACTS_AND_DEGRADES_NASCENT_PEPTIDE","midnightblue",-0.208134047873649,"TierC_v1","HCC",0.846153846153846,0.224000331501055,0.000999000999000999
"REACTOME_RIBOSOME_ASSOCIATED_QUALITY_CONTROL","midnightblue",-0.207994788674024,"TierC_v1","HCC",0.846153846153846,0.224000331501055,0.000999000999000999
"REACTOME_REGULATION_OF_PD_L1_CD274_POST_TRANSLATIONAL_MODIFICATION","midnightblue",-0.404573708763212,"TierC_v1","HCC",0.000999000999000999,0.224000331501055,0.000999000999000999
"REACTOME_DENGUE_VIRUS_GENOME_TRANSLATION_AND_REPLICATION","midnightblue",-0.499392830411116,"TierC_v1","HCC",0.000999000999000999,0.224000331501055,0.000999000999000999
"REACTOME_RESPIRATORY_SYNCYTIAL_VIRUS_RSV_GENOME_REPLICATION_TRANSCRIPTION_AND_TRANSLATION","midnightblue",-0.457715134165976,"TierC_v1","HCC",0.000999000999000999,0.224000331501055,0.000999000999000999
"HALLMARK_MYC_TARGETS_V2","midnightblue",-0.299604984803163,"TierC_v1","HCC",0.0669330669330669,0.224000331501055,0.000999000999000999
"REACTOME_EUKARYOTIC_TRANSLATION_ELONGATION","midnightblue",0.0398172681464858,"TierC_v1","HCC",1,0.224000331501055,0.000999000999000999
"REACTOME_SRP_DEPENDENT_COTRANSLATIONAL_PROTEIN_TARGETING_TO_MEMBRANE","midnightblue",-0.239066052571709,"TierC_v1","HCC",0.538461538461538,0.224000331501055,0.000999000999000999
"REACTOME_RRNA_PROCESSING","midnightblue",-0.102616134141931,"TierC_v1","HCC",1,0.224000331501055,0.000999000999000999
"REACTOME_SARS_COV_2_MODULATES_HOST_TRANSLATION_MACHINERY","midnightblue",-0.10536039611217,"TierC_v1","HCC",1,0.224000331501055,0.000999000999000999
"REACTOME_REGULATION_OF_CDH1_POSTTRANSLATIONAL_PROCESSING_AND_TRAFFICKING_TO_PLASMA_MEMBRANE","midnightblue",-0.210758817444048,"TierC_v1","HCC",0.831168831168831,0.224000331501055,0.000999000999000999
"REACTOME_TRANSLATION_OF_SARS_COV_2_STRUCTURAL_PROTEINS","midnightblue",-0.312858689002629,"TierC_v1","HCC",0.041958041958042,0.224000331501055,0.000999000999000999
"REACTOME_EUKARYOTIC_TRANSLATION_INITIATION","midnightblue",-0.273435161870676,"TierC_v1","HCC",0.195804195804196,0.224000331501055,0.000999000999000999
"REACTOME_TRANSLATION","midnightblue",-0.257004038302888,"TierC_v1","HCC",0.323676323676324,0.224000331501055,0.000999000999000999
"REACTOME_SARS_COV_1_MODULATES_HOST_TRANSLATION_MACHINERY","midnightblue",-0.0373843377521362,"TierC_v1","HCC",1,0.224000331501055,0.000999000999000999
"HALLMARK_MTORC1_SIGNALING","midnightblue",-0.500127546836541,"TierC_v1","HCC",0.000999000999000999,0.224000331501055,0.000999000999000999
"REACTOME_MITOCHONDRIAL_TRNA_AMINOACYLATION","midnightblue",-0.00057903138167893,"TierC_v1","HCC",1,0.224000331501055,0.000999000999000999
"REACTOME_TRANSLATION_OF_REPLICASE_AND_ASSEMBLY_OF_THE_REPLICATION_TRANSCRIPTION_COMPLEX","midnightblue",-0.282870814932399,"TierC_v1","HCC",0.12987012987013,0.224000331501055,0.000999000999000999
"REACTOME_REGULATION_OF_CDH1_MRNA_TRANSLATION_BY_MICRORNAS","midnightblue",-0.150406658229454,"TierC_v1","HCC",0.999000999000999,0.224000331501055,0.000999000999000999
"REACTOME_POST_TRANSLATIONAL_MODIFICATION_SYNTHESIS_OF_GPI_ANCHORED_PROTEINS","midnightblue",0.315041904699482,"TierC_v1","HCC",0.038961038961039,0.224000331501055,0.000999000999000999
"REACTOME_TRANSCRIPTIONAL_AND_POST_TRANSLATIONAL_REGULATION_OF_MITF_M_EXPRESSION_AND_ACTIVITY","midnightblue",-0.447238158364321,"TierC_v1","HCC",0.000999000999000999,0.224000331501055,0.000999000999000999
"REACTOME_REGULATION_OF_CDH11_MRNA_TRANSLATION_BY_MICRORNAS","midnightblue",-0.0218390858546544,"TierC_v1","HCC",1,0.224000331501055,0.000999000999000999
"REACTOME_TRANSLATION_OF_SARS_COV_1_STRUCTURAL_PROTEINS","midnightblue",-0.00522947962804029,"TierC_v1","HCC",1,0.224000331501055,0.000999000999000999
"REACTOME_REGULATION_OF_PTEN_MRNA_TRANSLATION","midnightblue",-0.0940348203017821,"TierC_v1","HCC",1,0.224000331501055,0.000999000999000999
"REACTOME_MITOCHONDRIAL_TRANSLATION_ELONGATION","midnightblue",0.0768755693705603,"TierC_v1","HCC",1,0.224000331501055,0.000999000999000999
"REACTOME_RRNA_PROCESSING_IN_THE_MITOCHONDRION","midnightblue",0.163312518098518,"TierC_v1","HCC",0.998001998001998,0.224000331501055,0.000999000999000999
"REACTOME_REGULATION_OF_NPAS4_MRNA_TRANSLATION","midnightblue",-0.0218390858546544,"TierC_v1","HCC",1,0.224000331501055,0.000999000999000999
"REACTOME_MITOCHONDRIAL_TRANSLATION","midnightblue",0.0774357889939048,"TierC_v1","HCC",1,0.224000331501055,0.000999000999000999
"REACTOME_REGULATION_OF_PD_L1_CD274_TRANSLATION","midnightblue",-0.0296022471177973,"TierC_v1","HCC",1,0.224000331501055,0.000999000999000999
"REACTOME_CARBOXYTERMINAL_POST_TRANSLATIONAL_MODIFICATIONS_OF_TUBULIN","green",-0.228386721605013,"TierC_v1","HCC",0.663336663336663,0.335087016513565,0.000999000999000999
"HALLMARK_MYC_TARGETS_V1","green",0.296945662123031,"TierC_v1","HCC",0.0829170829170829,0.335087016513565,0.000999000999000999
"REACTOME_CYTOSOLIC_TRNA_AMINOACYLATION","green",0.10015340982427,"TierC_v1","HCC",1,0.335087016513565,0.000999000999000999
"REACTOME_TRNA_AMINOACYLATION","green",-0.0297510061926983,"TierC_v1","HCC",1,0.335087016513565,0.000999000999000999
"REACTOME_RIBOSOME_QUALITY_CONTROL_RQC_COMPLEX_EXTRACTS_AND_DEGRADES_NASCENT_PEPTIDE","green",-0.280540793837665,"TierC_v1","HCC",0.147852147852148,0.335087016513565,0.000999000999000999
"REACTOME_RIBOSOME_ASSOCIATED_QUALITY_CONTROL","green",-0.26859663787486,"TierC_v1","HCC",0.227772227772228,0.335087016513565,0.000999000999000999
"REACTOME_REGULATION_OF_PD_L1_CD274_POST_TRANSLATIONAL_MODIFICATION","green",0.147118409288494,"TierC_v1","HCC",0.999000999000999,0.335087016513565,0.000999000999000999
"REACTOME_DENGUE_VIRUS_GENOME_TRANSLATION_AND_REPLICATION","green",0.345926370776448,"TierC_v1","HCC",0.00699300699300699,0.335087016513565,0.000999000999000999
"REACTOME_RESPIRATORY_SYNCYTIAL_VIRUS_RSV_GENOME_REPLICATION_TRANSCRIPTION_AND_TRANSLATION","green",0.307952461267993,"TierC_v1","HCC",0.047952047952048,0.335087016513565,0.000999000999000999
"HALLMARK_MYC_TARGETS_V2","green",-0.283489060488292,"TierC_v1","HCC",0.128871128871129,0.335087016513565,0.000999000999000999
"REACTOME_EUKARYOTIC_TRANSLATION_ELONGATION","green",-0.405068374599924,"TierC_v1","HCC",0.000999000999000999,0.335087016513565,0.000999000999000999
"REACTOME_SRP_DEPENDENT_COTRANSLATIONAL_PROTEIN_TARGETING_TO_MEMBRANE","green",-0.221473197565786,"TierC_v1","HCC",0.747252747252747,0.335087016513565,0.000999000999000999
"REACTOME_RRNA_PROCESSING","green",-0.272558500146508,"TierC_v1","HCC",0.201798201798202,0.335087016513565,0.000999000999000999
"REACTOME_SARS_COV_2_MODULATES_HOST_TRANSLATION_MACHINERY","green",-0.402400204224414,"TierC_v1","HCC",0.000999000999000999,0.335087016513565,0.000999000999000999
"REACTOME_REGULATION_OF_CDH1_POSTTRANSLATIONAL_PROCESSING_AND_TRAFFICKING_TO_PLASMA_MEMBRANE","green",-0.137809498897431,"TierC_v1","HCC",1,0.335087016513565,0.000999000999000999
"REACTOME_TRANSLATION_OF_SARS_COV_2_STRUCTURAL_PROTEINS","green",0.248445838605691,"TierC_v1","HCC",0.427572427572428,0.335087016513565,0.000999000999000999
"REACTOME_EUKARYOTIC_TRANSLATION_INITIATION","green",-0.206005433918814,"TierC_v1","HCC",0.869130869130869,0.335087016513565,0.000999000999000999
"REACTOME_TRANSLATION","green",-0.394590831735277,"TierC_v1","HCC",0.000999000999000999,0.335087016513565,0.000999000999000999
"REACTOME_SARS_COV_1_MODULATES_HOST_TRANSLATION_MACHINERY","green",-0.327827735144235,"TierC_v1","HCC",0.020979020979021,0.335087016513565,0.000999000999000999
"HALLMARK_MTORC1_SIGNALING","green",0.28612104510501,"TierC_v1","HCC",0.118881118881119,0.335087016513565,0.000999000999000999
"REACTOME_MITOCHONDRIAL_TRNA_AMINOACYLATION","green",-0.306443921950884,"TierC_v1","HCC",0.0529470529470529,0.335087016513565,0.000999000999000999
"REACTOME_TRANSLATION_OF_REPLICASE_AND_ASSEMBLY_OF_THE_REPLICATION_TRANSCRIPTION_COMPLEX","green",0.12245746692074,"TierC_v1","HCC",1,0.335087016513565,0.000999000999000999
"REACTOME_REGULATION_OF_CDH1_MRNA_TRANSLATION_BY_MICRORNAS","green",0.565099587624499,"TierC_v1","HCC",0.000999000999000999,0.335087016513565,0.000999000999000999
"REACTOME_POST_TRANSLATIONAL_MODIFICATION_SYNTHESIS_OF_GPI_ANCHORED_PROTEINS","green",-0.409438469017512,"TierC_v1","HCC",0.000999000999000999,0.335087016513565,0.000999000999000999
"REACTOME_TRANSCRIPTIONAL_AND_POST_TRANSLATIONAL_REGULATION_OF_MITF_M_EXPRESSION_AND_ACTIVITY","green",0.400607825325679,"TierC_v1","HCC",0.000999000999000999,0.335087016513565,0.000999000999000999
"REACTOME_REGULATION_OF_CDH11_MRNA_TRANSLATION_BY_MICRORNAS","green",0.538480581211397,"TierC_v1","HCC",0.000999000999000999,0.335087016513565,0.000999000999000999
"REACTOME_TRANSLATION_OF_SARS_COV_1_STRUCTURAL_PROTEINS","green",0.0989135478397836,"TierC_v1","HCC",1,0.335087016513565,0.000999000999000999
"REACTOME_REGULATION_OF_PTEN_MRNA_TRANSLATION","green",0.63401580041449,"TierC_v1","HCC",0.000999000999000999,0.335087016513565,0.000999000999000999
"REACTOME_MITOCHONDRIAL_TRANSLATION_ELONGATION","green",-0.596555279634659,"TierC_v1","HCC",0.000999000999000999,0.335087016513565,0.000999000999000999
"REACTOME_RRNA_PROCESSING_IN_THE_MITOCHONDRION","green",-0.511732304898021,"TierC_v1","HCC",0.000999000999000999,0.335087016513565,0.000999000999000999
"REACTOME_REGULATION_OF_NPAS4_MRNA_TRANSLATION","green",0.538480581211397,"TierC_v1","HCC",0.000999000999000999,0.335087016513565,0.000999000999000999
"REACTOME_MITOCHONDRIAL_TRANSLATION","green",-0.609088162642112,"TierC_v1","HCC",0.000999000999000999,0.335087016513565,0.000999000999000999
"REACTOME_REGULATION_OF_PD_L1_CD274_TRANSLATION","green",0.535396823034628,"TierC_v1","HCC",0.000999000999000999,0.335087016513565,0.000999000999000999
"REACTOME_CARBOXYTERMINAL_POST_TRANSLATIONAL_MODIFICATIONS_OF_TUBULIN","pink",0.281045147848558,"TierC_v1","HCC",0.143856143856144,0.370336838351855,0.000999000999000999
"HALLMARK_MYC_TARGETS_V1","pink",-0.590393465849717,"TierC_v1","HCC",0.000999000999000999,0.370336838351855,0.000999000999000999
"REACTOME_CYTOSOLIC_TRNA_AMINOACYLATION","pink",-0.58762225551822,"TierC_v1","HCC",0.000999000999000999,0.370336838351855,0.000999000999000999
"REACTOME_TRNA_AMINOACYLATION","pink",-0.491461182848756,"TierC_v1","HCC",0.000999000999000999,0.370336838351855,0.000999000999000999
"REACTOME_RIBOSOME_QUALITY_CONTROL_RQC_COMPLEX_EXTRACTS_AND_DEGRADES_NASCENT_PEPTIDE","pink",-0.184185042517733,"TierC_v1","HCC",0.977022977022977,0.370336838351855,0.000999000999000999
"REACTOME_RIBOSOME_ASSOCIATED_QUALITY_CONTROL","pink",-0.215499069441286,"TierC_v1","HCC",0.801198801198801,0.370336838351855,0.000999000999000999
"REACTOME_REGULATION_OF_PD_L1_CD274_POST_TRANSLATIONAL_MODIFICATION","pink",-0.664214252111105,"TierC_v1","HCC",0.000999000999000999,0.370336838351855,0.000999000999000999
"REACTOME_DENGUE_VIRUS_GENOME_TRANSLATION_AND_REPLICATION","pink",-0.634885874087176,"TierC_v1","HCC",0.000999000999000999,0.370336838351855,0.000999000999000999
"REACTOME_RESPIRATORY_SYNCYTIAL_VIRUS_RSV_GENOME_REPLICATION_TRANSCRIPTION_AND_TRANSLATION","pink",-0.566748063021533,"TierC_v1","HCC",0.000999000999000999,0.370336838351855,0.000999000999000999
"HALLMARK_MYC_TARGETS_V2","pink",-0.113147030571814,"TierC_v1","HCC",1,0.370336838351855,0.000999000999000999
"REACTOME_EUKARYOTIC_TRANSLATION_ELONGATION","pink",0.0596444219968975,"TierC_v1","HCC",1,0.370336838351855,0.000999000999000999
"REACTOME_SRP_DEPENDENT_COTRANSLATIONAL_PROTEIN_TARGETING_TO_MEMBRANE","pink",-0.357170520700444,"TierC_v1","HCC",0.00599400599400599,0.370336838351855,0.000999000999000999
"REACTOME_RRNA_PROCESSING","pink",0.296352157241446,"TierC_v1","HCC",0.0859140859140859,0.370336838351855,0.000999000999000999
"REACTOME_SARS_COV_2_MODULATES_HOST_TRANSLATION_MACHINERY","pink",0.0336209005011102,"TierC_v1","HCC",1,0.370336838351855,0.000999000999000999
"REACTOME_REGULATION_OF_CDH1_POSTTRANSLATIONAL_PROCESSING_AND_TRAFFICKING_TO_PLASMA_MEMBRANE","pink",-0.475451021327992,"TierC_v1","HCC",0.000999000999000999,0.370336838351855,0.000999000999000999
"REACTOME_TRANSLATION_OF_SARS_COV_2_STRUCTURAL_PROTEINS","pink",-0.556635846063429,"TierC_v1","HCC",0.000999000999000999,0.370336838351855,0.000999000999000999
"REACTOME_EUKARYOTIC_TRANSLATION_INITIATION","pink",-0.218198391473445,"TierC_v1","HCC",0.777222777222777,0.370336838351855,0.000999000999000999
"REACTOME_TRANSLATION","pink",-0.349426257031852,"TierC_v1","HCC",0.00699300699300699,0.370336838351855,0.000999000999000999
"REACTOME_SARS_COV_1_MODULATES_HOST_TRANSLATION_MACHINERY","pink",-0.0254026077047835,"TierC_v1","HCC",1,0.370336838351855,0.000999000999000999
"HALLMARK_MTORC1_SIGNALING","pink",-0.633579470411612,"TierC_v1","HCC",0.000999000999000999,0.370336838351855,0.000999000999000999
"REACTOME_MITOCHONDRIAL_TRNA_AMINOACYLATION","pink",0.0230729759499329,"TierC_v1","HCC",1,0.370336838351855,0.000999000999000999
"REACTOME_TRANSLATION_OF_REPLICASE_AND_ASSEMBLY_OF_THE_REPLICATION_TRANSCRIPTION_COMPLEX","pink",-0.5894481358662,"TierC_v1","HCC",0.000999000999000999,0.370336838351855,0.000999000999000999
"REACTOME_REGULATION_OF_CDH1_MRNA_TRANSLATION_BY_MICRORNAS","pink",0.316688803485203,"TierC_v1","HCC",0.035964035964036,0.370336838351855,0.000999000999000999
"REACTOME_POST_TRANSLATIONAL_MODIFICATION_SYNTHESIS_OF_GPI_ANCHORED_PROTEINS","pink",0.521550968353406,"TierC_v1","HCC",0.000999000999000999,0.370336838351855,0.000999000999000999
"REACTOME_TRANSCRIPTIONAL_AND_POST_TRANSLATIONAL_REGULATION_OF_MITF_M_EXPRESSION_AND_ACTIVITY","pink",-0.48569453396882,"TierC_v1","HCC",0.000999000999000999,0.370336838351855,0.000999000999000999
"REACTOME_REGULATION_OF_CDH11_MRNA_TRANSLATION_BY_MICRORNAS","pink",0.58979088520035,"TierC_v1","HCC",0.000999000999000999,0.370336838351855,0.000999000999000999
"REACTOME_TRANSLATION_OF_SARS_COV_1_STRUCTURAL_PROTEINS","pink",-0.316091273128077,"TierC_v1","HCC",0.037962037962038,0.370336838351855,0.000999000999000999
"REACTOME_REGULATION_OF_PTEN_MRNA_TRANSLATION","pink",0.461094936776847,"TierC_v1","HCC",0.000999000999000999,0.370336838351855,0.000999000999000999
"REACTOME_MITOCHONDRIAL_TRANSLATION_ELONGATION","pink",0.0874121341447828,"TierC_v1","HCC",1,0.370336838351855,0.000999000999000999
"REACTOME_RRNA_PROCESSING_IN_THE_MITOCHONDRION","pink",0.259669352288244,"TierC_v1","HCC",0.291708291708292,0.370336838351855,0.000999000999000999
"REACTOME_REGULATION_OF_NPAS4_MRNA_TRANSLATION","pink",0.58979088520035,"TierC_v1","HCC",0.000999000999000999,0.370336838351855,0.000999000999000999
"REACTOME_MITOCHONDRIAL_TRANSLATION","pink",0.0492021989313133,"TierC_v1","HCC",1,0.370336838351855,0.000999000999000999
"REACTOME_REGULATION_OF_PD_L1_CD274_TRANSLATION","pink",0.59692560404879,"TierC_v1","HCC",0.000999000999000999,0.370336838351855,0.000999000999000999
"REACTOME_CARBOXYTERMINAL_POST_TRANSLATIONAL_MODIFICATIONS_OF_TUBULIN","purple",-0.089665307808076,"TierC_v1","HCC",1,0.27470366262844,0.000999000999000999
"HALLMARK_MYC_TARGETS_V1","purple",-0.714681822360392,"TierC_v1","HCC",0.000999000999000999,0.27470366262844,0.000999000999000999
"REACTOME_CYTOSOLIC_TRNA_AMINOACYLATION","purple",-0.504046679635439,"TierC_v1","HCC",0.000999000999000999,0.27470366262844,0.000999000999000999
"REACTOME_TRNA_AMINOACYLATION","purple",-0.310485437898836,"TierC_v1","HCC",0.045954045954046,0.27470366262844,0.000999000999000999
"REACTOME_RIBOSOME_QUALITY_CONTROL_RQC_COMPLEX_EXTRACTS_AND_DEGRADES_NASCENT_PEPTIDE","purple",-0.0848098157604788,"TierC_v1","HCC",1,0.27470366262844,0.000999000999000999
"REACTOME_RIBOSOME_ASSOCIATED_QUALITY_CONTROL","purple",-0.137396222917222,"TierC_v1","HCC",1,0.27470366262844,0.000999000999000999
"REACTOME_REGULATION_OF_PD_L1_CD274_POST_TRANSLATIONAL_MODIFICATION","purple",-0.327866240112555,"TierC_v1","HCC",0.020979020979021,0.27470366262844,0.000999000999000999
"REACTOME_DENGUE_VIRUS_GENOME_TRANSLATION_AND_REPLICATION","purple",-0.541846748158598,"TierC_v1","HCC",0.000999000999000999,0.27470366262844,0.000999000999000999
"REACTOME_RESPIRATORY_SYNCYTIAL_VIRUS_RSV_GENOME_REPLICATION_TRANSCRIPTION_AND_TRANSLATION","purple",-0.560941142052552,"TierC_v1","HCC",0.000999000999000999,0.27470366262844,0.000999000999000999
"HALLMARK_MYC_TARGETS_V2","purple",-0.235569357912753,"TierC_v1","HCC",0.578421578421578,0.27470366262844,0.000999000999000999
"REACTOME_EUKARYOTIC_TRANSLATION_ELONGATION","purple",0.013078206102603,"TierC_v1","HCC",1,0.27470366262844,0.000999000999000999
"REACTOME_SRP_DEPENDENT_COTRANSLATIONAL_PROTEIN_TARGETING_TO_MEMBRANE","purple",-0.281598387396044,"TierC_v1","HCC",0.136863136863137,0.27470366262844,0.000999000999000999
"REACTOME_RRNA_PROCESSING","purple",-0.0116896161094317,"TierC_v1","HCC",1,0.27470366262844,0.000999000999000999
"REACTOME_SARS_COV_2_MODULATES_HOST_TRANSLATION_MACHINERY","purple",-0.120349633519945,"TierC_v1","HCC",1,0.27470366262844,0.000999000999000999
"REACTOME_REGULATION_OF_CDH1_POSTTRANSLATIONAL_PROCESSING_AND_TRAFFICKING_TO_PLASMA_MEMBRANE","purple",-0.170189817606194,"TierC_v1","HCC",0.995004995004995,0.27470366262844,0.000999000999000999
"REACTOME_TRANSLATION_OF_SARS_COV_2_STRUCTURAL_PROTEINS","purple",-0.392163058101533,"TierC_v1","HCC",0.000999000999000999,0.27470366262844,0.000999000999000999
"REACTOME_EUKARYOTIC_TRANSLATION_INITIATION","purple",-0.307850995971649,"TierC_v1","HCC",0.047952047952048,0.27470366262844,0.000999000999000999
"REACTOME_TRANSLATION","purple",-0.0565331460789336,"TierC_v1","HCC",1,0.27470366262844,0.000999000999000999
"REACTOME_SARS_COV_1_MODULATES_HOST_TRANSLATION_MACHINERY","purple",-0.0823017986849774,"TierC_v1","HCC",1,0.27470366262844,0.000999000999000999
"HALLMARK_MTORC1_SIGNALING","purple",-0.567153275613989,"TierC_v1","HCC",0.000999000999000999,0.27470366262844,0.000999000999000999
"REACTOME_MITOCHONDRIAL_TRNA_AMINOACYLATION","purple",0.255213781154624,"TierC_v1","HCC",0.337662337662338,0.27470366262844,0.000999000999000999
"REACTOME_TRANSLATION_OF_REPLICASE_AND_ASSEMBLY_OF_THE_REPLICATION_TRANSCRIPTION_COMPLEX","purple",-0.254469234043035,"TierC_v1","HCC",0.345654345654346,0.27470366262844,0.000999000999000999
"REACTOME_REGULATION_OF_CDH1_MRNA_TRANSLATION_BY_MICRORNAS","purple",-0.274396466780528,"TierC_v1","HCC",0.187812187812188,0.27470366262844,0.000999000999000999
"REACTOME_POST_TRANSLATIONAL_MODIFICATION_SYNTHESIS_OF_GPI_ANCHORED_PROTEINS","purple",0.403264587988441,"TierC_v1","HCC",0.000999000999000999,0.27470366262844,0.000999000999000999
"REACTOME_TRANSCRIPTIONAL_AND_POST_TRANSLATIONAL_REGULATION_OF_MITF_M_EXPRESSION_AND_ACTIVITY","purple",-0.616696645326996,"TierC_v1","HCC",0.000999000999000999,0.27470366262844,0.000999000999000999
"REACTOME_REGULATION_OF_CDH11_MRNA_TRANSLATION_BY_MICRORNAS","purple",-0.125301376243708,"TierC_v1","HCC",1,0.27470366262844,0.000999000999000999
"REACTOME_TRANSLATION_OF_SARS_COV_1_STRUCTURAL_PROTEINS","purple",0.00796173404201008,"TierC_v1","HCC",1,0.27470366262844,0.000999000999000999
"REACTOME_REGULATION_OF_PTEN_MRNA_TRANSLATION","purple",-0.208437700436276,"TierC_v1","HCC",0.844155844155844,0.27470366262844,0.000999000999000999
"REACTOME_MITOCHONDRIAL_TRANSLATION_ELONGATION","purple",0.347779705689531,"TierC_v1","HCC",0.00699300699300699,0.27470366262844,0.000999000999000999
"REACTOME_RRNA_PROCESSING_IN_THE_MITOCHONDRION","purple",0.443427831169591,"TierC_v1","HCC",0.000999000999000999,0.27470366262844,0.000999000999000999
"REACTOME_REGULATION_OF_NPAS4_MRNA_TRANSLATION","purple",-0.125301376243708,"TierC_v1","HCC",1,0.27470366262844,0.000999000999000999
"REACTOME_MITOCHONDRIAL_TRANSLATION","purple",0.356127923901843,"TierC_v1","HCC",0.00699300699300699,0.27470366262844,0.000999000999000999
"REACTOME_REGULATION_OF_PD_L1_CD274_TRANSLATION","purple",-0.136625793916024,"TierC_v1","HCC",1,0.27470366262844,0.000999000999000999
"REACTOME_CARBOXYTERMINAL_POST_TRANSLATIONAL_MODIFICATIONS_OF_TUBULIN","blue",0.486448481443435,"TierC_v1","HCC",0.000999000999000999,0.436881676469086,0.000999000999000999
"HALLMARK_MYC_TARGETS_V1","blue",-0.767475165060498,"TierC_v1","HCC",0.000999000999000999,0.436881676469086,0.000999000999000999
"REACTOME_CYTOSOLIC_TRNA_AMINOACYLATION","blue",-0.64394080251127,"TierC_v1","HCC",0.000999000999000999,0.436881676469086,0.000999000999000999
"REACTOME_TRNA_AMINOACYLATION","blue",-0.4482431621729,"TierC_v1","HCC",0.000999000999000999,0.436881676469086,0.000999000999000999
"REACTOME_RIBOSOME_QUALITY_CONTROL_RQC_COMPLEX_EXTRACTS_AND_DEGRADES_NASCENT_PEPTIDE","blue",0.059559568357178,"TierC_v1","HCC",1,0.436881676469086,0.000999000999000999
"REACTOME_RIBOSOME_ASSOCIATED_QUALITY_CONTROL","blue",0.0393413483928455,"TierC_v1","HCC",1,0.436881676469086,0.000999000999000999
"REACTOME_REGULATION_OF_PD_L1_CD274_POST_TRANSLATIONAL_MODIFICATION","blue",-0.768072157290465,"TierC_v1","HCC",0.000999000999000999,0.436881676469086,0.000999000999000999
"REACTOME_DENGUE_VIRUS_GENOME_TRANSLATION_AND_REPLICATION","blue",-0.888365182169663,"TierC_v1","HCC",0.000999000999000999,0.436881676469086,0.000999000999000999
"REACTOME_RESPIRATORY_SYNCYTIAL_VIRUS_RSV_GENOME_REPLICATION_TRANSCRIPTION_AND_TRANSLATION","blue",-0.747227369462484,"TierC_v1","HCC",0.000999000999000999,0.436881676469086,0.000999000999000999
"HALLMARK_MYC_TARGETS_V2","blue",0.207320063687822,"TierC_v1","HCC",0.853146853146853,0.436881676469086,0.000999000999000999
"REACTOME_EUKARYOTIC_TRANSLATION_ELONGATION","blue",0.441787675185459,"TierC_v1","HCC",0.000999000999000999,0.436881676469086,0.000999000999000999
"REACTOME_SRP_DEPENDENT_COTRANSLATIONAL_PROTEIN_TARGETING_TO_MEMBRANE","blue",-0.1093508062419,"TierC_v1","HCC",1,0.436881676469086,0.000999000999000999
"REACTOME_RRNA_PROCESSING","blue",0.577066784845825,"TierC_v1","HCC",0.000999000999000999,0.436881676469086,0.000999000999000999
"REACTOME_SARS_COV_2_MODULATES_HOST_TRANSLATION_MACHINERY","blue",0.438360377012391,"TierC_v1","HCC",0.000999000999000999,0.436881676469086,0.000999000999000999
"REACTOME_REGULATION_OF_CDH1_POSTTRANSLATIONAL_PROCESSING_AND_TRAFFICKING_TO_PLASMA_MEMBRANE","blue",-0.337220210105321,"TierC_v1","HCC",0.010989010989011,0.436881676469086,0.000999000999000999
"REACTOME_TRANSLATION_OF_SARS_COV_2_STRUCTURAL_PROTEINS","blue",-0.745404656156166,"TierC_v1","HCC",0.000999000999000999,0.436881676469086,0.000999000999000999
"REACTOME_EUKARYOTIC_TRANSLATION_INITIATION","blue",0.0236719216359639,"TierC_v1","HCC",1,0.436881676469086,0.000999000999000999
"REACTOME_TRANSLATION","blue",0.00523227211082345,"TierC_v1","HCC",1,0.436881676469086,0.000999000999000999
"REACTOME_SARS_COV_1_MODULATES_HOST_TRANSLATION_MACHINERY","blue",0.297024383232846,"TierC_v1","HCC",0.0829170829170829,0.436881676469086,0.000999000999000999
"HALLMARK_MTORC1_SIGNALING","blue",-0.842439636272958,"TierC_v1","HCC",0.000999000999000999,0.436881676469086,0.000999000999000999
"REACTOME_MITOCHONDRIAL_TRNA_AMINOACYLATION","blue",0.274654422510347,"TierC_v1","HCC",0.187812187812188,0.436881676469086,0.000999000999000999
"REACTOME_TRANSLATION_OF_REPLICASE_AND_ASSEMBLY_OF_THE_REPLICATION_TRANSCRIPTION_COMPLEX","blue",-0.707370589529016,"TierC_v1","HCC",0.000999000999000999,0.436881676469086,0.000999000999000999
"REACTOME_REGULATION_OF_CDH1_MRNA_TRANSLATION_BY_MICRORNAS","blue",-0.134069187010139,"TierC_v1","HCC",1,0.436881676469086,0.000999000999000999
"REACTOME_POST_TRANSLATIONAL_MODIFICATION_SYNTHESIS_OF_GPI_ANCHORED_PROTEINS","blue",0.832646545756376,"TierC_v1","HCC",0.000999000999000999,0.436881676469086,0.000999000999000999
"REACTOME_TRANSCRIPTIONAL_AND_POST_TRANSLATIONAL_REGULATION_OF_MITF_M_EXPRESSION_AND_ACTIVITY","blue",-0.792260826682435,"TierC_v1","HCC",0.000999000999000999,0.436881676469086,0.000999000999000999
"REACTOME_REGULATION_OF_CDH11_MRNA_TRANSLATION_BY_MICRORNAS","blue",0.162569363563214,"TierC_v1","HCC",0.998001998001998,0.436881676469086,0.000999000999000999
"REACTOME_TRANSLATION_OF_SARS_COV_1_STRUCTURAL_PROTEINS","blue",-0.465811235022464,"TierC_v1","HCC",0.000999000999000999,0.436881676469086,0.000999000999000999
"REACTOME_REGULATION_OF_PTEN_MRNA_TRANSLATION","blue",-0.0448912830493267,"TierC_v1","HCC",1,0.436881676469086,0.000999000999000999
"REACTOME_MITOCHONDRIAL_TRANSLATION_ELONGATION","blue",0.578875770880275,"TierC_v1","HCC",0.000999000999000999,0.436881676469086,0.000999000999000999
"REACTOME_RRNA_PROCESSING_IN_THE_MITOCHONDRION","blue",0.66332503608617,"TierC_v1","HCC",0.000999000999000999,0.436881676469086,0.000999000999000999
"REACTOME_REGULATION_OF_NPAS4_MRNA_TRANSLATION","blue",0.162569363563214,"TierC_v1","HCC",0.998001998001998,0.436881676469086,0.000999000999000999
"REACTOME_MITOCHONDRIAL_TRANSLATION","blue",0.549812983984146,"TierC_v1","HCC",0.000999000999000999,0.436881676469086,0.000999000999000999
"REACTOME_REGULATION_OF_PD_L1_CD274_TRANSLATION","blue",0.174686692494501,"TierC_v1","HCC",0.994005994005994,0.436881676469086,0.000999000999000999
"REACTOME_CARBOXYTERMINAL_POST_TRANSLATIONAL_MODIFICATIONS_OF_TUBULIN","magenta",0.379131757802244,"TierC_v1","HCC",0.000999000999000999,0.440636158241441,0.000999000999000999
"HALLMARK_MYC_TARGETS_V1","magenta",-0.336219287540799,"TierC_v1","HCC",0.010989010989011,0.440636158241441,0.000999000999000999
"REACTOME_CYTOSOLIC_TRNA_AMINOACYLATION","magenta",-0.266104321966722,"TierC_v1","HCC",0.237762237762238,0.440636158241441,0.000999000999000999
"REACTOME_TRNA_AMINOACYLATION","magenta",-0.104102683771884,"TierC_v1","HCC",1,0.440636158241441,0.000999000999000999
"REACTOME_RIBOSOME_QUALITY_CONTROL_RQC_COMPLEX_EXTRACTS_AND_DEGRADES_NASCENT_PEPTIDE","magenta",0.540130779477738,"TierC_v1","HCC",0.000999000999000999,0.440636158241441,0.000999000999000999
"REACTOME_RIBOSOME_ASSOCIATED_QUALITY_CONTROL","magenta",0.498248396417862,"TierC_v1","HCC",0.000999000999000999,0.440636158241441,0.000999000999000999
"REACTOME_REGULATION_OF_PD_L1_CD274_POST_TRANSLATIONAL_MODIFICATION","magenta",-0.238516270116945,"TierC_v1","HCC",0.545454545454545,0.440636158241441,0.000999000999000999
"REACTOME_DENGUE_VIRUS_GENOME_TRANSLATION_AND_REPLICATION","magenta",-0.467852091586207,"TierC_v1","HCC",0.000999000999000999,0.440636158241441,0.000999000999000999
"REACTOME_RESPIRATORY_SYNCYTIAL_VIRUS_RSV_GENOME_REPLICATION_TRANSCRIPTION_AND_TRANSLATION","magenta",-0.351253815183203,"TierC_v1","HCC",0.00699300699300699,0.440636158241441,0.000999000999000999
"HALLMARK_MYC_TARGETS_V2","magenta",0.425589750636547,"TierC_v1","HCC",0.000999000999000999,0.440636158241441,0.000999000999000999
"REACTOME_EUKARYOTIC_TRANSLATION_ELONGATION","magenta",0.644290810010999,"TierC_v1","HCC",0.000999000999000999,0.440636158241441,0.000999000999000999
"REACTOME_SRP_DEPENDENT_COTRANSLATIONAL_PROTEIN_TARGETING_TO_MEMBRANE","magenta",0.368806249933158,"TierC_v1","HCC",0.001998001998002,0.440636158241441,0.000999000999000999
"REACTOME_RRNA_PROCESSING","magenta",0.601502750824299,"TierC_v1","HCC",0.000999000999000999,0.440636158241441,0.000999000999000999
"REACTOME_SARS_COV_2_MODULATES_HOST_TRANSLATION_MACHINERY","magenta",0.659442121363916,"TierC_v1","HCC",0.000999000999000999,0.440636158241441,0.000999000999000999
"REACTOME_REGULATION_OF_CDH1_POSTTRANSLATIONAL_PROCESSING_AND_TRAFFICKING_TO_PLASMA_MEMBRANE","magenta",0.0107968771546874,"TierC_v1","HCC",1,0.440636158241441,0.000999000999000999
"REACTOME_TRANSLATION_OF_SARS_COV_2_STRUCTURAL_PROTEINS","magenta",-0.410021837304815,"TierC_v1","HCC",0.000999000999000999,0.440636158241441,0.000999000999000999
"REACTOME_EUKARYOTIC_TRANSLATION_INITIATION","magenta",0.391720886301832,"TierC_v1","HCC",0.000999000999000999,0.440636158241441,0.000999000999000999
"REACTOME_TRANSLATION","magenta",0.579695027798023,"TierC_v1","HCC",0.000999000999000999,0.440636158241441,0.000999000999000999
"REACTOME_SARS_COV_1_MODULATES_HOST_TRANSLATION_MACHINERY","magenta",0.519996100849873,"TierC_v1","HCC",0.000999000999000999,0.440636158241441,0.000999000999000999
"HALLMARK_MTORC1_SIGNALING","magenta",-0.462678331760229,"TierC_v1","HCC",0.000999000999000999,0.440636158241441,0.000999000999000999
"REACTOME_MITOCHONDRIAL_TRNA_AMINOACYLATION","magenta",0.350495188094138,"TierC_v1","HCC",0.00699300699300699,0.440636158241441,0.000999000999000999
"REACTOME_TRANSLATION_OF_REPLICASE_AND_ASSEMBLY_OF_THE_REPLICATION_TRANSCRIPTION_COMPLEX","magenta",-0.355818491702218,"TierC_v1","HCC",0.00699300699300699,0.440636158241441,0.000999000999000999
"REACTOME_REGULATION_OF_CDH1_MRNA_TRANSLATION_BY_MICRORNAS","magenta",-0.420008370000812,"TierC_v1","HCC",0.000999000999000999,0.440636158241441,0.000999000999000999
"REACTOME_POST_TRANSLATIONAL_MODIFICATION_SYNTHESIS_OF_GPI_ANCHORED_PROTEINS","magenta",0.594124244266363,"TierC_v1","HCC",0.000999000999000999,0.440636158241441,0.000999000999000999
"REACTOME_TRANSCRIPTIONAL_AND_POST_TRANSLATIONAL_REGULATION_OF_MITF_M_EXPRESSION_AND_ACTIVITY","magenta",-0.585183307557271,"TierC_v1","HCC",0.000999000999000999,0.440636158241441,0.000999000999000999
"REACTOME_REGULATION_OF_CDH11_MRNA_TRANSLATION_BY_MICRORNAS","magenta",-0.273922002811264,"TierC_v1","HCC",0.191808191808192,0.440636158241441,0.000999000999000999
"REACTOME_TRANSLATION_OF_SARS_COV_1_STRUCTURAL_PROTEINS","magenta",-0.339281016360785,"TierC_v1","HCC",0.00999000999000999,0.440636158241441,0.000999000999000999
"REACTOME_REGULATION_OF_PTEN_MRNA_TRANSLATION","magenta",-0.385626450472806,"TierC_v1","HCC",0.000999000999000999,0.440636158241441,0.000999000999000999
"REACTOME_MITOCHONDRIAL_TRANSLATION_ELONGATION","magenta",0.8861428899935,"TierC_v1","HCC",0.000999000999000999,0.440636158241441,0.000999000999000999
"REACTOME_RRNA_PROCESSING_IN_THE_MITOCHONDRION","magenta",0.676007138823113,"TierC_v1","HCC",0.000999000999000999,0.440636158241441,0.000999000999000999
"REACTOME_REGULATION_OF_NPAS4_MRNA_TRANSLATION","magenta",-0.273922002811264,"TierC_v1","HCC",0.191808191808192,0.440636158241441,0.000999000999000999
"REACTOME_MITOCHONDRIAL_TRANSLATION","magenta",0.882309411858012,"TierC_v1","HCC",0.000999000999000999,0.440636158241441,0.000999000999000999
"REACTOME_REGULATION_OF_PD_L1_CD274_TRANSLATION","magenta",-0.262052559414034,"TierC_v1","HCC",0.272727272727273,0.440636158241441,0.000999000999000999
"REACTOME_CARBOXYTERMINAL_POST_TRANSLATIONAL_MODIFICATIONS_OF_TUBULIN","grey60",0.657174575712627,"TierC_v1","HCC",0.000999000999000999,0.285164558870151,0.000999000999000999
"HALLMARK_MYC_TARGETS_V1","grey60",-0.0319156761134038,"TierC_v1","HCC",1,0.285164558870151,0.000999000999000999
"REACTOME_CYTOSOLIC_TRNA_AMINOACYLATION","grey60",-0.101644907562465,"TierC_v1","HCC",1,0.285164558870151,0.000999000999000999
"REACTOME_TRNA_AMINOACYLATION","grey60",-0.0514350671638657,"TierC_v1","HCC",1,0.285164558870151,0.000999000999000999
"REACTOME_RIBOSOME_QUALITY_CONTROL_RQC_COMPLEX_EXTRACTS_AND_DEGRADES_NASCENT_PEPTIDE","grey60",0.164198271825059,"TierC_v1","HCC",0.998001998001998,0.285164558870151,0.000999000999000999
"REACTOME_RIBOSOME_ASSOCIATED_QUALITY_CONTROL","grey60",0.204362990600224,"TierC_v1","HCC",0.879120879120879,0.285164558870151,0.000999000999000999
"REACTOME_REGULATION_OF_PD_L1_CD274_POST_TRANSLATIONAL_MODIFICATION","grey60",-0.412844880993658,"TierC_v1","HCC",0.000999000999000999,0.285164558870151,0.000999000999000999
"REACTOME_DENGUE_VIRUS_GENOME_TRANSLATION_AND_REPLICATION","grey60",-0.340369273407058,"TierC_v1","HCC",0.00999000999000999,0.285164558870151,0.000999000999000999
"REACTOME_RESPIRATORY_SYNCYTIAL_VIRUS_RSV_GENOME_REPLICATION_TRANSCRIPTION_AND_TRANSLATION","grey60",-0.189643222475681,"TierC_v1","HCC",0.955044955044955,0.285164558870151,0.000999000999000999
"HALLMARK_MYC_TARGETS_V2","grey60",0.616858216168788,"TierC_v1","HCC",0.000999000999000999,0.285164558870151,0.000999000999000999
"REACTOME_EUKARYOTIC_TRANSLATION_ELONGATION","grey60",0.455143475963478,"TierC_v1","HCC",0.000999000999000999,0.285164558870151,0.000999000999000999
"REACTOME_SRP_DEPENDENT_COTRANSLATIONAL_PROTEIN_TARGETING_TO_MEMBRANE","grey60",0.184996430615409,"TierC_v1","HCC",0.972027972027972,0.285164558870151,0.000999000999000999
"REACTOME_RRNA_PROCESSING","grey60",0.661321466707671,"TierC_v1","HCC",0.000999000999000999,0.285164558870151,0.000999000999000999
"REACTOME_SARS_COV_2_MODULATES_HOST_TRANSLATION_MACHINERY","grey60",0.618558722868424,"TierC_v1","HCC",0.000999000999000999,0.285164558870151,0.000999000999000999
"REACTOME_REGULATION_OF_CDH1_POSTTRANSLATIONAL_PROCESSING_AND_TRAFFICKING_TO_PLASMA_MEMBRANE","grey60",-0.0773477268406646,"TierC_v1","HCC",1,0.285164558870151,0.000999000999000999
"REACTOME_TRANSLATION_OF_SARS_COV_2_STRUCTURAL_PROTEINS","grey60",-0.34376710734951,"TierC_v1","HCC",0.00999000999000999,0.285164558870151,0.000999000999000999
"REACTOME_EUKARYOTIC_TRANSLATION_INITIATION","grey60",0.359781751268372,"TierC_v1","HCC",0.00599400599400599,0.285164558870151,0.000999000999000999
"REACTOME_TRANSLATION","grey60",0.170591914273048,"TierC_v1","HCC",0.995004995004995,0.285164558870151,0.000999000999000999
"REACTOME_SARS_COV_1_MODULATES_HOST_TRANSLATION_MACHINERY","grey60",0.406886889879109,"TierC_v1","HCC",0.000999000999000999,0.285164558870151,0.000999000999000999
"HALLMARK_MTORC1_SIGNALING","grey60",-0.259265575260654,"TierC_v1","HCC",0.298701298701299,0.285164558870151,0.000999000999000999
"REACTOME_MITOCHONDRIAL_TRNA_AMINOACYLATION","grey60",0.150213798208799,"TierC_v1","HCC",0.999000999000999,0.285164558870151,0.000999000999000999
"REACTOME_TRANSLATION_OF_REPLICASE_AND_ASSEMBLY_OF_THE_REPLICATION_TRANSCRIPTION_COMPLEX","grey60",-0.395947614215335,"TierC_v1","HCC",0.000999000999000999,0.285164558870151,0.000999000999000999
"REACTOME_REGULATION_OF_CDH1_MRNA_TRANSLATION_BY_MICRORNAS","grey60",0.0419508024772504,"TierC_v1","HCC",1,0.285164558870151,0.000999000999000999
"REACTOME_POST_TRANSLATIONAL_MODIFICATION_SYNTHESIS_OF_GPI_ANCHORED_PROTEINS","grey60",0.414352660411379,"TierC_v1","HCC",0.000999000999000999,0.285164558870151,0.000999000999000999
"REACTOME_TRANSCRIPTIONAL_AND_POST_TRANSLATIONAL_REGULATION_OF_MITF_M_EXPRESSION_AND_ACTIVITY","grey60",-0.207274110692346,"TierC_v1","HCC",0.853146853146853,0.285164558870151,0.000999000999000999
"REACTOME_REGULATION_OF_CDH11_MRNA_TRANSLATION_BY_MICRORNAS","grey60",0.125718965327233,"TierC_v1","HCC",1,0.285164558870151,0.000999000999000999
"REACTOME_TRANSLATION_OF_SARS_COV_1_STRUCTURAL_PROTEINS","grey60",-0.44907275309145,"TierC_v1","HCC",0.000999000999000999,0.285164558870151,0.000999000999000999
"REACTOME_REGULATION_OF_PTEN_MRNA_TRANSLATION","grey60",-0.00590310592635089,"TierC_v1","HCC",1,0.285164558870151,0.000999000999000999
"REACTOME_MITOCHONDRIAL_TRANSLATION_ELONGATION","grey60",0.356608897523531,"TierC_v1","HCC",0.00699300699300699,0.285164558870151,0.000999000999000999
"REACTOME_RRNA_PROCESSING_IN_THE_MITOCHONDRION","grey60",0.358440528215823,"TierC_v1","HCC",0.00599400599400599,0.285164558870151,0.000999000999000999
"REACTOME_REGULATION_OF_NPAS4_MRNA_TRANSLATION","grey60",0.125718965327233,"TierC_v1","HCC",1,0.285164558870151,0.000999000999000999
"REACTOME_MITOCHONDRIAL_TRANSLATION","grey60",0.327469465055665,"TierC_v1","HCC",0.021978021978022,0.285164558870151,0.000999000999000999
"REACTOME_REGULATION_OF_PD_L1_CD274_TRANSLATION","grey60",0.143650633193419,"TierC_v1","HCC",1,0.285164558870151,0.000999000999000999
"REACTOME_CARBOXYTERMINAL_POST_TRANSLATIONAL_MODIFICATIONS_OF_TUBULIN","lightgreen",0.30514927752845,"TierC_v1","HCC",0.0579420579420579,0.307740591736219,0.000999000999000999
"HALLMARK_MYC_TARGETS_V1","lightgreen",-0.317092040764247,"TierC_v1","HCC",0.034965034965035,0.307740591736219,0.000999000999000999
"REACTOME_CYTOSOLIC_TRNA_AMINOACYLATION","lightgreen",-0.336469763123087,"TierC_v1","HCC",0.010989010989011,0.307740591736219,0.000999000999000999
"REACTOME_TRNA_AMINOACYLATION","lightgreen",-0.0348170806710294,"TierC_v1","HCC",1,0.307740591736219,0.000999000999000999
"REACTOME_RIBOSOME_QUALITY_CONTROL_RQC_COMPLEX_EXTRACTS_AND_DEGRADES_NASCENT_PEPTIDE","lightgreen",0.0772413528332132,"TierC_v1","HCC",1,0.307740591736219,0.000999000999000999
"REACTOME_RIBOSOME_ASSOCIATED_QUALITY_CONTROL","lightgreen",0.047070895212427,"TierC_v1","HCC",1,0.307740591736219,0.000999000999000999
"REACTOME_REGULATION_OF_PD_L1_CD274_POST_TRANSLATIONAL_MODIFICATION","lightgreen",-0.430087869011073,"TierC_v1","HCC",0.000999000999000999,0.307740591736219,0.000999000999000999
"REACTOME_DENGUE_VIRUS_GENOME_TRANSLATION_AND_REPLICATION","lightgreen",-0.4612125354593,"TierC_v1","HCC",0.000999000999000999,0.307740591736219,0.000999000999000999
"REACTOME_RESPIRATORY_SYNCYTIAL_VIRUS_RSV_GENOME_REPLICATION_TRANSCRIPTION_AND_TRANSLATION","lightgreen",-0.284698399358409,"TierC_v1","HCC",0.122877122877123,0.307740591736219,0.000999000999000999
"HALLMARK_MYC_TARGETS_V2","lightgreen",0.405089334965703,"TierC_v1","HCC",0.000999000999000999,0.307740591736219,0.000999000999000999
"REACTOME_EUKARYOTIC_TRANSLATION_ELONGATION","lightgreen",0.360954873252074,"TierC_v1","HCC",0.003996003996004,0.307740591736219,0.000999000999000999
"REACTOME_SRP_DEPENDENT_COTRANSLATIONAL_PROTEIN_TARGETING_TO_MEMBRANE","lightgreen",0.0282316133731294,"TierC_v1","HCC",1,0.307740591736219,0.000999000999000999
"REACTOME_RRNA_PROCESSING","lightgreen",0.632297445079297,"TierC_v1","HCC",0.000999000999000999,0.307740591736219,0.000999000999000999
"REACTOME_SARS_COV_2_MODULATES_HOST_TRANSLATION_MACHINERY","lightgreen",0.388779134873504,"TierC_v1","HCC",0.000999000999000999,0.307740591736219,0.000999000999000999
"REACTOME_REGULATION_OF_CDH1_POSTTRANSLATIONAL_PROCESSING_AND_TRAFFICKING_TO_PLASMA_MEMBRANE","lightgreen",-0.106659269696803,"TierC_v1","HCC",1,0.307740591736219,0.000999000999000999
"REACTOME_TRANSLATION_OF_SARS_COV_2_STRUCTURAL_PROTEINS","lightgreen",-0.549786512586397,"TierC_v1","HCC",0.000999000999000999,0.307740591736219,0.000999000999000999
"REACTOME_EUKARYOTIC_TRANSLATION_INITIATION","lightgreen",0.171673093038932,"TierC_v1","HCC",0.995004995004995,0.307740591736219,0.000999000999000999
"REACTOME_TRANSLATION","lightgreen",0.145259462070469,"TierC_v1","HCC",1,0.307740591736219,0.000999000999000999
"REACTOME_SARS_COV_1_MODULATES_HOST_TRANSLATION_MACHINERY","lightgreen",0.2342776599336,"TierC_v1","HCC",0.595404595404595,0.307740591736219,0.000999000999000999
"HALLMARK_MTORC1_SIGNALING","lightgreen",-0.566824346741068,"TierC_v1","HCC",0.000999000999000999,0.307740591736219,0.000999000999000999
"REACTOME_MITOCHONDRIAL_TRNA_AMINOACYLATION","lightgreen",0.554326900620079,"TierC_v1","HCC",0.000999000999000999,0.307740591736219,0.000999000999000999
"REACTOME_TRANSLATION_OF_REPLICASE_AND_ASSEMBLY_OF_THE_REPLICATION_TRANSCRIPTION_COMPLEX","lightgreen",-0.438401633412512,"TierC_v1","HCC",0.000999000999000999,0.307740591736219,0.000999000999000999
"REACTOME_REGULATION_OF_CDH1_MRNA_TRANSLATION_BY_MICRORNAS","lightgreen",0.102259073084322,"TierC_v1","HCC",1,0.307740591736219,0.000999000999000999
"REACTOME_POST_TRANSLATIONAL_MODIFICATION_SYNTHESIS_OF_GPI_ANCHORED_PROTEINS","lightgreen",0.402290446335703,"TierC_v1","HCC",0.000999000999000999,0.307740591736219,0.000999000999000999
"REACTOME_TRANSCRIPTIONAL_AND_POST_TRANSLATIONAL_REGULATION_OF_MITF_M_EXPRESSION_AND_ACTIVITY","lightgreen",-0.332860947900258,"TierC_v1","HCC",0.013986013986014,0.307740591736219,0.000999000999000999
"REACTOME_REGULATION_OF_CDH11_MRNA_TRANSLATION_BY_MICRORNAS","lightgreen",0.190988591441623,"TierC_v1","HCC",0.953046953046953,0.307740591736219,0.000999000999000999
"REACTOME_TRANSLATION_OF_SARS_COV_1_STRUCTURAL_PROTEINS","lightgreen",-0.415295997060281,"TierC_v1","HCC",0.000999000999000999,0.307740591736219,0.000999000999000999
"REACTOME_REGULATION_OF_PTEN_MRNA_TRANSLATION","lightgreen",0.0476651211968707,"TierC_v1","HCC",1,0.307740591736219,0.000999000999000999
"REACTOME_MITOCHONDRIAL_TRANSLATION_ELONGATION","lightgreen",0.456658218222963,"TierC_v1","HCC",0.000999000999000999,0.307740591736219,0.000999000999000999
"REACTOME_RRNA_PROCESSING_IN_THE_MITOCHONDRION","lightgreen",0.51448236649093,"TierC_v1","HCC",0.000999000999000999,0.307740591736219,0.000999000999000999
"REACTOME_REGULATION_OF_NPAS4_MRNA_TRANSLATION","lightgreen",0.190988591441623,"TierC_v1","HCC",0.953046953046953,0.307740591736219,0.000999000999000999
"REACTOME_MITOCHONDRIAL_TRANSLATION","lightgreen",0.425117935718645,"TierC_v1","HCC",0.000999000999000999,0.307740591736219,0.000999000999000999
"REACTOME_REGULATION_OF_PD_L1_CD274_TRANSLATION","lightgreen",0.200431744797204,"TierC_v1","HCC",0.911088911088911,0.307740591736219,0.000999000999000999
